/*--------------------------------*- C++ -*----------------------------------*\
  =========                 |
  \\      /  F ield         | OpenFOAM: The Open Source CFD Toolbox
   \\    /   O peration     | Website:  https://openfoam.org
    \\  /    A nd           | Version:  11
     \\/     M anipulation  |
\*---------------------------------------------------------------------------*/
FoamFile
{
    format      ascii;
    class       labelList;
    note        "nPoints: 30114 nCells: 14860 nFaces: 59637 nInternalFaces: 29523";
    location    "1e-05/polyMesh";
    object      neighbour;
}
// * * * * * * * * * * * * * * * * * * * * * * * * * * * * * * * * * * * * * //


29523
(
1
65
7430
2
66
7431
3
67
7432
4
68
7433
5
69
7434
6
70
7435
7
71
7436
8
72
7437
9
73
7438
10
74
7439
11
75
7440
12
76
7441
13
77
7442
14
78
7443
15
79
7444
16
80
7445
17
81
7446
18
82
7447
19
83
7448
20
84
7449
21
85
7450
22
86
7451
23
87
7452
24
88
7453
25
89
7454
26
90
7455
27
91
7456
28
92
7457
29
93
7458
30
94
7459
31
95
7460
32
96
7461
33
97
7462
34
98
7463
35
99
7464
36
100
7465
37
101
7466
38
102
7467
39
103
7468
40
104
7469
41
105
7470
42
106
7471
43
107
7472
44
108
7473
45
109
7474
46
110
7475
47
111
7476
48
112
7477
49
113
7478
50
114
7479
51
115
7480
52
116
7481
53
117
7482
54
118
7483
55
119
7484
56
120
7485
57
121
7486
58
122
7487
59
123
7488
60
124
7489
61
125
7490
62
126
7491
63
127
7492
64
128
7493
129
4290
7494
66
130
67
131
68
132
69
133
70
134
71
135
72
136
73
137
74
138
75
139
76
140
77
141
78
142
79
143
80
144
81
145
82
146
83
147
84
148
85
149
86
150
87
151
88
152
89
153
90
154
91
155
92
156
93
157
94
158
95
159
96
160
97
161
98
162
99
163
100
164
101
165
102
166
103
167
104
168
105
169
106
170
107
171
108
172
109
173
110
174
111
175
112
176
113
177
114
178
115
179
116
180
117
181
118
182
119
183
120
184
121
185
122
186
123
187
124
188
125
189
126
190
127
191
128
192
129
193
194
4315
131
195
132
196
133
197
134
198
135
199
136
200
137
201
138
202
139
203
140
204
141
205
142
206
143
207
144
208
145
209
146
210
147
211
148
212
149
213
150
214
151
215
152
216
153
217
154
218
155
219
156
220
157
221
158
222
159
223
160
224
161
225
162
226
163
227
164
228
165
229
166
230
167
231
168
232
169
233
170
234
171
235
172
236
173
237
174
238
175
239
176
240
177
241
178
242
179
243
180
244
181
245
182
246
183
247
184
248
185
249
186
250
187
251
188
252
189
253
190
254
191
255
192
256
193
257
194
258
259
4340
196
260
197
261
198
262
199
263
200
264
201
265
202
266
203
267
204
268
205
269
206
270
207
271
208
272
209
273
210
274
211
275
212
276
213
277
214
278
215
279
216
280
217
281
218
282
219
283
220
284
221
285
222
286
223
287
224
288
225
289
226
290
227
291
228
292
229
293
230
294
231
295
232
296
233
297
234
298
235
299
236
300
237
301
238
302
239
303
240
304
241
305
242
306
243
307
244
308
245
309
246
310
247
311
248
312
249
313
250
314
251
315
252
316
253
317
254
318
255
319
256
320
257
321
258
322
259
323
324
4365
261
325
262
326
263
327
264
328
265
329
266
330
267
331
268
332
269
333
270
334
271
335
272
336
273
337
274
338
275
339
276
340
277
341
278
342
279
343
280
344
281
345
282
346
283
347
284
348
285
349
286
350
287
351
288
352
289
353
290
354
291
355
292
356
293
357
294
358
295
359
296
360
297
361
298
362
299
363
300
364
301
365
302
366
303
367
304
368
305
369
306
370
307
371
308
372
309
373
310
374
311
375
312
376
313
377
314
378
315
379
316
380
317
381
318
382
319
383
320
384
321
385
322
386
323
387
324
388
389
4390
326
390
327
391
328
392
329
393
330
394
331
395
332
396
333
397
334
398
335
399
336
400
337
401
338
402
339
403
340
404
341
405
342
406
343
407
344
408
345
409
346
410
347
411
348
412
349
413
350
414
351
415
352
416
353
417
354
418
355
419
356
420
357
421
358
422
359
423
360
424
361
425
362
426
363
427
364
428
365
429
366
430
367
431
368
432
369
433
370
434
371
435
372
436
373
437
374
438
375
439
376
440
377
441
378
442
379
443
380
444
381
445
382
446
383
447
384
448
385
449
386
450
387
451
388
452
389
453
454
4415
391
455
392
456
393
457
394
458
395
459
396
460
397
461
398
462
399
463
400
464
401
465
402
466
403
467
404
468
405
469
406
470
407
471
408
472
409
473
410
474
411
475
412
476
413
477
414
478
415
479
416
480
417
481
418
482
419
483
420
484
421
485
422
486
423
487
424
488
425
489
426
490
427
491
428
492
429
493
430
494
431
495
432
496
433
497
434
498
435
499
436
500
437
501
438
502
439
503
440
504
441
505
442
506
443
507
444
508
445
509
446
510
447
511
448
512
449
513
450
514
451
515
452
516
453
517
454
518
519
4440
456
520
457
521
458
522
459
523
460
524
461
525
462
526
463
527
464
528
465
529
466
530
467
531
468
532
469
533
470
534
471
535
472
536
473
537
474
538
475
539
476
540
477
541
478
542
479
543
480
544
481
545
482
546
483
547
484
548
485
549
486
550
487
551
488
552
489
553
490
554
491
555
492
556
493
557
494
558
495
559
496
560
497
561
498
562
499
563
500
564
501
565
502
566
503
567
504
568
505
569
506
570
507
571
508
572
509
573
510
574
511
575
512
576
513
577
514
578
515
579
516
580
517
581
518
582
519
583
584
4465
521
585
522
586
523
587
524
588
525
589
526
590
527
591
528
592
529
593
530
594
531
595
532
596
533
597
534
598
535
599
536
600
537
601
538
602
539
603
540
604
541
605
542
606
543
607
544
608
545
609
546
610
547
611
548
612
549
613
550
614
551
615
552
616
553
617
554
618
555
619
556
620
557
621
558
622
559
623
560
624
561
625
562
626
563
627
564
628
565
629
566
630
567
631
568
632
569
633
570
634
571
635
572
636
573
637
574
638
575
639
576
640
577
641
578
642
579
643
580
644
581
645
582
646
583
647
584
648
649
4490
586
650
587
651
588
652
589
653
590
654
591
655
592
656
593
657
594
658
595
659
596
660
597
661
598
662
599
663
600
664
601
665
602
666
603
667
604
668
605
669
606
670
607
671
608
672
609
673
610
674
611
675
612
676
613
677
614
678
615
679
616
680
617
681
618
682
619
683
620
684
621
685
622
686
623
687
624
688
625
689
626
690
627
691
628
692
629
693
630
694
631
695
632
696
633
697
634
698
635
699
636
700
637
701
638
702
639
703
640
704
641
705
642
706
643
707
644
708
645
709
646
710
647
711
648
712
649
713
714
4515
651
715
652
716
653
717
654
718
655
719
656
720
657
721
658
722
659
723
660
724
661
725
662
726
663
727
664
728
665
729
666
730
667
731
668
732
669
733
670
734
671
735
672
736
673
737
674
738
675
739
676
740
677
741
678
742
679
743
680
744
681
745
682
746
683
747
684
748
685
749
686
750
687
751
688
752
689
753
690
754
691
755
692
756
693
757
694
758
695
759
696
760
697
761
698
762
699
763
700
764
701
765
702
766
703
767
704
768
705
769
706
770
707
771
708
772
709
773
710
774
711
775
712
776
713
777
714
778
779
4540
716
780
717
781
718
782
719
783
720
784
721
785
722
786
723
787
724
788
725
789
726
790
727
791
728
792
729
793
730
794
731
795
732
796
733
797
734
798
735
799
736
800
737
801
738
802
739
803
740
804
741
805
742
806
743
807
744
808
745
809
746
810
747
811
748
812
749
813
750
814
751
815
752
816
753
817
754
818
755
819
756
820
757
821
758
822
759
823
760
824
761
825
762
826
763
827
764
828
765
829
766
830
767
831
768
832
769
833
770
834
771
835
772
836
773
837
774
838
775
839
776
840
777
841
778
842
779
843
844
4565
781
845
782
846
783
847
784
848
785
849
786
850
787
851
788
852
789
853
790
854
791
855
792
856
793
857
794
858
795
859
796
860
797
861
798
862
799
863
800
864
801
865
802
866
803
867
804
868
805
869
806
870
807
871
808
872
809
873
810
874
811
875
812
876
813
877
814
878
815
879
816
880
817
881
818
882
819
883
820
884
821
885
822
886
823
887
824
888
825
889
826
890
827
891
828
892
829
893
830
894
831
895
832
896
833
897
834
898
835
899
836
900
837
901
838
902
839
903
840
904
841
905
842
906
843
907
844
908
909
4590
846
910
847
911
848
912
849
913
850
914
851
915
852
916
853
917
854
918
855
919
856
920
857
921
858
922
859
923
860
924
861
925
862
926
863
927
864
928
865
929
866
930
867
931
868
932
869
933
870
934
871
935
872
936
873
937
874
938
875
939
876
940
877
941
878
942
879
943
880
944
881
945
882
946
883
947
884
948
885
949
886
950
887
951
888
952
889
953
890
954
891
955
892
956
893
957
894
958
895
959
896
960
897
961
898
962
899
963
900
964
901
965
902
966
903
967
904
968
905
969
906
970
907
971
908
972
909
973
974
4615
911
975
912
976
913
977
914
978
915
979
916
980
917
981
918
982
919
983
920
984
921
985
922
986
923
987
924
988
925
989
926
990
927
991
928
992
929
993
930
994
931
995
932
996
933
997
934
998
935
999
936
1000
937
1001
938
1002
939
1003
940
1004
941
1005
942
1006
943
1007
944
1008
945
1009
946
1010
947
1011
948
1012
949
1013
950
1014
951
1015
952
1016
953
1017
954
1018
955
1019
956
1020
957
1021
958
1022
959
1023
960
1024
961
1025
962
1026
963
1027
964
1028
965
1029
966
1030
967
1031
968
1032
969
1033
970
1034
971
1035
972
1036
973
1037
974
1038
1039
4640
976
1040
977
1041
978
1042
979
1043
980
1044
981
1045
982
1046
983
1047
984
1048
985
1049
986
1050
987
1051
988
1052
989
1053
990
1054
991
1055
992
1056
993
1057
994
1058
995
1059
996
1060
997
1061
998
1062
999
1063
1000
1064
1001
1065
1002
1066
1003
1067
1004
1068
1005
1069
1006
1070
1007
1071
1008
1072
1009
1073
1010
1074
1011
1075
1012
1076
1013
1077
1014
1078
1015
1079
1016
1080
1017
1081
1018
1082
1019
1083
1020
1084
1021
1085
1022
1086
1023
1087
1024
1088
1025
1089
1026
1090
1027
1091
1028
1092
1029
1093
1030
1094
1031
1095
1032
1096
1033
1097
1034
1098
1035
1099
1036
1100
1037
1101
1038
1102
1039
1103
1104
4665
1041
1105
1042
1106
1043
1107
1044
1108
1045
1109
1046
1110
1047
1111
1048
1112
1049
1113
1050
1114
1051
1115
1052
1116
1053
1117
1054
1118
1055
1119
1056
1120
1057
1121
1058
1122
1059
1123
1060
1124
1061
1125
1062
1126
1063
1127
1064
1128
1065
1129
1066
1130
1067
1131
1068
1132
1069
1133
1070
1134
1071
1135
1072
1136
1073
1137
1074
1138
1075
1139
1076
1140
1077
1141
1078
1142
1079
1143
1080
1144
1081
1145
1082
1146
1083
1147
1084
1148
1085
1149
1086
1150
1087
1151
1088
1152
1089
1153
1090
1154
1091
1155
1092
1156
1093
1157
1094
1158
1095
1159
1096
1160
1097
1161
1098
1162
1099
1163
1100
1164
1101
1165
1102
1166
1103
1167
1104
1168
1169
4690
1106
1170
1107
1171
1108
1172
1109
1173
1110
1174
1111
1175
1112
1176
1113
1177
1114
1178
1115
1179
1116
1180
1117
1181
1118
1182
1119
1183
1120
1184
1121
1185
1122
1186
1123
1187
1124
1188
1125
1189
1126
1190
1127
1191
1128
1192
1129
1193
1130
1194
1131
1195
1132
1196
1133
1197
1134
1198
1135
1199
1136
1200
1137
1201
1138
1202
1139
1203
1140
1204
1141
1205
1142
1206
1143
1207
1144
1208
1145
1209
1146
1210
1147
1211
1148
1212
1149
1213
1150
1214
1151
1215
1152
1216
1153
1217
1154
1218
1155
1219
1156
1220
1157
1221
1158
1222
1159
1223
1160
1224
1161
1225
1162
1226
1163
1227
1164
1228
1165
1229
1166
1230
1167
1231
1168
1232
1169
1233
1234
4715
1171
1235
1172
1236
1173
1237
1174
1238
1175
1239
1176
1240
1177
1241
1178
1242
1179
1243
1180
1244
1181
1245
1182
1246
1183
1247
1184
1248
1185
1249
1186
1250
1187
1251
1188
1252
1189
1253
1190
1254
1191
1255
1192
1256
1193
1257
1194
1258
1195
1259
1196
1260
1197
1261
1198
1262
1199
1263
1200
1264
1201
1265
1202
1266
1203
1267
1204
1268
1205
1269
1206
1270
1207
1271
1208
1272
1209
1273
1210
1274
1211
1275
1212
1276
1213
1277
1214
1278
1215
1279
1216
1280
1217
1281
1218
1282
1219
1283
1220
1284
1221
1285
1222
1286
1223
1287
1224
1288
1225
1289
1226
1290
1227
1291
1228
1292
1229
1293
1230
1294
1231
1295
1232
1296
1233
1297
1234
1298
1299
4740
1236
1300
1237
1301
1238
1302
1239
1303
1240
1304
1241
1305
1242
1306
1243
1307
1244
1308
1245
1309
1246
1310
1247
1311
1248
1312
1249
1313
1250
1314
1251
1315
1252
1316
1253
1317
1254
1318
1255
1319
1256
1320
1257
1321
1258
1322
1259
1323
1260
1324
1261
1325
1262
1326
1263
1327
1264
1328
1265
1329
1266
1330
1267
1331
1268
1332
1269
1333
1270
1334
1271
1335
1272
1336
1273
1337
1274
1338
1275
1339
1276
1340
1277
1341
1278
1342
1279
1343
1280
1344
1281
1345
1282
1346
1283
1347
1284
1348
1285
1349
1286
1350
1287
1351
1288
1352
1289
1353
1290
1354
1291
1355
1292
1356
1293
1357
1294
1358
1295
1359
1296
1360
1297
1361
1298
1362
1299
1363
1364
4765
1301
1365
1302
1366
1303
1367
1304
1368
1305
1369
1306
1370
1307
1371
1308
1372
1309
1373
1310
1374
1311
1375
1312
1376
1313
1377
1314
1378
1315
1379
1316
1380
1317
1381
1318
1382
1319
1383
1320
1384
1321
1385
1322
1386
1323
1387
1324
1388
1325
1389
1326
1390
1327
1391
1328
1392
1329
1393
1330
1394
1331
1395
1332
1396
1333
1397
1334
1398
1335
1399
1336
1400
1337
1401
1338
1402
1339
1403
1340
1404
1341
1405
1342
1406
1343
1407
1344
1408
1345
1409
1346
1410
1347
1411
1348
1412
1349
1413
1350
1414
1351
1415
1352
1416
1353
1417
1354
1418
1355
1419
1356
1420
1357
1421
1358
1422
1359
1423
1360
1424
1361
1425
1362
1426
1363
1427
1364
1428
1429
4790
1366
1430
1367
1431
1368
1432
1369
1433
1370
1434
1371
1435
1372
1436
1373
1437
1374
1438
1375
1439
1376
1440
1377
1441
1378
1442
1379
1443
1380
1444
1381
1445
1382
1446
1383
1447
1384
1448
1385
1449
1386
1450
1387
1451
1388
1452
1389
1453
1390
1454
1391
1455
1392
1456
1393
1457
1394
1458
1395
1459
1396
1460
1397
1461
1398
1462
1399
1463
1400
1464
1401
1465
1402
1466
1403
1467
1404
1468
1405
1469
1406
1470
1407
1471
1408
1472
1409
1473
1410
1474
1411
1475
1412
1476
1413
1477
1414
1478
1415
1479
1416
1480
1417
1481
1418
1482
1419
1483
1420
1484
1421
1485
1422
1486
1423
1487
1424
1488
1425
1489
1426
1490
1427
1491
1428
1492
1429
1493
1494
4815
1431
1495
1432
1496
1433
1497
1434
1498
1435
1499
1436
1500
1437
1501
1438
1502
1439
1503
1440
1504
1441
1505
1442
1506
1443
1507
1444
1508
1445
1509
1446
1510
1447
1511
1448
1512
1449
1513
1450
1514
1451
1515
1452
1516
1453
1517
1454
1518
1455
1519
1456
1520
1457
1521
1458
1522
1459
1523
1460
1524
1461
1525
1462
1526
1463
1527
1464
1528
1465
1529
1466
1530
1467
1531
1468
1532
1469
1533
1470
1534
1471
1535
1472
1536
1473
1537
1474
1538
1475
1539
1476
1540
1477
1541
1478
1542
1479
1543
1480
1544
1481
1545
1482
1546
1483
1547
1484
1548
1485
1549
1486
1550
1487
1551
1488
1552
1489
1553
1490
1554
1491
1555
1492
1556
1493
1557
1494
1558
1559
4840
1496
1560
1497
1561
1498
1562
1499
1563
1500
1564
1501
1565
1502
1566
1503
1567
1504
1568
1505
1569
1506
1570
1507
1571
1508
1572
1509
1573
1510
1574
1511
1575
1512
1576
1513
1577
1514
1578
1515
1579
1516
1580
1517
1581
1518
1582
1519
1583
1520
1584
1521
1585
1522
1586
1523
1587
1524
1588
1525
1589
1526
1590
1527
1591
1528
1592
1529
1593
1530
1594
1531
1595
1532
1596
1533
1597
1534
1598
1535
1599
1536
1600
1537
1601
1538
1602
1539
1603
1540
1604
1541
1605
1542
1606
1543
1607
1544
1608
1545
1609
1546
1610
1547
1611
1548
1612
1549
1613
1550
1614
1551
1615
1552
1616
1553
1617
1554
1618
1555
1619
1556
1620
1557
1621
1558
1622
1559
1623
1624
4865
1561
1625
1562
1626
1563
1627
1564
1628
1565
1629
1566
1630
1567
1631
1568
1632
1569
1633
1570
1634
1571
1635
1572
1636
1573
1637
1574
1638
1575
1639
1576
1640
1577
1641
1578
1642
1579
1643
1580
1644
1581
1645
1582
1646
1583
1647
1584
1648
1585
1649
1586
1650
1587
1651
1588
1652
1589
1653
1590
1654
1591
1655
1592
1656
1593
1657
1594
1658
1595
1659
1596
1660
1597
1661
1598
1662
1599
1663
1600
1664
1601
1665
1602
1666
1603
1667
1604
1668
1605
1669
1606
1670
1607
1671
1608
1672
1609
1673
1610
1674
1611
1675
1612
1676
1613
1677
1614
1678
1615
1679
1616
1680
1617
1681
1618
1682
1619
1683
1620
1684
1621
1685
1622
1686
1623
1687
1624
1688
1689
4890
1626
1690
1627
1691
1628
1692
1629
1693
1630
1694
1631
1695
1632
1696
1633
1697
1634
1698
1635
1699
1636
1700
1637
1701
1638
1702
1639
1703
1640
1704
1641
1705
1642
1706
1643
1707
1644
1708
1645
1709
1646
1710
1647
1711
1648
1712
1649
1713
1650
1714
1651
1715
1652
1716
1653
1717
1654
1718
1655
1719
1656
1720
1657
1721
1658
1722
1659
1723
1660
1724
1661
1725
1662
1726
1663
1727
1664
1728
1665
1729
1666
1730
1667
1731
1668
1732
1669
1733
1670
1734
1671
1735
1672
1736
1673
1737
1674
1738
1675
1739
1676
1740
1677
1741
1678
1742
1679
1743
1680
1744
1681
1745
1682
1746
1683
1747
1684
1748
1685
1749
1686
1750
1687
1751
1688
1752
1689
1753
1754
4915
1691
1755
1692
1756
1693
1757
1694
1758
1695
1759
1696
1760
1697
1761
1698
1762
1699
1763
1700
1764
1701
1765
1702
1766
1703
1767
1704
1768
1705
1769
1706
1770
1707
1771
1708
1772
1709
1773
1710
1774
1711
1775
1712
1776
1713
1777
1714
1778
1715
1779
1716
1780
1717
1781
1718
1782
1719
1783
1720
1784
1721
1785
1722
1786
1723
1787
1724
1788
1725
1789
1726
1790
1727
1791
1728
1792
1729
1793
1730
1794
1731
1795
1732
1796
1733
1797
1734
1798
1735
1799
1736
1800
1737
1801
1738
1802
1739
1803
1740
1804
1741
1805
1742
1806
1743
1807
1744
1808
1745
1809
1746
1810
1747
1811
1748
1812
1749
1813
1750
1814
1751
1815
1752
1816
1753
1817
1754
1818
1819
4940
1756
1820
1757
1821
1758
1822
1759
1823
1760
1824
1761
1825
1762
1826
1763
1827
1764
1828
1765
1829
1766
1830
1767
1831
1768
1832
1769
1833
1770
1834
1771
1835
1772
1836
1773
1837
1774
1838
1775
1839
1776
1840
1777
1841
1778
1842
1779
1843
1780
1844
1781
1845
1782
1846
1783
1847
1784
1848
1785
1849
1786
1850
1787
1851
1788
1852
1789
1853
1790
1854
1791
1855
1792
1856
1793
1857
1794
1858
1795
1859
1796
1860
1797
1861
1798
1862
1799
1863
1800
1864
1801
1865
1802
1866
1803
1867
1804
1868
1805
1869
1806
1870
1807
1871
1808
1872
1809
1873
1810
1874
1811
1875
1812
1876
1813
1877
1814
1878
1815
1879
1816
1880
1817
1881
1818
1882
1819
1883
1884
4965
1821
1885
1822
1886
1823
1887
1824
1888
1825
1889
1826
1890
1827
1891
1828
1892
1829
1893
1830
1894
1831
1895
1832
1896
1833
1897
1834
1898
1835
1899
1836
1900
1837
1901
1838
1902
1839
1903
1840
1904
1841
1905
1842
1906
1843
1907
1844
1908
1845
1909
1846
1910
1847
1911
1848
1912
1849
1913
1850
1914
1851
1915
1852
1916
1853
1917
1854
1918
1855
1919
1856
1920
1857
1921
1858
1922
1859
1923
1860
1924
1861
1925
1862
1926
1863
1927
1864
1928
1865
1929
1866
1930
1867
1931
1868
1932
1869
1933
1870
1934
1871
1935
1872
1936
1873
1937
1874
1938
1875
1939
1876
1940
1877
1941
1878
1942
1879
1943
1880
1944
1881
1945
1882
1946
1883
1947
1884
1948
1949
4990
1886
1950
1887
1951
1888
1952
1889
1953
1890
1954
1891
1955
1892
1956
1893
1957
1894
1958
1895
1959
1896
1960
1897
1961
1898
1962
1899
1963
1900
1964
1901
1965
1902
1966
1903
1967
1904
1968
1905
1969
1906
1970
1907
1971
1908
1972
1909
1973
1910
1974
1911
1975
1912
1976
1913
1977
1914
1978
1915
1979
1916
1980
1917
1981
1918
1982
1919
1983
1920
1984
1921
1985
1922
1986
1923
1987
1924
1988
1925
1989
1926
1990
1927
1991
1928
1992
1929
1993
1930
1994
1931
1995
1932
1996
1933
1997
1934
1998
1935
1999
1936
2000
1937
2001
1938
2002
1939
2003
1940
2004
1941
2005
1942
2006
1943
2007
1944
2008
1945
2009
1946
2010
1947
2011
1948
2012
1949
2013
2014
5015
1951
2015
1952
2016
1953
2017
1954
2018
1955
2019
1956
2020
1957
2021
1958
2022
1959
2023
1960
2024
1961
2025
1962
2026
1963
2027
1964
2028
1965
2029
1966
2030
1967
2031
1968
2032
1969
2033
1970
2034
1971
2035
1972
2036
1973
2037
1974
2038
1975
2039
1976
2040
1977
2041
1978
2042
1979
2043
1980
2044
1981
2045
1982
2046
1983
2047
1984
2048
1985
2049
1986
2050
1987
2051
1988
2052
1989
2053
1990
2054
1991
2055
1992
2056
1993
2057
1994
2058
1995
2059
1996
2060
1997
2061
1998
2062
1999
2063
2000
2064
2001
2065
2002
2066
2003
2067
2004
2068
2005
2069
2006
2070
2007
2071
2008
2072
2009
2073
2010
2074
2011
2075
2012
2076
2013
2077
2014
2078
2079
5040
2016
2080
2017
2081
2018
2082
2019
2083
2020
2084
2021
2085
2022
2086
2023
2087
2024
2088
2025
2089
2026
2090
2027
2091
2028
2092
2029
2093
2030
2094
2031
2095
2032
2096
2033
2097
2034
2098
2035
2099
2036
2100
2037
2101
2038
2102
2039
2103
2040
2104
2041
2105
2042
2106
2043
2107
2044
2108
2045
2109
2046
2110
2047
2111
2048
2112
2049
2113
2050
2114
2051
2115
2052
2116
2053
2117
2054
2118
2055
2119
2056
2120
2057
2121
2058
2122
2059
2123
2060
2124
2061
2125
2062
2126
2063
2127
2064
2128
2065
2129
2066
2130
2067
2131
2068
2132
2069
2133
2070
2134
2071
2135
2072
2136
2073
2137
2074
2138
2075
2139
2076
2140
2077
2141
2078
2142
2079
2143
2144
5065
2081
2145
2082
2146
2083
2147
2084
2148
2085
2149
2086
2150
2087
2151
2088
2152
2089
2153
2090
2154
2091
2155
2092
2156
2093
2157
2094
2158
2095
2159
2096
2160
2097
2161
2098
2162
2099
2163
2100
2164
2101
2165
2102
2166
2103
2167
2104
2168
2105
2169
2106
2170
2107
2171
2108
2172
2109
2173
2110
2174
2111
2175
2112
2176
2113
2177
2114
2178
2115
2179
2116
2180
2117
2181
2118
2182
2119
2183
2120
2184
2121
2185
2122
2186
2123
2187
2124
2188
2125
2189
2126
2190
2127
2191
2128
2192
2129
2193
2130
2194
2131
2195
2132
2196
2133
2197
2134
2198
2135
2199
2136
2200
2137
2201
2138
2202
2139
2203
2140
2204
2141
2205
2142
2206
2143
2207
2144
2208
2209
5090
2146
2210
2147
2211
2148
2212
2149
2213
2150
2214
2151
2215
2152
2216
2153
2217
2154
2218
2155
2219
2156
2220
2157
2221
2158
2222
2159
2223
2160
2224
2161
2225
2162
2226
2163
2227
2164
2228
2165
2229
2166
2230
2167
2231
2168
2232
2169
2233
2170
2234
2171
2235
2172
2236
2173
2237
2174
2238
2175
2239
2176
2240
2177
2241
2178
2242
2179
2243
2180
2244
2181
2245
2182
2246
2183
2247
2184
2248
2185
2249
2186
2250
2187
2251
2188
2252
2189
2253
2190
2254
2191
2255
2192
2256
2193
2257
2194
2258
2195
2259
2196
2260
2197
2261
2198
2262
2199
2263
2200
2264
2201
2265
2202
2266
2203
2267
2204
2268
2205
2269
2206
2270
2207
2271
2208
2272
2209
2273
2274
5115
2211
2275
2212
2276
2213
2277
2214
2278
2215
2279
2216
2280
2217
2281
2218
2282
2219
2283
2220
2284
2221
2285
2222
2286
2223
2287
2224
2288
2225
2289
2226
2290
2227
2291
2228
2292
2229
2293
2230
2294
2231
2295
2232
2296
2233
2297
2234
2298
2235
2299
2236
2300
2237
2301
2238
2302
2239
2303
2240
2304
2241
2305
2242
2306
2243
2307
2244
2308
2245
2309
2246
2310
2247
2311
2248
2312
2249
2313
2250
2314
2251
2315
2252
2316
2253
2317
2254
2318
2255
2319
2256
2320
2257
2321
2258
2322
2259
2323
2260
2324
2261
2325
2262
2326
2263
2327
2264
2328
2265
2329
2266
2330
2267
2331
2268
2332
2269
2333
2270
2334
2271
2335
2272
2336
2273
2337
2274
2338
2339
5140
2276
2340
2277
2341
2278
2342
2279
2343
2280
2344
2281
2345
2282
2346
2283
2347
2284
2348
2285
2349
2286
2350
2287
2351
2288
2352
2289
2353
2290
2354
2291
2355
2292
2356
2293
2357
2294
2358
2295
2359
2296
2360
2297
2361
2298
2362
2299
2363
2300
2364
2301
2365
2302
2366
2303
2367
2304
2368
2305
2369
2306
2370
2307
2371
2308
2372
2309
2373
2310
2374
2311
2375
2312
2376
2313
2377
2314
2378
2315
2379
2316
2380
2317
2381
2318
2382
2319
2383
2320
2384
2321
2385
2322
2386
2323
2387
2324
2388
2325
2389
2326
2390
2327
2391
2328
2392
2329
2393
2330
2394
2331
2395
2332
2396
2333
2397
2334
2398
2335
2399
2336
2400
2337
2401
2338
2402
2339
2403
2404
5165
2341
2405
2342
2406
2343
2407
2344
2408
2345
2409
2346
2410
2347
2411
2348
2412
2349
2413
2350
2414
2351
2415
2352
2416
2353
2417
2354
2418
2355
2419
2356
2420
2357
2421
2358
2422
2359
2423
2360
2424
2361
2425
2362
2426
2363
2427
2364
2428
2365
2429
2366
2430
2367
2431
2368
2432
2369
2433
2370
2434
2371
2435
2372
2436
2373
2437
2374
2438
2375
2439
2376
2440
2377
2441
2378
2442
2379
2443
2380
2444
2381
2445
2382
2446
2383
2447
2384
2448
2385
2449
2386
2450
2387
2451
2388
2452
2389
2453
2390
2454
2391
2455
2392
2456
2393
2457
2394
2458
2395
2459
2396
2460
2397
2461
2398
2462
2399
2463
2400
2464
2401
2465
2402
2466
2403
2467
2404
2468
2469
5190
2406
2470
2407
2471
2408
2472
2409
2473
2410
2474
2411
2475
2412
2476
2413
2477
2414
2478
2415
2479
2416
2480
2417
2481
2418
2482
2419
2483
2420
2484
2421
2485
2422
2486
2423
2487
2424
2488
2425
2489
2426
2490
2427
2491
2428
2492
2429
2493
2430
2494
2431
2495
2432
2496
2433
2497
2434
2498
2435
2499
2436
2500
2437
2501
2438
2502
2439
2503
2440
2504
2441
2505
2442
2506
2443
2507
2444
2508
2445
2509
2446
2510
2447
2511
2448
2512
2449
2513
2450
2514
2451
2515
2452
2516
2453
2517
2454
2518
2455
2519
2456
2520
2457
2521
2458
2522
2459
2523
2460
2524
2461
2525
2462
2526
2463
2527
2464
2528
2465
2529
2466
2530
2467
2531
2468
2532
2469
2533
2534
5215
2471
2535
2472
2536
2473
2537
2474
2538
2475
2539
2476
2540
2477
2541
2478
2542
2479
2543
2480
2544
2481
2545
2482
2546
2483
2547
2484
2548
2485
2549
2486
2550
2487
2551
2488
2552
2489
2553
2490
2554
2491
2555
2492
2556
2493
2557
2494
2558
2495
2559
2496
2560
2497
2561
2498
2562
2499
2563
2500
2564
2501
2565
2502
2566
2503
2567
2504
2568
2505
2569
2506
2570
2507
2571
2508
2572
2509
2573
2510
2574
2511
2575
2512
2576
2513
2577
2514
2578
2515
2579
2516
2580
2517
2581
2518
2582
2519
2583
2520
2584
2521
2585
2522
2586
2523
2587
2524
2588
2525
2589
2526
2590
2527
2591
2528
2592
2529
2593
2530
2594
2531
2595
2532
2596
2533
2597
2534
2598
2599
5240
2536
2600
2537
2601
2538
2602
2539
2603
2540
2604
2541
2605
2542
2606
2543
2607
2544
2608
2545
2609
2546
2610
2547
2611
2548
2612
2549
2613
2550
2614
2551
2615
2552
2616
2553
2617
2554
2618
2555
2619
2556
2620
2557
2621
2558
2622
2559
2623
2560
2624
2561
2625
2562
2626
2563
2627
2564
2628
2565
2629
2566
2630
2567
2631
2568
2632
2569
2633
2570
2634
2571
2635
2572
2636
2573
2637
2574
2638
2575
2639
2576
2640
2577
2641
2578
2642
2579
2643
2580
2644
2581
2645
2582
2646
2583
2647
2584
2648
2585
2649
2586
2650
2587
2651
2588
2652
2589
2653
2590
2654
2591
2655
2592
2656
2593
2657
2594
2658
2595
2659
2596
2660
2597
2661
2598
2662
2599
2663
2664
5265
2601
2665
2602
2666
2603
2667
2604
2668
2605
2669
2606
2670
2607
2671
2608
2672
2609
2673
2610
2674
2611
2675
2612
2676
2613
2677
2614
2678
2615
2679
2616
2680
2617
2681
2618
2682
2619
2683
2620
2684
2621
2685
2622
2686
2623
2687
2624
2688
2625
2689
2626
2690
2627
2691
2628
2692
2629
2693
2630
2694
2631
2695
2632
2696
2633
2697
2634
2698
2635
2699
2636
2700
2637
2701
2638
2702
2639
2703
2640
2704
2641
2705
2642
2706
2643
2707
2644
2708
2645
2709
2646
2710
2647
2711
2648
2712
2649
2713
2650
2714
2651
2715
2652
2716
2653
2717
2654
2718
2655
2719
2656
2720
2657
2721
2658
2722
2659
2723
2660
2724
2661
2725
2662
2726
2663
2727
2664
2728
2729
6290
2666
2730
2667
2731
2668
2732
2669
2733
2670
2734
2671
2735
2672
2736
2673
2737
2674
2738
2675
2739
2676
2740
2677
2741
2678
2742
2679
2743
2680
2744
2681
2745
2682
2746
2683
2747
2684
2748
2685
2749
2686
2750
2687
2751
2688
2752
2689
2753
2690
2754
2691
2755
2692
2756
2693
2757
2694
2758
2695
2759
2696
2760
2697
2761
2698
2762
2699
2763
2700
2764
2701
2765
2702
2766
2703
2767
2704
2768
2705
2769
2706
2770
2707
2771
2708
2772
2709
2773
2710
2774
2711
2775
2712
2776
2713
2777
2714
2778
2715
2779
2716
2780
2717
2781
2718
2782
2719
2783
2720
2784
2721
2785
2722
2786
2723
2787
2724
2788
2725
2789
2726
2790
2727
2791
2728
2792
2729
2793
2794
6305
2731
2795
2732
2796
2733
2797
2734
2798
2735
2799
2736
2800
2737
2801
2738
2802
2739
2803
2740
2804
2741
2805
2742
2806
2743
2807
2744
2808
2745
2809
2746
2810
2747
2811
2748
2812
2749
2813
2750
2814
2751
2815
2752
2816
2753
2817
2754
2818
2755
2819
2756
2820
2757
2821
2758
2822
2759
2823
2760
2824
2761
2825
2762
2826
2763
2827
2764
2828
2765
2829
2766
2830
2767
2831
2768
2832
2769
2833
2770
2834
2771
2835
2772
2836
2773
2837
2774
2838
2775
2839
2776
2840
2777
2841
2778
2842
2779
2843
2780
2844
2781
2845
2782
2846
2783
2847
2784
2848
2785
2849
2786
2850
2787
2851
2788
2852
2789
2853
2790
2854
2791
2855
2792
2856
2793
2857
2794
2858
2859
6320
2796
2860
2797
2861
2798
2862
2799
2863
2800
2864
2801
2865
2802
2866
2803
2867
2804
2868
2805
2869
2806
2870
2807
2871
2808
2872
2809
2873
2810
2874
2811
2875
2812
2876
2813
2877
2814
2878
2815
2879
2816
2880
2817
2881
2818
2882
2819
2883
2820
2884
2821
2885
2822
2886
2823
2887
2824
2888
2825
2889
2826
2890
2827
2891
2828
2892
2829
2893
2830
2894
2831
2895
2832
2896
2833
2897
2834
2898
2835
2899
2836
2900
2837
2901
2838
2902
2839
2903
2840
2904
2841
2905
2842
2906
2843
2907
2844
2908
2845
2909
2846
2910
2847
2911
2848
2912
2849
2913
2850
2914
2851
2915
2852
2916
2853
2917
2854
2918
2855
2919
2856
2920
2857
2921
2858
2922
2859
2923
2924
6335
2861
2925
2862
2926
2863
2927
2864
2928
2865
2929
2866
2930
2867
2931
2868
2932
2869
2933
2870
2934
2871
2935
2872
2936
2873
2937
2874
2938
2875
2939
2876
2940
2877
2941
2878
2942
2879
2943
2880
2944
2881
2945
2882
2946
2883
2947
2884
2948
2885
2949
2886
2950
2887
2951
2888
2952
2889
2953
2890
2954
2891
2955
2892
2956
2893
2957
2894
2958
2895
2959
2896
2960
2897
2961
2898
2962
2899
2963
2900
2964
2901
2965
2902
2966
2903
2967
2904
2968
2905
2969
2906
2970
2907
2971
2908
2972
2909
2973
2910
2974
2911
2975
2912
2976
2913
2977
2914
2978
2915
2979
2916
2980
2917
2981
2918
2982
2919
2983
2920
2984
2921
2985
2922
2986
2923
2987
2924
2988
2989
6350
2926
2990
2927
2991
2928
2992
2929
2993
2930
2994
2931
2995
2932
2996
2933
2997
2934
2998
2935
2999
2936
3000
2937
3001
2938
3002
2939
3003
2940
3004
2941
3005
2942
3006
2943
3007
2944
3008
2945
3009
2946
3010
2947
3011
2948
3012
2949
3013
2950
3014
2951
3015
2952
3016
2953
3017
2954
3018
2955
3019
2956
3020
2957
3021
2958
3022
2959
3023
2960
3024
2961
3025
2962
3026
2963
3027
2964
3028
2965
3029
2966
3030
2967
3031
2968
3032
2969
3033
2970
3034
2971
3035
2972
3036
2973
3037
2974
3038
2975
3039
2976
3040
2977
3041
2978
3042
2979
3043
2980
3044
2981
3045
2982
3046
2983
3047
2984
3048
2985
3049
2986
3050
2987
3051
2988
3052
2989
3053
3054
6365
2991
3055
2992
3056
2993
3057
2994
3058
2995
3059
2996
3060
2997
3061
2998
3062
2999
3063
3000
3064
3001
3065
3002
3066
3003
3067
3004
3068
3005
3069
3006
3070
3007
3071
3008
3072
3009
3073
3010
3074
3011
3075
3012
3076
3013
3077
3014
3078
3015
3079
3016
3080
3017
3081
3018
3082
3019
3083
3020
3084
3021
3085
3022
3086
3023
3087
3024
3088
3025
3089
3026
3090
3027
3091
3028
3092
3029
3093
3030
3094
3031
3095
3032
3096
3033
3097
3034
3098
3035
3099
3036
3100
3037
3101
3038
3102
3039
3103
3040
3104
3041
3105
3042
3106
3043
3107
3044
3108
3045
3109
3046
3110
3047
3111
3048
3112
3049
3113
3050
3114
3051
3115
3052
3116
3053
3117
3054
3118
3119
6380
3056
3120
3057
3121
3058
3122
3059
3123
3060
3124
3061
3125
3062
3126
3063
3127
3064
3128
3065
3129
3066
3130
3067
3131
3068
3132
3069
3133
3070
3134
3071
3135
3072
3136
3073
3137
3074
3138
3075
3139
3076
3140
3077
3141
3078
3142
3079
3143
3080
3144
3081
3145
3082
3146
3083
3147
3084
3148
3085
3149
3086
3150
3087
3151
3088
3152
3089
3153
3090
3154
3091
3155
3092
3156
3093
3157
3094
3158
3095
3159
3096
3160
3097
3161
3098
3162
3099
3163
3100
3164
3101
3165
3102
3166
3103
3167
3104
3168
3105
3169
3106
3170
3107
3171
3108
3172
3109
3173
3110
3174
3111
3175
3112
3176
3113
3177
3114
3178
3115
3179
3116
3180
3117
3181
3118
3182
3119
3183
3184
6395
3121
3185
3122
3186
3123
3187
3124
3188
3125
3189
3126
3190
3127
3191
3128
3192
3129
3193
3130
3194
3131
3195
3132
3196
3133
3197
3134
3198
3135
3199
3136
3200
3137
3201
3138
3202
3139
3203
3140
3204
3141
3205
3142
3206
3143
3207
3144
3208
3145
3209
3146
3210
3147
3211
3148
3212
3149
3213
3150
3214
3151
3215
3152
3216
3153
3217
3154
3218
3155
3219
3156
3220
3157
3221
3158
3222
3159
3223
3160
3224
3161
3225
3162
3226
3163
3227
3164
3228
3165
3229
3166
3230
3167
3231
3168
3232
3169
3233
3170
3234
3171
3235
3172
3236
3173
3237
3174
3238
3175
3239
3176
3240
3177
3241
3178
3242
3179
3243
3180
3244
3181
3245
3182
3246
3183
3247
3184
3248
3249
6410
3186
3250
3187
3251
3188
3252
3189
3253
3190
3254
3191
3255
3192
3256
3193
3257
3194
3258
3195
3259
3196
3260
3197
3261
3198
3262
3199
3263
3200
3264
3201
3265
3202
3266
3203
3267
3204
3268
3205
3269
3206
3270
3207
3271
3208
3272
3209
3273
3210
3274
3211
3275
3212
3276
3213
3277
3214
3278
3215
3279
3216
3280
3217
3281
3218
3282
3219
3283
3220
3284
3221
3285
3222
3286
3223
3287
3224
3288
3225
3289
3226
3290
3227
3291
3228
3292
3229
3293
3230
3294
3231
3295
3232
3296
3233
3297
3234
3298
3235
3299
3236
3300
3237
3301
3238
3302
3239
3303
3240
3304
3241
3305
3242
3306
3243
3307
3244
3308
3245
3309
3246
3310
3247
3311
3248
3312
3249
3313
3314
6425
3251
3315
3252
3316
3253
3317
3254
3318
3255
3319
3256
3320
3257
3321
3258
3322
3259
3323
3260
3324
3261
3325
3262
3326
3263
3327
3264
3328
3265
3329
3266
3330
3267
3331
3268
3332
3269
3333
3270
3334
3271
3335
3272
3336
3273
3337
3274
3338
3275
3339
3276
3340
3277
3341
3278
3342
3279
3343
3280
3344
3281
3345
3282
3346
3283
3347
3284
3348
3285
3349
3286
3350
3287
3351
3288
3352
3289
3353
3290
3354
3291
3355
3292
3356
3293
3357
3294
3358
3295
3359
3296
3360
3297
3361
3298
3362
3299
3363
3300
3364
3301
3365
3302
3366
3303
3367
3304
3368
3305
3369
3306
3370
3307
3371
3308
3372
3309
3373
3310
3374
3311
3375
3312
3376
3313
3377
3314
3378
3379
6440
3316
3380
3317
3381
3318
3382
3319
3383
3320
3384
3321
3385
3322
3386
3323
3387
3324
3388
3325
3389
3326
3390
3327
3391
3328
3392
3329
3393
3330
3394
3331
3395
3332
3396
3333
3397
3334
3398
3335
3399
3336
3400
3337
3401
3338
3402
3339
3403
3340
3404
3341
3405
3342
3406
3343
3407
3344
3408
3345
3409
3346
3410
3347
3411
3348
3412
3349
3413
3350
3414
3351
3415
3352
3416
3353
3417
3354
3418
3355
3419
3356
3420
3357
3421
3358
3422
3359
3423
3360
3424
3361
3425
3362
3426
3363
3427
3364
3428
3365
3429
3366
3430
3367
3431
3368
3432
3369
3433
3370
3434
3371
3435
3372
3436
3373
3437
3374
3438
3375
3439
3376
3440
3377
3441
3378
3442
3379
3443
3444
6455
3381
3445
3382
3446
3383
3447
3384
3448
3385
3449
3386
3450
3387
3451
3388
3452
3389
3453
3390
3454
3391
3455
3392
3456
3393
3457
3394
3458
3395
3459
3396
3460
3397
3461
3398
3462
3399
3463
3400
3464
3401
3465
3402
3466
3403
3467
3404
3468
3405
3469
3406
3470
3407
3471
3408
3472
3409
3473
3410
3474
3411
3475
3412
3476
3413
3477
3414
3478
3415
3479
3416
3480
3417
3481
3418
3482
3419
3483
3420
3484
3421
3485
3422
3486
3423
3487
3424
3488
3425
3489
3426
3490
3427
3491
3428
3492
3429
3493
3430
3494
3431
3495
3432
3496
3433
3497
3434
3498
3435
3499
3436
3500
3437
3501
3438
3502
3439
3503
3440
3504
3441
3505
3442
3506
3443
3507
3444
3508
3509
6470
3446
3510
3447
3511
3448
3512
3449
3513
3450
3514
3451
3515
3452
3516
3453
3517
3454
3518
3455
3519
3456
3520
3457
3521
3458
3522
3459
3523
3460
3524
3461
3525
3462
3526
3463
3527
3464
3528
3465
3529
3466
3530
3467
3531
3468
3532
3469
3533
3470
3534
3471
3535
3472
3536
3473
3537
3474
3538
3475
3539
3476
3540
3477
3541
3478
3542
3479
3543
3480
3544
3481
3545
3482
3546
3483
3547
3484
3548
3485
3549
3486
3550
3487
3551
3488
3552
3489
3553
3490
3554
3491
3555
3492
3556
3493
3557
3494
3558
3495
3559
3496
3560
3497
3561
3498
3562
3499
3563
3500
3564
3501
3565
3502
3566
3503
3567
3504
3568
3505
3569
3506
3570
3507
3571
3508
3572
3509
3573
3574
6485
3511
3575
3512
3576
3513
3577
3514
3578
3515
3579
3516
3580
3517
3581
3518
3582
3519
3583
3520
3584
3521
3585
3522
3586
3523
3587
3524
3588
3525
3589
3526
3590
3527
3591
3528
3592
3529
3593
3530
3594
3531
3595
3532
3596
3533
3597
3534
3598
3535
3599
3536
3600
3537
3601
3538
3602
3539
3603
3540
3604
3541
3605
3542
3606
3543
3607
3544
3608
3545
3609
3546
3610
3547
3611
3548
3612
3549
3613
3550
3614
3551
3615
3552
3616
3553
3617
3554
3618
3555
3619
3556
3620
3557
3621
3558
3622
3559
3623
3560
3624
3561
3625
3562
3626
3563
3627
3564
3628
3565
3629
3566
3630
3567
3631
3568
3632
3569
3633
3570
3634
3571
3635
3572
3636
3573
3637
3574
3638
3639
6500
3576
3640
3577
3641
3578
3642
3579
3643
3580
3644
3581
3645
3582
3646
3583
3647
3584
3648
3585
3649
3586
3650
3587
3651
3588
3652
3589
3653
3590
3654
3591
3655
3592
3656
3593
3657
3594
3658
3595
3659
3596
3660
3597
3661
3598
3662
3599
3663
3600
3664
3601
3665
3602
3666
3603
3667
3604
3668
3605
3669
3606
3670
3607
3671
3608
3672
3609
3673
3610
3674
3611
3675
3612
3676
3613
3677
3614
3678
3615
3679
3616
3680
3617
3681
3618
3682
3619
3683
3620
3684
3621
3685
3622
3686
3623
3687
3624
3688
3625
3689
3626
3690
3627
3691
3628
3692
3629
3693
3630
3694
3631
3695
3632
3696
3633
3697
3634
3698
3635
3699
3636
3700
3637
3701
3638
3702
3639
3703
3704
6515
3641
3705
3642
3706
3643
3707
3644
3708
3645
3709
3646
3710
3647
3711
3648
3712
3649
3713
3650
3714
3651
3715
3652
3716
3653
3717
3654
3718
3655
3719
3656
3720
3657
3721
3658
3722
3659
3723
3660
3724
3661
3725
3662
3726
3663
3727
3664
3728
3665
3729
3666
3730
3667
3731
3668
3732
3669
3733
3670
3734
3671
3735
3672
3736
3673
3737
3674
3738
3675
3739
3676
3740
3677
3741
3678
3742
3679
3743
3680
3744
3681
3745
3682
3746
3683
3747
3684
3748
3685
3749
3686
3750
3687
3751
3688
3752
3689
3753
3690
3754
3691
3755
3692
3756
3693
3757
3694
3758
3695
3759
3696
3760
3697
3761
3698
3762
3699
3763
3700
3764
3701
3765
3702
3766
3703
3767
3704
3768
3769
6530
3706
3770
3707
3771
3708
3772
3709
3773
3710
3774
3711
3775
3712
3776
3713
3777
3714
3778
3715
3779
3716
3780
3717
3781
3718
3782
3719
3783
3720
3784
3721
3785
3722
3786
3723
3787
3724
3788
3725
3789
3726
3790
3727
3791
3728
3792
3729
3793
3730
3794
3731
3795
3732
3796
3733
3797
3734
3798
3735
3799
3736
3800
3737
3801
3738
3802
3739
3803
3740
3804
3741
3805
3742
3806
3743
3807
3744
3808
3745
3809
3746
3810
3747
3811
3748
3812
3749
3813
3750
3814
3751
3815
3752
3816
3753
3817
3754
3818
3755
3819
3756
3820
3757
3821
3758
3822
3759
3823
3760
3824
3761
3825
3762
3826
3763
3827
3764
3828
3765
3829
3766
3830
3767
3831
3768
3832
3769
3833
3834
6545
3771
3835
3772
3836
3773
3837
3774
3838
3775
3839
3776
3840
3777
3841
3778
3842
3779
3843
3780
3844
3781
3845
3782
3846
3783
3847
3784
3848
3785
3849
3786
3850
3787
3851
3788
3852
3789
3853
3790
3854
3791
3855
3792
3856
3793
3857
3794
3858
3795
3859
3796
3860
3797
3861
3798
3862
3799
3863
3800
3864
3801
3865
3802
3866
3803
3867
3804
3868
3805
3869
3806
3870
3807
3871
3808
3872
3809
3873
3810
3874
3811
3875
3812
3876
3813
3877
3814
3878
3815
3879
3816
3880
3817
3881
3818
3882
3819
3883
3820
3884
3821
3885
3822
3886
3823
3887
3824
3888
3825
3889
3826
3890
3827
3891
3828
3892
3829
3893
3830
3894
3831
3895
3832
3896
3833
3897
3834
3898
3899
6560
3836
3900
3837
3901
3838
3902
3839
3903
3840
3904
3841
3905
3842
3906
3843
3907
3844
3908
3845
3909
3846
3910
3847
3911
3848
3912
3849
3913
3850
3914
3851
3915
3852
3916
3853
3917
3854
3918
3855
3919
3856
3920
3857
3921
3858
3922
3859
3923
3860
3924
3861
3925
3862
3926
3863
3927
3864
3928
3865
3929
3866
3930
3867
3931
3868
3932
3869
3933
3870
3934
3871
3935
3872
3936
3873
3937
3874
3938
3875
3939
3876
3940
3877
3941
3878
3942
3879
3943
3880
3944
3881
3945
3882
3946
3883
3947
3884
3948
3885
3949
3886
3950
3887
3951
3888
3952
3889
3953
3890
3954
3891
3955
3892
3956
3893
3957
3894
3958
3895
3959
3896
3960
3897
3961
3898
3962
3899
3963
3964
6575
3901
3965
3902
3966
3903
3967
3904
3968
3905
3969
3906
3970
3907
3971
3908
3972
3909
3973
3910
3974
3911
3975
3912
3976
3913
3977
3914
3978
3915
3979
3916
3980
3917
3981
3918
3982
3919
3983
3920
3984
3921
3985
3922
3986
3923
3987
3924
3988
3925
3989
3926
3990
3927
3991
3928
3992
3929
3993
3930
3994
3931
3995
3932
3996
3933
3997
3934
3998
3935
3999
3936
4000
3937
4001
3938
4002
3939
4003
3940
4004
3941
4005
3942
4006
3943
4007
3944
4008
3945
4009
3946
4010
3947
4011
3948
4012
3949
4013
3950
4014
3951
4015
3952
4016
3953
4017
3954
4018
3955
4019
3956
4020
3957
4021
3958
4022
3959
4023
3960
4024
3961
4025
3962
4026
3963
4027
3964
4028
4029
6590
3966
4030
3967
4031
3968
4032
3969
4033
3970
4034
3971
4035
3972
4036
3973
4037
3974
4038
3975
4039
3976
4040
3977
4041
3978
4042
3979
4043
3980
4044
3981
4045
3982
4046
3983
4047
3984
4048
3985
4049
3986
4050
3987
4051
3988
4052
3989
4053
3990
4054
3991
4055
3992
4056
3993
4057
3994
4058
3995
4059
3996
4060
3997
4061
3998
4062
3999
4063
4000
4064
4001
4065
4002
4066
4003
4067
4004
4068
4005
4069
4006
4070
4007
4071
4008
4072
4009
4073
4010
4074
4011
4075
4012
4076
4013
4077
4014
4078
4015
4079
4016
4080
4017
4081
4018
4082
4019
4083
4020
4084
4021
4085
4022
4086
4023
4087
4024
4088
4025
4089
4026
4090
4027
4091
4028
4092
4029
4093
4094
6605
4031
4095
4032
4096
4033
4097
4034
4098
4035
4099
4036
4100
4037
4101
4038
4102
4039
4103
4040
4104
4041
4105
4042
4106
4043
4107
4044
4108
4045
4109
4046
4110
4047
4111
4048
4112
4049
4113
4050
4114
4051
4115
4052
4116
4053
4117
4054
4118
4055
4119
4056
4120
4057
4121
4058
4122
4059
4123
4060
4124
4061
4125
4062
4126
4063
4127
4064
4128
4065
4129
4066
4130
4067
4131
4068
4132
4069
4133
4070
4134
4071
4135
4072
4136
4073
4137
4074
4138
4075
4139
4076
4140
4077
4141
4078
4142
4079
4143
4080
4144
4081
4145
4082
4146
4083
4147
4084
4148
4085
4149
4086
4150
4087
4151
4088
4152
4089
4153
4090
4154
4091
4155
4092
4156
4093
4157
4094
4158
4159
6620
4096
4160
4097
4161
4098
4162
4099
4163
4100
4164
4101
4165
4102
4166
4103
4167
4104
4168
4105
4169
4106
4170
4107
4171
4108
4172
4109
4173
4110
4174
4111
4175
4112
4176
4113
4177
4114
4178
4115
4179
4116
4180
4117
4181
4118
4182
4119
4183
4120
4184
4121
4185
4122
4186
4123
4187
4124
4188
4125
4189
4126
4190
4127
4191
4128
4192
4129
4193
4130
4194
4131
4195
4132
4196
4133
4197
4134
4198
4135
4199
4136
4200
4137
4201
4138
4202
4139
4203
4140
4204
4141
4205
4142
4206
4143
4207
4144
4208
4145
4209
4146
4210
4147
4211
4148
4212
4149
4213
4150
4214
4151
4215
4152
4216
4153
4217
4154
4218
4155
4219
4156
4220
4157
4221
4158
4222
4159
4223
4224
6635
4161
4225
4162
4226
4163
4227
4164
4228
4165
4229
4166
4230
4167
4231
4168
4232
4169
4233
4170
4234
4171
4235
4172
4236
4173
4237
4174
4238
4175
4239
4176
4240
4177
4241
4178
4242
4179
4243
4180
4244
4181
4245
4182
4246
4183
4247
4184
4248
4185
4249
4186
4250
4187
4251
4188
4252
4189
4253
4190
4254
4191
4255
4192
4256
4193
4257
4194
4258
4195
4259
4196
4260
4197
4261
4198
4262
4199
4263
4200
4264
4201
4265
4202
4266
4203
4267
4204
4268
4205
4269
4206
4270
4207
4271
4208
4272
4209
4273
4210
4274
4211
4275
4212
4276
4213
4277
4214
4278
4215
4279
4216
4280
4217
4281
4218
4282
4219
4283
4220
4284
4221
4285
4222
4286
4223
4287
4224
4288
4289
6650
4226
11655
4227
11656
4228
11657
4229
11658
4230
11659
4231
11660
4232
11661
4233
11662
4234
11663
4235
11664
4236
11665
4237
11666
4238
11667
4239
11668
4240
11669
4241
11670
4242
11671
4243
11672
4244
11673
4245
11674
4246
11675
4247
11676
4248
11677
4249
11678
4250
11679
4251
11680
4252
11681
4253
11682
4254
11683
4255
11684
4256
11685
4257
11686
4258
11687
4259
11688
4260
11689
4261
11690
4262
11691
4263
11692
4264
11693
4265
11694
4266
11695
4267
11696
4268
11697
4269
11698
4270
11699
4271
11700
4272
11701
4273
11702
4274
11703
4275
11704
4276
11705
4277
11706
4278
11707
4279
11708
4280
11709
4281
11710
4282
11711
4283
11712
4284
11713
4285
11714
4286
11715
4287
11716
4288
11717
4289
11718
6665
11719
4291
4315
11720
4292
4316
11721
4293
4317
11722
4294
4318
11723
4295
4319
11724
4296
4320
11725
4297
4321
11726
4298
4322
11727
4299
4323
11728
4300
4324
11729
4301
4325
11730
4302
4326
11731
4303
4327
11732
4304
4328
11733
4305
4329
11734
4306
4330
11735
4307
4331
11736
4308
4332
11737
4309
4333
11738
4310
4334
11739
4311
4335
11740
4312
4336
11741
4313
4337
11742
4314
4338
11743
4339
5290
11744
4316
4340
4317
4341
4318
4342
4319
4343
4320
4344
4321
4345
4322
4346
4323
4347
4324
4348
4325
4349
4326
4350
4327
4351
4328
4352
4329
4353
4330
4354
4331
4355
4332
4356
4333
4357
4334
4358
4335
4359
4336
4360
4337
4361
4338
4362
4339
4363
4364
5315
4341
4365
4342
4366
4343
4367
4344
4368
4345
4369
4346
4370
4347
4371
4348
4372
4349
4373
4350
4374
4351
4375
4352
4376
4353
4377
4354
4378
4355
4379
4356
4380
4357
4381
4358
4382
4359
4383
4360
4384
4361
4385
4362
4386
4363
4387
4364
4388
4389
5340
4366
4390
4367
4391
4368
4392
4369
4393
4370
4394
4371
4395
4372
4396
4373
4397
4374
4398
4375
4399
4376
4400
4377
4401
4378
4402
4379
4403
4380
4404
4381
4405
4382
4406
4383
4407
4384
4408
4385
4409
4386
4410
4387
4411
4388
4412
4389
4413
4414
5365
4391
4415
4392
4416
4393
4417
4394
4418
4395
4419
4396
4420
4397
4421
4398
4422
4399
4423
4400
4424
4401
4425
4402
4426
4403
4427
4404
4428
4405
4429
4406
4430
4407
4431
4408
4432
4409
4433
4410
4434
4411
4435
4412
4436
4413
4437
4414
4438
4439
5390
4416
4440
4417
4441
4418
4442
4419
4443
4420
4444
4421
4445
4422
4446
4423
4447
4424
4448
4425
4449
4426
4450
4427
4451
4428
4452
4429
4453
4430
4454
4431
4455
4432
4456
4433
4457
4434
4458
4435
4459
4436
4460
4437
4461
4438
4462
4439
4463
4464
5415
4441
4465
4442
4466
4443
4467
4444
4468
4445
4469
4446
4470
4447
4471
4448
4472
4449
4473
4450
4474
4451
4475
4452
4476
4453
4477
4454
4478
4455
4479
4456
4480
4457
4481
4458
4482
4459
4483
4460
4484
4461
4485
4462
4486
4463
4487
4464
4488
4489
5440
4466
4490
4467
4491
4468
4492
4469
4493
4470
4494
4471
4495
4472
4496
4473
4497
4474
4498
4475
4499
4476
4500
4477
4501
4478
4502
4479
4503
4480
4504
4481
4505
4482
4506
4483
4507
4484
4508
4485
4509
4486
4510
4487
4511
4488
4512
4489
4513
4514
5465
4491
4515
4492
4516
4493
4517
4494
4518
4495
4519
4496
4520
4497
4521
4498
4522
4499
4523
4500
4524
4501
4525
4502
4526
4503
4527
4504
4528
4505
4529
4506
4530
4507
4531
4508
4532
4509
4533
4510
4534
4511
4535
4512
4536
4513
4537
4514
4538
4539
5490
4516
4540
4517
4541
4518
4542
4519
4543
4520
4544
4521
4545
4522
4546
4523
4547
4524
4548
4525
4549
4526
4550
4527
4551
4528
4552
4529
4553
4530
4554
4531
4555
4532
4556
4533
4557
4534
4558
4535
4559
4536
4560
4537
4561
4538
4562
4539
4563
4564
5515
4541
4565
4542
4566
4543
4567
4544
4568
4545
4569
4546
4570
4547
4571
4548
4572
4549
4573
4550
4574
4551
4575
4552
4576
4553
4577
4554
4578
4555
4579
4556
4580
4557
4581
4558
4582
4559
4583
4560
4584
4561
4585
4562
4586
4563
4587
4564
4588
4589
5540
4566
4590
4567
4591
4568
4592
4569
4593
4570
4594
4571
4595
4572
4596
4573
4597
4574
4598
4575
4599
4576
4600
4577
4601
4578
4602
4579
4603
4580
4604
4581
4605
4582
4606
4583
4607
4584
4608
4585
4609
4586
4610
4587
4611
4588
4612
4589
4613
4614
5565
4591
4615
4592
4616
4593
4617
4594
4618
4595
4619
4596
4620
4597
4621
4598
4622
4599
4623
4600
4624
4601
4625
4602
4626
4603
4627
4604
4628
4605
4629
4606
4630
4607
4631
4608
4632
4609
4633
4610
4634
4611
4635
4612
4636
4613
4637
4614
4638
4639
5590
4616
4640
4617
4641
4618
4642
4619
4643
4620
4644
4621
4645
4622
4646
4623
4647
4624
4648
4625
4649
4626
4650
4627
4651
4628
4652
4629
4653
4630
4654
4631
4655
4632
4656
4633
4657
4634
4658
4635
4659
4636
4660
4637
4661
4638
4662
4639
4663
4664
5615
4641
4665
4642
4666
4643
4667
4644
4668
4645
4669
4646
4670
4647
4671
4648
4672
4649
4673
4650
4674
4651
4675
4652
4676
4653
4677
4654
4678
4655
4679
4656
4680
4657
4681
4658
4682
4659
4683
4660
4684
4661
4685
4662
4686
4663
4687
4664
4688
4689
5640
4666
4690
4667
4691
4668
4692
4669
4693
4670
4694
4671
4695
4672
4696
4673
4697
4674
4698
4675
4699
4676
4700
4677
4701
4678
4702
4679
4703
4680
4704
4681
4705
4682
4706
4683
4707
4684
4708
4685
4709
4686
4710
4687
4711
4688
4712
4689
4713
4714
5665
4691
4715
4692
4716
4693
4717
4694
4718
4695
4719
4696
4720
4697
4721
4698
4722
4699
4723
4700
4724
4701
4725
4702
4726
4703
4727
4704
4728
4705
4729
4706
4730
4707
4731
4708
4732
4709
4733
4710
4734
4711
4735
4712
4736
4713
4737
4714
4738
4739
5690
4716
4740
4717
4741
4718
4742
4719
4743
4720
4744
4721
4745
4722
4746
4723
4747
4724
4748
4725
4749
4726
4750
4727
4751
4728
4752
4729
4753
4730
4754
4731
4755
4732
4756
4733
4757
4734
4758
4735
4759
4736
4760
4737
4761
4738
4762
4739
4763
4764
5715
4741
4765
4742
4766
4743
4767
4744
4768
4745
4769
4746
4770
4747
4771
4748
4772
4749
4773
4750
4774
4751
4775
4752
4776
4753
4777
4754
4778
4755
4779
4756
4780
4757
4781
4758
4782
4759
4783
4760
4784
4761
4785
4762
4786
4763
4787
4764
4788
4789
5740
4766
4790
4767
4791
4768
4792
4769
4793
4770
4794
4771
4795
4772
4796
4773
4797
4774
4798
4775
4799
4776
4800
4777
4801
4778
4802
4779
4803
4780
4804
4781
4805
4782
4806
4783
4807
4784
4808
4785
4809
4786
4810
4787
4811
4788
4812
4789
4813
4814
5765
4791
4815
4792
4816
4793
4817
4794
4818
4795
4819
4796
4820
4797
4821
4798
4822
4799
4823
4800
4824
4801
4825
4802
4826
4803
4827
4804
4828
4805
4829
4806
4830
4807
4831
4808
4832
4809
4833
4810
4834
4811
4835
4812
4836
4813
4837
4814
4838
4839
5790
4816
4840
4817
4841
4818
4842
4819
4843
4820
4844
4821
4845
4822
4846
4823
4847
4824
4848
4825
4849
4826
4850
4827
4851
4828
4852
4829
4853
4830
4854
4831
4855
4832
4856
4833
4857
4834
4858
4835
4859
4836
4860
4837
4861
4838
4862
4839
4863
4864
5815
4841
4865
4842
4866
4843
4867
4844
4868
4845
4869
4846
4870
4847
4871
4848
4872
4849
4873
4850
4874
4851
4875
4852
4876
4853
4877
4854
4878
4855
4879
4856
4880
4857
4881
4858
4882
4859
4883
4860
4884
4861
4885
4862
4886
4863
4887
4864
4888
4889
5840
4866
4890
4867
4891
4868
4892
4869
4893
4870
4894
4871
4895
4872
4896
4873
4897
4874
4898
4875
4899
4876
4900
4877
4901
4878
4902
4879
4903
4880
4904
4881
4905
4882
4906
4883
4907
4884
4908
4885
4909
4886
4910
4887
4911
4888
4912
4889
4913
4914
5865
4891
4915
4892
4916
4893
4917
4894
4918
4895
4919
4896
4920
4897
4921
4898
4922
4899
4923
4900
4924
4901
4925
4902
4926
4903
4927
4904
4928
4905
4929
4906
4930
4907
4931
4908
4932
4909
4933
4910
4934
4911
4935
4912
4936
4913
4937
4914
4938
4939
5890
4916
4940
4917
4941
4918
4942
4919
4943
4920
4944
4921
4945
4922
4946
4923
4947
4924
4948
4925
4949
4926
4950
4927
4951
4928
4952
4929
4953
4930
4954
4931
4955
4932
4956
4933
4957
4934
4958
4935
4959
4936
4960
4937
4961
4938
4962
4939
4963
4964
5915
4941
4965
4942
4966
4943
4967
4944
4968
4945
4969
4946
4970
4947
4971
4948
4972
4949
4973
4950
4974
4951
4975
4952
4976
4953
4977
4954
4978
4955
4979
4956
4980
4957
4981
4958
4982
4959
4983
4960
4984
4961
4985
4962
4986
4963
4987
4964
4988
4989
5940
4966
4990
4967
4991
4968
4992
4969
4993
4970
4994
4971
4995
4972
4996
4973
4997
4974
4998
4975
4999
4976
5000
4977
5001
4978
5002
4979
5003
4980
5004
4981
5005
4982
5006
4983
5007
4984
5008
4985
5009
4986
5010
4987
5011
4988
5012
4989
5013
5014
5965
4991
5015
4992
5016
4993
5017
4994
5018
4995
5019
4996
5020
4997
5021
4998
5022
4999
5023
5000
5024
5001
5025
5002
5026
5003
5027
5004
5028
5005
5029
5006
5030
5007
5031
5008
5032
5009
5033
5010
5034
5011
5035
5012
5036
5013
5037
5014
5038
5039
5990
5016
5040
5017
5041
5018
5042
5019
5043
5020
5044
5021
5045
5022
5046
5023
5047
5024
5048
5025
5049
5026
5050
5027
5051
5028
5052
5029
5053
5030
5054
5031
5055
5032
5056
5033
5057
5034
5058
5035
5059
5036
5060
5037
5061
5038
5062
5039
5063
5064
6015
5041
5065
5042
5066
5043
5067
5044
5068
5045
5069
5046
5070
5047
5071
5048
5072
5049
5073
5050
5074
5051
5075
5052
5076
5053
5077
5054
5078
5055
5079
5056
5080
5057
5081
5058
5082
5059
5083
5060
5084
5061
5085
5062
5086
5063
5087
5064
5088
5089
6040
5066
5090
5067
5091
5068
5092
5069
5093
5070
5094
5071
5095
5072
5096
5073
5097
5074
5098
5075
5099
5076
5100
5077
5101
5078
5102
5079
5103
5080
5104
5081
5105
5082
5106
5083
5107
5084
5108
5085
5109
5086
5110
5087
5111
5088
5112
5089
5113
5114
6065
5091
5115
5092
5116
5093
5117
5094
5118
5095
5119
5096
5120
5097
5121
5098
5122
5099
5123
5100
5124
5101
5125
5102
5126
5103
5127
5104
5128
5105
5129
5106
5130
5107
5131
5108
5132
5109
5133
5110
5134
5111
5135
5112
5136
5113
5137
5114
5138
5139
6090
5116
5140
5117
5141
5118
5142
5119
5143
5120
5144
5121
5145
5122
5146
5123
5147
5124
5148
5125
5149
5126
5150
5127
5151
5128
5152
5129
5153
5130
5154
5131
5155
5132
5156
5133
5157
5134
5158
5135
5159
5136
5160
5137
5161
5138
5162
5139
5163
5164
6115
5141
5165
5142
5166
5143
5167
5144
5168
5145
5169
5146
5170
5147
5171
5148
5172
5149
5173
5150
5174
5151
5175
5152
5176
5153
5177
5154
5178
5155
5179
5156
5180
5157
5181
5158
5182
5159
5183
5160
5184
5161
5185
5162
5186
5163
5187
5164
5188
5189
6140
5166
5190
5167
5191
5168
5192
5169
5193
5170
5194
5171
5195
5172
5196
5173
5197
5174
5198
5175
5199
5176
5200
5177
5201
5178
5202
5179
5203
5180
5204
5181
5205
5182
5206
5183
5207
5184
5208
5185
5209
5186
5210
5187
5211
5188
5212
5189
5213
5214
6165
5191
5215
5192
5216
5193
5217
5194
5218
5195
5219
5196
5220
5197
5221
5198
5222
5199
5223
5200
5224
5201
5225
5202
5226
5203
5227
5204
5228
5205
5229
5206
5230
5207
5231
5208
5232
5209
5233
5210
5234
5211
5235
5212
5236
5213
5237
5214
5238
5239
6190
5216
5240
5217
5241
5218
5242
5219
5243
5220
5244
5221
5245
5222
5246
5223
5247
5224
5248
5225
5249
5226
5250
5227
5251
5228
5252
5229
5253
5230
5254
5231
5255
5232
5256
5233
5257
5234
5258
5235
5259
5236
5260
5237
5261
5238
5262
5239
5263
5264
6215
5241
5265
5242
5266
5243
5267
5244
5268
5245
5269
5246
5270
5247
5271
5248
5272
5249
5273
5250
5274
5251
5275
5252
5276
5253
5277
5254
5278
5255
5279
5256
5280
5257
5281
5258
5282
5259
5283
5260
5284
5261
5285
5262
5286
5263
5287
5264
5288
5289
6240
5266
6680
5267
6681
5268
6682
5269
6683
5270
6684
5271
6685
5272
6686
5273
6687
5274
6688
5275
6689
5276
6690
5277
6691
5278
6692
5279
6693
5280
6694
5281
6695
5282
6696
5283
6697
5284
6698
5285
6699
5286
6700
5287
6701
5288
6702
5289
6703
6265
6704
5291
5315
12720
5292
5316
12721
5293
5317
12722
5294
5318
12723
5295
5319
12724
5296
5320
12725
5297
5321
12726
5298
5322
12727
5299
5323
12728
5300
5324
12729
5301
5325
12730
5302
5326
12731
5303
5327
12732
5304
5328
12733
5305
5329
12734
5306
5330
12735
5307
5331
12736
5308
5332
12737
5309
5333
12738
5310
5334
12739
5311
5335
12740
5312
5336
12741
5313
5337
12742
5314
5338
12743
5339
12744
5316
5340
5317
5341
5318
5342
5319
5343
5320
5344
5321
5345
5322
5346
5323
5347
5324
5348
5325
5349
5326
5350
5327
5351
5328
5352
5329
5353
5330
5354
5331
5355
5332
5356
5333
5357
5334
5358
5335
5359
5336
5360
5337
5361
5338
5362
5339
5363
5364
5341
5365
5342
5366
5343
5367
5344
5368
5345
5369
5346
5370
5347
5371
5348
5372
5349
5373
5350
5374
5351
5375
5352
5376
5353
5377
5354
5378
5355
5379
5356
5380
5357
5381
5358
5382
5359
5383
5360
5384
5361
5385
5362
5386
5363
5387
5364
5388
5389
5366
5390
5367
5391
5368
5392
5369
5393
5370
5394
5371
5395
5372
5396
5373
5397
5374
5398
5375
5399
5376
5400
5377
5401
5378
5402
5379
5403
5380
5404
5381
5405
5382
5406
5383
5407
5384
5408
5385
5409
5386
5410
5387
5411
5388
5412
5389
5413
5414
5391
5415
5392
5416
5393
5417
5394
5418
5395
5419
5396
5420
5397
5421
5398
5422
5399
5423
5400
5424
5401
5425
5402
5426
5403
5427
5404
5428
5405
5429
5406
5430
5407
5431
5408
5432
5409
5433
5410
5434
5411
5435
5412
5436
5413
5437
5414
5438
5439
5416
5440
5417
5441
5418
5442
5419
5443
5420
5444
5421
5445
5422
5446
5423
5447
5424
5448
5425
5449
5426
5450
5427
5451
5428
5452
5429
5453
5430
5454
5431
5455
5432
5456
5433
5457
5434
5458
5435
5459
5436
5460
5437
5461
5438
5462
5439
5463
5464
5441
5465
5442
5466
5443
5467
5444
5468
5445
5469
5446
5470
5447
5471
5448
5472
5449
5473
5450
5474
5451
5475
5452
5476
5453
5477
5454
5478
5455
5479
5456
5480
5457
5481
5458
5482
5459
5483
5460
5484
5461
5485
5462
5486
5463
5487
5464
5488
5489
5466
5490
5467
5491
5468
5492
5469
5493
5470
5494
5471
5495
5472
5496
5473
5497
5474
5498
5475
5499
5476
5500
5477
5501
5478
5502
5479
5503
5480
5504
5481
5505
5482
5506
5483
5507
5484
5508
5485
5509
5486
5510
5487
5511
5488
5512
5489
5513
5514
5491
5515
5492
5516
5493
5517
5494
5518
5495
5519
5496
5520
5497
5521
5498
5522
5499
5523
5500
5524
5501
5525
5502
5526
5503
5527
5504
5528
5505
5529
5506
5530
5507
5531
5508
5532
5509
5533
5510
5534
5511
5535
5512
5536
5513
5537
5514
5538
5539
5516
5540
5517
5541
5518
5542
5519
5543
5520
5544
5521
5545
5522
5546
5523
5547
5524
5548
5525
5549
5526
5550
5527
5551
5528
5552
5529
5553
5530
5554
5531
5555
5532
5556
5533
5557
5534
5558
5535
5559
5536
5560
5537
5561
5538
5562
5539
5563
5564
5541
5565
5542
5566
5543
5567
5544
5568
5545
5569
5546
5570
5547
5571
5548
5572
5549
5573
5550
5574
5551
5575
5552
5576
5553
5577
5554
5578
5555
5579
5556
5580
5557
5581
5558
5582
5559
5583
5560
5584
5561
5585
5562
5586
5563
5587
5564
5588
5589
5566
5590
5567
5591
5568
5592
5569
5593
5570
5594
5571
5595
5572
5596
5573
5597
5574
5598
5575
5599
5576
5600
5577
5601
5578
5602
5579
5603
5580
5604
5581
5605
5582
5606
5583
5607
5584
5608
5585
5609
5586
5610
5587
5611
5588
5612
5589
5613
5614
5591
5615
5592
5616
5593
5617
5594
5618
5595
5619
5596
5620
5597
5621
5598
5622
5599
5623
5600
5624
5601
5625
5602
5626
5603
5627
5604
5628
5605
5629
5606
5630
5607
5631
5608
5632
5609
5633
5610
5634
5611
5635
5612
5636
5613
5637
5614
5638
5639
5616
5640
5617
5641
5618
5642
5619
5643
5620
5644
5621
5645
5622
5646
5623
5647
5624
5648
5625
5649
5626
5650
5627
5651
5628
5652
5629
5653
5630
5654
5631
5655
5632
5656
5633
5657
5634
5658
5635
5659
5636
5660
5637
5661
5638
5662
5639
5663
5664
5641
5665
5642
5666
5643
5667
5644
5668
5645
5669
5646
5670
5647
5671
5648
5672
5649
5673
5650
5674
5651
5675
5652
5676
5653
5677
5654
5678
5655
5679
5656
5680
5657
5681
5658
5682
5659
5683
5660
5684
5661
5685
5662
5686
5663
5687
5664
5688
5689
5666
5690
5667
5691
5668
5692
5669
5693
5670
5694
5671
5695
5672
5696
5673
5697
5674
5698
5675
5699
5676
5700
5677
5701
5678
5702
5679
5703
5680
5704
5681
5705
5682
5706
5683
5707
5684
5708
5685
5709
5686
5710
5687
5711
5688
5712
5689
5713
5714
5691
5715
5692
5716
5693
5717
5694
5718
5695
5719
5696
5720
5697
5721
5698
5722
5699
5723
5700
5724
5701
5725
5702
5726
5703
5727
5704
5728
5705
5729
5706
5730
5707
5731
5708
5732
5709
5733
5710
5734
5711
5735
5712
5736
5713
5737
5714
5738
5739
5716
5740
5717
5741
5718
5742
5719
5743
5720
5744
5721
5745
5722
5746
5723
5747
5724
5748
5725
5749
5726
5750
5727
5751
5728
5752
5729
5753
5730
5754
5731
5755
5732
5756
5733
5757
5734
5758
5735
5759
5736
5760
5737
5761
5738
5762
5739
5763
5764
5741
5765
5742
5766
5743
5767
5744
5768
5745
5769
5746
5770
5747
5771
5748
5772
5749
5773
5750
5774
5751
5775
5752
5776
5753
5777
5754
5778
5755
5779
5756
5780
5757
5781
5758
5782
5759
5783
5760
5784
5761
5785
5762
5786
5763
5787
5764
5788
5789
5766
5790
5767
5791
5768
5792
5769
5793
5770
5794
5771
5795
5772
5796
5773
5797
5774
5798
5775
5799
5776
5800
5777
5801
5778
5802
5779
5803
5780
5804
5781
5805
5782
5806
5783
5807
5784
5808
5785
5809
5786
5810
5787
5811
5788
5812
5789
5813
5814
5791
5815
5792
5816
5793
5817
5794
5818
5795
5819
5796
5820
5797
5821
5798
5822
5799
5823
5800
5824
5801
5825
5802
5826
5803
5827
5804
5828
5805
5829
5806
5830
5807
5831
5808
5832
5809
5833
5810
5834
5811
5835
5812
5836
5813
5837
5814
5838
5839
5816
5840
5817
5841
5818
5842
5819
5843
5820
5844
5821
5845
5822
5846
5823
5847
5824
5848
5825
5849
5826
5850
5827
5851
5828
5852
5829
5853
5830
5854
5831
5855
5832
5856
5833
5857
5834
5858
5835
5859
5836
5860
5837
5861
5838
5862
5839
5863
5864
5841
5865
5842
5866
5843
5867
5844
5868
5845
5869
5846
5870
5847
5871
5848
5872
5849
5873
5850
5874
5851
5875
5852
5876
5853
5877
5854
5878
5855
5879
5856
5880
5857
5881
5858
5882
5859
5883
5860
5884
5861
5885
5862
5886
5863
5887
5864
5888
5889
5866
5890
5867
5891
5868
5892
5869
5893
5870
5894
5871
5895
5872
5896
5873
5897
5874
5898
5875
5899
5876
5900
5877
5901
5878
5902
5879
5903
5880
5904
5881
5905
5882
5906
5883
5907
5884
5908
5885
5909
5886
5910
5887
5911
5888
5912
5889
5913
5914
5891
5915
5892
5916
5893
5917
5894
5918
5895
5919
5896
5920
5897
5921
5898
5922
5899
5923
5900
5924
5901
5925
5902
5926
5903
5927
5904
5928
5905
5929
5906
5930
5907
5931
5908
5932
5909
5933
5910
5934
5911
5935
5912
5936
5913
5937
5914
5938
5939
5916
5940
5917
5941
5918
5942
5919
5943
5920
5944
5921
5945
5922
5946
5923
5947
5924
5948
5925
5949
5926
5950
5927
5951
5928
5952
5929
5953
5930
5954
5931
5955
5932
5956
5933
5957
5934
5958
5935
5959
5936
5960
5937
5961
5938
5962
5939
5963
5964
5941
5965
5942
5966
5943
5967
5944
5968
5945
5969
5946
5970
5947
5971
5948
5972
5949
5973
5950
5974
5951
5975
5952
5976
5953
5977
5954
5978
5955
5979
5956
5980
5957
5981
5958
5982
5959
5983
5960
5984
5961
5985
5962
5986
5963
5987
5964
5988
5989
5966
5990
5967
5991
5968
5992
5969
5993
5970
5994
5971
5995
5972
5996
5973
5997
5974
5998
5975
5999
5976
6000
5977
6001
5978
6002
5979
6003
5980
6004
5981
6005
5982
6006
5983
6007
5984
6008
5985
6009
5986
6010
5987
6011
5988
6012
5989
6013
6014
5991
6015
5992
6016
5993
6017
5994
6018
5995
6019
5996
6020
5997
6021
5998
6022
5999
6023
6000
6024
6001
6025
6002
6026
6003
6027
6004
6028
6005
6029
6006
6030
6007
6031
6008
6032
6009
6033
6010
6034
6011
6035
6012
6036
6013
6037
6014
6038
6039
6016
6040
6017
6041
6018
6042
6019
6043
6020
6044
6021
6045
6022
6046
6023
6047
6024
6048
6025
6049
6026
6050
6027
6051
6028
6052
6029
6053
6030
6054
6031
6055
6032
6056
6033
6057
6034
6058
6035
6059
6036
6060
6037
6061
6038
6062
6039
6063
6064
6041
6065
6042
6066
6043
6067
6044
6068
6045
6069
6046
6070
6047
6071
6048
6072
6049
6073
6050
6074
6051
6075
6052
6076
6053
6077
6054
6078
6055
6079
6056
6080
6057
6081
6058
6082
6059
6083
6060
6084
6061
6085
6062
6086
6063
6087
6064
6088
6089
6066
6090
6067
6091
6068
6092
6069
6093
6070
6094
6071
6095
6072
6096
6073
6097
6074
6098
6075
6099
6076
6100
6077
6101
6078
6102
6079
6103
6080
6104
6081
6105
6082
6106
6083
6107
6084
6108
6085
6109
6086
6110
6087
6111
6088
6112
6089
6113
6114
6091
6115
6092
6116
6093
6117
6094
6118
6095
6119
6096
6120
6097
6121
6098
6122
6099
6123
6100
6124
6101
6125
6102
6126
6103
6127
6104
6128
6105
6129
6106
6130
6107
6131
6108
6132
6109
6133
6110
6134
6111
6135
6112
6136
6113
6137
6114
6138
6139
6116
6140
6117
6141
6118
6142
6119
6143
6120
6144
6121
6145
6122
6146
6123
6147
6124
6148
6125
6149
6126
6150
6127
6151
6128
6152
6129
6153
6130
6154
6131
6155
6132
6156
6133
6157
6134
6158
6135
6159
6136
6160
6137
6161
6138
6162
6139
6163
6164
6141
6165
6142
6166
6143
6167
6144
6168
6145
6169
6146
6170
6147
6171
6148
6172
6149
6173
6150
6174
6151
6175
6152
6176
6153
6177
6154
6178
6155
6179
6156
6180
6157
6181
6158
6182
6159
6183
6160
6184
6161
6185
6162
6186
6163
6187
6164
6188
6189
6166
6190
6167
6191
6168
6192
6169
6193
6170
6194
6171
6195
6172
6196
6173
6197
6174
6198
6175
6199
6176
6200
6177
6201
6178
6202
6179
6203
6180
6204
6181
6205
6182
6206
6183
6207
6184
6208
6185
6209
6186
6210
6187
6211
6188
6212
6189
6213
6214
6191
6215
6192
6216
6193
6217
6194
6218
6195
6219
6196
6220
6197
6221
6198
6222
6199
6223
6200
6224
6201
6225
6202
6226
6203
6227
6204
6228
6205
6229
6206
6230
6207
6231
6208
6232
6209
6233
6210
6234
6211
6235
6212
6236
6213
6237
6214
6238
6239
6216
6240
6217
6241
6218
6242
6219
6243
6220
6244
6221
6245
6222
6246
6223
6247
6224
6248
6225
6249
6226
6250
6227
6251
6228
6252
6229
6253
6230
6254
6231
6255
6232
6256
6233
6257
6234
6258
6235
6259
6236
6260
6237
6261
6238
6262
6239
6263
6264
6241
6265
6242
6266
6243
6267
6244
6268
6245
6269
6246
6270
6247
6271
6248
6272
6249
6273
6250
6274
6251
6275
6252
6276
6253
6277
6254
6278
6255
6279
6256
6280
6257
6281
6258
6282
6259
6283
6260
6284
6261
6285
6262
6286
6263
6287
6264
6288
6289
6266
7055
6267
7056
6268
7057
6269
7058
6270
7059
6271
7060
6272
7061
6273
7062
6274
7063
6275
7064
6276
7065
6277
7066
6278
7067
6279
7068
6280
7069
6281
7070
6282
7071
6283
7072
6284
7073
6285
7074
6286
7075
6287
7076
6288
7077
6289
7078
7079
6291
6305
6680
6292
6306
6705
6293
6307
6730
6294
6308
6755
6295
6309
6780
6296
6310
6805
6297
6311
6830
6298
6312
6855
6299
6313
6880
6300
6314
6905
6301
6315
6930
6302
6316
6955
6303
6317
6980
6304
6318
7005
6319
7030
6306
6320
6307
6321
6308
6322
6309
6323
6310
6324
6311
6325
6312
6326
6313
6327
6314
6328
6315
6329
6316
6330
6317
6331
6318
6332
6319
6333
6334
6321
6335
6322
6336
6323
6337
6324
6338
6325
6339
6326
6340
6327
6341
6328
6342
6329
6343
6330
6344
6331
6345
6332
6346
6333
6347
6334
6348
6349
6336
6350
6337
6351
6338
6352
6339
6353
6340
6354
6341
6355
6342
6356
6343
6357
6344
6358
6345
6359
6346
6360
6347
6361
6348
6362
6349
6363
6364
6351
6365
6352
6366
6353
6367
6354
6368
6355
6369
6356
6370
6357
6371
6358
6372
6359
6373
6360
6374
6361
6375
6362
6376
6363
6377
6364
6378
6379
6366
6380
6367
6381
6368
6382
6369
6383
6370
6384
6371
6385
6372
6386
6373
6387
6374
6388
6375
6389
6376
6390
6377
6391
6378
6392
6379
6393
6394
6381
6395
6382
6396
6383
6397
6384
6398
6385
6399
6386
6400
6387
6401
6388
6402
6389
6403
6390
6404
6391
6405
6392
6406
6393
6407
6394
6408
6409
6396
6410
6397
6411
6398
6412
6399
6413
6400
6414
6401
6415
6402
6416
6403
6417
6404
6418
6405
6419
6406
6420
6407
6421
6408
6422
6409
6423
6424
6411
6425
6412
6426
6413
6427
6414
6428
6415
6429
6416
6430
6417
6431
6418
6432
6419
6433
6420
6434
6421
6435
6422
6436
6423
6437
6424
6438
6439
6426
6440
6427
6441
6428
6442
6429
6443
6430
6444
6431
6445
6432
6446
6433
6447
6434
6448
6435
6449
6436
6450
6437
6451
6438
6452
6439
6453
6454
6441
6455
6442
6456
6443
6457
6444
6458
6445
6459
6446
6460
6447
6461
6448
6462
6449
6463
6450
6464
6451
6465
6452
6466
6453
6467
6454
6468
6469
6456
6470
6457
6471
6458
6472
6459
6473
6460
6474
6461
6475
6462
6476
6463
6477
6464
6478
6465
6479
6466
6480
6467
6481
6468
6482
6469
6483
6484
6471
6485
6472
6486
6473
6487
6474
6488
6475
6489
6476
6490
6477
6491
6478
6492
6479
6493
6480
6494
6481
6495
6482
6496
6483
6497
6484
6498
6499
6486
6500
6487
6501
6488
6502
6489
6503
6490
6504
6491
6505
6492
6506
6493
6507
6494
6508
6495
6509
6496
6510
6497
6511
6498
6512
6499
6513
6514
6501
6515
6502
6516
6503
6517
6504
6518
6505
6519
6506
6520
6507
6521
6508
6522
6509
6523
6510
6524
6511
6525
6512
6526
6513
6527
6514
6528
6529
6516
6530
6517
6531
6518
6532
6519
6533
6520
6534
6521
6535
6522
6536
6523
6537
6524
6538
6525
6539
6526
6540
6527
6541
6528
6542
6529
6543
6544
6531
6545
6532
6546
6533
6547
6534
6548
6535
6549
6536
6550
6537
6551
6538
6552
6539
6553
6540
6554
6541
6555
6542
6556
6543
6557
6544
6558
6559
6546
6560
6547
6561
6548
6562
6549
6563
6550
6564
6551
6565
6552
6566
6553
6567
6554
6568
6555
6569
6556
6570
6557
6571
6558
6572
6559
6573
6574
6561
6575
6562
6576
6563
6577
6564
6578
6565
6579
6566
6580
6567
6581
6568
6582
6569
6583
6570
6584
6571
6585
6572
6586
6573
6587
6574
6588
6589
6576
6590
6577
6591
6578
6592
6579
6593
6580
6594
6581
6595
6582
6596
6583
6597
6584
6598
6585
6599
6586
6600
6587
6601
6588
6602
6589
6603
6604
6591
6605
6592
6606
6593
6607
6594
6608
6595
6609
6596
6610
6597
6611
6598
6612
6599
6613
6600
6614
6601
6615
6602
6616
6603
6617
6604
6618
6619
6606
6620
6607
6621
6608
6622
6609
6623
6610
6624
6611
6625
6612
6626
6613
6627
6614
6628
6615
6629
6616
6630
6617
6631
6618
6632
6619
6633
6634
6621
6635
6622
6636
6623
6637
6624
6638
6625
6639
6626
6640
6627
6641
6628
6642
6629
6643
6630
6644
6631
6645
6632
6646
6633
6647
6634
6648
6649
6636
6650
6637
6651
6638
6652
6639
6653
6640
6654
6641
6655
6642
6656
6643
6657
6644
6658
6645
6659
6646
6660
6647
6661
6648
6662
6649
6663
6664
6651
6665
6652
6666
6653
6667
6654
6668
6655
6669
6656
6670
6657
6671
6658
6672
6659
6673
6660
6674
6661
6675
6662
6676
6663
6677
6664
6678
6679
6666
14095
6667
14096
6668
14097
6669
14098
6670
14099
6671
14100
6672
14101
6673
14102
6674
14103
6675
14104
6676
14105
6677
14106
6678
14107
6679
14108
14109
6681
6705
6682
6706
6683
6707
6684
6708
6685
6709
6686
6710
6687
6711
6688
6712
6689
6713
6690
6714
6691
6715
6692
6716
6693
6717
6694
6718
6695
6719
6696
6720
6697
6721
6698
6722
6699
6723
6700
6724
6701
6725
6702
6726
6703
6727
6704
6728
6729
7055
6706
6730
6707
6731
6708
6732
6709
6733
6710
6734
6711
6735
6712
6736
6713
6737
6714
6738
6715
6739
6716
6740
6717
6741
6718
6742
6719
6743
6720
6744
6721
6745
6722
6746
6723
6747
6724
6748
6725
6749
6726
6750
6727
6751
6728
6752
6729
6753
6754
7080
6731
6755
6732
6756
6733
6757
6734
6758
6735
6759
6736
6760
6737
6761
6738
6762
6739
6763
6740
6764
6741
6765
6742
6766
6743
6767
6744
6768
6745
6769
6746
6770
6747
6771
6748
6772
6749
6773
6750
6774
6751
6775
6752
6776
6753
6777
6754
6778
6779
7105
6756
6780
6757
6781
6758
6782
6759
6783
6760
6784
6761
6785
6762
6786
6763
6787
6764
6788
6765
6789
6766
6790
6767
6791
6768
6792
6769
6793
6770
6794
6771
6795
6772
6796
6773
6797
6774
6798
6775
6799
6776
6800
6777
6801
6778
6802
6779
6803
6804
7130
6781
6805
6782
6806
6783
6807
6784
6808
6785
6809
6786
6810
6787
6811
6788
6812
6789
6813
6790
6814
6791
6815
6792
6816
6793
6817
6794
6818
6795
6819
6796
6820
6797
6821
6798
6822
6799
6823
6800
6824
6801
6825
6802
6826
6803
6827
6804
6828
6829
7155
6806
6830
6807
6831
6808
6832
6809
6833
6810
6834
6811
6835
6812
6836
6813
6837
6814
6838
6815
6839
6816
6840
6817
6841
6818
6842
6819
6843
6820
6844
6821
6845
6822
6846
6823
6847
6824
6848
6825
6849
6826
6850
6827
6851
6828
6852
6829
6853
6854
7180
6831
6855
6832
6856
6833
6857
6834
6858
6835
6859
6836
6860
6837
6861
6838
6862
6839
6863
6840
6864
6841
6865
6842
6866
6843
6867
6844
6868
6845
6869
6846
6870
6847
6871
6848
6872
6849
6873
6850
6874
6851
6875
6852
6876
6853
6877
6854
6878
6879
7205
6856
6880
6857
6881
6858
6882
6859
6883
6860
6884
6861
6885
6862
6886
6863
6887
6864
6888
6865
6889
6866
6890
6867
6891
6868
6892
6869
6893
6870
6894
6871
6895
6872
6896
6873
6897
6874
6898
6875
6899
6876
6900
6877
6901
6878
6902
6879
6903
6904
7230
6881
6905
6882
6906
6883
6907
6884
6908
6885
6909
6886
6910
6887
6911
6888
6912
6889
6913
6890
6914
6891
6915
6892
6916
6893
6917
6894
6918
6895
6919
6896
6920
6897
6921
6898
6922
6899
6923
6900
6924
6901
6925
6902
6926
6903
6927
6904
6928
6929
7255
6906
6930
6907
6931
6908
6932
6909
6933
6910
6934
6911
6935
6912
6936
6913
6937
6914
6938
6915
6939
6916
6940
6917
6941
6918
6942
6919
6943
6920
6944
6921
6945
6922
6946
6923
6947
6924
6948
6925
6949
6926
6950
6927
6951
6928
6952
6929
6953
6954
7280
6931
6955
6932
6956
6933
6957
6934
6958
6935
6959
6936
6960
6937
6961
6938
6962
6939
6963
6940
6964
6941
6965
6942
6966
6943
6967
6944
6968
6945
6969
6946
6970
6947
6971
6948
6972
6949
6973
6950
6974
6951
6975
6952
6976
6953
6977
6954
6978
6979
7305
6956
6980
6957
6981
6958
6982
6959
6983
6960
6984
6961
6985
6962
6986
6963
6987
6964
6988
6965
6989
6966
6990
6967
6991
6968
6992
6969
6993
6970
6994
6971
6995
6972
6996
6973
6997
6974
6998
6975
6999
6976
7000
6977
7001
6978
7002
6979
7003
7004
7330
6981
7005
6982
7006
6983
7007
6984
7008
6985
7009
6986
7010
6987
7011
6988
7012
6989
7013
6990
7014
6991
7015
6992
7016
6993
7017
6994
7018
6995
7019
6996
7020
6997
7021
6998
7022
6999
7023
7000
7024
7001
7025
7002
7026
7003
7027
7004
7028
7029
7355
7006
7030
7007
7031
7008
7032
7009
7033
7010
7034
7011
7035
7012
7036
7013
7037
7014
7038
7015
7039
7016
7040
7017
7041
7018
7042
7019
7043
7020
7044
7021
7045
7022
7046
7023
7047
7024
7048
7025
7049
7026
7050
7027
7051
7028
7052
7029
7053
7054
7380
7031
7032
7033
7034
7035
7036
7037
7038
7039
7040
7041
7042
7043
7044
7045
7046
7047
7048
7049
7050
7051
7052
7053
7054
7405
7056
7080
7057
7081
7058
7082
7059
7083
7060
7084
7061
7085
7062
7086
7063
7087
7064
7088
7065
7089
7066
7090
7067
7091
7068
7092
7069
7093
7070
7094
7071
7095
7072
7096
7073
7097
7074
7098
7075
7099
7076
7100
7077
7101
7078
7102
7079
7103
7104
7081
7105
7082
7106
7083
7107
7084
7108
7085
7109
7086
7110
7087
7111
7088
7112
7089
7113
7090
7114
7091
7115
7092
7116
7093
7117
7094
7118
7095
7119
7096
7120
7097
7121
7098
7122
7099
7123
7100
7124
7101
7125
7102
7126
7103
7127
7104
7128
7129
7106
7130
7107
7131
7108
7132
7109
7133
7110
7134
7111
7135
7112
7136
7113
7137
7114
7138
7115
7139
7116
7140
7117
7141
7118
7142
7119
7143
7120
7144
7121
7145
7122
7146
7123
7147
7124
7148
7125
7149
7126
7150
7127
7151
7128
7152
7129
7153
7154
7131
7155
7132
7156
7133
7157
7134
7158
7135
7159
7136
7160
7137
7161
7138
7162
7139
7163
7140
7164
7141
7165
7142
7166
7143
7167
7144
7168
7145
7169
7146
7170
7147
7171
7148
7172
7149
7173
7150
7174
7151
7175
7152
7176
7153
7177
7154
7178
7179
7156
7180
7157
7181
7158
7182
7159
7183
7160
7184
7161
7185
7162
7186
7163
7187
7164
7188
7165
7189
7166
7190
7167
7191
7168
7192
7169
7193
7170
7194
7171
7195
7172
7196
7173
7197
7174
7198
7175
7199
7176
7200
7177
7201
7178
7202
7179
7203
7204
7181
7205
7182
7206
7183
7207
7184
7208
7185
7209
7186
7210
7187
7211
7188
7212
7189
7213
7190
7214
7191
7215
7192
7216
7193
7217
7194
7218
7195
7219
7196
7220
7197
7221
7198
7222
7199
7223
7200
7224
7201
7225
7202
7226
7203
7227
7204
7228
7229
7206
7230
7207
7231
7208
7232
7209
7233
7210
7234
7211
7235
7212
7236
7213
7237
7214
7238
7215
7239
7216
7240
7217
7241
7218
7242
7219
7243
7220
7244
7221
7245
7222
7246
7223
7247
7224
7248
7225
7249
7226
7250
7227
7251
7228
7252
7229
7253
7254
7231
7255
7232
7256
7233
7257
7234
7258
7235
7259
7236
7260
7237
7261
7238
7262
7239
7263
7240
7264
7241
7265
7242
7266
7243
7267
7244
7268
7245
7269
7246
7270
7247
7271
7248
7272
7249
7273
7250
7274
7251
7275
7252
7276
7253
7277
7254
7278
7279
7256
7280
7257
7281
7258
7282
7259
7283
7260
7284
7261
7285
7262
7286
7263
7287
7264
7288
7265
7289
7266
7290
7267
7291
7268
7292
7269
7293
7270
7294
7271
7295
7272
7296
7273
7297
7274
7298
7275
7299
7276
7300
7277
7301
7278
7302
7279
7303
7304
7281
7305
7282
7306
7283
7307
7284
7308
7285
7309
7286
7310
7287
7311
7288
7312
7289
7313
7290
7314
7291
7315
7292
7316
7293
7317
7294
7318
7295
7319
7296
7320
7297
7321
7298
7322
7299
7323
7300
7324
7301
7325
7302
7326
7303
7327
7304
7328
7329
7306
7330
7307
7331
7308
7332
7309
7333
7310
7334
7311
7335
7312
7336
7313
7337
7314
7338
7315
7339
7316
7340
7317
7341
7318
7342
7319
7343
7320
7344
7321
7345
7322
7346
7323
7347
7324
7348
7325
7349
7326
7350
7327
7351
7328
7352
7329
7353
7354
7331
7355
7332
7356
7333
7357
7334
7358
7335
7359
7336
7360
7337
7361
7338
7362
7339
7363
7340
7364
7341
7365
7342
7366
7343
7367
7344
7368
7345
7369
7346
7370
7347
7371
7348
7372
7349
7373
7350
7374
7351
7375
7352
7376
7353
7377
7354
7378
7379
7356
7380
7357
7381
7358
7382
7359
7383
7360
7384
7361
7385
7362
7386
7363
7387
7364
7388
7365
7389
7366
7390
7367
7391
7368
7392
7369
7393
7370
7394
7371
7395
7372
7396
7373
7397
7374
7398
7375
7399
7376
7400
7377
7401
7378
7402
7379
7403
7404
7381
7405
7382
7406
7383
7407
7384
7408
7385
7409
7386
7410
7387
7411
7388
7412
7389
7413
7390
7414
7391
7415
7392
7416
7393
7417
7394
7418
7395
7419
7396
7420
7397
7421
7398
7422
7399
7423
7400
7424
7401
7425
7402
7426
7403
7427
7404
7428
7429
7406
7407
7408
7409
7410
7411
7412
7413
7414
7415
7416
7417
7418
7419
7420
7421
7422
7423
7424
7425
7426
7427
7428
7429
7431
7495
7432
7496
7433
7497
7434
7498
7435
7499
7436
7500
7437
7501
7438
7502
7439
7503
7440
7504
7441
7505
7442
7506
7443
7507
7444
7508
7445
7509
7446
7510
7447
7511
7448
7512
7449
7513
7450
7514
7451
7515
7452
7516
7453
7517
7454
7518
7455
7519
7456
7520
7457
7521
7458
7522
7459
7523
7460
7524
7461
7525
7462
7526
7463
7527
7464
7528
7465
7529
7466
7530
7467
7531
7468
7532
7469
7533
7470
7534
7471
7535
7472
7536
7473
7537
7474
7538
7475
7539
7476
7540
7477
7541
7478
7542
7479
7543
7480
7544
7481
7545
7482
7546
7483
7547
7484
7548
7485
7549
7486
7550
7487
7551
7488
7552
7489
7553
7490
7554
7491
7555
7492
7556
7493
7557
7494
7558
7559
11720
7496
7560
7497
7561
7498
7562
7499
7563
7500
7564
7501
7565
7502
7566
7503
7567
7504
7568
7505
7569
7506
7570
7507
7571
7508
7572
7509
7573
7510
7574
7511
7575
7512
7576
7513
7577
7514
7578
7515
7579
7516
7580
7517
7581
7518
7582
7519
7583
7520
7584
7521
7585
7522
7586
7523
7587
7524
7588
7525
7589
7526
7590
7527
7591
7528
7592
7529
7593
7530
7594
7531
7595
7532
7596
7533
7597
7534
7598
7535
7599
7536
7600
7537
7601
7538
7602
7539
7603
7540
7604
7541
7605
7542
7606
7543
7607
7544
7608
7545
7609
7546
7610
7547
7611
7548
7612
7549
7613
7550
7614
7551
7615
7552
7616
7553
7617
7554
7618
7555
7619
7556
7620
7557
7621
7558
7622
7559
7623
7624
11745
7561
7625
7562
7626
7563
7627
7564
7628
7565
7629
7566
7630
7567
7631
7568
7632
7569
7633
7570
7634
7571
7635
7572
7636
7573
7637
7574
7638
7575
7639
7576
7640
7577
7641
7578
7642
7579
7643
7580
7644
7581
7645
7582
7646
7583
7647
7584
7648
7585
7649
7586
7650
7587
7651
7588
7652
7589
7653
7590
7654
7591
7655
7592
7656
7593
7657
7594
7658
7595
7659
7596
7660
7597
7661
7598
7662
7599
7663
7600
7664
7601
7665
7602
7666
7603
7667
7604
7668
7605
7669
7606
7670
7607
7671
7608
7672
7609
7673
7610
7674
7611
7675
7612
7676
7613
7677
7614
7678
7615
7679
7616
7680
7617
7681
7618
7682
7619
7683
7620
7684
7621
7685
7622
7686
7623
7687
7624
7688
7689
11770
7626
7690
7627
7691
7628
7692
7629
7693
7630
7694
7631
7695
7632
7696
7633
7697
7634
7698
7635
7699
7636
7700
7637
7701
7638
7702
7639
7703
7640
7704
7641
7705
7642
7706
7643
7707
7644
7708
7645
7709
7646
7710
7647
7711
7648
7712
7649
7713
7650
7714
7651
7715
7652
7716
7653
7717
7654
7718
7655
7719
7656
7720
7657
7721
7658
7722
7659
7723
7660
7724
7661
7725
7662
7726
7663
7727
7664
7728
7665
7729
7666
7730
7667
7731
7668
7732
7669
7733
7670
7734
7671
7735
7672
7736
7673
7737
7674
7738
7675
7739
7676
7740
7677
7741
7678
7742
7679
7743
7680
7744
7681
7745
7682
7746
7683
7747
7684
7748
7685
7749
7686
7750
7687
7751
7688
7752
7689
7753
7754
11795
7691
7755
7692
7756
7693
7757
7694
7758
7695
7759
7696
7760
7697
7761
7698
7762
7699
7763
7700
7764
7701
7765
7702
7766
7703
7767
7704
7768
7705
7769
7706
7770
7707
7771
7708
7772
7709
7773
7710
7774
7711
7775
7712
7776
7713
7777
7714
7778
7715
7779
7716
7780
7717
7781
7718
7782
7719
7783
7720
7784
7721
7785
7722
7786
7723
7787
7724
7788
7725
7789
7726
7790
7727
7791
7728
7792
7729
7793
7730
7794
7731
7795
7732
7796
7733
7797
7734
7798
7735
7799
7736
7800
7737
7801
7738
7802
7739
7803
7740
7804
7741
7805
7742
7806
7743
7807
7744
7808
7745
7809
7746
7810
7747
7811
7748
7812
7749
7813
7750
7814
7751
7815
7752
7816
7753
7817
7754
7818
7819
11820
7756
7820
7757
7821
7758
7822
7759
7823
7760
7824
7761
7825
7762
7826
7763
7827
7764
7828
7765
7829
7766
7830
7767
7831
7768
7832
7769
7833
7770
7834
7771
7835
7772
7836
7773
7837
7774
7838
7775
7839
7776
7840
7777
7841
7778
7842
7779
7843
7780
7844
7781
7845
7782
7846
7783
7847
7784
7848
7785
7849
7786
7850
7787
7851
7788
7852
7789
7853
7790
7854
7791
7855
7792
7856
7793
7857
7794
7858
7795
7859
7796
7860
7797
7861
7798
7862
7799
7863
7800
7864
7801
7865
7802
7866
7803
7867
7804
7868
7805
7869
7806
7870
7807
7871
7808
7872
7809
7873
7810
7874
7811
7875
7812
7876
7813
7877
7814
7878
7815
7879
7816
7880
7817
7881
7818
7882
7819
7883
7884
11845
7821
7885
7822
7886
7823
7887
7824
7888
7825
7889
7826
7890
7827
7891
7828
7892
7829
7893
7830
7894
7831
7895
7832
7896
7833
7897
7834
7898
7835
7899
7836
7900
7837
7901
7838
7902
7839
7903
7840
7904
7841
7905
7842
7906
7843
7907
7844
7908
7845
7909
7846
7910
7847
7911
7848
7912
7849
7913
7850
7914
7851
7915
7852
7916
7853
7917
7854
7918
7855
7919
7856
7920
7857
7921
7858
7922
7859
7923
7860
7924
7861
7925
7862
7926
7863
7927
7864
7928
7865
7929
7866
7930
7867
7931
7868
7932
7869
7933
7870
7934
7871
7935
7872
7936
7873
7937
7874
7938
7875
7939
7876
7940
7877
7941
7878
7942
7879
7943
7880
7944
7881
7945
7882
7946
7883
7947
7884
7948
7949
11870
7886
7950
7887
7951
7888
7952
7889
7953
7890
7954
7891
7955
7892
7956
7893
7957
7894
7958
7895
7959
7896
7960
7897
7961
7898
7962
7899
7963
7900
7964
7901
7965
7902
7966
7903
7967
7904
7968
7905
7969
7906
7970
7907
7971
7908
7972
7909
7973
7910
7974
7911
7975
7912
7976
7913
7977
7914
7978
7915
7979
7916
7980
7917
7981
7918
7982
7919
7983
7920
7984
7921
7985
7922
7986
7923
7987
7924
7988
7925
7989
7926
7990
7927
7991
7928
7992
7929
7993
7930
7994
7931
7995
7932
7996
7933
7997
7934
7998
7935
7999
7936
8000
7937
8001
7938
8002
7939
8003
7940
8004
7941
8005
7942
8006
7943
8007
7944
8008
7945
8009
7946
8010
7947
8011
7948
8012
7949
8013
8014
11895
7951
8015
7952
8016
7953
8017
7954
8018
7955
8019
7956
8020
7957
8021
7958
8022
7959
8023
7960
8024
7961
8025
7962
8026
7963
8027
7964
8028
7965
8029
7966
8030
7967
8031
7968
8032
7969
8033
7970
8034
7971
8035
7972
8036
7973
8037
7974
8038
7975
8039
7976
8040
7977
8041
7978
8042
7979
8043
7980
8044
7981
8045
7982
8046
7983
8047
7984
8048
7985
8049
7986
8050
7987
8051
7988
8052
7989
8053
7990
8054
7991
8055
7992
8056
7993
8057
7994
8058
7995
8059
7996
8060
7997
8061
7998
8062
7999
8063
8000
8064
8001
8065
8002
8066
8003
8067
8004
8068
8005
8069
8006
8070
8007
8071
8008
8072
8009
8073
8010
8074
8011
8075
8012
8076
8013
8077
8014
8078
8079
11920
8016
8080
8017
8081
8018
8082
8019
8083
8020
8084
8021
8085
8022
8086
8023
8087
8024
8088
8025
8089
8026
8090
8027
8091
8028
8092
8029
8093
8030
8094
8031
8095
8032
8096
8033
8097
8034
8098
8035
8099
8036
8100
8037
8101
8038
8102
8039
8103
8040
8104
8041
8105
8042
8106
8043
8107
8044
8108
8045
8109
8046
8110
8047
8111
8048
8112
8049
8113
8050
8114
8051
8115
8052
8116
8053
8117
8054
8118
8055
8119
8056
8120
8057
8121
8058
8122
8059
8123
8060
8124
8061
8125
8062
8126
8063
8127
8064
8128
8065
8129
8066
8130
8067
8131
8068
8132
8069
8133
8070
8134
8071
8135
8072
8136
8073
8137
8074
8138
8075
8139
8076
8140
8077
8141
8078
8142
8079
8143
8144
11945
8081
8145
8082
8146
8083
8147
8084
8148
8085
8149
8086
8150
8087
8151
8088
8152
8089
8153
8090
8154
8091
8155
8092
8156
8093
8157
8094
8158
8095
8159
8096
8160
8097
8161
8098
8162
8099
8163
8100
8164
8101
8165
8102
8166
8103
8167
8104
8168
8105
8169
8106
8170
8107
8171
8108
8172
8109
8173
8110
8174
8111
8175
8112
8176
8113
8177
8114
8178
8115
8179
8116
8180
8117
8181
8118
8182
8119
8183
8120
8184
8121
8185
8122
8186
8123
8187
8124
8188
8125
8189
8126
8190
8127
8191
8128
8192
8129
8193
8130
8194
8131
8195
8132
8196
8133
8197
8134
8198
8135
8199
8136
8200
8137
8201
8138
8202
8139
8203
8140
8204
8141
8205
8142
8206
8143
8207
8144
8208
8209
11970
8146
8210
8147
8211
8148
8212
8149
8213
8150
8214
8151
8215
8152
8216
8153
8217
8154
8218
8155
8219
8156
8220
8157
8221
8158
8222
8159
8223
8160
8224
8161
8225
8162
8226
8163
8227
8164
8228
8165
8229
8166
8230
8167
8231
8168
8232
8169
8233
8170
8234
8171
8235
8172
8236
8173
8237
8174
8238
8175
8239
8176
8240
8177
8241
8178
8242
8179
8243
8180
8244
8181
8245
8182
8246
8183
8247
8184
8248
8185
8249
8186
8250
8187
8251
8188
8252
8189
8253
8190
8254
8191
8255
8192
8256
8193
8257
8194
8258
8195
8259
8196
8260
8197
8261
8198
8262
8199
8263
8200
8264
8201
8265
8202
8266
8203
8267
8204
8268
8205
8269
8206
8270
8207
8271
8208
8272
8209
8273
8274
11995
8211
8275
8212
8276
8213
8277
8214
8278
8215
8279
8216
8280
8217
8281
8218
8282
8219
8283
8220
8284
8221
8285
8222
8286
8223
8287
8224
8288
8225
8289
8226
8290
8227
8291
8228
8292
8229
8293
8230
8294
8231
8295
8232
8296
8233
8297
8234
8298
8235
8299
8236
8300
8237
8301
8238
8302
8239
8303
8240
8304
8241
8305
8242
8306
8243
8307
8244
8308
8245
8309
8246
8310
8247
8311
8248
8312
8249
8313
8250
8314
8251
8315
8252
8316
8253
8317
8254
8318
8255
8319
8256
8320
8257
8321
8258
8322
8259
8323
8260
8324
8261
8325
8262
8326
8263
8327
8264
8328
8265
8329
8266
8330
8267
8331
8268
8332
8269
8333
8270
8334
8271
8335
8272
8336
8273
8337
8274
8338
8339
12020
8276
8340
8277
8341
8278
8342
8279
8343
8280
8344
8281
8345
8282
8346
8283
8347
8284
8348
8285
8349
8286
8350
8287
8351
8288
8352
8289
8353
8290
8354
8291
8355
8292
8356
8293
8357
8294
8358
8295
8359
8296
8360
8297
8361
8298
8362
8299
8363
8300
8364
8301
8365
8302
8366
8303
8367
8304
8368
8305
8369
8306
8370
8307
8371
8308
8372
8309
8373
8310
8374
8311
8375
8312
8376
8313
8377
8314
8378
8315
8379
8316
8380
8317
8381
8318
8382
8319
8383
8320
8384
8321
8385
8322
8386
8323
8387
8324
8388
8325
8389
8326
8390
8327
8391
8328
8392
8329
8393
8330
8394
8331
8395
8332
8396
8333
8397
8334
8398
8335
8399
8336
8400
8337
8401
8338
8402
8339
8403
8404
12045
8341
8405
8342
8406
8343
8407
8344
8408
8345
8409
8346
8410
8347
8411
8348
8412
8349
8413
8350
8414
8351
8415
8352
8416
8353
8417
8354
8418
8355
8419
8356
8420
8357
8421
8358
8422
8359
8423
8360
8424
8361
8425
8362
8426
8363
8427
8364
8428
8365
8429
8366
8430
8367
8431
8368
8432
8369
8433
8370
8434
8371
8435
8372
8436
8373
8437
8374
8438
8375
8439
8376
8440
8377
8441
8378
8442
8379
8443
8380
8444
8381
8445
8382
8446
8383
8447
8384
8448
8385
8449
8386
8450
8387
8451
8388
8452
8389
8453
8390
8454
8391
8455
8392
8456
8393
8457
8394
8458
8395
8459
8396
8460
8397
8461
8398
8462
8399
8463
8400
8464
8401
8465
8402
8466
8403
8467
8404
8468
8469
12070
8406
8470
8407
8471
8408
8472
8409
8473
8410
8474
8411
8475
8412
8476
8413
8477
8414
8478
8415
8479
8416
8480
8417
8481
8418
8482
8419
8483
8420
8484
8421
8485
8422
8486
8423
8487
8424
8488
8425
8489
8426
8490
8427
8491
8428
8492
8429
8493
8430
8494
8431
8495
8432
8496
8433
8497
8434
8498
8435
8499
8436
8500
8437
8501
8438
8502
8439
8503
8440
8504
8441
8505
8442
8506
8443
8507
8444
8508
8445
8509
8446
8510
8447
8511
8448
8512
8449
8513
8450
8514
8451
8515
8452
8516
8453
8517
8454
8518
8455
8519
8456
8520
8457
8521
8458
8522
8459
8523
8460
8524
8461
8525
8462
8526
8463
8527
8464
8528
8465
8529
8466
8530
8467
8531
8468
8532
8469
8533
8534
12095
8471
8535
8472
8536
8473
8537
8474
8538
8475
8539
8476
8540
8477
8541
8478
8542
8479
8543
8480
8544
8481
8545
8482
8546
8483
8547
8484
8548
8485
8549
8486
8550
8487
8551
8488
8552
8489
8553
8490
8554
8491
8555
8492
8556
8493
8557
8494
8558
8495
8559
8496
8560
8497
8561
8498
8562
8499
8563
8500
8564
8501
8565
8502
8566
8503
8567
8504
8568
8505
8569
8506
8570
8507
8571
8508
8572
8509
8573
8510
8574
8511
8575
8512
8576
8513
8577
8514
8578
8515
8579
8516
8580
8517
8581
8518
8582
8519
8583
8520
8584
8521
8585
8522
8586
8523
8587
8524
8588
8525
8589
8526
8590
8527
8591
8528
8592
8529
8593
8530
8594
8531
8595
8532
8596
8533
8597
8534
8598
8599
12120
8536
8600
8537
8601
8538
8602
8539
8603
8540
8604
8541
8605
8542
8606
8543
8607
8544
8608
8545
8609
8546
8610
8547
8611
8548
8612
8549
8613
8550
8614
8551
8615
8552
8616
8553
8617
8554
8618
8555
8619
8556
8620
8557
8621
8558
8622
8559
8623
8560
8624
8561
8625
8562
8626
8563
8627
8564
8628
8565
8629
8566
8630
8567
8631
8568
8632
8569
8633
8570
8634
8571
8635
8572
8636
8573
8637
8574
8638
8575
8639
8576
8640
8577
8641
8578
8642
8579
8643
8580
8644
8581
8645
8582
8646
8583
8647
8584
8648
8585
8649
8586
8650
8587
8651
8588
8652
8589
8653
8590
8654
8591
8655
8592
8656
8593
8657
8594
8658
8595
8659
8596
8660
8597
8661
8598
8662
8599
8663
8664
12145
8601
8665
8602
8666
8603
8667
8604
8668
8605
8669
8606
8670
8607
8671
8608
8672
8609
8673
8610
8674
8611
8675
8612
8676
8613
8677
8614
8678
8615
8679
8616
8680
8617
8681
8618
8682
8619
8683
8620
8684
8621
8685
8622
8686
8623
8687
8624
8688
8625
8689
8626
8690
8627
8691
8628
8692
8629
8693
8630
8694
8631
8695
8632
8696
8633
8697
8634
8698
8635
8699
8636
8700
8637
8701
8638
8702
8639
8703
8640
8704
8641
8705
8642
8706
8643
8707
8644
8708
8645
8709
8646
8710
8647
8711
8648
8712
8649
8713
8650
8714
8651
8715
8652
8716
8653
8717
8654
8718
8655
8719
8656
8720
8657
8721
8658
8722
8659
8723
8660
8724
8661
8725
8662
8726
8663
8727
8664
8728
8729
12170
8666
8730
8667
8731
8668
8732
8669
8733
8670
8734
8671
8735
8672
8736
8673
8737
8674
8738
8675
8739
8676
8740
8677
8741
8678
8742
8679
8743
8680
8744
8681
8745
8682
8746
8683
8747
8684
8748
8685
8749
8686
8750
8687
8751
8688
8752
8689
8753
8690
8754
8691
8755
8692
8756
8693
8757
8694
8758
8695
8759
8696
8760
8697
8761
8698
8762
8699
8763
8700
8764
8701
8765
8702
8766
8703
8767
8704
8768
8705
8769
8706
8770
8707
8771
8708
8772
8709
8773
8710
8774
8711
8775
8712
8776
8713
8777
8714
8778
8715
8779
8716
8780
8717
8781
8718
8782
8719
8783
8720
8784
8721
8785
8722
8786
8723
8787
8724
8788
8725
8789
8726
8790
8727
8791
8728
8792
8729
8793
8794
12195
8731
8795
8732
8796
8733
8797
8734
8798
8735
8799
8736
8800
8737
8801
8738
8802
8739
8803
8740
8804
8741
8805
8742
8806
8743
8807
8744
8808
8745
8809
8746
8810
8747
8811
8748
8812
8749
8813
8750
8814
8751
8815
8752
8816
8753
8817
8754
8818
8755
8819
8756
8820
8757
8821
8758
8822
8759
8823
8760
8824
8761
8825
8762
8826
8763
8827
8764
8828
8765
8829
8766
8830
8767
8831
8768
8832
8769
8833
8770
8834
8771
8835
8772
8836
8773
8837
8774
8838
8775
8839
8776
8840
8777
8841
8778
8842
8779
8843
8780
8844
8781
8845
8782
8846
8783
8847
8784
8848
8785
8849
8786
8850
8787
8851
8788
8852
8789
8853
8790
8854
8791
8855
8792
8856
8793
8857
8794
8858
8859
12220
8796
8860
8797
8861
8798
8862
8799
8863
8800
8864
8801
8865
8802
8866
8803
8867
8804
8868
8805
8869
8806
8870
8807
8871
8808
8872
8809
8873
8810
8874
8811
8875
8812
8876
8813
8877
8814
8878
8815
8879
8816
8880
8817
8881
8818
8882
8819
8883
8820
8884
8821
8885
8822
8886
8823
8887
8824
8888
8825
8889
8826
8890
8827
8891
8828
8892
8829
8893
8830
8894
8831
8895
8832
8896
8833
8897
8834
8898
8835
8899
8836
8900
8837
8901
8838
8902
8839
8903
8840
8904
8841
8905
8842
8906
8843
8907
8844
8908
8845
8909
8846
8910
8847
8911
8848
8912
8849
8913
8850
8914
8851
8915
8852
8916
8853
8917
8854
8918
8855
8919
8856
8920
8857
8921
8858
8922
8859
8923
8924
12245
8861
8925
8862
8926
8863
8927
8864
8928
8865
8929
8866
8930
8867
8931
8868
8932
8869
8933
8870
8934
8871
8935
8872
8936
8873
8937
8874
8938
8875
8939
8876
8940
8877
8941
8878
8942
8879
8943
8880
8944
8881
8945
8882
8946
8883
8947
8884
8948
8885
8949
8886
8950
8887
8951
8888
8952
8889
8953
8890
8954
8891
8955
8892
8956
8893
8957
8894
8958
8895
8959
8896
8960
8897
8961
8898
8962
8899
8963
8900
8964
8901
8965
8902
8966
8903
8967
8904
8968
8905
8969
8906
8970
8907
8971
8908
8972
8909
8973
8910
8974
8911
8975
8912
8976
8913
8977
8914
8978
8915
8979
8916
8980
8917
8981
8918
8982
8919
8983
8920
8984
8921
8985
8922
8986
8923
8987
8924
8988
8989
12270
8926
8990
8927
8991
8928
8992
8929
8993
8930
8994
8931
8995
8932
8996
8933
8997
8934
8998
8935
8999
8936
9000
8937
9001
8938
9002
8939
9003
8940
9004
8941
9005
8942
9006
8943
9007
8944
9008
8945
9009
8946
9010
8947
9011
8948
9012
8949
9013
8950
9014
8951
9015
8952
9016
8953
9017
8954
9018
8955
9019
8956
9020
8957
9021
8958
9022
8959
9023
8960
9024
8961
9025
8962
9026
8963
9027
8964
9028
8965
9029
8966
9030
8967
9031
8968
9032
8969
9033
8970
9034
8971
9035
8972
9036
8973
9037
8974
9038
8975
9039
8976
9040
8977
9041
8978
9042
8979
9043
8980
9044
8981
9045
8982
9046
8983
9047
8984
9048
8985
9049
8986
9050
8987
9051
8988
9052
8989
9053
9054
12295
8991
9055
8992
9056
8993
9057
8994
9058
8995
9059
8996
9060
8997
9061
8998
9062
8999
9063
9000
9064
9001
9065
9002
9066
9003
9067
9004
9068
9005
9069
9006
9070
9007
9071
9008
9072
9009
9073
9010
9074
9011
9075
9012
9076
9013
9077
9014
9078
9015
9079
9016
9080
9017
9081
9018
9082
9019
9083
9020
9084
9021
9085
9022
9086
9023
9087
9024
9088
9025
9089
9026
9090
9027
9091
9028
9092
9029
9093
9030
9094
9031
9095
9032
9096
9033
9097
9034
9098
9035
9099
9036
9100
9037
9101
9038
9102
9039
9103
9040
9104
9041
9105
9042
9106
9043
9107
9044
9108
9045
9109
9046
9110
9047
9111
9048
9112
9049
9113
9050
9114
9051
9115
9052
9116
9053
9117
9054
9118
9119
12320
9056
9120
9057
9121
9058
9122
9059
9123
9060
9124
9061
9125
9062
9126
9063
9127
9064
9128
9065
9129
9066
9130
9067
9131
9068
9132
9069
9133
9070
9134
9071
9135
9072
9136
9073
9137
9074
9138
9075
9139
9076
9140
9077
9141
9078
9142
9079
9143
9080
9144
9081
9145
9082
9146
9083
9147
9084
9148
9085
9149
9086
9150
9087
9151
9088
9152
9089
9153
9090
9154
9091
9155
9092
9156
9093
9157
9094
9158
9095
9159
9096
9160
9097
9161
9098
9162
9099
9163
9100
9164
9101
9165
9102
9166
9103
9167
9104
9168
9105
9169
9106
9170
9107
9171
9108
9172
9109
9173
9110
9174
9111
9175
9112
9176
9113
9177
9114
9178
9115
9179
9116
9180
9117
9181
9118
9182
9119
9183
9184
12345
9121
9185
9122
9186
9123
9187
9124
9188
9125
9189
9126
9190
9127
9191
9128
9192
9129
9193
9130
9194
9131
9195
9132
9196
9133
9197
9134
9198
9135
9199
9136
9200
9137
9201
9138
9202
9139
9203
9140
9204
9141
9205
9142
9206
9143
9207
9144
9208
9145
9209
9146
9210
9147
9211
9148
9212
9149
9213
9150
9214
9151
9215
9152
9216
9153
9217
9154
9218
9155
9219
9156
9220
9157
9221
9158
9222
9159
9223
9160
9224
9161
9225
9162
9226
9163
9227
9164
9228
9165
9229
9166
9230
9167
9231
9168
9232
9169
9233
9170
9234
9171
9235
9172
9236
9173
9237
9174
9238
9175
9239
9176
9240
9177
9241
9178
9242
9179
9243
9180
9244
9181
9245
9182
9246
9183
9247
9184
9248
9249
12370
9186
9250
9187
9251
9188
9252
9189
9253
9190
9254
9191
9255
9192
9256
9193
9257
9194
9258
9195
9259
9196
9260
9197
9261
9198
9262
9199
9263
9200
9264
9201
9265
9202
9266
9203
9267
9204
9268
9205
9269
9206
9270
9207
9271
9208
9272
9209
9273
9210
9274
9211
9275
9212
9276
9213
9277
9214
9278
9215
9279
9216
9280
9217
9281
9218
9282
9219
9283
9220
9284
9221
9285
9222
9286
9223
9287
9224
9288
9225
9289
9226
9290
9227
9291
9228
9292
9229
9293
9230
9294
9231
9295
9232
9296
9233
9297
9234
9298
9235
9299
9236
9300
9237
9301
9238
9302
9239
9303
9240
9304
9241
9305
9242
9306
9243
9307
9244
9308
9245
9309
9246
9310
9247
9311
9248
9312
9249
9313
9314
12395
9251
9315
9252
9316
9253
9317
9254
9318
9255
9319
9256
9320
9257
9321
9258
9322
9259
9323
9260
9324
9261
9325
9262
9326
9263
9327
9264
9328
9265
9329
9266
9330
9267
9331
9268
9332
9269
9333
9270
9334
9271
9335
9272
9336
9273
9337
9274
9338
9275
9339
9276
9340
9277
9341
9278
9342
9279
9343
9280
9344
9281
9345
9282
9346
9283
9347
9284
9348
9285
9349
9286
9350
9287
9351
9288
9352
9289
9353
9290
9354
9291
9355
9292
9356
9293
9357
9294
9358
9295
9359
9296
9360
9297
9361
9298
9362
9299
9363
9300
9364
9301
9365
9302
9366
9303
9367
9304
9368
9305
9369
9306
9370
9307
9371
9308
9372
9309
9373
9310
9374
9311
9375
9312
9376
9313
9377
9314
9378
9379
12420
9316
9380
9317
9381
9318
9382
9319
9383
9320
9384
9321
9385
9322
9386
9323
9387
9324
9388
9325
9389
9326
9390
9327
9391
9328
9392
9329
9393
9330
9394
9331
9395
9332
9396
9333
9397
9334
9398
9335
9399
9336
9400
9337
9401
9338
9402
9339
9403
9340
9404
9341
9405
9342
9406
9343
9407
9344
9408
9345
9409
9346
9410
9347
9411
9348
9412
9349
9413
9350
9414
9351
9415
9352
9416
9353
9417
9354
9418
9355
9419
9356
9420
9357
9421
9358
9422
9359
9423
9360
9424
9361
9425
9362
9426
9363
9427
9364
9428
9365
9429
9366
9430
9367
9431
9368
9432
9369
9433
9370
9434
9371
9435
9372
9436
9373
9437
9374
9438
9375
9439
9376
9440
9377
9441
9378
9442
9379
9443
9444
12445
9381
9445
9382
9446
9383
9447
9384
9448
9385
9449
9386
9450
9387
9451
9388
9452
9389
9453
9390
9454
9391
9455
9392
9456
9393
9457
9394
9458
9395
9459
9396
9460
9397
9461
9398
9462
9399
9463
9400
9464
9401
9465
9402
9466
9403
9467
9404
9468
9405
9469
9406
9470
9407
9471
9408
9472
9409
9473
9410
9474
9411
9475
9412
9476
9413
9477
9414
9478
9415
9479
9416
9480
9417
9481
9418
9482
9419
9483
9420
9484
9421
9485
9422
9486
9423
9487
9424
9488
9425
9489
9426
9490
9427
9491
9428
9492
9429
9493
9430
9494
9431
9495
9432
9496
9433
9497
9434
9498
9435
9499
9436
9500
9437
9501
9438
9502
9439
9503
9440
9504
9441
9505
9442
9506
9443
9507
9444
9508
9509
12470
9446
9510
9447
9511
9448
9512
9449
9513
9450
9514
9451
9515
9452
9516
9453
9517
9454
9518
9455
9519
9456
9520
9457
9521
9458
9522
9459
9523
9460
9524
9461
9525
9462
9526
9463
9527
9464
9528
9465
9529
9466
9530
9467
9531
9468
9532
9469
9533
9470
9534
9471
9535
9472
9536
9473
9537
9474
9538
9475
9539
9476
9540
9477
9541
9478
9542
9479
9543
9480
9544
9481
9545
9482
9546
9483
9547
9484
9548
9485
9549
9486
9550
9487
9551
9488
9552
9489
9553
9490
9554
9491
9555
9492
9556
9493
9557
9494
9558
9495
9559
9496
9560
9497
9561
9498
9562
9499
9563
9500
9564
9501
9565
9502
9566
9503
9567
9504
9568
9505
9569
9506
9570
9507
9571
9508
9572
9509
9573
9574
12495
9511
9575
9512
9576
9513
9577
9514
9578
9515
9579
9516
9580
9517
9581
9518
9582
9519
9583
9520
9584
9521
9585
9522
9586
9523
9587
9524
9588
9525
9589
9526
9590
9527
9591
9528
9592
9529
9593
9530
9594
9531
9595
9532
9596
9533
9597
9534
9598
9535
9599
9536
9600
9537
9601
9538
9602
9539
9603
9540
9604
9541
9605
9542
9606
9543
9607
9544
9608
9545
9609
9546
9610
9547
9611
9548
9612
9549
9613
9550
9614
9551
9615
9552
9616
9553
9617
9554
9618
9555
9619
9556
9620
9557
9621
9558
9622
9559
9623
9560
9624
9561
9625
9562
9626
9563
9627
9564
9628
9565
9629
9566
9630
9567
9631
9568
9632
9569
9633
9570
9634
9571
9635
9572
9636
9573
9637
9574
9638
9639
12520
9576
9640
9577
9641
9578
9642
9579
9643
9580
9644
9581
9645
9582
9646
9583
9647
9584
9648
9585
9649
9586
9650
9587
9651
9588
9652
9589
9653
9590
9654
9591
9655
9592
9656
9593
9657
9594
9658
9595
9659
9596
9660
9597
9661
9598
9662
9599
9663
9600
9664
9601
9665
9602
9666
9603
9667
9604
9668
9605
9669
9606
9670
9607
9671
9608
9672
9609
9673
9610
9674
9611
9675
9612
9676
9613
9677
9614
9678
9615
9679
9616
9680
9617
9681
9618
9682
9619
9683
9620
9684
9621
9685
9622
9686
9623
9687
9624
9688
9625
9689
9626
9690
9627
9691
9628
9692
9629
9693
9630
9694
9631
9695
9632
9696
9633
9697
9634
9698
9635
9699
9636
9700
9637
9701
9638
9702
9639
9703
9704
12545
9641
9705
9642
9706
9643
9707
9644
9708
9645
9709
9646
9710
9647
9711
9648
9712
9649
9713
9650
9714
9651
9715
9652
9716
9653
9717
9654
9718
9655
9719
9656
9720
9657
9721
9658
9722
9659
9723
9660
9724
9661
9725
9662
9726
9663
9727
9664
9728
9665
9729
9666
9730
9667
9731
9668
9732
9669
9733
9670
9734
9671
9735
9672
9736
9673
9737
9674
9738
9675
9739
9676
9740
9677
9741
9678
9742
9679
9743
9680
9744
9681
9745
9682
9746
9683
9747
9684
9748
9685
9749
9686
9750
9687
9751
9688
9752
9689
9753
9690
9754
9691
9755
9692
9756
9693
9757
9694
9758
9695
9759
9696
9760
9697
9761
9698
9762
9699
9763
9700
9764
9701
9765
9702
9766
9703
9767
9704
9768
9769
12570
9706
9770
9707
9771
9708
9772
9709
9773
9710
9774
9711
9775
9712
9776
9713
9777
9714
9778
9715
9779
9716
9780
9717
9781
9718
9782
9719
9783
9720
9784
9721
9785
9722
9786
9723
9787
9724
9788
9725
9789
9726
9790
9727
9791
9728
9792
9729
9793
9730
9794
9731
9795
9732
9796
9733
9797
9734
9798
9735
9799
9736
9800
9737
9801
9738
9802
9739
9803
9740
9804
9741
9805
9742
9806
9743
9807
9744
9808
9745
9809
9746
9810
9747
9811
9748
9812
9749
9813
9750
9814
9751
9815
9752
9816
9753
9817
9754
9818
9755
9819
9756
9820
9757
9821
9758
9822
9759
9823
9760
9824
9761
9825
9762
9826
9763
9827
9764
9828
9765
9829
9766
9830
9767
9831
9768
9832
9769
9833
9834
12595
9771
9835
9772
9836
9773
9837
9774
9838
9775
9839
9776
9840
9777
9841
9778
9842
9779
9843
9780
9844
9781
9845
9782
9846
9783
9847
9784
9848
9785
9849
9786
9850
9787
9851
9788
9852
9789
9853
9790
9854
9791
9855
9792
9856
9793
9857
9794
9858
9795
9859
9796
9860
9797
9861
9798
9862
9799
9863
9800
9864
9801
9865
9802
9866
9803
9867
9804
9868
9805
9869
9806
9870
9807
9871
9808
9872
9809
9873
9810
9874
9811
9875
9812
9876
9813
9877
9814
9878
9815
9879
9816
9880
9817
9881
9818
9882
9819
9883
9820
9884
9821
9885
9822
9886
9823
9887
9824
9888
9825
9889
9826
9890
9827
9891
9828
9892
9829
9893
9830
9894
9831
9895
9832
9896
9833
9897
9834
9898
9899
12620
9836
9900
9837
9901
9838
9902
9839
9903
9840
9904
9841
9905
9842
9906
9843
9907
9844
9908
9845
9909
9846
9910
9847
9911
9848
9912
9849
9913
9850
9914
9851
9915
9852
9916
9853
9917
9854
9918
9855
9919
9856
9920
9857
9921
9858
9922
9859
9923
9860
9924
9861
9925
9862
9926
9863
9927
9864
9928
9865
9929
9866
9930
9867
9931
9868
9932
9869
9933
9870
9934
9871
9935
9872
9936
9873
9937
9874
9938
9875
9939
9876
9940
9877
9941
9878
9942
9879
9943
9880
9944
9881
9945
9882
9946
9883
9947
9884
9948
9885
9949
9886
9950
9887
9951
9888
9952
9889
9953
9890
9954
9891
9955
9892
9956
9893
9957
9894
9958
9895
9959
9896
9960
9897
9961
9898
9962
9899
9963
9964
12645
9901
9965
9902
9966
9903
9967
9904
9968
9905
9969
9906
9970
9907
9971
9908
9972
9909
9973
9910
9974
9911
9975
9912
9976
9913
9977
9914
9978
9915
9979
9916
9980
9917
9981
9918
9982
9919
9983
9920
9984
9921
9985
9922
9986
9923
9987
9924
9988
9925
9989
9926
9990
9927
9991
9928
9992
9929
9993
9930
9994
9931
9995
9932
9996
9933
9997
9934
9998
9935
9999
9936
10000
9937
10001
9938
10002
9939
10003
9940
10004
9941
10005
9942
10006
9943
10007
9944
10008
9945
10009
9946
10010
9947
10011
9948
10012
9949
10013
9950
10014
9951
10015
9952
10016
9953
10017
9954
10018
9955
10019
9956
10020
9957
10021
9958
10022
9959
10023
9960
10024
9961
10025
9962
10026
9963
10027
9964
10028
10029
12670
9966
10030
9967
10031
9968
10032
9969
10033
9970
10034
9971
10035
9972
10036
9973
10037
9974
10038
9975
10039
9976
10040
9977
10041
9978
10042
9979
10043
9980
10044
9981
10045
9982
10046
9983
10047
9984
10048
9985
10049
9986
10050
9987
10051
9988
10052
9989
10053
9990
10054
9991
10055
9992
10056
9993
10057
9994
10058
9995
10059
9996
10060
9997
10061
9998
10062
9999
10063
10000
10064
10001
10065
10002
10066
10003
10067
10004
10068
10005
10069
10006
10070
10007
10071
10008
10072
10009
10073
10010
10074
10011
10075
10012
10076
10013
10077
10014
10078
10015
10079
10016
10080
10017
10081
10018
10082
10019
10083
10020
10084
10021
10085
10022
10086
10023
10087
10024
10088
10025
10089
10026
10090
10027
10091
10028
10092
10029
10093
10094
12695
10031
10095
10032
10096
10033
10097
10034
10098
10035
10099
10036
10100
10037
10101
10038
10102
10039
10103
10040
10104
10041
10105
10042
10106
10043
10107
10044
10108
10045
10109
10046
10110
10047
10111
10048
10112
10049
10113
10050
10114
10051
10115
10052
10116
10053
10117
10054
10118
10055
10119
10056
10120
10057
10121
10058
10122
10059
10123
10060
10124
10061
10125
10062
10126
10063
10127
10064
10128
10065
10129
10066
10130
10067
10131
10068
10132
10069
10133
10070
10134
10071
10135
10072
10136
10073
10137
10074
10138
10075
10139
10076
10140
10077
10141
10078
10142
10079
10143
10080
10144
10081
10145
10082
10146
10083
10147
10084
10148
10085
10149
10086
10150
10087
10151
10088
10152
10089
10153
10090
10154
10091
10155
10092
10156
10093
10157
10094
10158
10159
13720
10096
10160
10097
10161
10098
10162
10099
10163
10100
10164
10101
10165
10102
10166
10103
10167
10104
10168
10105
10169
10106
10170
10107
10171
10108
10172
10109
10173
10110
10174
10111
10175
10112
10176
10113
10177
10114
10178
10115
10179
10116
10180
10117
10181
10118
10182
10119
10183
10120
10184
10121
10185
10122
10186
10123
10187
10124
10188
10125
10189
10126
10190
10127
10191
10128
10192
10129
10193
10130
10194
10131
10195
10132
10196
10133
10197
10134
10198
10135
10199
10136
10200
10137
10201
10138
10202
10139
10203
10140
10204
10141
10205
10142
10206
10143
10207
10144
10208
10145
10209
10146
10210
10147
10211
10148
10212
10149
10213
10150
10214
10151
10215
10152
10216
10153
10217
10154
10218
10155
10219
10156
10220
10157
10221
10158
10222
10159
10223
10224
13735
10161
10225
10162
10226
10163
10227
10164
10228
10165
10229
10166
10230
10167
10231
10168
10232
10169
10233
10170
10234
10171
10235
10172
10236
10173
10237
10174
10238
10175
10239
10176
10240
10177
10241
10178
10242
10179
10243
10180
10244
10181
10245
10182
10246
10183
10247
10184
10248
10185
10249
10186
10250
10187
10251
10188
10252
10189
10253
10190
10254
10191
10255
10192
10256
10193
10257
10194
10258
10195
10259
10196
10260
10197
10261
10198
10262
10199
10263
10200
10264
10201
10265
10202
10266
10203
10267
10204
10268
10205
10269
10206
10270
10207
10271
10208
10272
10209
10273
10210
10274
10211
10275
10212
10276
10213
10277
10214
10278
10215
10279
10216
10280
10217
10281
10218
10282
10219
10283
10220
10284
10221
10285
10222
10286
10223
10287
10224
10288
10289
13750
10226
10290
10227
10291
10228
10292
10229
10293
10230
10294
10231
10295
10232
10296
10233
10297
10234
10298
10235
10299
10236
10300
10237
10301
10238
10302
10239
10303
10240
10304
10241
10305
10242
10306
10243
10307
10244
10308
10245
10309
10246
10310
10247
10311
10248
10312
10249
10313
10250
10314
10251
10315
10252
10316
10253
10317
10254
10318
10255
10319
10256
10320
10257
10321
10258
10322
10259
10323
10260
10324
10261
10325
10262
10326
10263
10327
10264
10328
10265
10329
10266
10330
10267
10331
10268
10332
10269
10333
10270
10334
10271
10335
10272
10336
10273
10337
10274
10338
10275
10339
10276
10340
10277
10341
10278
10342
10279
10343
10280
10344
10281
10345
10282
10346
10283
10347
10284
10348
10285
10349
10286
10350
10287
10351
10288
10352
10289
10353
10354
13765
10291
10355
10292
10356
10293
10357
10294
10358
10295
10359
10296
10360
10297
10361
10298
10362
10299
10363
10300
10364
10301
10365
10302
10366
10303
10367
10304
10368
10305
10369
10306
10370
10307
10371
10308
10372
10309
10373
10310
10374
10311
10375
10312
10376
10313
10377
10314
10378
10315
10379
10316
10380
10317
10381
10318
10382
10319
10383
10320
10384
10321
10385
10322
10386
10323
10387
10324
10388
10325
10389
10326
10390
10327
10391
10328
10392
10329
10393
10330
10394
10331
10395
10332
10396
10333
10397
10334
10398
10335
10399
10336
10400
10337
10401
10338
10402
10339
10403
10340
10404
10341
10405
10342
10406
10343
10407
10344
10408
10345
10409
10346
10410
10347
10411
10348
10412
10349
10413
10350
10414
10351
10415
10352
10416
10353
10417
10354
10418
10419
13780
10356
10420
10357
10421
10358
10422
10359
10423
10360
10424
10361
10425
10362
10426
10363
10427
10364
10428
10365
10429
10366
10430
10367
10431
10368
10432
10369
10433
10370
10434
10371
10435
10372
10436
10373
10437
10374
10438
10375
10439
10376
10440
10377
10441
10378
10442
10379
10443
10380
10444
10381
10445
10382
10446
10383
10447
10384
10448
10385
10449
10386
10450
10387
10451
10388
10452
10389
10453
10390
10454
10391
10455
10392
10456
10393
10457
10394
10458
10395
10459
10396
10460
10397
10461
10398
10462
10399
10463
10400
10464
10401
10465
10402
10466
10403
10467
10404
10468
10405
10469
10406
10470
10407
10471
10408
10472
10409
10473
10410
10474
10411
10475
10412
10476
10413
10477
10414
10478
10415
10479
10416
10480
10417
10481
10418
10482
10419
10483
10484
13795
10421
10485
10422
10486
10423
10487
10424
10488
10425
10489
10426
10490
10427
10491
10428
10492
10429
10493
10430
10494
10431
10495
10432
10496
10433
10497
10434
10498
10435
10499
10436
10500
10437
10501
10438
10502
10439
10503
10440
10504
10441
10505
10442
10506
10443
10507
10444
10508
10445
10509
10446
10510
10447
10511
10448
10512
10449
10513
10450
10514
10451
10515
10452
10516
10453
10517
10454
10518
10455
10519
10456
10520
10457
10521
10458
10522
10459
10523
10460
10524
10461
10525
10462
10526
10463
10527
10464
10528
10465
10529
10466
10530
10467
10531
10468
10532
10469
10533
10470
10534
10471
10535
10472
10536
10473
10537
10474
10538
10475
10539
10476
10540
10477
10541
10478
10542
10479
10543
10480
10544
10481
10545
10482
10546
10483
10547
10484
10548
10549
13810
10486
10550
10487
10551
10488
10552
10489
10553
10490
10554
10491
10555
10492
10556
10493
10557
10494
10558
10495
10559
10496
10560
10497
10561
10498
10562
10499
10563
10500
10564
10501
10565
10502
10566
10503
10567
10504
10568
10505
10569
10506
10570
10507
10571
10508
10572
10509
10573
10510
10574
10511
10575
10512
10576
10513
10577
10514
10578
10515
10579
10516
10580
10517
10581
10518
10582
10519
10583
10520
10584
10521
10585
10522
10586
10523
10587
10524
10588
10525
10589
10526
10590
10527
10591
10528
10592
10529
10593
10530
10594
10531
10595
10532
10596
10533
10597
10534
10598
10535
10599
10536
10600
10537
10601
10538
10602
10539
10603
10540
10604
10541
10605
10542
10606
10543
10607
10544
10608
10545
10609
10546
10610
10547
10611
10548
10612
10549
10613
10614
13825
10551
10615
10552
10616
10553
10617
10554
10618
10555
10619
10556
10620
10557
10621
10558
10622
10559
10623
10560
10624
10561
10625
10562
10626
10563
10627
10564
10628
10565
10629
10566
10630
10567
10631
10568
10632
10569
10633
10570
10634
10571
10635
10572
10636
10573
10637
10574
10638
10575
10639
10576
10640
10577
10641
10578
10642
10579
10643
10580
10644
10581
10645
10582
10646
10583
10647
10584
10648
10585
10649
10586
10650
10587
10651
10588
10652
10589
10653
10590
10654
10591
10655
10592
10656
10593
10657
10594
10658
10595
10659
10596
10660
10597
10661
10598
10662
10599
10663
10600
10664
10601
10665
10602
10666
10603
10667
10604
10668
10605
10669
10606
10670
10607
10671
10608
10672
10609
10673
10610
10674
10611
10675
10612
10676
10613
10677
10614
10678
10679
13840
10616
10680
10617
10681
10618
10682
10619
10683
10620
10684
10621
10685
10622
10686
10623
10687
10624
10688
10625
10689
10626
10690
10627
10691
10628
10692
10629
10693
10630
10694
10631
10695
10632
10696
10633
10697
10634
10698
10635
10699
10636
10700
10637
10701
10638
10702
10639
10703
10640
10704
10641
10705
10642
10706
10643
10707
10644
10708
10645
10709
10646
10710
10647
10711
10648
10712
10649
10713
10650
10714
10651
10715
10652
10716
10653
10717
10654
10718
10655
10719
10656
10720
10657
10721
10658
10722
10659
10723
10660
10724
10661
10725
10662
10726
10663
10727
10664
10728
10665
10729
10666
10730
10667
10731
10668
10732
10669
10733
10670
10734
10671
10735
10672
10736
10673
10737
10674
10738
10675
10739
10676
10740
10677
10741
10678
10742
10679
10743
10744
13855
10681
10745
10682
10746
10683
10747
10684
10748
10685
10749
10686
10750
10687
10751
10688
10752
10689
10753
10690
10754
10691
10755
10692
10756
10693
10757
10694
10758
10695
10759
10696
10760
10697
10761
10698
10762
10699
10763
10700
10764
10701
10765
10702
10766
10703
10767
10704
10768
10705
10769
10706
10770
10707
10771
10708
10772
10709
10773
10710
10774
10711
10775
10712
10776
10713
10777
10714
10778
10715
10779
10716
10780
10717
10781
10718
10782
10719
10783
10720
10784
10721
10785
10722
10786
10723
10787
10724
10788
10725
10789
10726
10790
10727
10791
10728
10792
10729
10793
10730
10794
10731
10795
10732
10796
10733
10797
10734
10798
10735
10799
10736
10800
10737
10801
10738
10802
10739
10803
10740
10804
10741
10805
10742
10806
10743
10807
10744
10808
10809
13870
10746
10810
10747
10811
10748
10812
10749
10813
10750
10814
10751
10815
10752
10816
10753
10817
10754
10818
10755
10819
10756
10820
10757
10821
10758
10822
10759
10823
10760
10824
10761
10825
10762
10826
10763
10827
10764
10828
10765
10829
10766
10830
10767
10831
10768
10832
10769
10833
10770
10834
10771
10835
10772
10836
10773
10837
10774
10838
10775
10839
10776
10840
10777
10841
10778
10842
10779
10843
10780
10844
10781
10845
10782
10846
10783
10847
10784
10848
10785
10849
10786
10850
10787
10851
10788
10852
10789
10853
10790
10854
10791
10855
10792
10856
10793
10857
10794
10858
10795
10859
10796
10860
10797
10861
10798
10862
10799
10863
10800
10864
10801
10865
10802
10866
10803
10867
10804
10868
10805
10869
10806
10870
10807
10871
10808
10872
10809
10873
10874
13885
10811
10875
10812
10876
10813
10877
10814
10878
10815
10879
10816
10880
10817
10881
10818
10882
10819
10883
10820
10884
10821
10885
10822
10886
10823
10887
10824
10888
10825
10889
10826
10890
10827
10891
10828
10892
10829
10893
10830
10894
10831
10895
10832
10896
10833
10897
10834
10898
10835
10899
10836
10900
10837
10901
10838
10902
10839
10903
10840
10904
10841
10905
10842
10906
10843
10907
10844
10908
10845
10909
10846
10910
10847
10911
10848
10912
10849
10913
10850
10914
10851
10915
10852
10916
10853
10917
10854
10918
10855
10919
10856
10920
10857
10921
10858
10922
10859
10923
10860
10924
10861
10925
10862
10926
10863
10927
10864
10928
10865
10929
10866
10930
10867
10931
10868
10932
10869
10933
10870
10934
10871
10935
10872
10936
10873
10937
10874
10938
10939
13900
10876
10940
10877
10941
10878
10942
10879
10943
10880
10944
10881
10945
10882
10946
10883
10947
10884
10948
10885
10949
10886
10950
10887
10951
10888
10952
10889
10953
10890
10954
10891
10955
10892
10956
10893
10957
10894
10958
10895
10959
10896
10960
10897
10961
10898
10962
10899
10963
10900
10964
10901
10965
10902
10966
10903
10967
10904
10968
10905
10969
10906
10970
10907
10971
10908
10972
10909
10973
10910
10974
10911
10975
10912
10976
10913
10977
10914
10978
10915
10979
10916
10980
10917
10981
10918
10982
10919
10983
10920
10984
10921
10985
10922
10986
10923
10987
10924
10988
10925
10989
10926
10990
10927
10991
10928
10992
10929
10993
10930
10994
10931
10995
10932
10996
10933
10997
10934
10998
10935
10999
10936
11000
10937
11001
10938
11002
10939
11003
11004
13915
10941
11005
10942
11006
10943
11007
10944
11008
10945
11009
10946
11010
10947
11011
10948
11012
10949
11013
10950
11014
10951
11015
10952
11016
10953
11017
10954
11018
10955
11019
10956
11020
10957
11021
10958
11022
10959
11023
10960
11024
10961
11025
10962
11026
10963
11027
10964
11028
10965
11029
10966
11030
10967
11031
10968
11032
10969
11033
10970
11034
10971
11035
10972
11036
10973
11037
10974
11038
10975
11039
10976
11040
10977
11041
10978
11042
10979
11043
10980
11044
10981
11045
10982
11046
10983
11047
10984
11048
10985
11049
10986
11050
10987
11051
10988
11052
10989
11053
10990
11054
10991
11055
10992
11056
10993
11057
10994
11058
10995
11059
10996
11060
10997
11061
10998
11062
10999
11063
11000
11064
11001
11065
11002
11066
11003
11067
11004
11068
11069
13930
11006
11070
11007
11071
11008
11072
11009
11073
11010
11074
11011
11075
11012
11076
11013
11077
11014
11078
11015
11079
11016
11080
11017
11081
11018
11082
11019
11083
11020
11084
11021
11085
11022
11086
11023
11087
11024
11088
11025
11089
11026
11090
11027
11091
11028
11092
11029
11093
11030
11094
11031
11095
11032
11096
11033
11097
11034
11098
11035
11099
11036
11100
11037
11101
11038
11102
11039
11103
11040
11104
11041
11105
11042
11106
11043
11107
11044
11108
11045
11109
11046
11110
11047
11111
11048
11112
11049
11113
11050
11114
11051
11115
11052
11116
11053
11117
11054
11118
11055
11119
11056
11120
11057
11121
11058
11122
11059
11123
11060
11124
11061
11125
11062
11126
11063
11127
11064
11128
11065
11129
11066
11130
11067
11131
11068
11132
11069
11133
11134
13945
11071
11135
11072
11136
11073
11137
11074
11138
11075
11139
11076
11140
11077
11141
11078
11142
11079
11143
11080
11144
11081
11145
11082
11146
11083
11147
11084
11148
11085
11149
11086
11150
11087
11151
11088
11152
11089
11153
11090
11154
11091
11155
11092
11156
11093
11157
11094
11158
11095
11159
11096
11160
11097
11161
11098
11162
11099
11163
11100
11164
11101
11165
11102
11166
11103
11167
11104
11168
11105
11169
11106
11170
11107
11171
11108
11172
11109
11173
11110
11174
11111
11175
11112
11176
11113
11177
11114
11178
11115
11179
11116
11180
11117
11181
11118
11182
11119
11183
11120
11184
11121
11185
11122
11186
11123
11187
11124
11188
11125
11189
11126
11190
11127
11191
11128
11192
11129
11193
11130
11194
11131
11195
11132
11196
11133
11197
11134
11198
11199
13960
11136
11200
11137
11201
11138
11202
11139
11203
11140
11204
11141
11205
11142
11206
11143
11207
11144
11208
11145
11209
11146
11210
11147
11211
11148
11212
11149
11213
11150
11214
11151
11215
11152
11216
11153
11217
11154
11218
11155
11219
11156
11220
11157
11221
11158
11222
11159
11223
11160
11224
11161
11225
11162
11226
11163
11227
11164
11228
11165
11229
11166
11230
11167
11231
11168
11232
11169
11233
11170
11234
11171
11235
11172
11236
11173
11237
11174
11238
11175
11239
11176
11240
11177
11241
11178
11242
11179
11243
11180
11244
11181
11245
11182
11246
11183
11247
11184
11248
11185
11249
11186
11250
11187
11251
11188
11252
11189
11253
11190
11254
11191
11255
11192
11256
11193
11257
11194
11258
11195
11259
11196
11260
11197
11261
11198
11262
11199
11263
11264
13975
11201
11265
11202
11266
11203
11267
11204
11268
11205
11269
11206
11270
11207
11271
11208
11272
11209
11273
11210
11274
11211
11275
11212
11276
11213
11277
11214
11278
11215
11279
11216
11280
11217
11281
11218
11282
11219
11283
11220
11284
11221
11285
11222
11286
11223
11287
11224
11288
11225
11289
11226
11290
11227
11291
11228
11292
11229
11293
11230
11294
11231
11295
11232
11296
11233
11297
11234
11298
11235
11299
11236
11300
11237
11301
11238
11302
11239
11303
11240
11304
11241
11305
11242
11306
11243
11307
11244
11308
11245
11309
11246
11310
11247
11311
11248
11312
11249
11313
11250
11314
11251
11315
11252
11316
11253
11317
11254
11318
11255
11319
11256
11320
11257
11321
11258
11322
11259
11323
11260
11324
11261
11325
11262
11326
11263
11327
11264
11328
11329
13990
11266
11330
11267
11331
11268
11332
11269
11333
11270
11334
11271
11335
11272
11336
11273
11337
11274
11338
11275
11339
11276
11340
11277
11341
11278
11342
11279
11343
11280
11344
11281
11345
11282
11346
11283
11347
11284
11348
11285
11349
11286
11350
11287
11351
11288
11352
11289
11353
11290
11354
11291
11355
11292
11356
11293
11357
11294
11358
11295
11359
11296
11360
11297
11361
11298
11362
11299
11363
11300
11364
11301
11365
11302
11366
11303
11367
11304
11368
11305
11369
11306
11370
11307
11371
11308
11372
11309
11373
11310
11374
11311
11375
11312
11376
11313
11377
11314
11378
11315
11379
11316
11380
11317
11381
11318
11382
11319
11383
11320
11384
11321
11385
11322
11386
11323
11387
11324
11388
11325
11389
11326
11390
11327
11391
11328
11392
11329
11393
11394
14005
11331
11395
11332
11396
11333
11397
11334
11398
11335
11399
11336
11400
11337
11401
11338
11402
11339
11403
11340
11404
11341
11405
11342
11406
11343
11407
11344
11408
11345
11409
11346
11410
11347
11411
11348
11412
11349
11413
11350
11414
11351
11415
11352
11416
11353
11417
11354
11418
11355
11419
11356
11420
11357
11421
11358
11422
11359
11423
11360
11424
11361
11425
11362
11426
11363
11427
11364
11428
11365
11429
11366
11430
11367
11431
11368
11432
11369
11433
11370
11434
11371
11435
11372
11436
11373
11437
11374
11438
11375
11439
11376
11440
11377
11441
11378
11442
11379
11443
11380
11444
11381
11445
11382
11446
11383
11447
11384
11448
11385
11449
11386
11450
11387
11451
11388
11452
11389
11453
11390
11454
11391
11455
11392
11456
11393
11457
11394
11458
11459
14020
11396
11460
11397
11461
11398
11462
11399
11463
11400
11464
11401
11465
11402
11466
11403
11467
11404
11468
11405
11469
11406
11470
11407
11471
11408
11472
11409
11473
11410
11474
11411
11475
11412
11476
11413
11477
11414
11478
11415
11479
11416
11480
11417
11481
11418
11482
11419
11483
11420
11484
11421
11485
11422
11486
11423
11487
11424
11488
11425
11489
11426
11490
11427
11491
11428
11492
11429
11493
11430
11494
11431
11495
11432
11496
11433
11497
11434
11498
11435
11499
11436
11500
11437
11501
11438
11502
11439
11503
11440
11504
11441
11505
11442
11506
11443
11507
11444
11508
11445
11509
11446
11510
11447
11511
11448
11512
11449
11513
11450
11514
11451
11515
11452
11516
11453
11517
11454
11518
11455
11519
11456
11520
11457
11521
11458
11522
11459
11523
11524
14035
11461
11525
11462
11526
11463
11527
11464
11528
11465
11529
11466
11530
11467
11531
11468
11532
11469
11533
11470
11534
11471
11535
11472
11536
11473
11537
11474
11538
11475
11539
11476
11540
11477
11541
11478
11542
11479
11543
11480
11544
11481
11545
11482
11546
11483
11547
11484
11548
11485
11549
11486
11550
11487
11551
11488
11552
11489
11553
11490
11554
11491
11555
11492
11556
11493
11557
11494
11558
11495
11559
11496
11560
11497
11561
11498
11562
11499
11563
11500
11564
11501
11565
11502
11566
11503
11567
11504
11568
11505
11569
11506
11570
11507
11571
11508
11572
11509
11573
11510
11574
11511
11575
11512
11576
11513
11577
11514
11578
11515
11579
11516
11580
11517
11581
11518
11582
11519
11583
11520
11584
11521
11585
11522
11586
11523
11587
11524
11588
11589
14050
11526
11590
11527
11591
11528
11592
11529
11593
11530
11594
11531
11595
11532
11596
11533
11597
11534
11598
11535
11599
11536
11600
11537
11601
11538
11602
11539
11603
11540
11604
11541
11605
11542
11606
11543
11607
11544
11608
11545
11609
11546
11610
11547
11611
11548
11612
11549
11613
11550
11614
11551
11615
11552
11616
11553
11617
11554
11618
11555
11619
11556
11620
11557
11621
11558
11622
11559
11623
11560
11624
11561
11625
11562
11626
11563
11627
11564
11628
11565
11629
11566
11630
11567
11631
11568
11632
11569
11633
11570
11634
11571
11635
11572
11636
11573
11637
11574
11638
11575
11639
11576
11640
11577
11641
11578
11642
11579
11643
11580
11644
11581
11645
11582
11646
11583
11647
11584
11648
11585
11649
11586
11650
11587
11651
11588
11652
11589
11653
11654
14065
11591
11655
11592
11656
11593
11657
11594
11658
11595
11659
11596
11660
11597
11661
11598
11662
11599
11663
11600
11664
11601
11665
11602
11666
11603
11667
11604
11668
11605
11669
11606
11670
11607
11671
11608
11672
11609
11673
11610
11674
11611
11675
11612
11676
11613
11677
11614
11678
11615
11679
11616
11680
11617
11681
11618
11682
11619
11683
11620
11684
11621
11685
11622
11686
11623
11687
11624
11688
11625
11689
11626
11690
11627
11691
11628
11692
11629
11693
11630
11694
11631
11695
11632
11696
11633
11697
11634
11698
11635
11699
11636
11700
11637
11701
11638
11702
11639
11703
11640
11704
11641
11705
11642
11706
11643
11707
11644
11708
11645
11709
11646
11710
11647
11711
11648
11712
11649
11713
11650
11714
11651
11715
11652
11716
11653
11717
11654
11718
11719
14080
11656
11657
11658
11659
11660
11661
11662
11663
11664
11665
11666
11667
11668
11669
11670
11671
11672
11673
11674
11675
11676
11677
11678
11679
11680
11681
11682
11683
11684
11685
11686
11687
11688
11689
11690
11691
11692
11693
11694
11695
11696
11697
11698
11699
11700
11701
11702
11703
11704
11705
11706
11707
11708
11709
11710
11711
11712
11713
11714
11715
11716
11717
11718
11719
14095
11721
11745
11722
11746
11723
11747
11724
11748
11725
11749
11726
11750
11727
11751
11728
11752
11729
11753
11730
11754
11731
11755
11732
11756
11733
11757
11734
11758
11735
11759
11736
11760
11737
11761
11738
11762
11739
11763
11740
11764
11741
11765
11742
11766
11743
11767
11744
11768
11769
12720
11746
11770
11747
11771
11748
11772
11749
11773
11750
11774
11751
11775
11752
11776
11753
11777
11754
11778
11755
11779
11756
11780
11757
11781
11758
11782
11759
11783
11760
11784
11761
11785
11762
11786
11763
11787
11764
11788
11765
11789
11766
11790
11767
11791
11768
11792
11769
11793
11794
12745
11771
11795
11772
11796
11773
11797
11774
11798
11775
11799
11776
11800
11777
11801
11778
11802
11779
11803
11780
11804
11781
11805
11782
11806
11783
11807
11784
11808
11785
11809
11786
11810
11787
11811
11788
11812
11789
11813
11790
11814
11791
11815
11792
11816
11793
11817
11794
11818
11819
12770
11796
11820
11797
11821
11798
11822
11799
11823
11800
11824
11801
11825
11802
11826
11803
11827
11804
11828
11805
11829
11806
11830
11807
11831
11808
11832
11809
11833
11810
11834
11811
11835
11812
11836
11813
11837
11814
11838
11815
11839
11816
11840
11817
11841
11818
11842
11819
11843
11844
12795
11821
11845
11822
11846
11823
11847
11824
11848
11825
11849
11826
11850
11827
11851
11828
11852
11829
11853
11830
11854
11831
11855
11832
11856
11833
11857
11834
11858
11835
11859
11836
11860
11837
11861
11838
11862
11839
11863
11840
11864
11841
11865
11842
11866
11843
11867
11844
11868
11869
12820
11846
11870
11847
11871
11848
11872
11849
11873
11850
11874
11851
11875
11852
11876
11853
11877
11854
11878
11855
11879
11856
11880
11857
11881
11858
11882
11859
11883
11860
11884
11861
11885
11862
11886
11863
11887
11864
11888
11865
11889
11866
11890
11867
11891
11868
11892
11869
11893
11894
12845
11871
11895
11872
11896
11873
11897
11874
11898
11875
11899
11876
11900
11877
11901
11878
11902
11879
11903
11880
11904
11881
11905
11882
11906
11883
11907
11884
11908
11885
11909
11886
11910
11887
11911
11888
11912
11889
11913
11890
11914
11891
11915
11892
11916
11893
11917
11894
11918
11919
12870
11896
11920
11897
11921
11898
11922
11899
11923
11900
11924
11901
11925
11902
11926
11903
11927
11904
11928
11905
11929
11906
11930
11907
11931
11908
11932
11909
11933
11910
11934
11911
11935
11912
11936
11913
11937
11914
11938
11915
11939
11916
11940
11917
11941
11918
11942
11919
11943
11944
12895
11921
11945
11922
11946
11923
11947
11924
11948
11925
11949
11926
11950
11927
11951
11928
11952
11929
11953
11930
11954
11931
11955
11932
11956
11933
11957
11934
11958
11935
11959
11936
11960
11937
11961
11938
11962
11939
11963
11940
11964
11941
11965
11942
11966
11943
11967
11944
11968
11969
12920
11946
11970
11947
11971
11948
11972
11949
11973
11950
11974
11951
11975
11952
11976
11953
11977
11954
11978
11955
11979
11956
11980
11957
11981
11958
11982
11959
11983
11960
11984
11961
11985
11962
11986
11963
11987
11964
11988
11965
11989
11966
11990
11967
11991
11968
11992
11969
11993
11994
12945
11971
11995
11972
11996
11973
11997
11974
11998
11975
11999
11976
12000
11977
12001
11978
12002
11979
12003
11980
12004
11981
12005
11982
12006
11983
12007
11984
12008
11985
12009
11986
12010
11987
12011
11988
12012
11989
12013
11990
12014
11991
12015
11992
12016
11993
12017
11994
12018
12019
12970
11996
12020
11997
12021
11998
12022
11999
12023
12000
12024
12001
12025
12002
12026
12003
12027
12004
12028
12005
12029
12006
12030
12007
12031
12008
12032
12009
12033
12010
12034
12011
12035
12012
12036
12013
12037
12014
12038
12015
12039
12016
12040
12017
12041
12018
12042
12019
12043
12044
12995
12021
12045
12022
12046
12023
12047
12024
12048
12025
12049
12026
12050
12027
12051
12028
12052
12029
12053
12030
12054
12031
12055
12032
12056
12033
12057
12034
12058
12035
12059
12036
12060
12037
12061
12038
12062
12039
12063
12040
12064
12041
12065
12042
12066
12043
12067
12044
12068
12069
13020
12046
12070
12047
12071
12048
12072
12049
12073
12050
12074
12051
12075
12052
12076
12053
12077
12054
12078
12055
12079
12056
12080
12057
12081
12058
12082
12059
12083
12060
12084
12061
12085
12062
12086
12063
12087
12064
12088
12065
12089
12066
12090
12067
12091
12068
12092
12069
12093
12094
13045
12071
12095
12072
12096
12073
12097
12074
12098
12075
12099
12076
12100
12077
12101
12078
12102
12079
12103
12080
12104
12081
12105
12082
12106
12083
12107
12084
12108
12085
12109
12086
12110
12087
12111
12088
12112
12089
12113
12090
12114
12091
12115
12092
12116
12093
12117
12094
12118
12119
13070
12096
12120
12097
12121
12098
12122
12099
12123
12100
12124
12101
12125
12102
12126
12103
12127
12104
12128
12105
12129
12106
12130
12107
12131
12108
12132
12109
12133
12110
12134
12111
12135
12112
12136
12113
12137
12114
12138
12115
12139
12116
12140
12117
12141
12118
12142
12119
12143
12144
13095
12121
12145
12122
12146
12123
12147
12124
12148
12125
12149
12126
12150
12127
12151
12128
12152
12129
12153
12130
12154
12131
12155
12132
12156
12133
12157
12134
12158
12135
12159
12136
12160
12137
12161
12138
12162
12139
12163
12140
12164
12141
12165
12142
12166
12143
12167
12144
12168
12169
13120
12146
12170
12147
12171
12148
12172
12149
12173
12150
12174
12151
12175
12152
12176
12153
12177
12154
12178
12155
12179
12156
12180
12157
12181
12158
12182
12159
12183
12160
12184
12161
12185
12162
12186
12163
12187
12164
12188
12165
12189
12166
12190
12167
12191
12168
12192
12169
12193
12194
13145
12171
12195
12172
12196
12173
12197
12174
12198
12175
12199
12176
12200
12177
12201
12178
12202
12179
12203
12180
12204
12181
12205
12182
12206
12183
12207
12184
12208
12185
12209
12186
12210
12187
12211
12188
12212
12189
12213
12190
12214
12191
12215
12192
12216
12193
12217
12194
12218
12219
13170
12196
12220
12197
12221
12198
12222
12199
12223
12200
12224
12201
12225
12202
12226
12203
12227
12204
12228
12205
12229
12206
12230
12207
12231
12208
12232
12209
12233
12210
12234
12211
12235
12212
12236
12213
12237
12214
12238
12215
12239
12216
12240
12217
12241
12218
12242
12219
12243
12244
13195
12221
12245
12222
12246
12223
12247
12224
12248
12225
12249
12226
12250
12227
12251
12228
12252
12229
12253
12230
12254
12231
12255
12232
12256
12233
12257
12234
12258
12235
12259
12236
12260
12237
12261
12238
12262
12239
12263
12240
12264
12241
12265
12242
12266
12243
12267
12244
12268
12269
13220
12246
12270
12247
12271
12248
12272
12249
12273
12250
12274
12251
12275
12252
12276
12253
12277
12254
12278
12255
12279
12256
12280
12257
12281
12258
12282
12259
12283
12260
12284
12261
12285
12262
12286
12263
12287
12264
12288
12265
12289
12266
12290
12267
12291
12268
12292
12269
12293
12294
13245
12271
12295
12272
12296
12273
12297
12274
12298
12275
12299
12276
12300
12277
12301
12278
12302
12279
12303
12280
12304
12281
12305
12282
12306
12283
12307
12284
12308
12285
12309
12286
12310
12287
12311
12288
12312
12289
12313
12290
12314
12291
12315
12292
12316
12293
12317
12294
12318
12319
13270
12296
12320
12297
12321
12298
12322
12299
12323
12300
12324
12301
12325
12302
12326
12303
12327
12304
12328
12305
12329
12306
12330
12307
12331
12308
12332
12309
12333
12310
12334
12311
12335
12312
12336
12313
12337
12314
12338
12315
12339
12316
12340
12317
12341
12318
12342
12319
12343
12344
13295
12321
12345
12322
12346
12323
12347
12324
12348
12325
12349
12326
12350
12327
12351
12328
12352
12329
12353
12330
12354
12331
12355
12332
12356
12333
12357
12334
12358
12335
12359
12336
12360
12337
12361
12338
12362
12339
12363
12340
12364
12341
12365
12342
12366
12343
12367
12344
12368
12369
13320
12346
12370
12347
12371
12348
12372
12349
12373
12350
12374
12351
12375
12352
12376
12353
12377
12354
12378
12355
12379
12356
12380
12357
12381
12358
12382
12359
12383
12360
12384
12361
12385
12362
12386
12363
12387
12364
12388
12365
12389
12366
12390
12367
12391
12368
12392
12369
12393
12394
13345
12371
12395
12372
12396
12373
12397
12374
12398
12375
12399
12376
12400
12377
12401
12378
12402
12379
12403
12380
12404
12381
12405
12382
12406
12383
12407
12384
12408
12385
12409
12386
12410
12387
12411
12388
12412
12389
12413
12390
12414
12391
12415
12392
12416
12393
12417
12394
12418
12419
13370
12396
12420
12397
12421
12398
12422
12399
12423
12400
12424
12401
12425
12402
12426
12403
12427
12404
12428
12405
12429
12406
12430
12407
12431
12408
12432
12409
12433
12410
12434
12411
12435
12412
12436
12413
12437
12414
12438
12415
12439
12416
12440
12417
12441
12418
12442
12419
12443
12444
13395
12421
12445
12422
12446
12423
12447
12424
12448
12425
12449
12426
12450
12427
12451
12428
12452
12429
12453
12430
12454
12431
12455
12432
12456
12433
12457
12434
12458
12435
12459
12436
12460
12437
12461
12438
12462
12439
12463
12440
12464
12441
12465
12442
12466
12443
12467
12444
12468
12469
13420
12446
12470
12447
12471
12448
12472
12449
12473
12450
12474
12451
12475
12452
12476
12453
12477
12454
12478
12455
12479
12456
12480
12457
12481
12458
12482
12459
12483
12460
12484
12461
12485
12462
12486
12463
12487
12464
12488
12465
12489
12466
12490
12467
12491
12468
12492
12469
12493
12494
13445
12471
12495
12472
12496
12473
12497
12474
12498
12475
12499
12476
12500
12477
12501
12478
12502
12479
12503
12480
12504
12481
12505
12482
12506
12483
12507
12484
12508
12485
12509
12486
12510
12487
12511
12488
12512
12489
12513
12490
12514
12491
12515
12492
12516
12493
12517
12494
12518
12519
13470
12496
12520
12497
12521
12498
12522
12499
12523
12500
12524
12501
12525
12502
12526
12503
12527
12504
12528
12505
12529
12506
12530
12507
12531
12508
12532
12509
12533
12510
12534
12511
12535
12512
12536
12513
12537
12514
12538
12515
12539
12516
12540
12517
12541
12518
12542
12519
12543
12544
13495
12521
12545
12522
12546
12523
12547
12524
12548
12525
12549
12526
12550
12527
12551
12528
12552
12529
12553
12530
12554
12531
12555
12532
12556
12533
12557
12534
12558
12535
12559
12536
12560
12537
12561
12538
12562
12539
12563
12540
12564
12541
12565
12542
12566
12543
12567
12544
12568
12569
13520
12546
12570
12547
12571
12548
12572
12549
12573
12550
12574
12551
12575
12552
12576
12553
12577
12554
12578
12555
12579
12556
12580
12557
12581
12558
12582
12559
12583
12560
12584
12561
12585
12562
12586
12563
12587
12564
12588
12565
12589
12566
12590
12567
12591
12568
12592
12569
12593
12594
13545
12571
12595
12572
12596
12573
12597
12574
12598
12575
12599
12576
12600
12577
12601
12578
12602
12579
12603
12580
12604
12581
12605
12582
12606
12583
12607
12584
12608
12585
12609
12586
12610
12587
12611
12588
12612
12589
12613
12590
12614
12591
12615
12592
12616
12593
12617
12594
12618
12619
13570
12596
12620
12597
12621
12598
12622
12599
12623
12600
12624
12601
12625
12602
12626
12603
12627
12604
12628
12605
12629
12606
12630
12607
12631
12608
12632
12609
12633
12610
12634
12611
12635
12612
12636
12613
12637
12614
12638
12615
12639
12616
12640
12617
12641
12618
12642
12619
12643
12644
13595
12621
12645
12622
12646
12623
12647
12624
12648
12625
12649
12626
12650
12627
12651
12628
12652
12629
12653
12630
12654
12631
12655
12632
12656
12633
12657
12634
12658
12635
12659
12636
12660
12637
12661
12638
12662
12639
12663
12640
12664
12641
12665
12642
12666
12643
12667
12644
12668
12669
13620
12646
12670
12647
12671
12648
12672
12649
12673
12650
12674
12651
12675
12652
12676
12653
12677
12654
12678
12655
12679
12656
12680
12657
12681
12658
12682
12659
12683
12660
12684
12661
12685
12662
12686
12663
12687
12664
12688
12665
12689
12666
12690
12667
12691
12668
12692
12669
12693
12694
13645
12671
12695
12672
12696
12673
12697
12674
12698
12675
12699
12676
12700
12677
12701
12678
12702
12679
12703
12680
12704
12681
12705
12682
12706
12683
12707
12684
12708
12685
12709
12686
12710
12687
12711
12688
12712
12689
12713
12690
12714
12691
12715
12692
12716
12693
12717
12694
12718
12719
13670
12696
14110
12697
14111
12698
14112
12699
14113
12700
14114
12701
14115
12702
14116
12703
14117
12704
14118
12705
14119
12706
14120
12707
14121
12708
14122
12709
14123
12710
14124
12711
14125
12712
14126
12713
14127
12714
14128
12715
14129
12716
14130
12717
14131
12718
14132
12719
14133
13695
14134
12721
12745
12722
12746
12723
12747
12724
12748
12725
12749
12726
12750
12727
12751
12728
12752
12729
12753
12730
12754
12731
12755
12732
12756
12733
12757
12734
12758
12735
12759
12736
12760
12737
12761
12738
12762
12739
12763
12740
12764
12741
12765
12742
12766
12743
12767
12744
12768
12769
12746
12770
12747
12771
12748
12772
12749
12773
12750
12774
12751
12775
12752
12776
12753
12777
12754
12778
12755
12779
12756
12780
12757
12781
12758
12782
12759
12783
12760
12784
12761
12785
12762
12786
12763
12787
12764
12788
12765
12789
12766
12790
12767
12791
12768
12792
12769
12793
12794
12771
12795
12772
12796
12773
12797
12774
12798
12775
12799
12776
12800
12777
12801
12778
12802
12779
12803
12780
12804
12781
12805
12782
12806
12783
12807
12784
12808
12785
12809
12786
12810
12787
12811
12788
12812
12789
12813
12790
12814
12791
12815
12792
12816
12793
12817
12794
12818
12819
12796
12820
12797
12821
12798
12822
12799
12823
12800
12824
12801
12825
12802
12826
12803
12827
12804
12828
12805
12829
12806
12830
12807
12831
12808
12832
12809
12833
12810
12834
12811
12835
12812
12836
12813
12837
12814
12838
12815
12839
12816
12840
12817
12841
12818
12842
12819
12843
12844
12821
12845
12822
12846
12823
12847
12824
12848
12825
12849
12826
12850
12827
12851
12828
12852
12829
12853
12830
12854
12831
12855
12832
12856
12833
12857
12834
12858
12835
12859
12836
12860
12837
12861
12838
12862
12839
12863
12840
12864
12841
12865
12842
12866
12843
12867
12844
12868
12869
12846
12870
12847
12871
12848
12872
12849
12873
12850
12874
12851
12875
12852
12876
12853
12877
12854
12878
12855
12879
12856
12880
12857
12881
12858
12882
12859
12883
12860
12884
12861
12885
12862
12886
12863
12887
12864
12888
12865
12889
12866
12890
12867
12891
12868
12892
12869
12893
12894
12871
12895
12872
12896
12873
12897
12874
12898
12875
12899
12876
12900
12877
12901
12878
12902
12879
12903
12880
12904
12881
12905
12882
12906
12883
12907
12884
12908
12885
12909
12886
12910
12887
12911
12888
12912
12889
12913
12890
12914
12891
12915
12892
12916
12893
12917
12894
12918
12919
12896
12920
12897
12921
12898
12922
12899
12923
12900
12924
12901
12925
12902
12926
12903
12927
12904
12928
12905
12929
12906
12930
12907
12931
12908
12932
12909
12933
12910
12934
12911
12935
12912
12936
12913
12937
12914
12938
12915
12939
12916
12940
12917
12941
12918
12942
12919
12943
12944
12921
12945
12922
12946
12923
12947
12924
12948
12925
12949
12926
12950
12927
12951
12928
12952
12929
12953
12930
12954
12931
12955
12932
12956
12933
12957
12934
12958
12935
12959
12936
12960
12937
12961
12938
12962
12939
12963
12940
12964
12941
12965
12942
12966
12943
12967
12944
12968
12969
12946
12970
12947
12971
12948
12972
12949
12973
12950
12974
12951
12975
12952
12976
12953
12977
12954
12978
12955
12979
12956
12980
12957
12981
12958
12982
12959
12983
12960
12984
12961
12985
12962
12986
12963
12987
12964
12988
12965
12989
12966
12990
12967
12991
12968
12992
12969
12993
12994
12971
12995
12972
12996
12973
12997
12974
12998
12975
12999
12976
13000
12977
13001
12978
13002
12979
13003
12980
13004
12981
13005
12982
13006
12983
13007
12984
13008
12985
13009
12986
13010
12987
13011
12988
13012
12989
13013
12990
13014
12991
13015
12992
13016
12993
13017
12994
13018
13019
12996
13020
12997
13021
12998
13022
12999
13023
13000
13024
13001
13025
13002
13026
13003
13027
13004
13028
13005
13029
13006
13030
13007
13031
13008
13032
13009
13033
13010
13034
13011
13035
13012
13036
13013
13037
13014
13038
13015
13039
13016
13040
13017
13041
13018
13042
13019
13043
13044
13021
13045
13022
13046
13023
13047
13024
13048
13025
13049
13026
13050
13027
13051
13028
13052
13029
13053
13030
13054
13031
13055
13032
13056
13033
13057
13034
13058
13035
13059
13036
13060
13037
13061
13038
13062
13039
13063
13040
13064
13041
13065
13042
13066
13043
13067
13044
13068
13069
13046
13070
13047
13071
13048
13072
13049
13073
13050
13074
13051
13075
13052
13076
13053
13077
13054
13078
13055
13079
13056
13080
13057
13081
13058
13082
13059
13083
13060
13084
13061
13085
13062
13086
13063
13087
13064
13088
13065
13089
13066
13090
13067
13091
13068
13092
13069
13093
13094
13071
13095
13072
13096
13073
13097
13074
13098
13075
13099
13076
13100
13077
13101
13078
13102
13079
13103
13080
13104
13081
13105
13082
13106
13083
13107
13084
13108
13085
13109
13086
13110
13087
13111
13088
13112
13089
13113
13090
13114
13091
13115
13092
13116
13093
13117
13094
13118
13119
13096
13120
13097
13121
13098
13122
13099
13123
13100
13124
13101
13125
13102
13126
13103
13127
13104
13128
13105
13129
13106
13130
13107
13131
13108
13132
13109
13133
13110
13134
13111
13135
13112
13136
13113
13137
13114
13138
13115
13139
13116
13140
13117
13141
13118
13142
13119
13143
13144
13121
13145
13122
13146
13123
13147
13124
13148
13125
13149
13126
13150
13127
13151
13128
13152
13129
13153
13130
13154
13131
13155
13132
13156
13133
13157
13134
13158
13135
13159
13136
13160
13137
13161
13138
13162
13139
13163
13140
13164
13141
13165
13142
13166
13143
13167
13144
13168
13169
13146
13170
13147
13171
13148
13172
13149
13173
13150
13174
13151
13175
13152
13176
13153
13177
13154
13178
13155
13179
13156
13180
13157
13181
13158
13182
13159
13183
13160
13184
13161
13185
13162
13186
13163
13187
13164
13188
13165
13189
13166
13190
13167
13191
13168
13192
13169
13193
13194
13171
13195
13172
13196
13173
13197
13174
13198
13175
13199
13176
13200
13177
13201
13178
13202
13179
13203
13180
13204
13181
13205
13182
13206
13183
13207
13184
13208
13185
13209
13186
13210
13187
13211
13188
13212
13189
13213
13190
13214
13191
13215
13192
13216
13193
13217
13194
13218
13219
13196
13220
13197
13221
13198
13222
13199
13223
13200
13224
13201
13225
13202
13226
13203
13227
13204
13228
13205
13229
13206
13230
13207
13231
13208
13232
13209
13233
13210
13234
13211
13235
13212
13236
13213
13237
13214
13238
13215
13239
13216
13240
13217
13241
13218
13242
13219
13243
13244
13221
13245
13222
13246
13223
13247
13224
13248
13225
13249
13226
13250
13227
13251
13228
13252
13229
13253
13230
13254
13231
13255
13232
13256
13233
13257
13234
13258
13235
13259
13236
13260
13237
13261
13238
13262
13239
13263
13240
13264
13241
13265
13242
13266
13243
13267
13244
13268
13269
13246
13270
13247
13271
13248
13272
13249
13273
13250
13274
13251
13275
13252
13276
13253
13277
13254
13278
13255
13279
13256
13280
13257
13281
13258
13282
13259
13283
13260
13284
13261
13285
13262
13286
13263
13287
13264
13288
13265
13289
13266
13290
13267
13291
13268
13292
13269
13293
13294
13271
13295
13272
13296
13273
13297
13274
13298
13275
13299
13276
13300
13277
13301
13278
13302
13279
13303
13280
13304
13281
13305
13282
13306
13283
13307
13284
13308
13285
13309
13286
13310
13287
13311
13288
13312
13289
13313
13290
13314
13291
13315
13292
13316
13293
13317
13294
13318
13319
13296
13320
13297
13321
13298
13322
13299
13323
13300
13324
13301
13325
13302
13326
13303
13327
13304
13328
13305
13329
13306
13330
13307
13331
13308
13332
13309
13333
13310
13334
13311
13335
13312
13336
13313
13337
13314
13338
13315
13339
13316
13340
13317
13341
13318
13342
13319
13343
13344
13321
13345
13322
13346
13323
13347
13324
13348
13325
13349
13326
13350
13327
13351
13328
13352
13329
13353
13330
13354
13331
13355
13332
13356
13333
13357
13334
13358
13335
13359
13336
13360
13337
13361
13338
13362
13339
13363
13340
13364
13341
13365
13342
13366
13343
13367
13344
13368
13369
13346
13370
13347
13371
13348
13372
13349
13373
13350
13374
13351
13375
13352
13376
13353
13377
13354
13378
13355
13379
13356
13380
13357
13381
13358
13382
13359
13383
13360
13384
13361
13385
13362
13386
13363
13387
13364
13388
13365
13389
13366
13390
13367
13391
13368
13392
13369
13393
13394
13371
13395
13372
13396
13373
13397
13374
13398
13375
13399
13376
13400
13377
13401
13378
13402
13379
13403
13380
13404
13381
13405
13382
13406
13383
13407
13384
13408
13385
13409
13386
13410
13387
13411
13388
13412
13389
13413
13390
13414
13391
13415
13392
13416
13393
13417
13394
13418
13419
13396
13420
13397
13421
13398
13422
13399
13423
13400
13424
13401
13425
13402
13426
13403
13427
13404
13428
13405
13429
13406
13430
13407
13431
13408
13432
13409
13433
13410
13434
13411
13435
13412
13436
13413
13437
13414
13438
13415
13439
13416
13440
13417
13441
13418
13442
13419
13443
13444
13421
13445
13422
13446
13423
13447
13424
13448
13425
13449
13426
13450
13427
13451
13428
13452
13429
13453
13430
13454
13431
13455
13432
13456
13433
13457
13434
13458
13435
13459
13436
13460
13437
13461
13438
13462
13439
13463
13440
13464
13441
13465
13442
13466
13443
13467
13444
13468
13469
13446
13470
13447
13471
13448
13472
13449
13473
13450
13474
13451
13475
13452
13476
13453
13477
13454
13478
13455
13479
13456
13480
13457
13481
13458
13482
13459
13483
13460
13484
13461
13485
13462
13486
13463
13487
13464
13488
13465
13489
13466
13490
13467
13491
13468
13492
13469
13493
13494
13471
13495
13472
13496
13473
13497
13474
13498
13475
13499
13476
13500
13477
13501
13478
13502
13479
13503
13480
13504
13481
13505
13482
13506
13483
13507
13484
13508
13485
13509
13486
13510
13487
13511
13488
13512
13489
13513
13490
13514
13491
13515
13492
13516
13493
13517
13494
13518
13519
13496
13520
13497
13521
13498
13522
13499
13523
13500
13524
13501
13525
13502
13526
13503
13527
13504
13528
13505
13529
13506
13530
13507
13531
13508
13532
13509
13533
13510
13534
13511
13535
13512
13536
13513
13537
13514
13538
13515
13539
13516
13540
13517
13541
13518
13542
13519
13543
13544
13521
13545
13522
13546
13523
13547
13524
13548
13525
13549
13526
13550
13527
13551
13528
13552
13529
13553
13530
13554
13531
13555
13532
13556
13533
13557
13534
13558
13535
13559
13536
13560
13537
13561
13538
13562
13539
13563
13540
13564
13541
13565
13542
13566
13543
13567
13544
13568
13569
13546
13570
13547
13571
13548
13572
13549
13573
13550
13574
13551
13575
13552
13576
13553
13577
13554
13578
13555
13579
13556
13580
13557
13581
13558
13582
13559
13583
13560
13584
13561
13585
13562
13586
13563
13587
13564
13588
13565
13589
13566
13590
13567
13591
13568
13592
13569
13593
13594
13571
13595
13572
13596
13573
13597
13574
13598
13575
13599
13576
13600
13577
13601
13578
13602
13579
13603
13580
13604
13581
13605
13582
13606
13583
13607
13584
13608
13585
13609
13586
13610
13587
13611
13588
13612
13589
13613
13590
13614
13591
13615
13592
13616
13593
13617
13594
13618
13619
13596
13620
13597
13621
13598
13622
13599
13623
13600
13624
13601
13625
13602
13626
13603
13627
13604
13628
13605
13629
13606
13630
13607
13631
13608
13632
13609
13633
13610
13634
13611
13635
13612
13636
13613
13637
13614
13638
13615
13639
13616
13640
13617
13641
13618
13642
13619
13643
13644
13621
13645
13622
13646
13623
13647
13624
13648
13625
13649
13626
13650
13627
13651
13628
13652
13629
13653
13630
13654
13631
13655
13632
13656
13633
13657
13634
13658
13635
13659
13636
13660
13637
13661
13638
13662
13639
13663
13640
13664
13641
13665
13642
13666
13643
13667
13644
13668
13669
13646
13670
13647
13671
13648
13672
13649
13673
13650
13674
13651
13675
13652
13676
13653
13677
13654
13678
13655
13679
13656
13680
13657
13681
13658
13682
13659
13683
13660
13684
13661
13685
13662
13686
13663
13687
13664
13688
13665
13689
13666
13690
13667
13691
13668
13692
13669
13693
13694
13671
13695
13672
13696
13673
13697
13674
13698
13675
13699
13676
13700
13677
13701
13678
13702
13679
13703
13680
13704
13681
13705
13682
13706
13683
13707
13684
13708
13685
13709
13686
13710
13687
13711
13688
13712
13689
13713
13690
13714
13691
13715
13692
13716
13693
13717
13694
13718
13719
13696
14485
13697
14486
13698
14487
13699
14488
13700
14489
13701
14490
13702
14491
13703
14492
13704
14493
13705
14494
13706
14495
13707
14496
13708
14497
13709
14498
13710
14499
13711
14500
13712
14501
13713
14502
13714
14503
13715
14504
13716
14505
13717
14506
13718
14507
13719
14508
14509
13721
13735
14110
13722
13736
14135
13723
13737
14160
13724
13738
14185
13725
13739
14210
13726
13740
14235
13727
13741
14260
13728
13742
14285
13729
13743
14310
13730
13744
14335
13731
13745
14360
13732
13746
14385
13733
13747
14410
13734
13748
14435
13749
14460
13736
13750
13737
13751
13738
13752
13739
13753
13740
13754
13741
13755
13742
13756
13743
13757
13744
13758
13745
13759
13746
13760
13747
13761
13748
13762
13749
13763
13764
13751
13765
13752
13766
13753
13767
13754
13768
13755
13769
13756
13770
13757
13771
13758
13772
13759
13773
13760
13774
13761
13775
13762
13776
13763
13777
13764
13778
13779
13766
13780
13767
13781
13768
13782
13769
13783
13770
13784
13771
13785
13772
13786
13773
13787
13774
13788
13775
13789
13776
13790
13777
13791
13778
13792
13779
13793
13794
13781
13795
13782
13796
13783
13797
13784
13798
13785
13799
13786
13800
13787
13801
13788
13802
13789
13803
13790
13804
13791
13805
13792
13806
13793
13807
13794
13808
13809
13796
13810
13797
13811
13798
13812
13799
13813
13800
13814
13801
13815
13802
13816
13803
13817
13804
13818
13805
13819
13806
13820
13807
13821
13808
13822
13809
13823
13824
13811
13825
13812
13826
13813
13827
13814
13828
13815
13829
13816
13830
13817
13831
13818
13832
13819
13833
13820
13834
13821
13835
13822
13836
13823
13837
13824
13838
13839
13826
13840
13827
13841
13828
13842
13829
13843
13830
13844
13831
13845
13832
13846
13833
13847
13834
13848
13835
13849
13836
13850
13837
13851
13838
13852
13839
13853
13854
13841
13855
13842
13856
13843
13857
13844
13858
13845
13859
13846
13860
13847
13861
13848
13862
13849
13863
13850
13864
13851
13865
13852
13866
13853
13867
13854
13868
13869
13856
13870
13857
13871
13858
13872
13859
13873
13860
13874
13861
13875
13862
13876
13863
13877
13864
13878
13865
13879
13866
13880
13867
13881
13868
13882
13869
13883
13884
13871
13885
13872
13886
13873
13887
13874
13888
13875
13889
13876
13890
13877
13891
13878
13892
13879
13893
13880
13894
13881
13895
13882
13896
13883
13897
13884
13898
13899
13886
13900
13887
13901
13888
13902
13889
13903
13890
13904
13891
13905
13892
13906
13893
13907
13894
13908
13895
13909
13896
13910
13897
13911
13898
13912
13899
13913
13914
13901
13915
13902
13916
13903
13917
13904
13918
13905
13919
13906
13920
13907
13921
13908
13922
13909
13923
13910
13924
13911
13925
13912
13926
13913
13927
13914
13928
13929
13916
13930
13917
13931
13918
13932
13919
13933
13920
13934
13921
13935
13922
13936
13923
13937
13924
13938
13925
13939
13926
13940
13927
13941
13928
13942
13929
13943
13944
13931
13945
13932
13946
13933
13947
13934
13948
13935
13949
13936
13950
13937
13951
13938
13952
13939
13953
13940
13954
13941
13955
13942
13956
13943
13957
13944
13958
13959
13946
13960
13947
13961
13948
13962
13949
13963
13950
13964
13951
13965
13952
13966
13953
13967
13954
13968
13955
13969
13956
13970
13957
13971
13958
13972
13959
13973
13974
13961
13975
13962
13976
13963
13977
13964
13978
13965
13979
13966
13980
13967
13981
13968
13982
13969
13983
13970
13984
13971
13985
13972
13986
13973
13987
13974
13988
13989
13976
13990
13977
13991
13978
13992
13979
13993
13980
13994
13981
13995
13982
13996
13983
13997
13984
13998
13985
13999
13986
14000
13987
14001
13988
14002
13989
14003
14004
13991
14005
13992
14006
13993
14007
13994
14008
13995
14009
13996
14010
13997
14011
13998
14012
13999
14013
14000
14014
14001
14015
14002
14016
14003
14017
14004
14018
14019
14006
14020
14007
14021
14008
14022
14009
14023
14010
14024
14011
14025
14012
14026
14013
14027
14014
14028
14015
14029
14016
14030
14017
14031
14018
14032
14019
14033
14034
14021
14035
14022
14036
14023
14037
14024
14038
14025
14039
14026
14040
14027
14041
14028
14042
14029
14043
14030
14044
14031
14045
14032
14046
14033
14047
14034
14048
14049
14036
14050
14037
14051
14038
14052
14039
14053
14040
14054
14041
14055
14042
14056
14043
14057
14044
14058
14045
14059
14046
14060
14047
14061
14048
14062
14049
14063
14064
14051
14065
14052
14066
14053
14067
14054
14068
14055
14069
14056
14070
14057
14071
14058
14072
14059
14073
14060
14074
14061
14075
14062
14076
14063
14077
14064
14078
14079
14066
14080
14067
14081
14068
14082
14069
14083
14070
14084
14071
14085
14072
14086
14073
14087
14074
14088
14075
14089
14076
14090
14077
14091
14078
14092
14079
14093
14094
14081
14095
14082
14096
14083
14097
14084
14098
14085
14099
14086
14100
14087
14101
14088
14102
14089
14103
14090
14104
14091
14105
14092
14106
14093
14107
14094
14108
14109
14096
14097
14098
14099
14100
14101
14102
14103
14104
14105
14106
14107
14108
14109
14111
14135
14112
14136
14113
14137
14114
14138
14115
14139
14116
14140
14117
14141
14118
14142
14119
14143
14120
14144
14121
14145
14122
14146
14123
14147
14124
14148
14125
14149
14126
14150
14127
14151
14128
14152
14129
14153
14130
14154
14131
14155
14132
14156
14133
14157
14134
14158
14159
14485
14136
14160
14137
14161
14138
14162
14139
14163
14140
14164
14141
14165
14142
14166
14143
14167
14144
14168
14145
14169
14146
14170
14147
14171
14148
14172
14149
14173
14150
14174
14151
14175
14152
14176
14153
14177
14154
14178
14155
14179
14156
14180
14157
14181
14158
14182
14159
14183
14184
14510
14161
14185
14162
14186
14163
14187
14164
14188
14165
14189
14166
14190
14167
14191
14168
14192
14169
14193
14170
14194
14171
14195
14172
14196
14173
14197
14174
14198
14175
14199
14176
14200
14177
14201
14178
14202
14179
14203
14180
14204
14181
14205
14182
14206
14183
14207
14184
14208
14209
14535
14186
14210
14187
14211
14188
14212
14189
14213
14190
14214
14191
14215
14192
14216
14193
14217
14194
14218
14195
14219
14196
14220
14197
14221
14198
14222
14199
14223
14200
14224
14201
14225
14202
14226
14203
14227
14204
14228
14205
14229
14206
14230
14207
14231
14208
14232
14209
14233
14234
14560
14211
14235
14212
14236
14213
14237
14214
14238
14215
14239
14216
14240
14217
14241
14218
14242
14219
14243
14220
14244
14221
14245
14222
14246
14223
14247
14224
14248
14225
14249
14226
14250
14227
14251
14228
14252
14229
14253
14230
14254
14231
14255
14232
14256
14233
14257
14234
14258
14259
14585
14236
14260
14237
14261
14238
14262
14239
14263
14240
14264
14241
14265
14242
14266
14243
14267
14244
14268
14245
14269
14246
14270
14247
14271
14248
14272
14249
14273
14250
14274
14251
14275
14252
14276
14253
14277
14254
14278
14255
14279
14256
14280
14257
14281
14258
14282
14259
14283
14284
14610
14261
14285
14262
14286
14263
14287
14264
14288
14265
14289
14266
14290
14267
14291
14268
14292
14269
14293
14270
14294
14271
14295
14272
14296
14273
14297
14274
14298
14275
14299
14276
14300
14277
14301
14278
14302
14279
14303
14280
14304
14281
14305
14282
14306
14283
14307
14284
14308
14309
14635
14286
14310
14287
14311
14288
14312
14289
14313
14290
14314
14291
14315
14292
14316
14293
14317
14294
14318
14295
14319
14296
14320
14297
14321
14298
14322
14299
14323
14300
14324
14301
14325
14302
14326
14303
14327
14304
14328
14305
14329
14306
14330
14307
14331
14308
14332
14309
14333
14334
14660
14311
14335
14312
14336
14313
14337
14314
14338
14315
14339
14316
14340
14317
14341
14318
14342
14319
14343
14320
14344
14321
14345
14322
14346
14323
14347
14324
14348
14325
14349
14326
14350
14327
14351
14328
14352
14329
14353
14330
14354
14331
14355
14332
14356
14333
14357
14334
14358
14359
14685
14336
14360
14337
14361
14338
14362
14339
14363
14340
14364
14341
14365
14342
14366
14343
14367
14344
14368
14345
14369
14346
14370
14347
14371
14348
14372
14349
14373
14350
14374
14351
14375
14352
14376
14353
14377
14354
14378
14355
14379
14356
14380
14357
14381
14358
14382
14359
14383
14384
14710
14361
14385
14362
14386
14363
14387
14364
14388
14365
14389
14366
14390
14367
14391
14368
14392
14369
14393
14370
14394
14371
14395
14372
14396
14373
14397
14374
14398
14375
14399
14376
14400
14377
14401
14378
14402
14379
14403
14380
14404
14381
14405
14382
14406
14383
14407
14384
14408
14409
14735
14386
14410
14387
14411
14388
14412
14389
14413
14390
14414
14391
14415
14392
14416
14393
14417
14394
14418
14395
14419
14396
14420
14397
14421
14398
14422
14399
14423
14400
14424
14401
14425
14402
14426
14403
14427
14404
14428
14405
14429
14406
14430
14407
14431
14408
14432
14409
14433
14434
14760
14411
14435
14412
14436
14413
14437
14414
14438
14415
14439
14416
14440
14417
14441
14418
14442
14419
14443
14420
14444
14421
14445
14422
14446
14423
14447
14424
14448
14425
14449
14426
14450
14427
14451
14428
14452
14429
14453
14430
14454
14431
14455
14432
14456
14433
14457
14434
14458
14459
14785
14436
14460
14437
14461
14438
14462
14439
14463
14440
14464
14441
14465
14442
14466
14443
14467
14444
14468
14445
14469
14446
14470
14447
14471
14448
14472
14449
14473
14450
14474
14451
14475
14452
14476
14453
14477
14454
14478
14455
14479
14456
14480
14457
14481
14458
14482
14459
14483
14484
14810
14461
14462
14463
14464
14465
14466
14467
14468
14469
14470
14471
14472
14473
14474
14475
14476
14477
14478
14479
14480
14481
14482
14483
14484
14835
14486
14510
14487
14511
14488
14512
14489
14513
14490
14514
14491
14515
14492
14516
14493
14517
14494
14518
14495
14519
14496
14520
14497
14521
14498
14522
14499
14523
14500
14524
14501
14525
14502
14526
14503
14527
14504
14528
14505
14529
14506
14530
14507
14531
14508
14532
14509
14533
14534
14511
14535
14512
14536
14513
14537
14514
14538
14515
14539
14516
14540
14517
14541
14518
14542
14519
14543
14520
14544
14521
14545
14522
14546
14523
14547
14524
14548
14525
14549
14526
14550
14527
14551
14528
14552
14529
14553
14530
14554
14531
14555
14532
14556
14533
14557
14534
14558
14559
14536
14560
14537
14561
14538
14562
14539
14563
14540
14564
14541
14565
14542
14566
14543
14567
14544
14568
14545
14569
14546
14570
14547
14571
14548
14572
14549
14573
14550
14574
14551
14575
14552
14576
14553
14577
14554
14578
14555
14579
14556
14580
14557
14581
14558
14582
14559
14583
14584
14561
14585
14562
14586
14563
14587
14564
14588
14565
14589
14566
14590
14567
14591
14568
14592
14569
14593
14570
14594
14571
14595
14572
14596
14573
14597
14574
14598
14575
14599
14576
14600
14577
14601
14578
14602
14579
14603
14580
14604
14581
14605
14582
14606
14583
14607
14584
14608
14609
14586
14610
14587
14611
14588
14612
14589
14613
14590
14614
14591
14615
14592
14616
14593
14617
14594
14618
14595
14619
14596
14620
14597
14621
14598
14622
14599
14623
14600
14624
14601
14625
14602
14626
14603
14627
14604
14628
14605
14629
14606
14630
14607
14631
14608
14632
14609
14633
14634
14611
14635
14612
14636
14613
14637
14614
14638
14615
14639
14616
14640
14617
14641
14618
14642
14619
14643
14620
14644
14621
14645
14622
14646
14623
14647
14624
14648
14625
14649
14626
14650
14627
14651
14628
14652
14629
14653
14630
14654
14631
14655
14632
14656
14633
14657
14634
14658
14659
14636
14660
14637
14661
14638
14662
14639
14663
14640
14664
14641
14665
14642
14666
14643
14667
14644
14668
14645
14669
14646
14670
14647
14671
14648
14672
14649
14673
14650
14674
14651
14675
14652
14676
14653
14677
14654
14678
14655
14679
14656
14680
14657
14681
14658
14682
14659
14683
14684
14661
14685
14662
14686
14663
14687
14664
14688
14665
14689
14666
14690
14667
14691
14668
14692
14669
14693
14670
14694
14671
14695
14672
14696
14673
14697
14674
14698
14675
14699
14676
14700
14677
14701
14678
14702
14679
14703
14680
14704
14681
14705
14682
14706
14683
14707
14684
14708
14709
14686
14710
14687
14711
14688
14712
14689
14713
14690
14714
14691
14715
14692
14716
14693
14717
14694
14718
14695
14719
14696
14720
14697
14721
14698
14722
14699
14723
14700
14724
14701
14725
14702
14726
14703
14727
14704
14728
14705
14729
14706
14730
14707
14731
14708
14732
14709
14733
14734
14711
14735
14712
14736
14713
14737
14714
14738
14715
14739
14716
14740
14717
14741
14718
14742
14719
14743
14720
14744
14721
14745
14722
14746
14723
14747
14724
14748
14725
14749
14726
14750
14727
14751
14728
14752
14729
14753
14730
14754
14731
14755
14732
14756
14733
14757
14734
14758
14759
14736
14760
14737
14761
14738
14762
14739
14763
14740
14764
14741
14765
14742
14766
14743
14767
14744
14768
14745
14769
14746
14770
14747
14771
14748
14772
14749
14773
14750
14774
14751
14775
14752
14776
14753
14777
14754
14778
14755
14779
14756
14780
14757
14781
14758
14782
14759
14783
14784
14761
14785
14762
14786
14763
14787
14764
14788
14765
14789
14766
14790
14767
14791
14768
14792
14769
14793
14770
14794
14771
14795
14772
14796
14773
14797
14774
14798
14775
14799
14776
14800
14777
14801
14778
14802
14779
14803
14780
14804
14781
14805
14782
14806
14783
14807
14784
14808
14809
14786
14810
14787
14811
14788
14812
14789
14813
14790
14814
14791
14815
14792
14816
14793
14817
14794
14818
14795
14819
14796
14820
14797
14821
14798
14822
14799
14823
14800
14824
14801
14825
14802
14826
14803
14827
14804
14828
14805
14829
14806
14830
14807
14831
14808
14832
14809
14833
14834
14811
14835
14812
14836
14813
14837
14814
14838
14815
14839
14816
14840
14817
14841
14818
14842
14819
14843
14820
14844
14821
14845
14822
14846
14823
14847
14824
14848
14825
14849
14826
14850
14827
14851
14828
14852
14829
14853
14830
14854
14831
14855
14832
14856
14833
14857
14834
14858
14859
14836
14837
14838
14839
14840
14841
14842
14843
14844
14845
14846
14847
14848
14849
14850
14851
14852
14853
14854
14855
14856
14857
14858
14859
)


// ************************************************************************* //
