/*--------------------------------*- C++ -*----------------------------------*\
  =========                 |
  \\      /  F ield         | OpenFOAM: The Open Source CFD Toolbox
   \\    /   O peration     | Website:  https://openfoam.org
    \\  /    A nd           | Version:  11
     \\/     M anipulation  |
\*---------------------------------------------------------------------------*/
FoamFile
{
    format      ascii;
    class       labelList;
    note        "nPoints: 30114 nCells: 14860 nFaces: 59637 nInternalFaces: 29523";
    location    "1e-05/polyMesh";
    object      owner;
}
// * * * * * * * * * * * * * * * * * * * * * * * * * * * * * * * * * * * * * //


59637
(
0
0
0
1
1
1
2
2
2
3
3
3
4
4
4
5
5
5
6
6
6
7
7
7
8
8
8
9
9
9
10
10
10
11
11
11
12
12
12
13
13
13
14
14
14
15
15
15
16
16
16
17
17
17
18
18
18
19
19
19
20
20
20
21
21
21
22
22
22
23
23
23
24
24
24
25
25
25
26
26
26
27
27
27
28
28
28
29
29
29
30
30
30
31
31
31
32
32
32
33
33
33
34
34
34
35
35
35
36
36
36
37
37
37
38
38
38
39
39
39
40
40
40
41
41
41
42
42
42
43
43
43
44
44
44
45
45
45
46
46
46
47
47
47
48
48
48
49
49
49
50
50
50
51
51
51
52
52
52
53
53
53
54
54
54
55
55
55
56
56
56
57
57
57
58
58
58
59
59
59
60
60
60
61
61
61
62
62
62
63
63
63
64
64
64
65
65
66
66
67
67
68
68
69
69
70
70
71
71
72
72
73
73
74
74
75
75
76
76
77
77
78
78
79
79
80
80
81
81
82
82
83
83
84
84
85
85
86
86
87
87
88
88
89
89
90
90
91
91
92
92
93
93
94
94
95
95
96
96
97
97
98
98
99
99
100
100
101
101
102
102
103
103
104
104
105
105
106
106
107
107
108
108
109
109
110
110
111
111
112
112
113
113
114
114
115
115
116
116
117
117
118
118
119
119
120
120
121
121
122
122
123
123
124
124
125
125
126
126
127
127
128
128
129
129
130
130
131
131
132
132
133
133
134
134
135
135
136
136
137
137
138
138
139
139
140
140
141
141
142
142
143
143
144
144
145
145
146
146
147
147
148
148
149
149
150
150
151
151
152
152
153
153
154
154
155
155
156
156
157
157
158
158
159
159
160
160
161
161
162
162
163
163
164
164
165
165
166
166
167
167
168
168
169
169
170
170
171
171
172
172
173
173
174
174
175
175
176
176
177
177
178
178
179
179
180
180
181
181
182
182
183
183
184
184
185
185
186
186
187
187
188
188
189
189
190
190
191
191
192
192
193
193
194
194
195
195
196
196
197
197
198
198
199
199
200
200
201
201
202
202
203
203
204
204
205
205
206
206
207
207
208
208
209
209
210
210
211
211
212
212
213
213
214
214
215
215
216
216
217
217
218
218
219
219
220
220
221
221
222
222
223
223
224
224
225
225
226
226
227
227
228
228
229
229
230
230
231
231
232
232
233
233
234
234
235
235
236
236
237
237
238
238
239
239
240
240
241
241
242
242
243
243
244
244
245
245
246
246
247
247
248
248
249
249
250
250
251
251
252
252
253
253
254
254
255
255
256
256
257
257
258
258
259
259
260
260
261
261
262
262
263
263
264
264
265
265
266
266
267
267
268
268
269
269
270
270
271
271
272
272
273
273
274
274
275
275
276
276
277
277
278
278
279
279
280
280
281
281
282
282
283
283
284
284
285
285
286
286
287
287
288
288
289
289
290
290
291
291
292
292
293
293
294
294
295
295
296
296
297
297
298
298
299
299
300
300
301
301
302
302
303
303
304
304
305
305
306
306
307
307
308
308
309
309
310
310
311
311
312
312
313
313
314
314
315
315
316
316
317
317
318
318
319
319
320
320
321
321
322
322
323
323
324
324
325
325
326
326
327
327
328
328
329
329
330
330
331
331
332
332
333
333
334
334
335
335
336
336
337
337
338
338
339
339
340
340
341
341
342
342
343
343
344
344
345
345
346
346
347
347
348
348
349
349
350
350
351
351
352
352
353
353
354
354
355
355
356
356
357
357
358
358
359
359
360
360
361
361
362
362
363
363
364
364
365
365
366
366
367
367
368
368
369
369
370
370
371
371
372
372
373
373
374
374
375
375
376
376
377
377
378
378
379
379
380
380
381
381
382
382
383
383
384
384
385
385
386
386
387
387
388
388
389
389
390
390
391
391
392
392
393
393
394
394
395
395
396
396
397
397
398
398
399
399
400
400
401
401
402
402
403
403
404
404
405
405
406
406
407
407
408
408
409
409
410
410
411
411
412
412
413
413
414
414
415
415
416
416
417
417
418
418
419
419
420
420
421
421
422
422
423
423
424
424
425
425
426
426
427
427
428
428
429
429
430
430
431
431
432
432
433
433
434
434
435
435
436
436
437
437
438
438
439
439
440
440
441
441
442
442
443
443
444
444
445
445
446
446
447
447
448
448
449
449
450
450
451
451
452
452
453
453
454
454
455
455
456
456
457
457
458
458
459
459
460
460
461
461
462
462
463
463
464
464
465
465
466
466
467
467
468
468
469
469
470
470
471
471
472
472
473
473
474
474
475
475
476
476
477
477
478
478
479
479
480
480
481
481
482
482
483
483
484
484
485
485
486
486
487
487
488
488
489
489
490
490
491
491
492
492
493
493
494
494
495
495
496
496
497
497
498
498
499
499
500
500
501
501
502
502
503
503
504
504
505
505
506
506
507
507
508
508
509
509
510
510
511
511
512
512
513
513
514
514
515
515
516
516
517
517
518
518
519
519
520
520
521
521
522
522
523
523
524
524
525
525
526
526
527
527
528
528
529
529
530
530
531
531
532
532
533
533
534
534
535
535
536
536
537
537
538
538
539
539
540
540
541
541
542
542
543
543
544
544
545
545
546
546
547
547
548
548
549
549
550
550
551
551
552
552
553
553
554
554
555
555
556
556
557
557
558
558
559
559
560
560
561
561
562
562
563
563
564
564
565
565
566
566
567
567
568
568
569
569
570
570
571
571
572
572
573
573
574
574
575
575
576
576
577
577
578
578
579
579
580
580
581
581
582
582
583
583
584
584
585
585
586
586
587
587
588
588
589
589
590
590
591
591
592
592
593
593
594
594
595
595
596
596
597
597
598
598
599
599
600
600
601
601
602
602
603
603
604
604
605
605
606
606
607
607
608
608
609
609
610
610
611
611
612
612
613
613
614
614
615
615
616
616
617
617
618
618
619
619
620
620
621
621
622
622
623
623
624
624
625
625
626
626
627
627
628
628
629
629
630
630
631
631
632
632
633
633
634
634
635
635
636
636
637
637
638
638
639
639
640
640
641
641
642
642
643
643
644
644
645
645
646
646
647
647
648
648
649
649
650
650
651
651
652
652
653
653
654
654
655
655
656
656
657
657
658
658
659
659
660
660
661
661
662
662
663
663
664
664
665
665
666
666
667
667
668
668
669
669
670
670
671
671
672
672
673
673
674
674
675
675
676
676
677
677
678
678
679
679
680
680
681
681
682
682
683
683
684
684
685
685
686
686
687
687
688
688
689
689
690
690
691
691
692
692
693
693
694
694
695
695
696
696
697
697
698
698
699
699
700
700
701
701
702
702
703
703
704
704
705
705
706
706
707
707
708
708
709
709
710
710
711
711
712
712
713
713
714
714
715
715
716
716
717
717
718
718
719
719
720
720
721
721
722
722
723
723
724
724
725
725
726
726
727
727
728
728
729
729
730
730
731
731
732
732
733
733
734
734
735
735
736
736
737
737
738
738
739
739
740
740
741
741
742
742
743
743
744
744
745
745
746
746
747
747
748
748
749
749
750
750
751
751
752
752
753
753
754
754
755
755
756
756
757
757
758
758
759
759
760
760
761
761
762
762
763
763
764
764
765
765
766
766
767
767
768
768
769
769
770
770
771
771
772
772
773
773
774
774
775
775
776
776
777
777
778
778
779
779
780
780
781
781
782
782
783
783
784
784
785
785
786
786
787
787
788
788
789
789
790
790
791
791
792
792
793
793
794
794
795
795
796
796
797
797
798
798
799
799
800
800
801
801
802
802
803
803
804
804
805
805
806
806
807
807
808
808
809
809
810
810
811
811
812
812
813
813
814
814
815
815
816
816
817
817
818
818
819
819
820
820
821
821
822
822
823
823
824
824
825
825
826
826
827
827
828
828
829
829
830
830
831
831
832
832
833
833
834
834
835
835
836
836
837
837
838
838
839
839
840
840
841
841
842
842
843
843
844
844
845
845
846
846
847
847
848
848
849
849
850
850
851
851
852
852
853
853
854
854
855
855
856
856
857
857
858
858
859
859
860
860
861
861
862
862
863
863
864
864
865
865
866
866
867
867
868
868
869
869
870
870
871
871
872
872
873
873
874
874
875
875
876
876
877
877
878
878
879
879
880
880
881
881
882
882
883
883
884
884
885
885
886
886
887
887
888
888
889
889
890
890
891
891
892
892
893
893
894
894
895
895
896
896
897
897
898
898
899
899
900
900
901
901
902
902
903
903
904
904
905
905
906
906
907
907
908
908
909
909
910
910
911
911
912
912
913
913
914
914
915
915
916
916
917
917
918
918
919
919
920
920
921
921
922
922
923
923
924
924
925
925
926
926
927
927
928
928
929
929
930
930
931
931
932
932
933
933
934
934
935
935
936
936
937
937
938
938
939
939
940
940
941
941
942
942
943
943
944
944
945
945
946
946
947
947
948
948
949
949
950
950
951
951
952
952
953
953
954
954
955
955
956
956
957
957
958
958
959
959
960
960
961
961
962
962
963
963
964
964
965
965
966
966
967
967
968
968
969
969
970
970
971
971
972
972
973
973
974
974
975
975
976
976
977
977
978
978
979
979
980
980
981
981
982
982
983
983
984
984
985
985
986
986
987
987
988
988
989
989
990
990
991
991
992
992
993
993
994
994
995
995
996
996
997
997
998
998
999
999
1000
1000
1001
1001
1002
1002
1003
1003
1004
1004
1005
1005
1006
1006
1007
1007
1008
1008
1009
1009
1010
1010
1011
1011
1012
1012
1013
1013
1014
1014
1015
1015
1016
1016
1017
1017
1018
1018
1019
1019
1020
1020
1021
1021
1022
1022
1023
1023
1024
1024
1025
1025
1026
1026
1027
1027
1028
1028
1029
1029
1030
1030
1031
1031
1032
1032
1033
1033
1034
1034
1035
1035
1036
1036
1037
1037
1038
1038
1039
1039
1040
1040
1041
1041
1042
1042
1043
1043
1044
1044
1045
1045
1046
1046
1047
1047
1048
1048
1049
1049
1050
1050
1051
1051
1052
1052
1053
1053
1054
1054
1055
1055
1056
1056
1057
1057
1058
1058
1059
1059
1060
1060
1061
1061
1062
1062
1063
1063
1064
1064
1065
1065
1066
1066
1067
1067
1068
1068
1069
1069
1070
1070
1071
1071
1072
1072
1073
1073
1074
1074
1075
1075
1076
1076
1077
1077
1078
1078
1079
1079
1080
1080
1081
1081
1082
1082
1083
1083
1084
1084
1085
1085
1086
1086
1087
1087
1088
1088
1089
1089
1090
1090
1091
1091
1092
1092
1093
1093
1094
1094
1095
1095
1096
1096
1097
1097
1098
1098
1099
1099
1100
1100
1101
1101
1102
1102
1103
1103
1104
1104
1105
1105
1106
1106
1107
1107
1108
1108
1109
1109
1110
1110
1111
1111
1112
1112
1113
1113
1114
1114
1115
1115
1116
1116
1117
1117
1118
1118
1119
1119
1120
1120
1121
1121
1122
1122
1123
1123
1124
1124
1125
1125
1126
1126
1127
1127
1128
1128
1129
1129
1130
1130
1131
1131
1132
1132
1133
1133
1134
1134
1135
1135
1136
1136
1137
1137
1138
1138
1139
1139
1140
1140
1141
1141
1142
1142
1143
1143
1144
1144
1145
1145
1146
1146
1147
1147
1148
1148
1149
1149
1150
1150
1151
1151
1152
1152
1153
1153
1154
1154
1155
1155
1156
1156
1157
1157
1158
1158
1159
1159
1160
1160
1161
1161
1162
1162
1163
1163
1164
1164
1165
1165
1166
1166
1167
1167
1168
1168
1169
1169
1170
1170
1171
1171
1172
1172
1173
1173
1174
1174
1175
1175
1176
1176
1177
1177
1178
1178
1179
1179
1180
1180
1181
1181
1182
1182
1183
1183
1184
1184
1185
1185
1186
1186
1187
1187
1188
1188
1189
1189
1190
1190
1191
1191
1192
1192
1193
1193
1194
1194
1195
1195
1196
1196
1197
1197
1198
1198
1199
1199
1200
1200
1201
1201
1202
1202
1203
1203
1204
1204
1205
1205
1206
1206
1207
1207
1208
1208
1209
1209
1210
1210
1211
1211
1212
1212
1213
1213
1214
1214
1215
1215
1216
1216
1217
1217
1218
1218
1219
1219
1220
1220
1221
1221
1222
1222
1223
1223
1224
1224
1225
1225
1226
1226
1227
1227
1228
1228
1229
1229
1230
1230
1231
1231
1232
1232
1233
1233
1234
1234
1235
1235
1236
1236
1237
1237
1238
1238
1239
1239
1240
1240
1241
1241
1242
1242
1243
1243
1244
1244
1245
1245
1246
1246
1247
1247
1248
1248
1249
1249
1250
1250
1251
1251
1252
1252
1253
1253
1254
1254
1255
1255
1256
1256
1257
1257
1258
1258
1259
1259
1260
1260
1261
1261
1262
1262
1263
1263
1264
1264
1265
1265
1266
1266
1267
1267
1268
1268
1269
1269
1270
1270
1271
1271
1272
1272
1273
1273
1274
1274
1275
1275
1276
1276
1277
1277
1278
1278
1279
1279
1280
1280
1281
1281
1282
1282
1283
1283
1284
1284
1285
1285
1286
1286
1287
1287
1288
1288
1289
1289
1290
1290
1291
1291
1292
1292
1293
1293
1294
1294
1295
1295
1296
1296
1297
1297
1298
1298
1299
1299
1300
1300
1301
1301
1302
1302
1303
1303
1304
1304
1305
1305
1306
1306
1307
1307
1308
1308
1309
1309
1310
1310
1311
1311
1312
1312
1313
1313
1314
1314
1315
1315
1316
1316
1317
1317
1318
1318
1319
1319
1320
1320
1321
1321
1322
1322
1323
1323
1324
1324
1325
1325
1326
1326
1327
1327
1328
1328
1329
1329
1330
1330
1331
1331
1332
1332
1333
1333
1334
1334
1335
1335
1336
1336
1337
1337
1338
1338
1339
1339
1340
1340
1341
1341
1342
1342
1343
1343
1344
1344
1345
1345
1346
1346
1347
1347
1348
1348
1349
1349
1350
1350
1351
1351
1352
1352
1353
1353
1354
1354
1355
1355
1356
1356
1357
1357
1358
1358
1359
1359
1360
1360
1361
1361
1362
1362
1363
1363
1364
1364
1365
1365
1366
1366
1367
1367
1368
1368
1369
1369
1370
1370
1371
1371
1372
1372
1373
1373
1374
1374
1375
1375
1376
1376
1377
1377
1378
1378
1379
1379
1380
1380
1381
1381
1382
1382
1383
1383
1384
1384
1385
1385
1386
1386
1387
1387
1388
1388
1389
1389
1390
1390
1391
1391
1392
1392
1393
1393
1394
1394
1395
1395
1396
1396
1397
1397
1398
1398
1399
1399
1400
1400
1401
1401
1402
1402
1403
1403
1404
1404
1405
1405
1406
1406
1407
1407
1408
1408
1409
1409
1410
1410
1411
1411
1412
1412
1413
1413
1414
1414
1415
1415
1416
1416
1417
1417
1418
1418
1419
1419
1420
1420
1421
1421
1422
1422
1423
1423
1424
1424
1425
1425
1426
1426
1427
1427
1428
1428
1429
1429
1430
1430
1431
1431
1432
1432
1433
1433
1434
1434
1435
1435
1436
1436
1437
1437
1438
1438
1439
1439
1440
1440
1441
1441
1442
1442
1443
1443
1444
1444
1445
1445
1446
1446
1447
1447
1448
1448
1449
1449
1450
1450
1451
1451
1452
1452
1453
1453
1454
1454
1455
1455
1456
1456
1457
1457
1458
1458
1459
1459
1460
1460
1461
1461
1462
1462
1463
1463
1464
1464
1465
1465
1466
1466
1467
1467
1468
1468
1469
1469
1470
1470
1471
1471
1472
1472
1473
1473
1474
1474
1475
1475
1476
1476
1477
1477
1478
1478
1479
1479
1480
1480
1481
1481
1482
1482
1483
1483
1484
1484
1485
1485
1486
1486
1487
1487
1488
1488
1489
1489
1490
1490
1491
1491
1492
1492
1493
1493
1494
1494
1495
1495
1496
1496
1497
1497
1498
1498
1499
1499
1500
1500
1501
1501
1502
1502
1503
1503
1504
1504
1505
1505
1506
1506
1507
1507
1508
1508
1509
1509
1510
1510
1511
1511
1512
1512
1513
1513
1514
1514
1515
1515
1516
1516
1517
1517
1518
1518
1519
1519
1520
1520
1521
1521
1522
1522
1523
1523
1524
1524
1525
1525
1526
1526
1527
1527
1528
1528
1529
1529
1530
1530
1531
1531
1532
1532
1533
1533
1534
1534
1535
1535
1536
1536
1537
1537
1538
1538
1539
1539
1540
1540
1541
1541
1542
1542
1543
1543
1544
1544
1545
1545
1546
1546
1547
1547
1548
1548
1549
1549
1550
1550
1551
1551
1552
1552
1553
1553
1554
1554
1555
1555
1556
1556
1557
1557
1558
1558
1559
1559
1560
1560
1561
1561
1562
1562
1563
1563
1564
1564
1565
1565
1566
1566
1567
1567
1568
1568
1569
1569
1570
1570
1571
1571
1572
1572
1573
1573
1574
1574
1575
1575
1576
1576
1577
1577
1578
1578
1579
1579
1580
1580
1581
1581
1582
1582
1583
1583
1584
1584
1585
1585
1586
1586
1587
1587
1588
1588
1589
1589
1590
1590
1591
1591
1592
1592
1593
1593
1594
1594
1595
1595
1596
1596
1597
1597
1598
1598
1599
1599
1600
1600
1601
1601
1602
1602
1603
1603
1604
1604
1605
1605
1606
1606
1607
1607
1608
1608
1609
1609
1610
1610
1611
1611
1612
1612
1613
1613
1614
1614
1615
1615
1616
1616
1617
1617
1618
1618
1619
1619
1620
1620
1621
1621
1622
1622
1623
1623
1624
1624
1625
1625
1626
1626
1627
1627
1628
1628
1629
1629
1630
1630
1631
1631
1632
1632
1633
1633
1634
1634
1635
1635
1636
1636
1637
1637
1638
1638
1639
1639
1640
1640
1641
1641
1642
1642
1643
1643
1644
1644
1645
1645
1646
1646
1647
1647
1648
1648
1649
1649
1650
1650
1651
1651
1652
1652
1653
1653
1654
1654
1655
1655
1656
1656
1657
1657
1658
1658
1659
1659
1660
1660
1661
1661
1662
1662
1663
1663
1664
1664
1665
1665
1666
1666
1667
1667
1668
1668
1669
1669
1670
1670
1671
1671
1672
1672
1673
1673
1674
1674
1675
1675
1676
1676
1677
1677
1678
1678
1679
1679
1680
1680
1681
1681
1682
1682
1683
1683
1684
1684
1685
1685
1686
1686
1687
1687
1688
1688
1689
1689
1690
1690
1691
1691
1692
1692
1693
1693
1694
1694
1695
1695
1696
1696
1697
1697
1698
1698
1699
1699
1700
1700
1701
1701
1702
1702
1703
1703
1704
1704
1705
1705
1706
1706
1707
1707
1708
1708
1709
1709
1710
1710
1711
1711
1712
1712
1713
1713
1714
1714
1715
1715
1716
1716
1717
1717
1718
1718
1719
1719
1720
1720
1721
1721
1722
1722
1723
1723
1724
1724
1725
1725
1726
1726
1727
1727
1728
1728
1729
1729
1730
1730
1731
1731
1732
1732
1733
1733
1734
1734
1735
1735
1736
1736
1737
1737
1738
1738
1739
1739
1740
1740
1741
1741
1742
1742
1743
1743
1744
1744
1745
1745
1746
1746
1747
1747
1748
1748
1749
1749
1750
1750
1751
1751
1752
1752
1753
1753
1754
1754
1755
1755
1756
1756
1757
1757
1758
1758
1759
1759
1760
1760
1761
1761
1762
1762
1763
1763
1764
1764
1765
1765
1766
1766
1767
1767
1768
1768
1769
1769
1770
1770
1771
1771
1772
1772
1773
1773
1774
1774
1775
1775
1776
1776
1777
1777
1778
1778
1779
1779
1780
1780
1781
1781
1782
1782
1783
1783
1784
1784
1785
1785
1786
1786
1787
1787
1788
1788
1789
1789
1790
1790
1791
1791
1792
1792
1793
1793
1794
1794
1795
1795
1796
1796
1797
1797
1798
1798
1799
1799
1800
1800
1801
1801
1802
1802
1803
1803
1804
1804
1805
1805
1806
1806
1807
1807
1808
1808
1809
1809
1810
1810
1811
1811
1812
1812
1813
1813
1814
1814
1815
1815
1816
1816
1817
1817
1818
1818
1819
1819
1820
1820
1821
1821
1822
1822
1823
1823
1824
1824
1825
1825
1826
1826
1827
1827
1828
1828
1829
1829
1830
1830
1831
1831
1832
1832
1833
1833
1834
1834
1835
1835
1836
1836
1837
1837
1838
1838
1839
1839
1840
1840
1841
1841
1842
1842
1843
1843
1844
1844
1845
1845
1846
1846
1847
1847
1848
1848
1849
1849
1850
1850
1851
1851
1852
1852
1853
1853
1854
1854
1855
1855
1856
1856
1857
1857
1858
1858
1859
1859
1860
1860
1861
1861
1862
1862
1863
1863
1864
1864
1865
1865
1866
1866
1867
1867
1868
1868
1869
1869
1870
1870
1871
1871
1872
1872
1873
1873
1874
1874
1875
1875
1876
1876
1877
1877
1878
1878
1879
1879
1880
1880
1881
1881
1882
1882
1883
1883
1884
1884
1885
1885
1886
1886
1887
1887
1888
1888
1889
1889
1890
1890
1891
1891
1892
1892
1893
1893
1894
1894
1895
1895
1896
1896
1897
1897
1898
1898
1899
1899
1900
1900
1901
1901
1902
1902
1903
1903
1904
1904
1905
1905
1906
1906
1907
1907
1908
1908
1909
1909
1910
1910
1911
1911
1912
1912
1913
1913
1914
1914
1915
1915
1916
1916
1917
1917
1918
1918
1919
1919
1920
1920
1921
1921
1922
1922
1923
1923
1924
1924
1925
1925
1926
1926
1927
1927
1928
1928
1929
1929
1930
1930
1931
1931
1932
1932
1933
1933
1934
1934
1935
1935
1936
1936
1937
1937
1938
1938
1939
1939
1940
1940
1941
1941
1942
1942
1943
1943
1944
1944
1945
1945
1946
1946
1947
1947
1948
1948
1949
1949
1950
1950
1951
1951
1952
1952
1953
1953
1954
1954
1955
1955
1956
1956
1957
1957
1958
1958
1959
1959
1960
1960
1961
1961
1962
1962
1963
1963
1964
1964
1965
1965
1966
1966
1967
1967
1968
1968
1969
1969
1970
1970
1971
1971
1972
1972
1973
1973
1974
1974
1975
1975
1976
1976
1977
1977
1978
1978
1979
1979
1980
1980
1981
1981
1982
1982
1983
1983
1984
1984
1985
1985
1986
1986
1987
1987
1988
1988
1989
1989
1990
1990
1991
1991
1992
1992
1993
1993
1994
1994
1995
1995
1996
1996
1997
1997
1998
1998
1999
1999
2000
2000
2001
2001
2002
2002
2003
2003
2004
2004
2005
2005
2006
2006
2007
2007
2008
2008
2009
2009
2010
2010
2011
2011
2012
2012
2013
2013
2014
2014
2015
2015
2016
2016
2017
2017
2018
2018
2019
2019
2020
2020
2021
2021
2022
2022
2023
2023
2024
2024
2025
2025
2026
2026
2027
2027
2028
2028
2029
2029
2030
2030
2031
2031
2032
2032
2033
2033
2034
2034
2035
2035
2036
2036
2037
2037
2038
2038
2039
2039
2040
2040
2041
2041
2042
2042
2043
2043
2044
2044
2045
2045
2046
2046
2047
2047
2048
2048
2049
2049
2050
2050
2051
2051
2052
2052
2053
2053
2054
2054
2055
2055
2056
2056
2057
2057
2058
2058
2059
2059
2060
2060
2061
2061
2062
2062
2063
2063
2064
2064
2065
2065
2066
2066
2067
2067
2068
2068
2069
2069
2070
2070
2071
2071
2072
2072
2073
2073
2074
2074
2075
2075
2076
2076
2077
2077
2078
2078
2079
2079
2080
2080
2081
2081
2082
2082
2083
2083
2084
2084
2085
2085
2086
2086
2087
2087
2088
2088
2089
2089
2090
2090
2091
2091
2092
2092
2093
2093
2094
2094
2095
2095
2096
2096
2097
2097
2098
2098
2099
2099
2100
2100
2101
2101
2102
2102
2103
2103
2104
2104
2105
2105
2106
2106
2107
2107
2108
2108
2109
2109
2110
2110
2111
2111
2112
2112
2113
2113
2114
2114
2115
2115
2116
2116
2117
2117
2118
2118
2119
2119
2120
2120
2121
2121
2122
2122
2123
2123
2124
2124
2125
2125
2126
2126
2127
2127
2128
2128
2129
2129
2130
2130
2131
2131
2132
2132
2133
2133
2134
2134
2135
2135
2136
2136
2137
2137
2138
2138
2139
2139
2140
2140
2141
2141
2142
2142
2143
2143
2144
2144
2145
2145
2146
2146
2147
2147
2148
2148
2149
2149
2150
2150
2151
2151
2152
2152
2153
2153
2154
2154
2155
2155
2156
2156
2157
2157
2158
2158
2159
2159
2160
2160
2161
2161
2162
2162
2163
2163
2164
2164
2165
2165
2166
2166
2167
2167
2168
2168
2169
2169
2170
2170
2171
2171
2172
2172
2173
2173
2174
2174
2175
2175
2176
2176
2177
2177
2178
2178
2179
2179
2180
2180
2181
2181
2182
2182
2183
2183
2184
2184
2185
2185
2186
2186
2187
2187
2188
2188
2189
2189
2190
2190
2191
2191
2192
2192
2193
2193
2194
2194
2195
2195
2196
2196
2197
2197
2198
2198
2199
2199
2200
2200
2201
2201
2202
2202
2203
2203
2204
2204
2205
2205
2206
2206
2207
2207
2208
2208
2209
2209
2210
2210
2211
2211
2212
2212
2213
2213
2214
2214
2215
2215
2216
2216
2217
2217
2218
2218
2219
2219
2220
2220
2221
2221
2222
2222
2223
2223
2224
2224
2225
2225
2226
2226
2227
2227
2228
2228
2229
2229
2230
2230
2231
2231
2232
2232
2233
2233
2234
2234
2235
2235
2236
2236
2237
2237
2238
2238
2239
2239
2240
2240
2241
2241
2242
2242
2243
2243
2244
2244
2245
2245
2246
2246
2247
2247
2248
2248
2249
2249
2250
2250
2251
2251
2252
2252
2253
2253
2254
2254
2255
2255
2256
2256
2257
2257
2258
2258
2259
2259
2260
2260
2261
2261
2262
2262
2263
2263
2264
2264
2265
2265
2266
2266
2267
2267
2268
2268
2269
2269
2270
2270
2271
2271
2272
2272
2273
2273
2274
2274
2275
2275
2276
2276
2277
2277
2278
2278
2279
2279
2280
2280
2281
2281
2282
2282
2283
2283
2284
2284
2285
2285
2286
2286
2287
2287
2288
2288
2289
2289
2290
2290
2291
2291
2292
2292
2293
2293
2294
2294
2295
2295
2296
2296
2297
2297
2298
2298
2299
2299
2300
2300
2301
2301
2302
2302
2303
2303
2304
2304
2305
2305
2306
2306
2307
2307
2308
2308
2309
2309
2310
2310
2311
2311
2312
2312
2313
2313
2314
2314
2315
2315
2316
2316
2317
2317
2318
2318
2319
2319
2320
2320
2321
2321
2322
2322
2323
2323
2324
2324
2325
2325
2326
2326
2327
2327
2328
2328
2329
2329
2330
2330
2331
2331
2332
2332
2333
2333
2334
2334
2335
2335
2336
2336
2337
2337
2338
2338
2339
2339
2340
2340
2341
2341
2342
2342
2343
2343
2344
2344
2345
2345
2346
2346
2347
2347
2348
2348
2349
2349
2350
2350
2351
2351
2352
2352
2353
2353
2354
2354
2355
2355
2356
2356
2357
2357
2358
2358
2359
2359
2360
2360
2361
2361
2362
2362
2363
2363
2364
2364
2365
2365
2366
2366
2367
2367
2368
2368
2369
2369
2370
2370
2371
2371
2372
2372
2373
2373
2374
2374
2375
2375
2376
2376
2377
2377
2378
2378
2379
2379
2380
2380
2381
2381
2382
2382
2383
2383
2384
2384
2385
2385
2386
2386
2387
2387
2388
2388
2389
2389
2390
2390
2391
2391
2392
2392
2393
2393
2394
2394
2395
2395
2396
2396
2397
2397
2398
2398
2399
2399
2400
2400
2401
2401
2402
2402
2403
2403
2404
2404
2405
2405
2406
2406
2407
2407
2408
2408
2409
2409
2410
2410
2411
2411
2412
2412
2413
2413
2414
2414
2415
2415
2416
2416
2417
2417
2418
2418
2419
2419
2420
2420
2421
2421
2422
2422
2423
2423
2424
2424
2425
2425
2426
2426
2427
2427
2428
2428
2429
2429
2430
2430
2431
2431
2432
2432
2433
2433
2434
2434
2435
2435
2436
2436
2437
2437
2438
2438
2439
2439
2440
2440
2441
2441
2442
2442
2443
2443
2444
2444
2445
2445
2446
2446
2447
2447
2448
2448
2449
2449
2450
2450
2451
2451
2452
2452
2453
2453
2454
2454
2455
2455
2456
2456
2457
2457
2458
2458
2459
2459
2460
2460
2461
2461
2462
2462
2463
2463
2464
2464
2465
2465
2466
2466
2467
2467
2468
2468
2469
2469
2470
2470
2471
2471
2472
2472
2473
2473
2474
2474
2475
2475
2476
2476
2477
2477
2478
2478
2479
2479
2480
2480
2481
2481
2482
2482
2483
2483
2484
2484
2485
2485
2486
2486
2487
2487
2488
2488
2489
2489
2490
2490
2491
2491
2492
2492
2493
2493
2494
2494
2495
2495
2496
2496
2497
2497
2498
2498
2499
2499
2500
2500
2501
2501
2502
2502
2503
2503
2504
2504
2505
2505
2506
2506
2507
2507
2508
2508
2509
2509
2510
2510
2511
2511
2512
2512
2513
2513
2514
2514
2515
2515
2516
2516
2517
2517
2518
2518
2519
2519
2520
2520
2521
2521
2522
2522
2523
2523
2524
2524
2525
2525
2526
2526
2527
2527
2528
2528
2529
2529
2530
2530
2531
2531
2532
2532
2533
2533
2534
2534
2535
2535
2536
2536
2537
2537
2538
2538
2539
2539
2540
2540
2541
2541
2542
2542
2543
2543
2544
2544
2545
2545
2546
2546
2547
2547
2548
2548
2549
2549
2550
2550
2551
2551
2552
2552
2553
2553
2554
2554
2555
2555
2556
2556
2557
2557
2558
2558
2559
2559
2560
2560
2561
2561
2562
2562
2563
2563
2564
2564
2565
2565
2566
2566
2567
2567
2568
2568
2569
2569
2570
2570
2571
2571
2572
2572
2573
2573
2574
2574
2575
2575
2576
2576
2577
2577
2578
2578
2579
2579
2580
2580
2581
2581
2582
2582
2583
2583
2584
2584
2585
2585
2586
2586
2587
2587
2588
2588
2589
2589
2590
2590
2591
2591
2592
2592
2593
2593
2594
2594
2595
2595
2596
2596
2597
2597
2598
2598
2599
2599
2600
2600
2601
2601
2602
2602
2603
2603
2604
2604
2605
2605
2606
2606
2607
2607
2608
2608
2609
2609
2610
2610
2611
2611
2612
2612
2613
2613
2614
2614
2615
2615
2616
2616
2617
2617
2618
2618
2619
2619
2620
2620
2621
2621
2622
2622
2623
2623
2624
2624
2625
2625
2626
2626
2627
2627
2628
2628
2629
2629
2630
2630
2631
2631
2632
2632
2633
2633
2634
2634
2635
2635
2636
2636
2637
2637
2638
2638
2639
2639
2640
2640
2641
2641
2642
2642
2643
2643
2644
2644
2645
2645
2646
2646
2647
2647
2648
2648
2649
2649
2650
2650
2651
2651
2652
2652
2653
2653
2654
2654
2655
2655
2656
2656
2657
2657
2658
2658
2659
2659
2660
2660
2661
2661
2662
2662
2663
2663
2664
2664
2665
2665
2666
2666
2667
2667
2668
2668
2669
2669
2670
2670
2671
2671
2672
2672
2673
2673
2674
2674
2675
2675
2676
2676
2677
2677
2678
2678
2679
2679
2680
2680
2681
2681
2682
2682
2683
2683
2684
2684
2685
2685
2686
2686
2687
2687
2688
2688
2689
2689
2690
2690
2691
2691
2692
2692
2693
2693
2694
2694
2695
2695
2696
2696
2697
2697
2698
2698
2699
2699
2700
2700
2701
2701
2702
2702
2703
2703
2704
2704
2705
2705
2706
2706
2707
2707
2708
2708
2709
2709
2710
2710
2711
2711
2712
2712
2713
2713
2714
2714
2715
2715
2716
2716
2717
2717
2718
2718
2719
2719
2720
2720
2721
2721
2722
2722
2723
2723
2724
2724
2725
2725
2726
2726
2727
2727
2728
2728
2729
2729
2730
2730
2731
2731
2732
2732
2733
2733
2734
2734
2735
2735
2736
2736
2737
2737
2738
2738
2739
2739
2740
2740
2741
2741
2742
2742
2743
2743
2744
2744
2745
2745
2746
2746
2747
2747
2748
2748
2749
2749
2750
2750
2751
2751
2752
2752
2753
2753
2754
2754
2755
2755
2756
2756
2757
2757
2758
2758
2759
2759
2760
2760
2761
2761
2762
2762
2763
2763
2764
2764
2765
2765
2766
2766
2767
2767
2768
2768
2769
2769
2770
2770
2771
2771
2772
2772
2773
2773
2774
2774
2775
2775
2776
2776
2777
2777
2778
2778
2779
2779
2780
2780
2781
2781
2782
2782
2783
2783
2784
2784
2785
2785
2786
2786
2787
2787
2788
2788
2789
2789
2790
2790
2791
2791
2792
2792
2793
2793
2794
2794
2795
2795
2796
2796
2797
2797
2798
2798
2799
2799
2800
2800
2801
2801
2802
2802
2803
2803
2804
2804
2805
2805
2806
2806
2807
2807
2808
2808
2809
2809
2810
2810
2811
2811
2812
2812
2813
2813
2814
2814
2815
2815
2816
2816
2817
2817
2818
2818
2819
2819
2820
2820
2821
2821
2822
2822
2823
2823
2824
2824
2825
2825
2826
2826
2827
2827
2828
2828
2829
2829
2830
2830
2831
2831
2832
2832
2833
2833
2834
2834
2835
2835
2836
2836
2837
2837
2838
2838
2839
2839
2840
2840
2841
2841
2842
2842
2843
2843
2844
2844
2845
2845
2846
2846
2847
2847
2848
2848
2849
2849
2850
2850
2851
2851
2852
2852
2853
2853
2854
2854
2855
2855
2856
2856
2857
2857
2858
2858
2859
2859
2860
2860
2861
2861
2862
2862
2863
2863
2864
2864
2865
2865
2866
2866
2867
2867
2868
2868
2869
2869
2870
2870
2871
2871
2872
2872
2873
2873
2874
2874
2875
2875
2876
2876
2877
2877
2878
2878
2879
2879
2880
2880
2881
2881
2882
2882
2883
2883
2884
2884
2885
2885
2886
2886
2887
2887
2888
2888
2889
2889
2890
2890
2891
2891
2892
2892
2893
2893
2894
2894
2895
2895
2896
2896
2897
2897
2898
2898
2899
2899
2900
2900
2901
2901
2902
2902
2903
2903
2904
2904
2905
2905
2906
2906
2907
2907
2908
2908
2909
2909
2910
2910
2911
2911
2912
2912
2913
2913
2914
2914
2915
2915
2916
2916
2917
2917
2918
2918
2919
2919
2920
2920
2921
2921
2922
2922
2923
2923
2924
2924
2925
2925
2926
2926
2927
2927
2928
2928
2929
2929
2930
2930
2931
2931
2932
2932
2933
2933
2934
2934
2935
2935
2936
2936
2937
2937
2938
2938
2939
2939
2940
2940
2941
2941
2942
2942
2943
2943
2944
2944
2945
2945
2946
2946
2947
2947
2948
2948
2949
2949
2950
2950
2951
2951
2952
2952
2953
2953
2954
2954
2955
2955
2956
2956
2957
2957
2958
2958
2959
2959
2960
2960
2961
2961
2962
2962
2963
2963
2964
2964
2965
2965
2966
2966
2967
2967
2968
2968
2969
2969
2970
2970
2971
2971
2972
2972
2973
2973
2974
2974
2975
2975
2976
2976
2977
2977
2978
2978
2979
2979
2980
2980
2981
2981
2982
2982
2983
2983
2984
2984
2985
2985
2986
2986
2987
2987
2988
2988
2989
2989
2990
2990
2991
2991
2992
2992
2993
2993
2994
2994
2995
2995
2996
2996
2997
2997
2998
2998
2999
2999
3000
3000
3001
3001
3002
3002
3003
3003
3004
3004
3005
3005
3006
3006
3007
3007
3008
3008
3009
3009
3010
3010
3011
3011
3012
3012
3013
3013
3014
3014
3015
3015
3016
3016
3017
3017
3018
3018
3019
3019
3020
3020
3021
3021
3022
3022
3023
3023
3024
3024
3025
3025
3026
3026
3027
3027
3028
3028
3029
3029
3030
3030
3031
3031
3032
3032
3033
3033
3034
3034
3035
3035
3036
3036
3037
3037
3038
3038
3039
3039
3040
3040
3041
3041
3042
3042
3043
3043
3044
3044
3045
3045
3046
3046
3047
3047
3048
3048
3049
3049
3050
3050
3051
3051
3052
3052
3053
3053
3054
3054
3055
3055
3056
3056
3057
3057
3058
3058
3059
3059
3060
3060
3061
3061
3062
3062
3063
3063
3064
3064
3065
3065
3066
3066
3067
3067
3068
3068
3069
3069
3070
3070
3071
3071
3072
3072
3073
3073
3074
3074
3075
3075
3076
3076
3077
3077
3078
3078
3079
3079
3080
3080
3081
3081
3082
3082
3083
3083
3084
3084
3085
3085
3086
3086
3087
3087
3088
3088
3089
3089
3090
3090
3091
3091
3092
3092
3093
3093
3094
3094
3095
3095
3096
3096
3097
3097
3098
3098
3099
3099
3100
3100
3101
3101
3102
3102
3103
3103
3104
3104
3105
3105
3106
3106
3107
3107
3108
3108
3109
3109
3110
3110
3111
3111
3112
3112
3113
3113
3114
3114
3115
3115
3116
3116
3117
3117
3118
3118
3119
3119
3120
3120
3121
3121
3122
3122
3123
3123
3124
3124
3125
3125
3126
3126
3127
3127
3128
3128
3129
3129
3130
3130
3131
3131
3132
3132
3133
3133
3134
3134
3135
3135
3136
3136
3137
3137
3138
3138
3139
3139
3140
3140
3141
3141
3142
3142
3143
3143
3144
3144
3145
3145
3146
3146
3147
3147
3148
3148
3149
3149
3150
3150
3151
3151
3152
3152
3153
3153
3154
3154
3155
3155
3156
3156
3157
3157
3158
3158
3159
3159
3160
3160
3161
3161
3162
3162
3163
3163
3164
3164
3165
3165
3166
3166
3167
3167
3168
3168
3169
3169
3170
3170
3171
3171
3172
3172
3173
3173
3174
3174
3175
3175
3176
3176
3177
3177
3178
3178
3179
3179
3180
3180
3181
3181
3182
3182
3183
3183
3184
3184
3185
3185
3186
3186
3187
3187
3188
3188
3189
3189
3190
3190
3191
3191
3192
3192
3193
3193
3194
3194
3195
3195
3196
3196
3197
3197
3198
3198
3199
3199
3200
3200
3201
3201
3202
3202
3203
3203
3204
3204
3205
3205
3206
3206
3207
3207
3208
3208
3209
3209
3210
3210
3211
3211
3212
3212
3213
3213
3214
3214
3215
3215
3216
3216
3217
3217
3218
3218
3219
3219
3220
3220
3221
3221
3222
3222
3223
3223
3224
3224
3225
3225
3226
3226
3227
3227
3228
3228
3229
3229
3230
3230
3231
3231
3232
3232
3233
3233
3234
3234
3235
3235
3236
3236
3237
3237
3238
3238
3239
3239
3240
3240
3241
3241
3242
3242
3243
3243
3244
3244
3245
3245
3246
3246
3247
3247
3248
3248
3249
3249
3250
3250
3251
3251
3252
3252
3253
3253
3254
3254
3255
3255
3256
3256
3257
3257
3258
3258
3259
3259
3260
3260
3261
3261
3262
3262
3263
3263
3264
3264
3265
3265
3266
3266
3267
3267
3268
3268
3269
3269
3270
3270
3271
3271
3272
3272
3273
3273
3274
3274
3275
3275
3276
3276
3277
3277
3278
3278
3279
3279
3280
3280
3281
3281
3282
3282
3283
3283
3284
3284
3285
3285
3286
3286
3287
3287
3288
3288
3289
3289
3290
3290
3291
3291
3292
3292
3293
3293
3294
3294
3295
3295
3296
3296
3297
3297
3298
3298
3299
3299
3300
3300
3301
3301
3302
3302
3303
3303
3304
3304
3305
3305
3306
3306
3307
3307
3308
3308
3309
3309
3310
3310
3311
3311
3312
3312
3313
3313
3314
3314
3315
3315
3316
3316
3317
3317
3318
3318
3319
3319
3320
3320
3321
3321
3322
3322
3323
3323
3324
3324
3325
3325
3326
3326
3327
3327
3328
3328
3329
3329
3330
3330
3331
3331
3332
3332
3333
3333
3334
3334
3335
3335
3336
3336
3337
3337
3338
3338
3339
3339
3340
3340
3341
3341
3342
3342
3343
3343
3344
3344
3345
3345
3346
3346
3347
3347
3348
3348
3349
3349
3350
3350
3351
3351
3352
3352
3353
3353
3354
3354
3355
3355
3356
3356
3357
3357
3358
3358
3359
3359
3360
3360
3361
3361
3362
3362
3363
3363
3364
3364
3365
3365
3366
3366
3367
3367
3368
3368
3369
3369
3370
3370
3371
3371
3372
3372
3373
3373
3374
3374
3375
3375
3376
3376
3377
3377
3378
3378
3379
3379
3380
3380
3381
3381
3382
3382
3383
3383
3384
3384
3385
3385
3386
3386
3387
3387
3388
3388
3389
3389
3390
3390
3391
3391
3392
3392
3393
3393
3394
3394
3395
3395
3396
3396
3397
3397
3398
3398
3399
3399
3400
3400
3401
3401
3402
3402
3403
3403
3404
3404
3405
3405
3406
3406
3407
3407
3408
3408
3409
3409
3410
3410
3411
3411
3412
3412
3413
3413
3414
3414
3415
3415
3416
3416
3417
3417
3418
3418
3419
3419
3420
3420
3421
3421
3422
3422
3423
3423
3424
3424
3425
3425
3426
3426
3427
3427
3428
3428
3429
3429
3430
3430
3431
3431
3432
3432
3433
3433
3434
3434
3435
3435
3436
3436
3437
3437
3438
3438
3439
3439
3440
3440
3441
3441
3442
3442
3443
3443
3444
3444
3445
3445
3446
3446
3447
3447
3448
3448
3449
3449
3450
3450
3451
3451
3452
3452
3453
3453
3454
3454
3455
3455
3456
3456
3457
3457
3458
3458
3459
3459
3460
3460
3461
3461
3462
3462
3463
3463
3464
3464
3465
3465
3466
3466
3467
3467
3468
3468
3469
3469
3470
3470
3471
3471
3472
3472
3473
3473
3474
3474
3475
3475
3476
3476
3477
3477
3478
3478
3479
3479
3480
3480
3481
3481
3482
3482
3483
3483
3484
3484
3485
3485
3486
3486
3487
3487
3488
3488
3489
3489
3490
3490
3491
3491
3492
3492
3493
3493
3494
3494
3495
3495
3496
3496
3497
3497
3498
3498
3499
3499
3500
3500
3501
3501
3502
3502
3503
3503
3504
3504
3505
3505
3506
3506
3507
3507
3508
3508
3509
3509
3510
3510
3511
3511
3512
3512
3513
3513
3514
3514
3515
3515
3516
3516
3517
3517
3518
3518
3519
3519
3520
3520
3521
3521
3522
3522
3523
3523
3524
3524
3525
3525
3526
3526
3527
3527
3528
3528
3529
3529
3530
3530
3531
3531
3532
3532
3533
3533
3534
3534
3535
3535
3536
3536
3537
3537
3538
3538
3539
3539
3540
3540
3541
3541
3542
3542
3543
3543
3544
3544
3545
3545
3546
3546
3547
3547
3548
3548
3549
3549
3550
3550
3551
3551
3552
3552
3553
3553
3554
3554
3555
3555
3556
3556
3557
3557
3558
3558
3559
3559
3560
3560
3561
3561
3562
3562
3563
3563
3564
3564
3565
3565
3566
3566
3567
3567
3568
3568
3569
3569
3570
3570
3571
3571
3572
3572
3573
3573
3574
3574
3575
3575
3576
3576
3577
3577
3578
3578
3579
3579
3580
3580
3581
3581
3582
3582
3583
3583
3584
3584
3585
3585
3586
3586
3587
3587
3588
3588
3589
3589
3590
3590
3591
3591
3592
3592
3593
3593
3594
3594
3595
3595
3596
3596
3597
3597
3598
3598
3599
3599
3600
3600
3601
3601
3602
3602
3603
3603
3604
3604
3605
3605
3606
3606
3607
3607
3608
3608
3609
3609
3610
3610
3611
3611
3612
3612
3613
3613
3614
3614
3615
3615
3616
3616
3617
3617
3618
3618
3619
3619
3620
3620
3621
3621
3622
3622
3623
3623
3624
3624
3625
3625
3626
3626
3627
3627
3628
3628
3629
3629
3630
3630
3631
3631
3632
3632
3633
3633
3634
3634
3635
3635
3636
3636
3637
3637
3638
3638
3639
3639
3640
3640
3641
3641
3642
3642
3643
3643
3644
3644
3645
3645
3646
3646
3647
3647
3648
3648
3649
3649
3650
3650
3651
3651
3652
3652
3653
3653
3654
3654
3655
3655
3656
3656
3657
3657
3658
3658
3659
3659
3660
3660
3661
3661
3662
3662
3663
3663
3664
3664
3665
3665
3666
3666
3667
3667
3668
3668
3669
3669
3670
3670
3671
3671
3672
3672
3673
3673
3674
3674
3675
3675
3676
3676
3677
3677
3678
3678
3679
3679
3680
3680
3681
3681
3682
3682
3683
3683
3684
3684
3685
3685
3686
3686
3687
3687
3688
3688
3689
3689
3690
3690
3691
3691
3692
3692
3693
3693
3694
3694
3695
3695
3696
3696
3697
3697
3698
3698
3699
3699
3700
3700
3701
3701
3702
3702
3703
3703
3704
3704
3705
3705
3706
3706
3707
3707
3708
3708
3709
3709
3710
3710
3711
3711
3712
3712
3713
3713
3714
3714
3715
3715
3716
3716
3717
3717
3718
3718
3719
3719
3720
3720
3721
3721
3722
3722
3723
3723
3724
3724
3725
3725
3726
3726
3727
3727
3728
3728
3729
3729
3730
3730
3731
3731
3732
3732
3733
3733
3734
3734
3735
3735
3736
3736
3737
3737
3738
3738
3739
3739
3740
3740
3741
3741
3742
3742
3743
3743
3744
3744
3745
3745
3746
3746
3747
3747
3748
3748
3749
3749
3750
3750
3751
3751
3752
3752
3753
3753
3754
3754
3755
3755
3756
3756
3757
3757
3758
3758
3759
3759
3760
3760
3761
3761
3762
3762
3763
3763
3764
3764
3765
3765
3766
3766
3767
3767
3768
3768
3769
3769
3770
3770
3771
3771
3772
3772
3773
3773
3774
3774
3775
3775
3776
3776
3777
3777
3778
3778
3779
3779
3780
3780
3781
3781
3782
3782
3783
3783
3784
3784
3785
3785
3786
3786
3787
3787
3788
3788
3789
3789
3790
3790
3791
3791
3792
3792
3793
3793
3794
3794
3795
3795
3796
3796
3797
3797
3798
3798
3799
3799
3800
3800
3801
3801
3802
3802
3803
3803
3804
3804
3805
3805
3806
3806
3807
3807
3808
3808
3809
3809
3810
3810
3811
3811
3812
3812
3813
3813
3814
3814
3815
3815
3816
3816
3817
3817
3818
3818
3819
3819
3820
3820
3821
3821
3822
3822
3823
3823
3824
3824
3825
3825
3826
3826
3827
3827
3828
3828
3829
3829
3830
3830
3831
3831
3832
3832
3833
3833
3834
3834
3835
3835
3836
3836
3837
3837
3838
3838
3839
3839
3840
3840
3841
3841
3842
3842
3843
3843
3844
3844
3845
3845
3846
3846
3847
3847
3848
3848
3849
3849
3850
3850
3851
3851
3852
3852
3853
3853
3854
3854
3855
3855
3856
3856
3857
3857
3858
3858
3859
3859
3860
3860
3861
3861
3862
3862
3863
3863
3864
3864
3865
3865
3866
3866
3867
3867
3868
3868
3869
3869
3870
3870
3871
3871
3872
3872
3873
3873
3874
3874
3875
3875
3876
3876
3877
3877
3878
3878
3879
3879
3880
3880
3881
3881
3882
3882
3883
3883
3884
3884
3885
3885
3886
3886
3887
3887
3888
3888
3889
3889
3890
3890
3891
3891
3892
3892
3893
3893
3894
3894
3895
3895
3896
3896
3897
3897
3898
3898
3899
3899
3900
3900
3901
3901
3902
3902
3903
3903
3904
3904
3905
3905
3906
3906
3907
3907
3908
3908
3909
3909
3910
3910
3911
3911
3912
3912
3913
3913
3914
3914
3915
3915
3916
3916
3917
3917
3918
3918
3919
3919
3920
3920
3921
3921
3922
3922
3923
3923
3924
3924
3925
3925
3926
3926
3927
3927
3928
3928
3929
3929
3930
3930
3931
3931
3932
3932
3933
3933
3934
3934
3935
3935
3936
3936
3937
3937
3938
3938
3939
3939
3940
3940
3941
3941
3942
3942
3943
3943
3944
3944
3945
3945
3946
3946
3947
3947
3948
3948
3949
3949
3950
3950
3951
3951
3952
3952
3953
3953
3954
3954
3955
3955
3956
3956
3957
3957
3958
3958
3959
3959
3960
3960
3961
3961
3962
3962
3963
3963
3964
3964
3965
3965
3966
3966
3967
3967
3968
3968
3969
3969
3970
3970
3971
3971
3972
3972
3973
3973
3974
3974
3975
3975
3976
3976
3977
3977
3978
3978
3979
3979
3980
3980
3981
3981
3982
3982
3983
3983
3984
3984
3985
3985
3986
3986
3987
3987
3988
3988
3989
3989
3990
3990
3991
3991
3992
3992
3993
3993
3994
3994
3995
3995
3996
3996
3997
3997
3998
3998
3999
3999
4000
4000
4001
4001
4002
4002
4003
4003
4004
4004
4005
4005
4006
4006
4007
4007
4008
4008
4009
4009
4010
4010
4011
4011
4012
4012
4013
4013
4014
4014
4015
4015
4016
4016
4017
4017
4018
4018
4019
4019
4020
4020
4021
4021
4022
4022
4023
4023
4024
4024
4025
4025
4026
4026
4027
4027
4028
4028
4029
4029
4030
4030
4031
4031
4032
4032
4033
4033
4034
4034
4035
4035
4036
4036
4037
4037
4038
4038
4039
4039
4040
4040
4041
4041
4042
4042
4043
4043
4044
4044
4045
4045
4046
4046
4047
4047
4048
4048
4049
4049
4050
4050
4051
4051
4052
4052
4053
4053
4054
4054
4055
4055
4056
4056
4057
4057
4058
4058
4059
4059
4060
4060
4061
4061
4062
4062
4063
4063
4064
4064
4065
4065
4066
4066
4067
4067
4068
4068
4069
4069
4070
4070
4071
4071
4072
4072
4073
4073
4074
4074
4075
4075
4076
4076
4077
4077
4078
4078
4079
4079
4080
4080
4081
4081
4082
4082
4083
4083
4084
4084
4085
4085
4086
4086
4087
4087
4088
4088
4089
4089
4090
4090
4091
4091
4092
4092
4093
4093
4094
4094
4095
4095
4096
4096
4097
4097
4098
4098
4099
4099
4100
4100
4101
4101
4102
4102
4103
4103
4104
4104
4105
4105
4106
4106
4107
4107
4108
4108
4109
4109
4110
4110
4111
4111
4112
4112
4113
4113
4114
4114
4115
4115
4116
4116
4117
4117
4118
4118
4119
4119
4120
4120
4121
4121
4122
4122
4123
4123
4124
4124
4125
4125
4126
4126
4127
4127
4128
4128
4129
4129
4130
4130
4131
4131
4132
4132
4133
4133
4134
4134
4135
4135
4136
4136
4137
4137
4138
4138
4139
4139
4140
4140
4141
4141
4142
4142
4143
4143
4144
4144
4145
4145
4146
4146
4147
4147
4148
4148
4149
4149
4150
4150
4151
4151
4152
4152
4153
4153
4154
4154
4155
4155
4156
4156
4157
4157
4158
4158
4159
4159
4160
4160
4161
4161
4162
4162
4163
4163
4164
4164
4165
4165
4166
4166
4167
4167
4168
4168
4169
4169
4170
4170
4171
4171
4172
4172
4173
4173
4174
4174
4175
4175
4176
4176
4177
4177
4178
4178
4179
4179
4180
4180
4181
4181
4182
4182
4183
4183
4184
4184
4185
4185
4186
4186
4187
4187
4188
4188
4189
4189
4190
4190
4191
4191
4192
4192
4193
4193
4194
4194
4195
4195
4196
4196
4197
4197
4198
4198
4199
4199
4200
4200
4201
4201
4202
4202
4203
4203
4204
4204
4205
4205
4206
4206
4207
4207
4208
4208
4209
4209
4210
4210
4211
4211
4212
4212
4213
4213
4214
4214
4215
4215
4216
4216
4217
4217
4218
4218
4219
4219
4220
4220
4221
4221
4222
4222
4223
4223
4224
4224
4225
4225
4226
4226
4227
4227
4228
4228
4229
4229
4230
4230
4231
4231
4232
4232
4233
4233
4234
4234
4235
4235
4236
4236
4237
4237
4238
4238
4239
4239
4240
4240
4241
4241
4242
4242
4243
4243
4244
4244
4245
4245
4246
4246
4247
4247
4248
4248
4249
4249
4250
4250
4251
4251
4252
4252
4253
4253
4254
4254
4255
4255
4256
4256
4257
4257
4258
4258
4259
4259
4260
4260
4261
4261
4262
4262
4263
4263
4264
4264
4265
4265
4266
4266
4267
4267
4268
4268
4269
4269
4270
4270
4271
4271
4272
4272
4273
4273
4274
4274
4275
4275
4276
4276
4277
4277
4278
4278
4279
4279
4280
4280
4281
4281
4282
4282
4283
4283
4284
4284
4285
4285
4286
4286
4287
4287
4288
4288
4289
4289
4290
4290
4290
4291
4291
4291
4292
4292
4292
4293
4293
4293
4294
4294
4294
4295
4295
4295
4296
4296
4296
4297
4297
4297
4298
4298
4298
4299
4299
4299
4300
4300
4300
4301
4301
4301
4302
4302
4302
4303
4303
4303
4304
4304
4304
4305
4305
4305
4306
4306
4306
4307
4307
4307
4308
4308
4308
4309
4309
4309
4310
4310
4310
4311
4311
4311
4312
4312
4312
4313
4313
4313
4314
4314
4314
4315
4315
4316
4316
4317
4317
4318
4318
4319
4319
4320
4320
4321
4321
4322
4322
4323
4323
4324
4324
4325
4325
4326
4326
4327
4327
4328
4328
4329
4329
4330
4330
4331
4331
4332
4332
4333
4333
4334
4334
4335
4335
4336
4336
4337
4337
4338
4338
4339
4339
4340
4340
4341
4341
4342
4342
4343
4343
4344
4344
4345
4345
4346
4346
4347
4347
4348
4348
4349
4349
4350
4350
4351
4351
4352
4352
4353
4353
4354
4354
4355
4355
4356
4356
4357
4357
4358
4358
4359
4359
4360
4360
4361
4361
4362
4362
4363
4363
4364
4364
4365
4365
4366
4366
4367
4367
4368
4368
4369
4369
4370
4370
4371
4371
4372
4372
4373
4373
4374
4374
4375
4375
4376
4376
4377
4377
4378
4378
4379
4379
4380
4380
4381
4381
4382
4382
4383
4383
4384
4384
4385
4385
4386
4386
4387
4387
4388
4388
4389
4389
4390
4390
4391
4391
4392
4392
4393
4393
4394
4394
4395
4395
4396
4396
4397
4397
4398
4398
4399
4399
4400
4400
4401
4401
4402
4402
4403
4403
4404
4404
4405
4405
4406
4406
4407
4407
4408
4408
4409
4409
4410
4410
4411
4411
4412
4412
4413
4413
4414
4414
4415
4415
4416
4416
4417
4417
4418
4418
4419
4419
4420
4420
4421
4421
4422
4422
4423
4423
4424
4424
4425
4425
4426
4426
4427
4427
4428
4428
4429
4429
4430
4430
4431
4431
4432
4432
4433
4433
4434
4434
4435
4435
4436
4436
4437
4437
4438
4438
4439
4439
4440
4440
4441
4441
4442
4442
4443
4443
4444
4444
4445
4445
4446
4446
4447
4447
4448
4448
4449
4449
4450
4450
4451
4451
4452
4452
4453
4453
4454
4454
4455
4455
4456
4456
4457
4457
4458
4458
4459
4459
4460
4460
4461
4461
4462
4462
4463
4463
4464
4464
4465
4465
4466
4466
4467
4467
4468
4468
4469
4469
4470
4470
4471
4471
4472
4472
4473
4473
4474
4474
4475
4475
4476
4476
4477
4477
4478
4478
4479
4479
4480
4480
4481
4481
4482
4482
4483
4483
4484
4484
4485
4485
4486
4486
4487
4487
4488
4488
4489
4489
4490
4490
4491
4491
4492
4492
4493
4493
4494
4494
4495
4495
4496
4496
4497
4497
4498
4498
4499
4499
4500
4500
4501
4501
4502
4502
4503
4503
4504
4504
4505
4505
4506
4506
4507
4507
4508
4508
4509
4509
4510
4510
4511
4511
4512
4512
4513
4513
4514
4514
4515
4515
4516
4516
4517
4517
4518
4518
4519
4519
4520
4520
4521
4521
4522
4522
4523
4523
4524
4524
4525
4525
4526
4526
4527
4527
4528
4528
4529
4529
4530
4530
4531
4531
4532
4532
4533
4533
4534
4534
4535
4535
4536
4536
4537
4537
4538
4538
4539
4539
4540
4540
4541
4541
4542
4542
4543
4543
4544
4544
4545
4545
4546
4546
4547
4547
4548
4548
4549
4549
4550
4550
4551
4551
4552
4552
4553
4553
4554
4554
4555
4555
4556
4556
4557
4557
4558
4558
4559
4559
4560
4560
4561
4561
4562
4562
4563
4563
4564
4564
4565
4565
4566
4566
4567
4567
4568
4568
4569
4569
4570
4570
4571
4571
4572
4572
4573
4573
4574
4574
4575
4575
4576
4576
4577
4577
4578
4578
4579
4579
4580
4580
4581
4581
4582
4582
4583
4583
4584
4584
4585
4585
4586
4586
4587
4587
4588
4588
4589
4589
4590
4590
4591
4591
4592
4592
4593
4593
4594
4594
4595
4595
4596
4596
4597
4597
4598
4598
4599
4599
4600
4600
4601
4601
4602
4602
4603
4603
4604
4604
4605
4605
4606
4606
4607
4607
4608
4608
4609
4609
4610
4610
4611
4611
4612
4612
4613
4613
4614
4614
4615
4615
4616
4616
4617
4617
4618
4618
4619
4619
4620
4620
4621
4621
4622
4622
4623
4623
4624
4624
4625
4625
4626
4626
4627
4627
4628
4628
4629
4629
4630
4630
4631
4631
4632
4632
4633
4633
4634
4634
4635
4635
4636
4636
4637
4637
4638
4638
4639
4639
4640
4640
4641
4641
4642
4642
4643
4643
4644
4644
4645
4645
4646
4646
4647
4647
4648
4648
4649
4649
4650
4650
4651
4651
4652
4652
4653
4653
4654
4654
4655
4655
4656
4656
4657
4657
4658
4658
4659
4659
4660
4660
4661
4661
4662
4662
4663
4663
4664
4664
4665
4665
4666
4666
4667
4667
4668
4668
4669
4669
4670
4670
4671
4671
4672
4672
4673
4673
4674
4674
4675
4675
4676
4676
4677
4677
4678
4678
4679
4679
4680
4680
4681
4681
4682
4682
4683
4683
4684
4684
4685
4685
4686
4686
4687
4687
4688
4688
4689
4689
4690
4690
4691
4691
4692
4692
4693
4693
4694
4694
4695
4695
4696
4696
4697
4697
4698
4698
4699
4699
4700
4700
4701
4701
4702
4702
4703
4703
4704
4704
4705
4705
4706
4706
4707
4707
4708
4708
4709
4709
4710
4710
4711
4711
4712
4712
4713
4713
4714
4714
4715
4715
4716
4716
4717
4717
4718
4718
4719
4719
4720
4720
4721
4721
4722
4722
4723
4723
4724
4724
4725
4725
4726
4726
4727
4727
4728
4728
4729
4729
4730
4730
4731
4731
4732
4732
4733
4733
4734
4734
4735
4735
4736
4736
4737
4737
4738
4738
4739
4739
4740
4740
4741
4741
4742
4742
4743
4743
4744
4744
4745
4745
4746
4746
4747
4747
4748
4748
4749
4749
4750
4750
4751
4751
4752
4752
4753
4753
4754
4754
4755
4755
4756
4756
4757
4757
4758
4758
4759
4759
4760
4760
4761
4761
4762
4762
4763
4763
4764
4764
4765
4765
4766
4766
4767
4767
4768
4768
4769
4769
4770
4770
4771
4771
4772
4772
4773
4773
4774
4774
4775
4775
4776
4776
4777
4777
4778
4778
4779
4779
4780
4780
4781
4781
4782
4782
4783
4783
4784
4784
4785
4785
4786
4786
4787
4787
4788
4788
4789
4789
4790
4790
4791
4791
4792
4792
4793
4793
4794
4794
4795
4795
4796
4796
4797
4797
4798
4798
4799
4799
4800
4800
4801
4801
4802
4802
4803
4803
4804
4804
4805
4805
4806
4806
4807
4807
4808
4808
4809
4809
4810
4810
4811
4811
4812
4812
4813
4813
4814
4814
4815
4815
4816
4816
4817
4817
4818
4818
4819
4819
4820
4820
4821
4821
4822
4822
4823
4823
4824
4824
4825
4825
4826
4826
4827
4827
4828
4828
4829
4829
4830
4830
4831
4831
4832
4832
4833
4833
4834
4834
4835
4835
4836
4836
4837
4837
4838
4838
4839
4839
4840
4840
4841
4841
4842
4842
4843
4843
4844
4844
4845
4845
4846
4846
4847
4847
4848
4848
4849
4849
4850
4850
4851
4851
4852
4852
4853
4853
4854
4854
4855
4855
4856
4856
4857
4857
4858
4858
4859
4859
4860
4860
4861
4861
4862
4862
4863
4863
4864
4864
4865
4865
4866
4866
4867
4867
4868
4868
4869
4869
4870
4870
4871
4871
4872
4872
4873
4873
4874
4874
4875
4875
4876
4876
4877
4877
4878
4878
4879
4879
4880
4880
4881
4881
4882
4882
4883
4883
4884
4884
4885
4885
4886
4886
4887
4887
4888
4888
4889
4889
4890
4890
4891
4891
4892
4892
4893
4893
4894
4894
4895
4895
4896
4896
4897
4897
4898
4898
4899
4899
4900
4900
4901
4901
4902
4902
4903
4903
4904
4904
4905
4905
4906
4906
4907
4907
4908
4908
4909
4909
4910
4910
4911
4911
4912
4912
4913
4913
4914
4914
4915
4915
4916
4916
4917
4917
4918
4918
4919
4919
4920
4920
4921
4921
4922
4922
4923
4923
4924
4924
4925
4925
4926
4926
4927
4927
4928
4928
4929
4929
4930
4930
4931
4931
4932
4932
4933
4933
4934
4934
4935
4935
4936
4936
4937
4937
4938
4938
4939
4939
4940
4940
4941
4941
4942
4942
4943
4943
4944
4944
4945
4945
4946
4946
4947
4947
4948
4948
4949
4949
4950
4950
4951
4951
4952
4952
4953
4953
4954
4954
4955
4955
4956
4956
4957
4957
4958
4958
4959
4959
4960
4960
4961
4961
4962
4962
4963
4963
4964
4964
4965
4965
4966
4966
4967
4967
4968
4968
4969
4969
4970
4970
4971
4971
4972
4972
4973
4973
4974
4974
4975
4975
4976
4976
4977
4977
4978
4978
4979
4979
4980
4980
4981
4981
4982
4982
4983
4983
4984
4984
4985
4985
4986
4986
4987
4987
4988
4988
4989
4989
4990
4990
4991
4991
4992
4992
4993
4993
4994
4994
4995
4995
4996
4996
4997
4997
4998
4998
4999
4999
5000
5000
5001
5001
5002
5002
5003
5003
5004
5004
5005
5005
5006
5006
5007
5007
5008
5008
5009
5009
5010
5010
5011
5011
5012
5012
5013
5013
5014
5014
5015
5015
5016
5016
5017
5017
5018
5018
5019
5019
5020
5020
5021
5021
5022
5022
5023
5023
5024
5024
5025
5025
5026
5026
5027
5027
5028
5028
5029
5029
5030
5030
5031
5031
5032
5032
5033
5033
5034
5034
5035
5035
5036
5036
5037
5037
5038
5038
5039
5039
5040
5040
5041
5041
5042
5042
5043
5043
5044
5044
5045
5045
5046
5046
5047
5047
5048
5048
5049
5049
5050
5050
5051
5051
5052
5052
5053
5053
5054
5054
5055
5055
5056
5056
5057
5057
5058
5058
5059
5059
5060
5060
5061
5061
5062
5062
5063
5063
5064
5064
5065
5065
5066
5066
5067
5067
5068
5068
5069
5069
5070
5070
5071
5071
5072
5072
5073
5073
5074
5074
5075
5075
5076
5076
5077
5077
5078
5078
5079
5079
5080
5080
5081
5081
5082
5082
5083
5083
5084
5084
5085
5085
5086
5086
5087
5087
5088
5088
5089
5089
5090
5090
5091
5091
5092
5092
5093
5093
5094
5094
5095
5095
5096
5096
5097
5097
5098
5098
5099
5099
5100
5100
5101
5101
5102
5102
5103
5103
5104
5104
5105
5105
5106
5106
5107
5107
5108
5108
5109
5109
5110
5110
5111
5111
5112
5112
5113
5113
5114
5114
5115
5115
5116
5116
5117
5117
5118
5118
5119
5119
5120
5120
5121
5121
5122
5122
5123
5123
5124
5124
5125
5125
5126
5126
5127
5127
5128
5128
5129
5129
5130
5130
5131
5131
5132
5132
5133
5133
5134
5134
5135
5135
5136
5136
5137
5137
5138
5138
5139
5139
5140
5140
5141
5141
5142
5142
5143
5143
5144
5144
5145
5145
5146
5146
5147
5147
5148
5148
5149
5149
5150
5150
5151
5151
5152
5152
5153
5153
5154
5154
5155
5155
5156
5156
5157
5157
5158
5158
5159
5159
5160
5160
5161
5161
5162
5162
5163
5163
5164
5164
5165
5165
5166
5166
5167
5167
5168
5168
5169
5169
5170
5170
5171
5171
5172
5172
5173
5173
5174
5174
5175
5175
5176
5176
5177
5177
5178
5178
5179
5179
5180
5180
5181
5181
5182
5182
5183
5183
5184
5184
5185
5185
5186
5186
5187
5187
5188
5188
5189
5189
5190
5190
5191
5191
5192
5192
5193
5193
5194
5194
5195
5195
5196
5196
5197
5197
5198
5198
5199
5199
5200
5200
5201
5201
5202
5202
5203
5203
5204
5204
5205
5205
5206
5206
5207
5207
5208
5208
5209
5209
5210
5210
5211
5211
5212
5212
5213
5213
5214
5214
5215
5215
5216
5216
5217
5217
5218
5218
5219
5219
5220
5220
5221
5221
5222
5222
5223
5223
5224
5224
5225
5225
5226
5226
5227
5227
5228
5228
5229
5229
5230
5230
5231
5231
5232
5232
5233
5233
5234
5234
5235
5235
5236
5236
5237
5237
5238
5238
5239
5239
5240
5240
5241
5241
5242
5242
5243
5243
5244
5244
5245
5245
5246
5246
5247
5247
5248
5248
5249
5249
5250
5250
5251
5251
5252
5252
5253
5253
5254
5254
5255
5255
5256
5256
5257
5257
5258
5258
5259
5259
5260
5260
5261
5261
5262
5262
5263
5263
5264
5264
5265
5265
5266
5266
5267
5267
5268
5268
5269
5269
5270
5270
5271
5271
5272
5272
5273
5273
5274
5274
5275
5275
5276
5276
5277
5277
5278
5278
5279
5279
5280
5280
5281
5281
5282
5282
5283
5283
5284
5284
5285
5285
5286
5286
5287
5287
5288
5288
5289
5289
5290
5290
5290
5291
5291
5291
5292
5292
5292
5293
5293
5293
5294
5294
5294
5295
5295
5295
5296
5296
5296
5297
5297
5297
5298
5298
5298
5299
5299
5299
5300
5300
5300
5301
5301
5301
5302
5302
5302
5303
5303
5303
5304
5304
5304
5305
5305
5305
5306
5306
5306
5307
5307
5307
5308
5308
5308
5309
5309
5309
5310
5310
5310
5311
5311
5311
5312
5312
5312
5313
5313
5313
5314
5314
5315
5315
5316
5316
5317
5317
5318
5318
5319
5319
5320
5320
5321
5321
5322
5322
5323
5323
5324
5324
5325
5325
5326
5326
5327
5327
5328
5328
5329
5329
5330
5330
5331
5331
5332
5332
5333
5333
5334
5334
5335
5335
5336
5336
5337
5337
5338
5338
5339
5340
5340
5341
5341
5342
5342
5343
5343
5344
5344
5345
5345
5346
5346
5347
5347
5348
5348
5349
5349
5350
5350
5351
5351
5352
5352
5353
5353
5354
5354
5355
5355
5356
5356
5357
5357
5358
5358
5359
5359
5360
5360
5361
5361
5362
5362
5363
5363
5364
5365
5365
5366
5366
5367
5367
5368
5368
5369
5369
5370
5370
5371
5371
5372
5372
5373
5373
5374
5374
5375
5375
5376
5376
5377
5377
5378
5378
5379
5379
5380
5380
5381
5381
5382
5382
5383
5383
5384
5384
5385
5385
5386
5386
5387
5387
5388
5388
5389
5390
5390
5391
5391
5392
5392
5393
5393
5394
5394
5395
5395
5396
5396
5397
5397
5398
5398
5399
5399
5400
5400
5401
5401
5402
5402
5403
5403
5404
5404
5405
5405
5406
5406
5407
5407
5408
5408
5409
5409
5410
5410
5411
5411
5412
5412
5413
5413
5414
5415
5415
5416
5416
5417
5417
5418
5418
5419
5419
5420
5420
5421
5421
5422
5422
5423
5423
5424
5424
5425
5425
5426
5426
5427
5427
5428
5428
5429
5429
5430
5430
5431
5431
5432
5432
5433
5433
5434
5434
5435
5435
5436
5436
5437
5437
5438
5438
5439
5440
5440
5441
5441
5442
5442
5443
5443
5444
5444
5445
5445
5446
5446
5447
5447
5448
5448
5449
5449
5450
5450
5451
5451
5452
5452
5453
5453
5454
5454
5455
5455
5456
5456
5457
5457
5458
5458
5459
5459
5460
5460
5461
5461
5462
5462
5463
5463
5464
5465
5465
5466
5466
5467
5467
5468
5468
5469
5469
5470
5470
5471
5471
5472
5472
5473
5473
5474
5474
5475
5475
5476
5476
5477
5477
5478
5478
5479
5479
5480
5480
5481
5481
5482
5482
5483
5483
5484
5484
5485
5485
5486
5486
5487
5487
5488
5488
5489
5490
5490
5491
5491
5492
5492
5493
5493
5494
5494
5495
5495
5496
5496
5497
5497
5498
5498
5499
5499
5500
5500
5501
5501
5502
5502
5503
5503
5504
5504
5505
5505
5506
5506
5507
5507
5508
5508
5509
5509
5510
5510
5511
5511
5512
5512
5513
5513
5514
5515
5515
5516
5516
5517
5517
5518
5518
5519
5519
5520
5520
5521
5521
5522
5522
5523
5523
5524
5524
5525
5525
5526
5526
5527
5527
5528
5528
5529
5529
5530
5530
5531
5531
5532
5532
5533
5533
5534
5534
5535
5535
5536
5536
5537
5537
5538
5538
5539
5540
5540
5541
5541
5542
5542
5543
5543
5544
5544
5545
5545
5546
5546
5547
5547
5548
5548
5549
5549
5550
5550
5551
5551
5552
5552
5553
5553
5554
5554
5555
5555
5556
5556
5557
5557
5558
5558
5559
5559
5560
5560
5561
5561
5562
5562
5563
5563
5564
5565
5565
5566
5566
5567
5567
5568
5568
5569
5569
5570
5570
5571
5571
5572
5572
5573
5573
5574
5574
5575
5575
5576
5576
5577
5577
5578
5578
5579
5579
5580
5580
5581
5581
5582
5582
5583
5583
5584
5584
5585
5585
5586
5586
5587
5587
5588
5588
5589
5590
5590
5591
5591
5592
5592
5593
5593
5594
5594
5595
5595
5596
5596
5597
5597
5598
5598
5599
5599
5600
5600
5601
5601
5602
5602
5603
5603
5604
5604
5605
5605
5606
5606
5607
5607
5608
5608
5609
5609
5610
5610
5611
5611
5612
5612
5613
5613
5614
5615
5615
5616
5616
5617
5617
5618
5618
5619
5619
5620
5620
5621
5621
5622
5622
5623
5623
5624
5624
5625
5625
5626
5626
5627
5627
5628
5628
5629
5629
5630
5630
5631
5631
5632
5632
5633
5633
5634
5634
5635
5635
5636
5636
5637
5637
5638
5638
5639
5640
5640
5641
5641
5642
5642
5643
5643
5644
5644
5645
5645
5646
5646
5647
5647
5648
5648
5649
5649
5650
5650
5651
5651
5652
5652
5653
5653
5654
5654
5655
5655
5656
5656
5657
5657
5658
5658
5659
5659
5660
5660
5661
5661
5662
5662
5663
5663
5664
5665
5665
5666
5666
5667
5667
5668
5668
5669
5669
5670
5670
5671
5671
5672
5672
5673
5673
5674
5674
5675
5675
5676
5676
5677
5677
5678
5678
5679
5679
5680
5680
5681
5681
5682
5682
5683
5683
5684
5684
5685
5685
5686
5686
5687
5687
5688
5688
5689
5690
5690
5691
5691
5692
5692
5693
5693
5694
5694
5695
5695
5696
5696
5697
5697
5698
5698
5699
5699
5700
5700
5701
5701
5702
5702
5703
5703
5704
5704
5705
5705
5706
5706
5707
5707
5708
5708
5709
5709
5710
5710
5711
5711
5712
5712
5713
5713
5714
5715
5715
5716
5716
5717
5717
5718
5718
5719
5719
5720
5720
5721
5721
5722
5722
5723
5723
5724
5724
5725
5725
5726
5726
5727
5727
5728
5728
5729
5729
5730
5730
5731
5731
5732
5732
5733
5733
5734
5734
5735
5735
5736
5736
5737
5737
5738
5738
5739
5740
5740
5741
5741
5742
5742
5743
5743
5744
5744
5745
5745
5746
5746
5747
5747
5748
5748
5749
5749
5750
5750
5751
5751
5752
5752
5753
5753
5754
5754
5755
5755
5756
5756
5757
5757
5758
5758
5759
5759
5760
5760
5761
5761
5762
5762
5763
5763
5764
5765
5765
5766
5766
5767
5767
5768
5768
5769
5769
5770
5770
5771
5771
5772
5772
5773
5773
5774
5774
5775
5775
5776
5776
5777
5777
5778
5778
5779
5779
5780
5780
5781
5781
5782
5782
5783
5783
5784
5784
5785
5785
5786
5786
5787
5787
5788
5788
5789
5790
5790
5791
5791
5792
5792
5793
5793
5794
5794
5795
5795
5796
5796
5797
5797
5798
5798
5799
5799
5800
5800
5801
5801
5802
5802
5803
5803
5804
5804
5805
5805
5806
5806
5807
5807
5808
5808
5809
5809
5810
5810
5811
5811
5812
5812
5813
5813
5814
5815
5815
5816
5816
5817
5817
5818
5818
5819
5819
5820
5820
5821
5821
5822
5822
5823
5823
5824
5824
5825
5825
5826
5826
5827
5827
5828
5828
5829
5829
5830
5830
5831
5831
5832
5832
5833
5833
5834
5834
5835
5835
5836
5836
5837
5837
5838
5838
5839
5840
5840
5841
5841
5842
5842
5843
5843
5844
5844
5845
5845
5846
5846
5847
5847
5848
5848
5849
5849
5850
5850
5851
5851
5852
5852
5853
5853
5854
5854
5855
5855
5856
5856
5857
5857
5858
5858
5859
5859
5860
5860
5861
5861
5862
5862
5863
5863
5864
5865
5865
5866
5866
5867
5867
5868
5868
5869
5869
5870
5870
5871
5871
5872
5872
5873
5873
5874
5874
5875
5875
5876
5876
5877
5877
5878
5878
5879
5879
5880
5880
5881
5881
5882
5882
5883
5883
5884
5884
5885
5885
5886
5886
5887
5887
5888
5888
5889
5890
5890
5891
5891
5892
5892
5893
5893
5894
5894
5895
5895
5896
5896
5897
5897
5898
5898
5899
5899
5900
5900
5901
5901
5902
5902
5903
5903
5904
5904
5905
5905
5906
5906
5907
5907
5908
5908
5909
5909
5910
5910
5911
5911
5912
5912
5913
5913
5914
5915
5915
5916
5916
5917
5917
5918
5918
5919
5919
5920
5920
5921
5921
5922
5922
5923
5923
5924
5924
5925
5925
5926
5926
5927
5927
5928
5928
5929
5929
5930
5930
5931
5931
5932
5932
5933
5933
5934
5934
5935
5935
5936
5936
5937
5937
5938
5938
5939
5940
5940
5941
5941
5942
5942
5943
5943
5944
5944
5945
5945
5946
5946
5947
5947
5948
5948
5949
5949
5950
5950
5951
5951
5952
5952
5953
5953
5954
5954
5955
5955
5956
5956
5957
5957
5958
5958
5959
5959
5960
5960
5961
5961
5962
5962
5963
5963
5964
5965
5965
5966
5966
5967
5967
5968
5968
5969
5969
5970
5970
5971
5971
5972
5972
5973
5973
5974
5974
5975
5975
5976
5976
5977
5977
5978
5978
5979
5979
5980
5980
5981
5981
5982
5982
5983
5983
5984
5984
5985
5985
5986
5986
5987
5987
5988
5988
5989
5990
5990
5991
5991
5992
5992
5993
5993
5994
5994
5995
5995
5996
5996
5997
5997
5998
5998
5999
5999
6000
6000
6001
6001
6002
6002
6003
6003
6004
6004
6005
6005
6006
6006
6007
6007
6008
6008
6009
6009
6010
6010
6011
6011
6012
6012
6013
6013
6014
6015
6015
6016
6016
6017
6017
6018
6018
6019
6019
6020
6020
6021
6021
6022
6022
6023
6023
6024
6024
6025
6025
6026
6026
6027
6027
6028
6028
6029
6029
6030
6030
6031
6031
6032
6032
6033
6033
6034
6034
6035
6035
6036
6036
6037
6037
6038
6038
6039
6040
6040
6041
6041
6042
6042
6043
6043
6044
6044
6045
6045
6046
6046
6047
6047
6048
6048
6049
6049
6050
6050
6051
6051
6052
6052
6053
6053
6054
6054
6055
6055
6056
6056
6057
6057
6058
6058
6059
6059
6060
6060
6061
6061
6062
6062
6063
6063
6064
6065
6065
6066
6066
6067
6067
6068
6068
6069
6069
6070
6070
6071
6071
6072
6072
6073
6073
6074
6074
6075
6075
6076
6076
6077
6077
6078
6078
6079
6079
6080
6080
6081
6081
6082
6082
6083
6083
6084
6084
6085
6085
6086
6086
6087
6087
6088
6088
6089
6090
6090
6091
6091
6092
6092
6093
6093
6094
6094
6095
6095
6096
6096
6097
6097
6098
6098
6099
6099
6100
6100
6101
6101
6102
6102
6103
6103
6104
6104
6105
6105
6106
6106
6107
6107
6108
6108
6109
6109
6110
6110
6111
6111
6112
6112
6113
6113
6114
6115
6115
6116
6116
6117
6117
6118
6118
6119
6119
6120
6120
6121
6121
6122
6122
6123
6123
6124
6124
6125
6125
6126
6126
6127
6127
6128
6128
6129
6129
6130
6130
6131
6131
6132
6132
6133
6133
6134
6134
6135
6135
6136
6136
6137
6137
6138
6138
6139
6140
6140
6141
6141
6142
6142
6143
6143
6144
6144
6145
6145
6146
6146
6147
6147
6148
6148
6149
6149
6150
6150
6151
6151
6152
6152
6153
6153
6154
6154
6155
6155
6156
6156
6157
6157
6158
6158
6159
6159
6160
6160
6161
6161
6162
6162
6163
6163
6164
6165
6165
6166
6166
6167
6167
6168
6168
6169
6169
6170
6170
6171
6171
6172
6172
6173
6173
6174
6174
6175
6175
6176
6176
6177
6177
6178
6178
6179
6179
6180
6180
6181
6181
6182
6182
6183
6183
6184
6184
6185
6185
6186
6186
6187
6187
6188
6188
6189
6190
6190
6191
6191
6192
6192
6193
6193
6194
6194
6195
6195
6196
6196
6197
6197
6198
6198
6199
6199
6200
6200
6201
6201
6202
6202
6203
6203
6204
6204
6205
6205
6206
6206
6207
6207
6208
6208
6209
6209
6210
6210
6211
6211
6212
6212
6213
6213
6214
6215
6215
6216
6216
6217
6217
6218
6218
6219
6219
6220
6220
6221
6221
6222
6222
6223
6223
6224
6224
6225
6225
6226
6226
6227
6227
6228
6228
6229
6229
6230
6230
6231
6231
6232
6232
6233
6233
6234
6234
6235
6235
6236
6236
6237
6237
6238
6238
6239
6240
6240
6241
6241
6242
6242
6243
6243
6244
6244
6245
6245
6246
6246
6247
6247
6248
6248
6249
6249
6250
6250
6251
6251
6252
6252
6253
6253
6254
6254
6255
6255
6256
6256
6257
6257
6258
6258
6259
6259
6260
6260
6261
6261
6262
6262
6263
6263
6264
6265
6265
6266
6266
6267
6267
6268
6268
6269
6269
6270
6270
6271
6271
6272
6272
6273
6273
6274
6274
6275
6275
6276
6276
6277
6277
6278
6278
6279
6279
6280
6280
6281
6281
6282
6282
6283
6283
6284
6284
6285
6285
6286
6286
6287
6287
6288
6288
6289
6290
6290
6290
6291
6291
6291
6292
6292
6292
6293
6293
6293
6294
6294
6294
6295
6295
6295
6296
6296
6296
6297
6297
6297
6298
6298
6298
6299
6299
6299
6300
6300
6300
6301
6301
6301
6302
6302
6302
6303
6303
6303
6304
6304
6305
6305
6306
6306
6307
6307
6308
6308
6309
6309
6310
6310
6311
6311
6312
6312
6313
6313
6314
6314
6315
6315
6316
6316
6317
6317
6318
6318
6319
6320
6320
6321
6321
6322
6322
6323
6323
6324
6324
6325
6325
6326
6326
6327
6327
6328
6328
6329
6329
6330
6330
6331
6331
6332
6332
6333
6333
6334
6335
6335
6336
6336
6337
6337
6338
6338
6339
6339
6340
6340
6341
6341
6342
6342
6343
6343
6344
6344
6345
6345
6346
6346
6347
6347
6348
6348
6349
6350
6350
6351
6351
6352
6352
6353
6353
6354
6354
6355
6355
6356
6356
6357
6357
6358
6358
6359
6359
6360
6360
6361
6361
6362
6362
6363
6363
6364
6365
6365
6366
6366
6367
6367
6368
6368
6369
6369
6370
6370
6371
6371
6372
6372
6373
6373
6374
6374
6375
6375
6376
6376
6377
6377
6378
6378
6379
6380
6380
6381
6381
6382
6382
6383
6383
6384
6384
6385
6385
6386
6386
6387
6387
6388
6388
6389
6389
6390
6390
6391
6391
6392
6392
6393
6393
6394
6395
6395
6396
6396
6397
6397
6398
6398
6399
6399
6400
6400
6401
6401
6402
6402
6403
6403
6404
6404
6405
6405
6406
6406
6407
6407
6408
6408
6409
6410
6410
6411
6411
6412
6412
6413
6413
6414
6414
6415
6415
6416
6416
6417
6417
6418
6418
6419
6419
6420
6420
6421
6421
6422
6422
6423
6423
6424
6425
6425
6426
6426
6427
6427
6428
6428
6429
6429
6430
6430
6431
6431
6432
6432
6433
6433
6434
6434
6435
6435
6436
6436
6437
6437
6438
6438
6439
6440
6440
6441
6441
6442
6442
6443
6443
6444
6444
6445
6445
6446
6446
6447
6447
6448
6448
6449
6449
6450
6450
6451
6451
6452
6452
6453
6453
6454
6455
6455
6456
6456
6457
6457
6458
6458
6459
6459
6460
6460
6461
6461
6462
6462
6463
6463
6464
6464
6465
6465
6466
6466
6467
6467
6468
6468
6469
6470
6470
6471
6471
6472
6472
6473
6473
6474
6474
6475
6475
6476
6476
6477
6477
6478
6478
6479
6479
6480
6480
6481
6481
6482
6482
6483
6483
6484
6485
6485
6486
6486
6487
6487
6488
6488
6489
6489
6490
6490
6491
6491
6492
6492
6493
6493
6494
6494
6495
6495
6496
6496
6497
6497
6498
6498
6499
6500
6500
6501
6501
6502
6502
6503
6503
6504
6504
6505
6505
6506
6506
6507
6507
6508
6508
6509
6509
6510
6510
6511
6511
6512
6512
6513
6513
6514
6515
6515
6516
6516
6517
6517
6518
6518
6519
6519
6520
6520
6521
6521
6522
6522
6523
6523
6524
6524
6525
6525
6526
6526
6527
6527
6528
6528
6529
6530
6530
6531
6531
6532
6532
6533
6533
6534
6534
6535
6535
6536
6536
6537
6537
6538
6538
6539
6539
6540
6540
6541
6541
6542
6542
6543
6543
6544
6545
6545
6546
6546
6547
6547
6548
6548
6549
6549
6550
6550
6551
6551
6552
6552
6553
6553
6554
6554
6555
6555
6556
6556
6557
6557
6558
6558
6559
6560
6560
6561
6561
6562
6562
6563
6563
6564
6564
6565
6565
6566
6566
6567
6567
6568
6568
6569
6569
6570
6570
6571
6571
6572
6572
6573
6573
6574
6575
6575
6576
6576
6577
6577
6578
6578
6579
6579
6580
6580
6581
6581
6582
6582
6583
6583
6584
6584
6585
6585
6586
6586
6587
6587
6588
6588
6589
6590
6590
6591
6591
6592
6592
6593
6593
6594
6594
6595
6595
6596
6596
6597
6597
6598
6598
6599
6599
6600
6600
6601
6601
6602
6602
6603
6603
6604
6605
6605
6606
6606
6607
6607
6608
6608
6609
6609
6610
6610
6611
6611
6612
6612
6613
6613
6614
6614
6615
6615
6616
6616
6617
6617
6618
6618
6619
6620
6620
6621
6621
6622
6622
6623
6623
6624
6624
6625
6625
6626
6626
6627
6627
6628
6628
6629
6629
6630
6630
6631
6631
6632
6632
6633
6633
6634
6635
6635
6636
6636
6637
6637
6638
6638
6639
6639
6640
6640
6641
6641
6642
6642
6643
6643
6644
6644
6645
6645
6646
6646
6647
6647
6648
6648
6649
6650
6650
6651
6651
6652
6652
6653
6653
6654
6654
6655
6655
6656
6656
6657
6657
6658
6658
6659
6659
6660
6660
6661
6661
6662
6662
6663
6663
6664
6665
6665
6666
6666
6667
6667
6668
6668
6669
6669
6670
6670
6671
6671
6672
6672
6673
6673
6674
6674
6675
6675
6676
6676
6677
6677
6678
6678
6679
6680
6680
6681
6681
6682
6682
6683
6683
6684
6684
6685
6685
6686
6686
6687
6687
6688
6688
6689
6689
6690
6690
6691
6691
6692
6692
6693
6693
6694
6694
6695
6695
6696
6696
6697
6697
6698
6698
6699
6699
6700
6700
6701
6701
6702
6702
6703
6703
6704
6704
6705
6705
6706
6706
6707
6707
6708
6708
6709
6709
6710
6710
6711
6711
6712
6712
6713
6713
6714
6714
6715
6715
6716
6716
6717
6717
6718
6718
6719
6719
6720
6720
6721
6721
6722
6722
6723
6723
6724
6724
6725
6725
6726
6726
6727
6727
6728
6728
6729
6729
6730
6730
6731
6731
6732
6732
6733
6733
6734
6734
6735
6735
6736
6736
6737
6737
6738
6738
6739
6739
6740
6740
6741
6741
6742
6742
6743
6743
6744
6744
6745
6745
6746
6746
6747
6747
6748
6748
6749
6749
6750
6750
6751
6751
6752
6752
6753
6753
6754
6754
6755
6755
6756
6756
6757
6757
6758
6758
6759
6759
6760
6760
6761
6761
6762
6762
6763
6763
6764
6764
6765
6765
6766
6766
6767
6767
6768
6768
6769
6769
6770
6770
6771
6771
6772
6772
6773
6773
6774
6774
6775
6775
6776
6776
6777
6777
6778
6778
6779
6779
6780
6780
6781
6781
6782
6782
6783
6783
6784
6784
6785
6785
6786
6786
6787
6787
6788
6788
6789
6789
6790
6790
6791
6791
6792
6792
6793
6793
6794
6794
6795
6795
6796
6796
6797
6797
6798
6798
6799
6799
6800
6800
6801
6801
6802
6802
6803
6803
6804
6804
6805
6805
6806
6806
6807
6807
6808
6808
6809
6809
6810
6810
6811
6811
6812
6812
6813
6813
6814
6814
6815
6815
6816
6816
6817
6817
6818
6818
6819
6819
6820
6820
6821
6821
6822
6822
6823
6823
6824
6824
6825
6825
6826
6826
6827
6827
6828
6828
6829
6829
6830
6830
6831
6831
6832
6832
6833
6833
6834
6834
6835
6835
6836
6836
6837
6837
6838
6838
6839
6839
6840
6840
6841
6841
6842
6842
6843
6843
6844
6844
6845
6845
6846
6846
6847
6847
6848
6848
6849
6849
6850
6850
6851
6851
6852
6852
6853
6853
6854
6854
6855
6855
6856
6856
6857
6857
6858
6858
6859
6859
6860
6860
6861
6861
6862
6862
6863
6863
6864
6864
6865
6865
6866
6866
6867
6867
6868
6868
6869
6869
6870
6870
6871
6871
6872
6872
6873
6873
6874
6874
6875
6875
6876
6876
6877
6877
6878
6878
6879
6879
6880
6880
6881
6881
6882
6882
6883
6883
6884
6884
6885
6885
6886
6886
6887
6887
6888
6888
6889
6889
6890
6890
6891
6891
6892
6892
6893
6893
6894
6894
6895
6895
6896
6896
6897
6897
6898
6898
6899
6899
6900
6900
6901
6901
6902
6902
6903
6903
6904
6904
6905
6905
6906
6906
6907
6907
6908
6908
6909
6909
6910
6910
6911
6911
6912
6912
6913
6913
6914
6914
6915
6915
6916
6916
6917
6917
6918
6918
6919
6919
6920
6920
6921
6921
6922
6922
6923
6923
6924
6924
6925
6925
6926
6926
6927
6927
6928
6928
6929
6929
6930
6930
6931
6931
6932
6932
6933
6933
6934
6934
6935
6935
6936
6936
6937
6937
6938
6938
6939
6939
6940
6940
6941
6941
6942
6942
6943
6943
6944
6944
6945
6945
6946
6946
6947
6947
6948
6948
6949
6949
6950
6950
6951
6951
6952
6952
6953
6953
6954
6954
6955
6955
6956
6956
6957
6957
6958
6958
6959
6959
6960
6960
6961
6961
6962
6962
6963
6963
6964
6964
6965
6965
6966
6966
6967
6967
6968
6968
6969
6969
6970
6970
6971
6971
6972
6972
6973
6973
6974
6974
6975
6975
6976
6976
6977
6977
6978
6978
6979
6979
6980
6980
6981
6981
6982
6982
6983
6983
6984
6984
6985
6985
6986
6986
6987
6987
6988
6988
6989
6989
6990
6990
6991
6991
6992
6992
6993
6993
6994
6994
6995
6995
6996
6996
6997
6997
6998
6998
6999
6999
7000
7000
7001
7001
7002
7002
7003
7003
7004
7004
7005
7005
7006
7006
7007
7007
7008
7008
7009
7009
7010
7010
7011
7011
7012
7012
7013
7013
7014
7014
7015
7015
7016
7016
7017
7017
7018
7018
7019
7019
7020
7020
7021
7021
7022
7022
7023
7023
7024
7024
7025
7025
7026
7026
7027
7027
7028
7028
7029
7029
7030
7031
7032
7033
7034
7035
7036
7037
7038
7039
7040
7041
7042
7043
7044
7045
7046
7047
7048
7049
7050
7051
7052
7053
7054
7055
7055
7056
7056
7057
7057
7058
7058
7059
7059
7060
7060
7061
7061
7062
7062
7063
7063
7064
7064
7065
7065
7066
7066
7067
7067
7068
7068
7069
7069
7070
7070
7071
7071
7072
7072
7073
7073
7074
7074
7075
7075
7076
7076
7077
7077
7078
7078
7079
7080
7080
7081
7081
7082
7082
7083
7083
7084
7084
7085
7085
7086
7086
7087
7087
7088
7088
7089
7089
7090
7090
7091
7091
7092
7092
7093
7093
7094
7094
7095
7095
7096
7096
7097
7097
7098
7098
7099
7099
7100
7100
7101
7101
7102
7102
7103
7103
7104
7105
7105
7106
7106
7107
7107
7108
7108
7109
7109
7110
7110
7111
7111
7112
7112
7113
7113
7114
7114
7115
7115
7116
7116
7117
7117
7118
7118
7119
7119
7120
7120
7121
7121
7122
7122
7123
7123
7124
7124
7125
7125
7126
7126
7127
7127
7128
7128
7129
7130
7130
7131
7131
7132
7132
7133
7133
7134
7134
7135
7135
7136
7136
7137
7137
7138
7138
7139
7139
7140
7140
7141
7141
7142
7142
7143
7143
7144
7144
7145
7145
7146
7146
7147
7147
7148
7148
7149
7149
7150
7150
7151
7151
7152
7152
7153
7153
7154
7155
7155
7156
7156
7157
7157
7158
7158
7159
7159
7160
7160
7161
7161
7162
7162
7163
7163
7164
7164
7165
7165
7166
7166
7167
7167
7168
7168
7169
7169
7170
7170
7171
7171
7172
7172
7173
7173
7174
7174
7175
7175
7176
7176
7177
7177
7178
7178
7179
7180
7180
7181
7181
7182
7182
7183
7183
7184
7184
7185
7185
7186
7186
7187
7187
7188
7188
7189
7189
7190
7190
7191
7191
7192
7192
7193
7193
7194
7194
7195
7195
7196
7196
7197
7197
7198
7198
7199
7199
7200
7200
7201
7201
7202
7202
7203
7203
7204
7205
7205
7206
7206
7207
7207
7208
7208
7209
7209
7210
7210
7211
7211
7212
7212
7213
7213
7214
7214
7215
7215
7216
7216
7217
7217
7218
7218
7219
7219
7220
7220
7221
7221
7222
7222
7223
7223
7224
7224
7225
7225
7226
7226
7227
7227
7228
7228
7229
7230
7230
7231
7231
7232
7232
7233
7233
7234
7234
7235
7235
7236
7236
7237
7237
7238
7238
7239
7239
7240
7240
7241
7241
7242
7242
7243
7243
7244
7244
7245
7245
7246
7246
7247
7247
7248
7248
7249
7249
7250
7250
7251
7251
7252
7252
7253
7253
7254
7255
7255
7256
7256
7257
7257
7258
7258
7259
7259
7260
7260
7261
7261
7262
7262
7263
7263
7264
7264
7265
7265
7266
7266
7267
7267
7268
7268
7269
7269
7270
7270
7271
7271
7272
7272
7273
7273
7274
7274
7275
7275
7276
7276
7277
7277
7278
7278
7279
7280
7280
7281
7281
7282
7282
7283
7283
7284
7284
7285
7285
7286
7286
7287
7287
7288
7288
7289
7289
7290
7290
7291
7291
7292
7292
7293
7293
7294
7294
7295
7295
7296
7296
7297
7297
7298
7298
7299
7299
7300
7300
7301
7301
7302
7302
7303
7303
7304
7305
7305
7306
7306
7307
7307
7308
7308
7309
7309
7310
7310
7311
7311
7312
7312
7313
7313
7314
7314
7315
7315
7316
7316
7317
7317
7318
7318
7319
7319
7320
7320
7321
7321
7322
7322
7323
7323
7324
7324
7325
7325
7326
7326
7327
7327
7328
7328
7329
7330
7330
7331
7331
7332
7332
7333
7333
7334
7334
7335
7335
7336
7336
7337
7337
7338
7338
7339
7339
7340
7340
7341
7341
7342
7342
7343
7343
7344
7344
7345
7345
7346
7346
7347
7347
7348
7348
7349
7349
7350
7350
7351
7351
7352
7352
7353
7353
7354
7355
7355
7356
7356
7357
7357
7358
7358
7359
7359
7360
7360
7361
7361
7362
7362
7363
7363
7364
7364
7365
7365
7366
7366
7367
7367
7368
7368
7369
7369
7370
7370
7371
7371
7372
7372
7373
7373
7374
7374
7375
7375
7376
7376
7377
7377
7378
7378
7379
7380
7380
7381
7381
7382
7382
7383
7383
7384
7384
7385
7385
7386
7386
7387
7387
7388
7388
7389
7389
7390
7390
7391
7391
7392
7392
7393
7393
7394
7394
7395
7395
7396
7396
7397
7397
7398
7398
7399
7399
7400
7400
7401
7401
7402
7402
7403
7403
7404
7405
7406
7407
7408
7409
7410
7411
7412
7413
7414
7415
7416
7417
7418
7419
7420
7421
7422
7423
7424
7425
7426
7427
7428
7430
7430
7431
7431
7432
7432
7433
7433
7434
7434
7435
7435
7436
7436
7437
7437
7438
7438
7439
7439
7440
7440
7441
7441
7442
7442
7443
7443
7444
7444
7445
7445
7446
7446
7447
7447
7448
7448
7449
7449
7450
7450
7451
7451
7452
7452
7453
7453
7454
7454
7455
7455
7456
7456
7457
7457
7458
7458
7459
7459
7460
7460
7461
7461
7462
7462
7463
7463
7464
7464
7465
7465
7466
7466
7467
7467
7468
7468
7469
7469
7470
7470
7471
7471
7472
7472
7473
7473
7474
7474
7475
7475
7476
7476
7477
7477
7478
7478
7479
7479
7480
7480
7481
7481
7482
7482
7483
7483
7484
7484
7485
7485
7486
7486
7487
7487
7488
7488
7489
7489
7490
7490
7491
7491
7492
7492
7493
7493
7494
7494
7495
7495
7496
7496
7497
7497
7498
7498
7499
7499
7500
7500
7501
7501
7502
7502
7503
7503
7504
7504
7505
7505
7506
7506
7507
7507
7508
7508
7509
7509
7510
7510
7511
7511
7512
7512
7513
7513
7514
7514
7515
7515
7516
7516
7517
7517
7518
7518
7519
7519
7520
7520
7521
7521
7522
7522
7523
7523
7524
7524
7525
7525
7526
7526
7527
7527
7528
7528
7529
7529
7530
7530
7531
7531
7532
7532
7533
7533
7534
7534
7535
7535
7536
7536
7537
7537
7538
7538
7539
7539
7540
7540
7541
7541
7542
7542
7543
7543
7544
7544
7545
7545
7546
7546
7547
7547
7548
7548
7549
7549
7550
7550
7551
7551
7552
7552
7553
7553
7554
7554
7555
7555
7556
7556
7557
7557
7558
7558
7559
7559
7560
7560
7561
7561
7562
7562
7563
7563
7564
7564
7565
7565
7566
7566
7567
7567
7568
7568
7569
7569
7570
7570
7571
7571
7572
7572
7573
7573
7574
7574
7575
7575
7576
7576
7577
7577
7578
7578
7579
7579
7580
7580
7581
7581
7582
7582
7583
7583
7584
7584
7585
7585
7586
7586
7587
7587
7588
7588
7589
7589
7590
7590
7591
7591
7592
7592
7593
7593
7594
7594
7595
7595
7596
7596
7597
7597
7598
7598
7599
7599
7600
7600
7601
7601
7602
7602
7603
7603
7604
7604
7605
7605
7606
7606
7607
7607
7608
7608
7609
7609
7610
7610
7611
7611
7612
7612
7613
7613
7614
7614
7615
7615
7616
7616
7617
7617
7618
7618
7619
7619
7620
7620
7621
7621
7622
7622
7623
7623
7624
7624
7625
7625
7626
7626
7627
7627
7628
7628
7629
7629
7630
7630
7631
7631
7632
7632
7633
7633
7634
7634
7635
7635
7636
7636
7637
7637
7638
7638
7639
7639
7640
7640
7641
7641
7642
7642
7643
7643
7644
7644
7645
7645
7646
7646
7647
7647
7648
7648
7649
7649
7650
7650
7651
7651
7652
7652
7653
7653
7654
7654
7655
7655
7656
7656
7657
7657
7658
7658
7659
7659
7660
7660
7661
7661
7662
7662
7663
7663
7664
7664
7665
7665
7666
7666
7667
7667
7668
7668
7669
7669
7670
7670
7671
7671
7672
7672
7673
7673
7674
7674
7675
7675
7676
7676
7677
7677
7678
7678
7679
7679
7680
7680
7681
7681
7682
7682
7683
7683
7684
7684
7685
7685
7686
7686
7687
7687
7688
7688
7689
7689
7690
7690
7691
7691
7692
7692
7693
7693
7694
7694
7695
7695
7696
7696
7697
7697
7698
7698
7699
7699
7700
7700
7701
7701
7702
7702
7703
7703
7704
7704
7705
7705
7706
7706
7707
7707
7708
7708
7709
7709
7710
7710
7711
7711
7712
7712
7713
7713
7714
7714
7715
7715
7716
7716
7717
7717
7718
7718
7719
7719
7720
7720
7721
7721
7722
7722
7723
7723
7724
7724
7725
7725
7726
7726
7727
7727
7728
7728
7729
7729
7730
7730
7731
7731
7732
7732
7733
7733
7734
7734
7735
7735
7736
7736
7737
7737
7738
7738
7739
7739
7740
7740
7741
7741
7742
7742
7743
7743
7744
7744
7745
7745
7746
7746
7747
7747
7748
7748
7749
7749
7750
7750
7751
7751
7752
7752
7753
7753
7754
7754
7755
7755
7756
7756
7757
7757
7758
7758
7759
7759
7760
7760
7761
7761
7762
7762
7763
7763
7764
7764
7765
7765
7766
7766
7767
7767
7768
7768
7769
7769
7770
7770
7771
7771
7772
7772
7773
7773
7774
7774
7775
7775
7776
7776
7777
7777
7778
7778
7779
7779
7780
7780
7781
7781
7782
7782
7783
7783
7784
7784
7785
7785
7786
7786
7787
7787
7788
7788
7789
7789
7790
7790
7791
7791
7792
7792
7793
7793
7794
7794
7795
7795
7796
7796
7797
7797
7798
7798
7799
7799
7800
7800
7801
7801
7802
7802
7803
7803
7804
7804
7805
7805
7806
7806
7807
7807
7808
7808
7809
7809
7810
7810
7811
7811
7812
7812
7813
7813
7814
7814
7815
7815
7816
7816
7817
7817
7818
7818
7819
7819
7820
7820
7821
7821
7822
7822
7823
7823
7824
7824
7825
7825
7826
7826
7827
7827
7828
7828
7829
7829
7830
7830
7831
7831
7832
7832
7833
7833
7834
7834
7835
7835
7836
7836
7837
7837
7838
7838
7839
7839
7840
7840
7841
7841
7842
7842
7843
7843
7844
7844
7845
7845
7846
7846
7847
7847
7848
7848
7849
7849
7850
7850
7851
7851
7852
7852
7853
7853
7854
7854
7855
7855
7856
7856
7857
7857
7858
7858
7859
7859
7860
7860
7861
7861
7862
7862
7863
7863
7864
7864
7865
7865
7866
7866
7867
7867
7868
7868
7869
7869
7870
7870
7871
7871
7872
7872
7873
7873
7874
7874
7875
7875
7876
7876
7877
7877
7878
7878
7879
7879
7880
7880
7881
7881
7882
7882
7883
7883
7884
7884
7885
7885
7886
7886
7887
7887
7888
7888
7889
7889
7890
7890
7891
7891
7892
7892
7893
7893
7894
7894
7895
7895
7896
7896
7897
7897
7898
7898
7899
7899
7900
7900
7901
7901
7902
7902
7903
7903
7904
7904
7905
7905
7906
7906
7907
7907
7908
7908
7909
7909
7910
7910
7911
7911
7912
7912
7913
7913
7914
7914
7915
7915
7916
7916
7917
7917
7918
7918
7919
7919
7920
7920
7921
7921
7922
7922
7923
7923
7924
7924
7925
7925
7926
7926
7927
7927
7928
7928
7929
7929
7930
7930
7931
7931
7932
7932
7933
7933
7934
7934
7935
7935
7936
7936
7937
7937
7938
7938
7939
7939
7940
7940
7941
7941
7942
7942
7943
7943
7944
7944
7945
7945
7946
7946
7947
7947
7948
7948
7949
7949
7950
7950
7951
7951
7952
7952
7953
7953
7954
7954
7955
7955
7956
7956
7957
7957
7958
7958
7959
7959
7960
7960
7961
7961
7962
7962
7963
7963
7964
7964
7965
7965
7966
7966
7967
7967
7968
7968
7969
7969
7970
7970
7971
7971
7972
7972
7973
7973
7974
7974
7975
7975
7976
7976
7977
7977
7978
7978
7979
7979
7980
7980
7981
7981
7982
7982
7983
7983
7984
7984
7985
7985
7986
7986
7987
7987
7988
7988
7989
7989
7990
7990
7991
7991
7992
7992
7993
7993
7994
7994
7995
7995
7996
7996
7997
7997
7998
7998
7999
7999
8000
8000
8001
8001
8002
8002
8003
8003
8004
8004
8005
8005
8006
8006
8007
8007
8008
8008
8009
8009
8010
8010
8011
8011
8012
8012
8013
8013
8014
8014
8015
8015
8016
8016
8017
8017
8018
8018
8019
8019
8020
8020
8021
8021
8022
8022
8023
8023
8024
8024
8025
8025
8026
8026
8027
8027
8028
8028
8029
8029
8030
8030
8031
8031
8032
8032
8033
8033
8034
8034
8035
8035
8036
8036
8037
8037
8038
8038
8039
8039
8040
8040
8041
8041
8042
8042
8043
8043
8044
8044
8045
8045
8046
8046
8047
8047
8048
8048
8049
8049
8050
8050
8051
8051
8052
8052
8053
8053
8054
8054
8055
8055
8056
8056
8057
8057
8058
8058
8059
8059
8060
8060
8061
8061
8062
8062
8063
8063
8064
8064
8065
8065
8066
8066
8067
8067
8068
8068
8069
8069
8070
8070
8071
8071
8072
8072
8073
8073
8074
8074
8075
8075
8076
8076
8077
8077
8078
8078
8079
8079
8080
8080
8081
8081
8082
8082
8083
8083
8084
8084
8085
8085
8086
8086
8087
8087
8088
8088
8089
8089
8090
8090
8091
8091
8092
8092
8093
8093
8094
8094
8095
8095
8096
8096
8097
8097
8098
8098
8099
8099
8100
8100
8101
8101
8102
8102
8103
8103
8104
8104
8105
8105
8106
8106
8107
8107
8108
8108
8109
8109
8110
8110
8111
8111
8112
8112
8113
8113
8114
8114
8115
8115
8116
8116
8117
8117
8118
8118
8119
8119
8120
8120
8121
8121
8122
8122
8123
8123
8124
8124
8125
8125
8126
8126
8127
8127
8128
8128
8129
8129
8130
8130
8131
8131
8132
8132
8133
8133
8134
8134
8135
8135
8136
8136
8137
8137
8138
8138
8139
8139
8140
8140
8141
8141
8142
8142
8143
8143
8144
8144
8145
8145
8146
8146
8147
8147
8148
8148
8149
8149
8150
8150
8151
8151
8152
8152
8153
8153
8154
8154
8155
8155
8156
8156
8157
8157
8158
8158
8159
8159
8160
8160
8161
8161
8162
8162
8163
8163
8164
8164
8165
8165
8166
8166
8167
8167
8168
8168
8169
8169
8170
8170
8171
8171
8172
8172
8173
8173
8174
8174
8175
8175
8176
8176
8177
8177
8178
8178
8179
8179
8180
8180
8181
8181
8182
8182
8183
8183
8184
8184
8185
8185
8186
8186
8187
8187
8188
8188
8189
8189
8190
8190
8191
8191
8192
8192
8193
8193
8194
8194
8195
8195
8196
8196
8197
8197
8198
8198
8199
8199
8200
8200
8201
8201
8202
8202
8203
8203
8204
8204
8205
8205
8206
8206
8207
8207
8208
8208
8209
8209
8210
8210
8211
8211
8212
8212
8213
8213
8214
8214
8215
8215
8216
8216
8217
8217
8218
8218
8219
8219
8220
8220
8221
8221
8222
8222
8223
8223
8224
8224
8225
8225
8226
8226
8227
8227
8228
8228
8229
8229
8230
8230
8231
8231
8232
8232
8233
8233
8234
8234
8235
8235
8236
8236
8237
8237
8238
8238
8239
8239
8240
8240
8241
8241
8242
8242
8243
8243
8244
8244
8245
8245
8246
8246
8247
8247
8248
8248
8249
8249
8250
8250
8251
8251
8252
8252
8253
8253
8254
8254
8255
8255
8256
8256
8257
8257
8258
8258
8259
8259
8260
8260
8261
8261
8262
8262
8263
8263
8264
8264
8265
8265
8266
8266
8267
8267
8268
8268
8269
8269
8270
8270
8271
8271
8272
8272
8273
8273
8274
8274
8275
8275
8276
8276
8277
8277
8278
8278
8279
8279
8280
8280
8281
8281
8282
8282
8283
8283
8284
8284
8285
8285
8286
8286
8287
8287
8288
8288
8289
8289
8290
8290
8291
8291
8292
8292
8293
8293
8294
8294
8295
8295
8296
8296
8297
8297
8298
8298
8299
8299
8300
8300
8301
8301
8302
8302
8303
8303
8304
8304
8305
8305
8306
8306
8307
8307
8308
8308
8309
8309
8310
8310
8311
8311
8312
8312
8313
8313
8314
8314
8315
8315
8316
8316
8317
8317
8318
8318
8319
8319
8320
8320
8321
8321
8322
8322
8323
8323
8324
8324
8325
8325
8326
8326
8327
8327
8328
8328
8329
8329
8330
8330
8331
8331
8332
8332
8333
8333
8334
8334
8335
8335
8336
8336
8337
8337
8338
8338
8339
8339
8340
8340
8341
8341
8342
8342
8343
8343
8344
8344
8345
8345
8346
8346
8347
8347
8348
8348
8349
8349
8350
8350
8351
8351
8352
8352
8353
8353
8354
8354
8355
8355
8356
8356
8357
8357
8358
8358
8359
8359
8360
8360
8361
8361
8362
8362
8363
8363
8364
8364
8365
8365
8366
8366
8367
8367
8368
8368
8369
8369
8370
8370
8371
8371
8372
8372
8373
8373
8374
8374
8375
8375
8376
8376
8377
8377
8378
8378
8379
8379
8380
8380
8381
8381
8382
8382
8383
8383
8384
8384
8385
8385
8386
8386
8387
8387
8388
8388
8389
8389
8390
8390
8391
8391
8392
8392
8393
8393
8394
8394
8395
8395
8396
8396
8397
8397
8398
8398
8399
8399
8400
8400
8401
8401
8402
8402
8403
8403
8404
8404
8405
8405
8406
8406
8407
8407
8408
8408
8409
8409
8410
8410
8411
8411
8412
8412
8413
8413
8414
8414
8415
8415
8416
8416
8417
8417
8418
8418
8419
8419
8420
8420
8421
8421
8422
8422
8423
8423
8424
8424
8425
8425
8426
8426
8427
8427
8428
8428
8429
8429
8430
8430
8431
8431
8432
8432
8433
8433
8434
8434
8435
8435
8436
8436
8437
8437
8438
8438
8439
8439
8440
8440
8441
8441
8442
8442
8443
8443
8444
8444
8445
8445
8446
8446
8447
8447
8448
8448
8449
8449
8450
8450
8451
8451
8452
8452
8453
8453
8454
8454
8455
8455
8456
8456
8457
8457
8458
8458
8459
8459
8460
8460
8461
8461
8462
8462
8463
8463
8464
8464
8465
8465
8466
8466
8467
8467
8468
8468
8469
8469
8470
8470
8471
8471
8472
8472
8473
8473
8474
8474
8475
8475
8476
8476
8477
8477
8478
8478
8479
8479
8480
8480
8481
8481
8482
8482
8483
8483
8484
8484
8485
8485
8486
8486
8487
8487
8488
8488
8489
8489
8490
8490
8491
8491
8492
8492
8493
8493
8494
8494
8495
8495
8496
8496
8497
8497
8498
8498
8499
8499
8500
8500
8501
8501
8502
8502
8503
8503
8504
8504
8505
8505
8506
8506
8507
8507
8508
8508
8509
8509
8510
8510
8511
8511
8512
8512
8513
8513
8514
8514
8515
8515
8516
8516
8517
8517
8518
8518
8519
8519
8520
8520
8521
8521
8522
8522
8523
8523
8524
8524
8525
8525
8526
8526
8527
8527
8528
8528
8529
8529
8530
8530
8531
8531
8532
8532
8533
8533
8534
8534
8535
8535
8536
8536
8537
8537
8538
8538
8539
8539
8540
8540
8541
8541
8542
8542
8543
8543
8544
8544
8545
8545
8546
8546
8547
8547
8548
8548
8549
8549
8550
8550
8551
8551
8552
8552
8553
8553
8554
8554
8555
8555
8556
8556
8557
8557
8558
8558
8559
8559
8560
8560
8561
8561
8562
8562
8563
8563
8564
8564
8565
8565
8566
8566
8567
8567
8568
8568
8569
8569
8570
8570
8571
8571
8572
8572
8573
8573
8574
8574
8575
8575
8576
8576
8577
8577
8578
8578
8579
8579
8580
8580
8581
8581
8582
8582
8583
8583
8584
8584
8585
8585
8586
8586
8587
8587
8588
8588
8589
8589
8590
8590
8591
8591
8592
8592
8593
8593
8594
8594
8595
8595
8596
8596
8597
8597
8598
8598
8599
8599
8600
8600
8601
8601
8602
8602
8603
8603
8604
8604
8605
8605
8606
8606
8607
8607
8608
8608
8609
8609
8610
8610
8611
8611
8612
8612
8613
8613
8614
8614
8615
8615
8616
8616
8617
8617
8618
8618
8619
8619
8620
8620
8621
8621
8622
8622
8623
8623
8624
8624
8625
8625
8626
8626
8627
8627
8628
8628
8629
8629
8630
8630
8631
8631
8632
8632
8633
8633
8634
8634
8635
8635
8636
8636
8637
8637
8638
8638
8639
8639
8640
8640
8641
8641
8642
8642
8643
8643
8644
8644
8645
8645
8646
8646
8647
8647
8648
8648
8649
8649
8650
8650
8651
8651
8652
8652
8653
8653
8654
8654
8655
8655
8656
8656
8657
8657
8658
8658
8659
8659
8660
8660
8661
8661
8662
8662
8663
8663
8664
8664
8665
8665
8666
8666
8667
8667
8668
8668
8669
8669
8670
8670
8671
8671
8672
8672
8673
8673
8674
8674
8675
8675
8676
8676
8677
8677
8678
8678
8679
8679
8680
8680
8681
8681
8682
8682
8683
8683
8684
8684
8685
8685
8686
8686
8687
8687
8688
8688
8689
8689
8690
8690
8691
8691
8692
8692
8693
8693
8694
8694
8695
8695
8696
8696
8697
8697
8698
8698
8699
8699
8700
8700
8701
8701
8702
8702
8703
8703
8704
8704
8705
8705
8706
8706
8707
8707
8708
8708
8709
8709
8710
8710
8711
8711
8712
8712
8713
8713
8714
8714
8715
8715
8716
8716
8717
8717
8718
8718
8719
8719
8720
8720
8721
8721
8722
8722
8723
8723
8724
8724
8725
8725
8726
8726
8727
8727
8728
8728
8729
8729
8730
8730
8731
8731
8732
8732
8733
8733
8734
8734
8735
8735
8736
8736
8737
8737
8738
8738
8739
8739
8740
8740
8741
8741
8742
8742
8743
8743
8744
8744
8745
8745
8746
8746
8747
8747
8748
8748
8749
8749
8750
8750
8751
8751
8752
8752
8753
8753
8754
8754
8755
8755
8756
8756
8757
8757
8758
8758
8759
8759
8760
8760
8761
8761
8762
8762
8763
8763
8764
8764
8765
8765
8766
8766
8767
8767
8768
8768
8769
8769
8770
8770
8771
8771
8772
8772
8773
8773
8774
8774
8775
8775
8776
8776
8777
8777
8778
8778
8779
8779
8780
8780
8781
8781
8782
8782
8783
8783
8784
8784
8785
8785
8786
8786
8787
8787
8788
8788
8789
8789
8790
8790
8791
8791
8792
8792
8793
8793
8794
8794
8795
8795
8796
8796
8797
8797
8798
8798
8799
8799
8800
8800
8801
8801
8802
8802
8803
8803
8804
8804
8805
8805
8806
8806
8807
8807
8808
8808
8809
8809
8810
8810
8811
8811
8812
8812
8813
8813
8814
8814
8815
8815
8816
8816
8817
8817
8818
8818
8819
8819
8820
8820
8821
8821
8822
8822
8823
8823
8824
8824
8825
8825
8826
8826
8827
8827
8828
8828
8829
8829
8830
8830
8831
8831
8832
8832
8833
8833
8834
8834
8835
8835
8836
8836
8837
8837
8838
8838
8839
8839
8840
8840
8841
8841
8842
8842
8843
8843
8844
8844
8845
8845
8846
8846
8847
8847
8848
8848
8849
8849
8850
8850
8851
8851
8852
8852
8853
8853
8854
8854
8855
8855
8856
8856
8857
8857
8858
8858
8859
8859
8860
8860
8861
8861
8862
8862
8863
8863
8864
8864
8865
8865
8866
8866
8867
8867
8868
8868
8869
8869
8870
8870
8871
8871
8872
8872
8873
8873
8874
8874
8875
8875
8876
8876
8877
8877
8878
8878
8879
8879
8880
8880
8881
8881
8882
8882
8883
8883
8884
8884
8885
8885
8886
8886
8887
8887
8888
8888
8889
8889
8890
8890
8891
8891
8892
8892
8893
8893
8894
8894
8895
8895
8896
8896
8897
8897
8898
8898
8899
8899
8900
8900
8901
8901
8902
8902
8903
8903
8904
8904
8905
8905
8906
8906
8907
8907
8908
8908
8909
8909
8910
8910
8911
8911
8912
8912
8913
8913
8914
8914
8915
8915
8916
8916
8917
8917
8918
8918
8919
8919
8920
8920
8921
8921
8922
8922
8923
8923
8924
8924
8925
8925
8926
8926
8927
8927
8928
8928
8929
8929
8930
8930
8931
8931
8932
8932
8933
8933
8934
8934
8935
8935
8936
8936
8937
8937
8938
8938
8939
8939
8940
8940
8941
8941
8942
8942
8943
8943
8944
8944
8945
8945
8946
8946
8947
8947
8948
8948
8949
8949
8950
8950
8951
8951
8952
8952
8953
8953
8954
8954
8955
8955
8956
8956
8957
8957
8958
8958
8959
8959
8960
8960
8961
8961
8962
8962
8963
8963
8964
8964
8965
8965
8966
8966
8967
8967
8968
8968
8969
8969
8970
8970
8971
8971
8972
8972
8973
8973
8974
8974
8975
8975
8976
8976
8977
8977
8978
8978
8979
8979
8980
8980
8981
8981
8982
8982
8983
8983
8984
8984
8985
8985
8986
8986
8987
8987
8988
8988
8989
8989
8990
8990
8991
8991
8992
8992
8993
8993
8994
8994
8995
8995
8996
8996
8997
8997
8998
8998
8999
8999
9000
9000
9001
9001
9002
9002
9003
9003
9004
9004
9005
9005
9006
9006
9007
9007
9008
9008
9009
9009
9010
9010
9011
9011
9012
9012
9013
9013
9014
9014
9015
9015
9016
9016
9017
9017
9018
9018
9019
9019
9020
9020
9021
9021
9022
9022
9023
9023
9024
9024
9025
9025
9026
9026
9027
9027
9028
9028
9029
9029
9030
9030
9031
9031
9032
9032
9033
9033
9034
9034
9035
9035
9036
9036
9037
9037
9038
9038
9039
9039
9040
9040
9041
9041
9042
9042
9043
9043
9044
9044
9045
9045
9046
9046
9047
9047
9048
9048
9049
9049
9050
9050
9051
9051
9052
9052
9053
9053
9054
9054
9055
9055
9056
9056
9057
9057
9058
9058
9059
9059
9060
9060
9061
9061
9062
9062
9063
9063
9064
9064
9065
9065
9066
9066
9067
9067
9068
9068
9069
9069
9070
9070
9071
9071
9072
9072
9073
9073
9074
9074
9075
9075
9076
9076
9077
9077
9078
9078
9079
9079
9080
9080
9081
9081
9082
9082
9083
9083
9084
9084
9085
9085
9086
9086
9087
9087
9088
9088
9089
9089
9090
9090
9091
9091
9092
9092
9093
9093
9094
9094
9095
9095
9096
9096
9097
9097
9098
9098
9099
9099
9100
9100
9101
9101
9102
9102
9103
9103
9104
9104
9105
9105
9106
9106
9107
9107
9108
9108
9109
9109
9110
9110
9111
9111
9112
9112
9113
9113
9114
9114
9115
9115
9116
9116
9117
9117
9118
9118
9119
9119
9120
9120
9121
9121
9122
9122
9123
9123
9124
9124
9125
9125
9126
9126
9127
9127
9128
9128
9129
9129
9130
9130
9131
9131
9132
9132
9133
9133
9134
9134
9135
9135
9136
9136
9137
9137
9138
9138
9139
9139
9140
9140
9141
9141
9142
9142
9143
9143
9144
9144
9145
9145
9146
9146
9147
9147
9148
9148
9149
9149
9150
9150
9151
9151
9152
9152
9153
9153
9154
9154
9155
9155
9156
9156
9157
9157
9158
9158
9159
9159
9160
9160
9161
9161
9162
9162
9163
9163
9164
9164
9165
9165
9166
9166
9167
9167
9168
9168
9169
9169
9170
9170
9171
9171
9172
9172
9173
9173
9174
9174
9175
9175
9176
9176
9177
9177
9178
9178
9179
9179
9180
9180
9181
9181
9182
9182
9183
9183
9184
9184
9185
9185
9186
9186
9187
9187
9188
9188
9189
9189
9190
9190
9191
9191
9192
9192
9193
9193
9194
9194
9195
9195
9196
9196
9197
9197
9198
9198
9199
9199
9200
9200
9201
9201
9202
9202
9203
9203
9204
9204
9205
9205
9206
9206
9207
9207
9208
9208
9209
9209
9210
9210
9211
9211
9212
9212
9213
9213
9214
9214
9215
9215
9216
9216
9217
9217
9218
9218
9219
9219
9220
9220
9221
9221
9222
9222
9223
9223
9224
9224
9225
9225
9226
9226
9227
9227
9228
9228
9229
9229
9230
9230
9231
9231
9232
9232
9233
9233
9234
9234
9235
9235
9236
9236
9237
9237
9238
9238
9239
9239
9240
9240
9241
9241
9242
9242
9243
9243
9244
9244
9245
9245
9246
9246
9247
9247
9248
9248
9249
9249
9250
9250
9251
9251
9252
9252
9253
9253
9254
9254
9255
9255
9256
9256
9257
9257
9258
9258
9259
9259
9260
9260
9261
9261
9262
9262
9263
9263
9264
9264
9265
9265
9266
9266
9267
9267
9268
9268
9269
9269
9270
9270
9271
9271
9272
9272
9273
9273
9274
9274
9275
9275
9276
9276
9277
9277
9278
9278
9279
9279
9280
9280
9281
9281
9282
9282
9283
9283
9284
9284
9285
9285
9286
9286
9287
9287
9288
9288
9289
9289
9290
9290
9291
9291
9292
9292
9293
9293
9294
9294
9295
9295
9296
9296
9297
9297
9298
9298
9299
9299
9300
9300
9301
9301
9302
9302
9303
9303
9304
9304
9305
9305
9306
9306
9307
9307
9308
9308
9309
9309
9310
9310
9311
9311
9312
9312
9313
9313
9314
9314
9315
9315
9316
9316
9317
9317
9318
9318
9319
9319
9320
9320
9321
9321
9322
9322
9323
9323
9324
9324
9325
9325
9326
9326
9327
9327
9328
9328
9329
9329
9330
9330
9331
9331
9332
9332
9333
9333
9334
9334
9335
9335
9336
9336
9337
9337
9338
9338
9339
9339
9340
9340
9341
9341
9342
9342
9343
9343
9344
9344
9345
9345
9346
9346
9347
9347
9348
9348
9349
9349
9350
9350
9351
9351
9352
9352
9353
9353
9354
9354
9355
9355
9356
9356
9357
9357
9358
9358
9359
9359
9360
9360
9361
9361
9362
9362
9363
9363
9364
9364
9365
9365
9366
9366
9367
9367
9368
9368
9369
9369
9370
9370
9371
9371
9372
9372
9373
9373
9374
9374
9375
9375
9376
9376
9377
9377
9378
9378
9379
9379
9380
9380
9381
9381
9382
9382
9383
9383
9384
9384
9385
9385
9386
9386
9387
9387
9388
9388
9389
9389
9390
9390
9391
9391
9392
9392
9393
9393
9394
9394
9395
9395
9396
9396
9397
9397
9398
9398
9399
9399
9400
9400
9401
9401
9402
9402
9403
9403
9404
9404
9405
9405
9406
9406
9407
9407
9408
9408
9409
9409
9410
9410
9411
9411
9412
9412
9413
9413
9414
9414
9415
9415
9416
9416
9417
9417
9418
9418
9419
9419
9420
9420
9421
9421
9422
9422
9423
9423
9424
9424
9425
9425
9426
9426
9427
9427
9428
9428
9429
9429
9430
9430
9431
9431
9432
9432
9433
9433
9434
9434
9435
9435
9436
9436
9437
9437
9438
9438
9439
9439
9440
9440
9441
9441
9442
9442
9443
9443
9444
9444
9445
9445
9446
9446
9447
9447
9448
9448
9449
9449
9450
9450
9451
9451
9452
9452
9453
9453
9454
9454
9455
9455
9456
9456
9457
9457
9458
9458
9459
9459
9460
9460
9461
9461
9462
9462
9463
9463
9464
9464
9465
9465
9466
9466
9467
9467
9468
9468
9469
9469
9470
9470
9471
9471
9472
9472
9473
9473
9474
9474
9475
9475
9476
9476
9477
9477
9478
9478
9479
9479
9480
9480
9481
9481
9482
9482
9483
9483
9484
9484
9485
9485
9486
9486
9487
9487
9488
9488
9489
9489
9490
9490
9491
9491
9492
9492
9493
9493
9494
9494
9495
9495
9496
9496
9497
9497
9498
9498
9499
9499
9500
9500
9501
9501
9502
9502
9503
9503
9504
9504
9505
9505
9506
9506
9507
9507
9508
9508
9509
9509
9510
9510
9511
9511
9512
9512
9513
9513
9514
9514
9515
9515
9516
9516
9517
9517
9518
9518
9519
9519
9520
9520
9521
9521
9522
9522
9523
9523
9524
9524
9525
9525
9526
9526
9527
9527
9528
9528
9529
9529
9530
9530
9531
9531
9532
9532
9533
9533
9534
9534
9535
9535
9536
9536
9537
9537
9538
9538
9539
9539
9540
9540
9541
9541
9542
9542
9543
9543
9544
9544
9545
9545
9546
9546
9547
9547
9548
9548
9549
9549
9550
9550
9551
9551
9552
9552
9553
9553
9554
9554
9555
9555
9556
9556
9557
9557
9558
9558
9559
9559
9560
9560
9561
9561
9562
9562
9563
9563
9564
9564
9565
9565
9566
9566
9567
9567
9568
9568
9569
9569
9570
9570
9571
9571
9572
9572
9573
9573
9574
9574
9575
9575
9576
9576
9577
9577
9578
9578
9579
9579
9580
9580
9581
9581
9582
9582
9583
9583
9584
9584
9585
9585
9586
9586
9587
9587
9588
9588
9589
9589
9590
9590
9591
9591
9592
9592
9593
9593
9594
9594
9595
9595
9596
9596
9597
9597
9598
9598
9599
9599
9600
9600
9601
9601
9602
9602
9603
9603
9604
9604
9605
9605
9606
9606
9607
9607
9608
9608
9609
9609
9610
9610
9611
9611
9612
9612
9613
9613
9614
9614
9615
9615
9616
9616
9617
9617
9618
9618
9619
9619
9620
9620
9621
9621
9622
9622
9623
9623
9624
9624
9625
9625
9626
9626
9627
9627
9628
9628
9629
9629
9630
9630
9631
9631
9632
9632
9633
9633
9634
9634
9635
9635
9636
9636
9637
9637
9638
9638
9639
9639
9640
9640
9641
9641
9642
9642
9643
9643
9644
9644
9645
9645
9646
9646
9647
9647
9648
9648
9649
9649
9650
9650
9651
9651
9652
9652
9653
9653
9654
9654
9655
9655
9656
9656
9657
9657
9658
9658
9659
9659
9660
9660
9661
9661
9662
9662
9663
9663
9664
9664
9665
9665
9666
9666
9667
9667
9668
9668
9669
9669
9670
9670
9671
9671
9672
9672
9673
9673
9674
9674
9675
9675
9676
9676
9677
9677
9678
9678
9679
9679
9680
9680
9681
9681
9682
9682
9683
9683
9684
9684
9685
9685
9686
9686
9687
9687
9688
9688
9689
9689
9690
9690
9691
9691
9692
9692
9693
9693
9694
9694
9695
9695
9696
9696
9697
9697
9698
9698
9699
9699
9700
9700
9701
9701
9702
9702
9703
9703
9704
9704
9705
9705
9706
9706
9707
9707
9708
9708
9709
9709
9710
9710
9711
9711
9712
9712
9713
9713
9714
9714
9715
9715
9716
9716
9717
9717
9718
9718
9719
9719
9720
9720
9721
9721
9722
9722
9723
9723
9724
9724
9725
9725
9726
9726
9727
9727
9728
9728
9729
9729
9730
9730
9731
9731
9732
9732
9733
9733
9734
9734
9735
9735
9736
9736
9737
9737
9738
9738
9739
9739
9740
9740
9741
9741
9742
9742
9743
9743
9744
9744
9745
9745
9746
9746
9747
9747
9748
9748
9749
9749
9750
9750
9751
9751
9752
9752
9753
9753
9754
9754
9755
9755
9756
9756
9757
9757
9758
9758
9759
9759
9760
9760
9761
9761
9762
9762
9763
9763
9764
9764
9765
9765
9766
9766
9767
9767
9768
9768
9769
9769
9770
9770
9771
9771
9772
9772
9773
9773
9774
9774
9775
9775
9776
9776
9777
9777
9778
9778
9779
9779
9780
9780
9781
9781
9782
9782
9783
9783
9784
9784
9785
9785
9786
9786
9787
9787
9788
9788
9789
9789
9790
9790
9791
9791
9792
9792
9793
9793
9794
9794
9795
9795
9796
9796
9797
9797
9798
9798
9799
9799
9800
9800
9801
9801
9802
9802
9803
9803
9804
9804
9805
9805
9806
9806
9807
9807
9808
9808
9809
9809
9810
9810
9811
9811
9812
9812
9813
9813
9814
9814
9815
9815
9816
9816
9817
9817
9818
9818
9819
9819
9820
9820
9821
9821
9822
9822
9823
9823
9824
9824
9825
9825
9826
9826
9827
9827
9828
9828
9829
9829
9830
9830
9831
9831
9832
9832
9833
9833
9834
9834
9835
9835
9836
9836
9837
9837
9838
9838
9839
9839
9840
9840
9841
9841
9842
9842
9843
9843
9844
9844
9845
9845
9846
9846
9847
9847
9848
9848
9849
9849
9850
9850
9851
9851
9852
9852
9853
9853
9854
9854
9855
9855
9856
9856
9857
9857
9858
9858
9859
9859
9860
9860
9861
9861
9862
9862
9863
9863
9864
9864
9865
9865
9866
9866
9867
9867
9868
9868
9869
9869
9870
9870
9871
9871
9872
9872
9873
9873
9874
9874
9875
9875
9876
9876
9877
9877
9878
9878
9879
9879
9880
9880
9881
9881
9882
9882
9883
9883
9884
9884
9885
9885
9886
9886
9887
9887
9888
9888
9889
9889
9890
9890
9891
9891
9892
9892
9893
9893
9894
9894
9895
9895
9896
9896
9897
9897
9898
9898
9899
9899
9900
9900
9901
9901
9902
9902
9903
9903
9904
9904
9905
9905
9906
9906
9907
9907
9908
9908
9909
9909
9910
9910
9911
9911
9912
9912
9913
9913
9914
9914
9915
9915
9916
9916
9917
9917
9918
9918
9919
9919
9920
9920
9921
9921
9922
9922
9923
9923
9924
9924
9925
9925
9926
9926
9927
9927
9928
9928
9929
9929
9930
9930
9931
9931
9932
9932
9933
9933
9934
9934
9935
9935
9936
9936
9937
9937
9938
9938
9939
9939
9940
9940
9941
9941
9942
9942
9943
9943
9944
9944
9945
9945
9946
9946
9947
9947
9948
9948
9949
9949
9950
9950
9951
9951
9952
9952
9953
9953
9954
9954
9955
9955
9956
9956
9957
9957
9958
9958
9959
9959
9960
9960
9961
9961
9962
9962
9963
9963
9964
9964
9965
9965
9966
9966
9967
9967
9968
9968
9969
9969
9970
9970
9971
9971
9972
9972
9973
9973
9974
9974
9975
9975
9976
9976
9977
9977
9978
9978
9979
9979
9980
9980
9981
9981
9982
9982
9983
9983
9984
9984
9985
9985
9986
9986
9987
9987
9988
9988
9989
9989
9990
9990
9991
9991
9992
9992
9993
9993
9994
9994
9995
9995
9996
9996
9997
9997
9998
9998
9999
9999
10000
10000
10001
10001
10002
10002
10003
10003
10004
10004
10005
10005
10006
10006
10007
10007
10008
10008
10009
10009
10010
10010
10011
10011
10012
10012
10013
10013
10014
10014
10015
10015
10016
10016
10017
10017
10018
10018
10019
10019
10020
10020
10021
10021
10022
10022
10023
10023
10024
10024
10025
10025
10026
10026
10027
10027
10028
10028
10029
10029
10030
10030
10031
10031
10032
10032
10033
10033
10034
10034
10035
10035
10036
10036
10037
10037
10038
10038
10039
10039
10040
10040
10041
10041
10042
10042
10043
10043
10044
10044
10045
10045
10046
10046
10047
10047
10048
10048
10049
10049
10050
10050
10051
10051
10052
10052
10053
10053
10054
10054
10055
10055
10056
10056
10057
10057
10058
10058
10059
10059
10060
10060
10061
10061
10062
10062
10063
10063
10064
10064
10065
10065
10066
10066
10067
10067
10068
10068
10069
10069
10070
10070
10071
10071
10072
10072
10073
10073
10074
10074
10075
10075
10076
10076
10077
10077
10078
10078
10079
10079
10080
10080
10081
10081
10082
10082
10083
10083
10084
10084
10085
10085
10086
10086
10087
10087
10088
10088
10089
10089
10090
10090
10091
10091
10092
10092
10093
10093
10094
10094
10095
10095
10096
10096
10097
10097
10098
10098
10099
10099
10100
10100
10101
10101
10102
10102
10103
10103
10104
10104
10105
10105
10106
10106
10107
10107
10108
10108
10109
10109
10110
10110
10111
10111
10112
10112
10113
10113
10114
10114
10115
10115
10116
10116
10117
10117
10118
10118
10119
10119
10120
10120
10121
10121
10122
10122
10123
10123
10124
10124
10125
10125
10126
10126
10127
10127
10128
10128
10129
10129
10130
10130
10131
10131
10132
10132
10133
10133
10134
10134
10135
10135
10136
10136
10137
10137
10138
10138
10139
10139
10140
10140
10141
10141
10142
10142
10143
10143
10144
10144
10145
10145
10146
10146
10147
10147
10148
10148
10149
10149
10150
10150
10151
10151
10152
10152
10153
10153
10154
10154
10155
10155
10156
10156
10157
10157
10158
10158
10159
10159
10160
10160
10161
10161
10162
10162
10163
10163
10164
10164
10165
10165
10166
10166
10167
10167
10168
10168
10169
10169
10170
10170
10171
10171
10172
10172
10173
10173
10174
10174
10175
10175
10176
10176
10177
10177
10178
10178
10179
10179
10180
10180
10181
10181
10182
10182
10183
10183
10184
10184
10185
10185
10186
10186
10187
10187
10188
10188
10189
10189
10190
10190
10191
10191
10192
10192
10193
10193
10194
10194
10195
10195
10196
10196
10197
10197
10198
10198
10199
10199
10200
10200
10201
10201
10202
10202
10203
10203
10204
10204
10205
10205
10206
10206
10207
10207
10208
10208
10209
10209
10210
10210
10211
10211
10212
10212
10213
10213
10214
10214
10215
10215
10216
10216
10217
10217
10218
10218
10219
10219
10220
10220
10221
10221
10222
10222
10223
10223
10224
10224
10225
10225
10226
10226
10227
10227
10228
10228
10229
10229
10230
10230
10231
10231
10232
10232
10233
10233
10234
10234
10235
10235
10236
10236
10237
10237
10238
10238
10239
10239
10240
10240
10241
10241
10242
10242
10243
10243
10244
10244
10245
10245
10246
10246
10247
10247
10248
10248
10249
10249
10250
10250
10251
10251
10252
10252
10253
10253
10254
10254
10255
10255
10256
10256
10257
10257
10258
10258
10259
10259
10260
10260
10261
10261
10262
10262
10263
10263
10264
10264
10265
10265
10266
10266
10267
10267
10268
10268
10269
10269
10270
10270
10271
10271
10272
10272
10273
10273
10274
10274
10275
10275
10276
10276
10277
10277
10278
10278
10279
10279
10280
10280
10281
10281
10282
10282
10283
10283
10284
10284
10285
10285
10286
10286
10287
10287
10288
10288
10289
10289
10290
10290
10291
10291
10292
10292
10293
10293
10294
10294
10295
10295
10296
10296
10297
10297
10298
10298
10299
10299
10300
10300
10301
10301
10302
10302
10303
10303
10304
10304
10305
10305
10306
10306
10307
10307
10308
10308
10309
10309
10310
10310
10311
10311
10312
10312
10313
10313
10314
10314
10315
10315
10316
10316
10317
10317
10318
10318
10319
10319
10320
10320
10321
10321
10322
10322
10323
10323
10324
10324
10325
10325
10326
10326
10327
10327
10328
10328
10329
10329
10330
10330
10331
10331
10332
10332
10333
10333
10334
10334
10335
10335
10336
10336
10337
10337
10338
10338
10339
10339
10340
10340
10341
10341
10342
10342
10343
10343
10344
10344
10345
10345
10346
10346
10347
10347
10348
10348
10349
10349
10350
10350
10351
10351
10352
10352
10353
10353
10354
10354
10355
10355
10356
10356
10357
10357
10358
10358
10359
10359
10360
10360
10361
10361
10362
10362
10363
10363
10364
10364
10365
10365
10366
10366
10367
10367
10368
10368
10369
10369
10370
10370
10371
10371
10372
10372
10373
10373
10374
10374
10375
10375
10376
10376
10377
10377
10378
10378
10379
10379
10380
10380
10381
10381
10382
10382
10383
10383
10384
10384
10385
10385
10386
10386
10387
10387
10388
10388
10389
10389
10390
10390
10391
10391
10392
10392
10393
10393
10394
10394
10395
10395
10396
10396
10397
10397
10398
10398
10399
10399
10400
10400
10401
10401
10402
10402
10403
10403
10404
10404
10405
10405
10406
10406
10407
10407
10408
10408
10409
10409
10410
10410
10411
10411
10412
10412
10413
10413
10414
10414
10415
10415
10416
10416
10417
10417
10418
10418
10419
10419
10420
10420
10421
10421
10422
10422
10423
10423
10424
10424
10425
10425
10426
10426
10427
10427
10428
10428
10429
10429
10430
10430
10431
10431
10432
10432
10433
10433
10434
10434
10435
10435
10436
10436
10437
10437
10438
10438
10439
10439
10440
10440
10441
10441
10442
10442
10443
10443
10444
10444
10445
10445
10446
10446
10447
10447
10448
10448
10449
10449
10450
10450
10451
10451
10452
10452
10453
10453
10454
10454
10455
10455
10456
10456
10457
10457
10458
10458
10459
10459
10460
10460
10461
10461
10462
10462
10463
10463
10464
10464
10465
10465
10466
10466
10467
10467
10468
10468
10469
10469
10470
10470
10471
10471
10472
10472
10473
10473
10474
10474
10475
10475
10476
10476
10477
10477
10478
10478
10479
10479
10480
10480
10481
10481
10482
10482
10483
10483
10484
10484
10485
10485
10486
10486
10487
10487
10488
10488
10489
10489
10490
10490
10491
10491
10492
10492
10493
10493
10494
10494
10495
10495
10496
10496
10497
10497
10498
10498
10499
10499
10500
10500
10501
10501
10502
10502
10503
10503
10504
10504
10505
10505
10506
10506
10507
10507
10508
10508
10509
10509
10510
10510
10511
10511
10512
10512
10513
10513
10514
10514
10515
10515
10516
10516
10517
10517
10518
10518
10519
10519
10520
10520
10521
10521
10522
10522
10523
10523
10524
10524
10525
10525
10526
10526
10527
10527
10528
10528
10529
10529
10530
10530
10531
10531
10532
10532
10533
10533
10534
10534
10535
10535
10536
10536
10537
10537
10538
10538
10539
10539
10540
10540
10541
10541
10542
10542
10543
10543
10544
10544
10545
10545
10546
10546
10547
10547
10548
10548
10549
10549
10550
10550
10551
10551
10552
10552
10553
10553
10554
10554
10555
10555
10556
10556
10557
10557
10558
10558
10559
10559
10560
10560
10561
10561
10562
10562
10563
10563
10564
10564
10565
10565
10566
10566
10567
10567
10568
10568
10569
10569
10570
10570
10571
10571
10572
10572
10573
10573
10574
10574
10575
10575
10576
10576
10577
10577
10578
10578
10579
10579
10580
10580
10581
10581
10582
10582
10583
10583
10584
10584
10585
10585
10586
10586
10587
10587
10588
10588
10589
10589
10590
10590
10591
10591
10592
10592
10593
10593
10594
10594
10595
10595
10596
10596
10597
10597
10598
10598
10599
10599
10600
10600
10601
10601
10602
10602
10603
10603
10604
10604
10605
10605
10606
10606
10607
10607
10608
10608
10609
10609
10610
10610
10611
10611
10612
10612
10613
10613
10614
10614
10615
10615
10616
10616
10617
10617
10618
10618
10619
10619
10620
10620
10621
10621
10622
10622
10623
10623
10624
10624
10625
10625
10626
10626
10627
10627
10628
10628
10629
10629
10630
10630
10631
10631
10632
10632
10633
10633
10634
10634
10635
10635
10636
10636
10637
10637
10638
10638
10639
10639
10640
10640
10641
10641
10642
10642
10643
10643
10644
10644
10645
10645
10646
10646
10647
10647
10648
10648
10649
10649
10650
10650
10651
10651
10652
10652
10653
10653
10654
10654
10655
10655
10656
10656
10657
10657
10658
10658
10659
10659
10660
10660
10661
10661
10662
10662
10663
10663
10664
10664
10665
10665
10666
10666
10667
10667
10668
10668
10669
10669
10670
10670
10671
10671
10672
10672
10673
10673
10674
10674
10675
10675
10676
10676
10677
10677
10678
10678
10679
10679
10680
10680
10681
10681
10682
10682
10683
10683
10684
10684
10685
10685
10686
10686
10687
10687
10688
10688
10689
10689
10690
10690
10691
10691
10692
10692
10693
10693
10694
10694
10695
10695
10696
10696
10697
10697
10698
10698
10699
10699
10700
10700
10701
10701
10702
10702
10703
10703
10704
10704
10705
10705
10706
10706
10707
10707
10708
10708
10709
10709
10710
10710
10711
10711
10712
10712
10713
10713
10714
10714
10715
10715
10716
10716
10717
10717
10718
10718
10719
10719
10720
10720
10721
10721
10722
10722
10723
10723
10724
10724
10725
10725
10726
10726
10727
10727
10728
10728
10729
10729
10730
10730
10731
10731
10732
10732
10733
10733
10734
10734
10735
10735
10736
10736
10737
10737
10738
10738
10739
10739
10740
10740
10741
10741
10742
10742
10743
10743
10744
10744
10745
10745
10746
10746
10747
10747
10748
10748
10749
10749
10750
10750
10751
10751
10752
10752
10753
10753
10754
10754
10755
10755
10756
10756
10757
10757
10758
10758
10759
10759
10760
10760
10761
10761
10762
10762
10763
10763
10764
10764
10765
10765
10766
10766
10767
10767
10768
10768
10769
10769
10770
10770
10771
10771
10772
10772
10773
10773
10774
10774
10775
10775
10776
10776
10777
10777
10778
10778
10779
10779
10780
10780
10781
10781
10782
10782
10783
10783
10784
10784
10785
10785
10786
10786
10787
10787
10788
10788
10789
10789
10790
10790
10791
10791
10792
10792
10793
10793
10794
10794
10795
10795
10796
10796
10797
10797
10798
10798
10799
10799
10800
10800
10801
10801
10802
10802
10803
10803
10804
10804
10805
10805
10806
10806
10807
10807
10808
10808
10809
10809
10810
10810
10811
10811
10812
10812
10813
10813
10814
10814
10815
10815
10816
10816
10817
10817
10818
10818
10819
10819
10820
10820
10821
10821
10822
10822
10823
10823
10824
10824
10825
10825
10826
10826
10827
10827
10828
10828
10829
10829
10830
10830
10831
10831
10832
10832
10833
10833
10834
10834
10835
10835
10836
10836
10837
10837
10838
10838
10839
10839
10840
10840
10841
10841
10842
10842
10843
10843
10844
10844
10845
10845
10846
10846
10847
10847
10848
10848
10849
10849
10850
10850
10851
10851
10852
10852
10853
10853
10854
10854
10855
10855
10856
10856
10857
10857
10858
10858
10859
10859
10860
10860
10861
10861
10862
10862
10863
10863
10864
10864
10865
10865
10866
10866
10867
10867
10868
10868
10869
10869
10870
10870
10871
10871
10872
10872
10873
10873
10874
10874
10875
10875
10876
10876
10877
10877
10878
10878
10879
10879
10880
10880
10881
10881
10882
10882
10883
10883
10884
10884
10885
10885
10886
10886
10887
10887
10888
10888
10889
10889
10890
10890
10891
10891
10892
10892
10893
10893
10894
10894
10895
10895
10896
10896
10897
10897
10898
10898
10899
10899
10900
10900
10901
10901
10902
10902
10903
10903
10904
10904
10905
10905
10906
10906
10907
10907
10908
10908
10909
10909
10910
10910
10911
10911
10912
10912
10913
10913
10914
10914
10915
10915
10916
10916
10917
10917
10918
10918
10919
10919
10920
10920
10921
10921
10922
10922
10923
10923
10924
10924
10925
10925
10926
10926
10927
10927
10928
10928
10929
10929
10930
10930
10931
10931
10932
10932
10933
10933
10934
10934
10935
10935
10936
10936
10937
10937
10938
10938
10939
10939
10940
10940
10941
10941
10942
10942
10943
10943
10944
10944
10945
10945
10946
10946
10947
10947
10948
10948
10949
10949
10950
10950
10951
10951
10952
10952
10953
10953
10954
10954
10955
10955
10956
10956
10957
10957
10958
10958
10959
10959
10960
10960
10961
10961
10962
10962
10963
10963
10964
10964
10965
10965
10966
10966
10967
10967
10968
10968
10969
10969
10970
10970
10971
10971
10972
10972
10973
10973
10974
10974
10975
10975
10976
10976
10977
10977
10978
10978
10979
10979
10980
10980
10981
10981
10982
10982
10983
10983
10984
10984
10985
10985
10986
10986
10987
10987
10988
10988
10989
10989
10990
10990
10991
10991
10992
10992
10993
10993
10994
10994
10995
10995
10996
10996
10997
10997
10998
10998
10999
10999
11000
11000
11001
11001
11002
11002
11003
11003
11004
11004
11005
11005
11006
11006
11007
11007
11008
11008
11009
11009
11010
11010
11011
11011
11012
11012
11013
11013
11014
11014
11015
11015
11016
11016
11017
11017
11018
11018
11019
11019
11020
11020
11021
11021
11022
11022
11023
11023
11024
11024
11025
11025
11026
11026
11027
11027
11028
11028
11029
11029
11030
11030
11031
11031
11032
11032
11033
11033
11034
11034
11035
11035
11036
11036
11037
11037
11038
11038
11039
11039
11040
11040
11041
11041
11042
11042
11043
11043
11044
11044
11045
11045
11046
11046
11047
11047
11048
11048
11049
11049
11050
11050
11051
11051
11052
11052
11053
11053
11054
11054
11055
11055
11056
11056
11057
11057
11058
11058
11059
11059
11060
11060
11061
11061
11062
11062
11063
11063
11064
11064
11065
11065
11066
11066
11067
11067
11068
11068
11069
11069
11070
11070
11071
11071
11072
11072
11073
11073
11074
11074
11075
11075
11076
11076
11077
11077
11078
11078
11079
11079
11080
11080
11081
11081
11082
11082
11083
11083
11084
11084
11085
11085
11086
11086
11087
11087
11088
11088
11089
11089
11090
11090
11091
11091
11092
11092
11093
11093
11094
11094
11095
11095
11096
11096
11097
11097
11098
11098
11099
11099
11100
11100
11101
11101
11102
11102
11103
11103
11104
11104
11105
11105
11106
11106
11107
11107
11108
11108
11109
11109
11110
11110
11111
11111
11112
11112
11113
11113
11114
11114
11115
11115
11116
11116
11117
11117
11118
11118
11119
11119
11120
11120
11121
11121
11122
11122
11123
11123
11124
11124
11125
11125
11126
11126
11127
11127
11128
11128
11129
11129
11130
11130
11131
11131
11132
11132
11133
11133
11134
11134
11135
11135
11136
11136
11137
11137
11138
11138
11139
11139
11140
11140
11141
11141
11142
11142
11143
11143
11144
11144
11145
11145
11146
11146
11147
11147
11148
11148
11149
11149
11150
11150
11151
11151
11152
11152
11153
11153
11154
11154
11155
11155
11156
11156
11157
11157
11158
11158
11159
11159
11160
11160
11161
11161
11162
11162
11163
11163
11164
11164
11165
11165
11166
11166
11167
11167
11168
11168
11169
11169
11170
11170
11171
11171
11172
11172
11173
11173
11174
11174
11175
11175
11176
11176
11177
11177
11178
11178
11179
11179
11180
11180
11181
11181
11182
11182
11183
11183
11184
11184
11185
11185
11186
11186
11187
11187
11188
11188
11189
11189
11190
11190
11191
11191
11192
11192
11193
11193
11194
11194
11195
11195
11196
11196
11197
11197
11198
11198
11199
11199
11200
11200
11201
11201
11202
11202
11203
11203
11204
11204
11205
11205
11206
11206
11207
11207
11208
11208
11209
11209
11210
11210
11211
11211
11212
11212
11213
11213
11214
11214
11215
11215
11216
11216
11217
11217
11218
11218
11219
11219
11220
11220
11221
11221
11222
11222
11223
11223
11224
11224
11225
11225
11226
11226
11227
11227
11228
11228
11229
11229
11230
11230
11231
11231
11232
11232
11233
11233
11234
11234
11235
11235
11236
11236
11237
11237
11238
11238
11239
11239
11240
11240
11241
11241
11242
11242
11243
11243
11244
11244
11245
11245
11246
11246
11247
11247
11248
11248
11249
11249
11250
11250
11251
11251
11252
11252
11253
11253
11254
11254
11255
11255
11256
11256
11257
11257
11258
11258
11259
11259
11260
11260
11261
11261
11262
11262
11263
11263
11264
11264
11265
11265
11266
11266
11267
11267
11268
11268
11269
11269
11270
11270
11271
11271
11272
11272
11273
11273
11274
11274
11275
11275
11276
11276
11277
11277
11278
11278
11279
11279
11280
11280
11281
11281
11282
11282
11283
11283
11284
11284
11285
11285
11286
11286
11287
11287
11288
11288
11289
11289
11290
11290
11291
11291
11292
11292
11293
11293
11294
11294
11295
11295
11296
11296
11297
11297
11298
11298
11299
11299
11300
11300
11301
11301
11302
11302
11303
11303
11304
11304
11305
11305
11306
11306
11307
11307
11308
11308
11309
11309
11310
11310
11311
11311
11312
11312
11313
11313
11314
11314
11315
11315
11316
11316
11317
11317
11318
11318
11319
11319
11320
11320
11321
11321
11322
11322
11323
11323
11324
11324
11325
11325
11326
11326
11327
11327
11328
11328
11329
11329
11330
11330
11331
11331
11332
11332
11333
11333
11334
11334
11335
11335
11336
11336
11337
11337
11338
11338
11339
11339
11340
11340
11341
11341
11342
11342
11343
11343
11344
11344
11345
11345
11346
11346
11347
11347
11348
11348
11349
11349
11350
11350
11351
11351
11352
11352
11353
11353
11354
11354
11355
11355
11356
11356
11357
11357
11358
11358
11359
11359
11360
11360
11361
11361
11362
11362
11363
11363
11364
11364
11365
11365
11366
11366
11367
11367
11368
11368
11369
11369
11370
11370
11371
11371
11372
11372
11373
11373
11374
11374
11375
11375
11376
11376
11377
11377
11378
11378
11379
11379
11380
11380
11381
11381
11382
11382
11383
11383
11384
11384
11385
11385
11386
11386
11387
11387
11388
11388
11389
11389
11390
11390
11391
11391
11392
11392
11393
11393
11394
11394
11395
11395
11396
11396
11397
11397
11398
11398
11399
11399
11400
11400
11401
11401
11402
11402
11403
11403
11404
11404
11405
11405
11406
11406
11407
11407
11408
11408
11409
11409
11410
11410
11411
11411
11412
11412
11413
11413
11414
11414
11415
11415
11416
11416
11417
11417
11418
11418
11419
11419
11420
11420
11421
11421
11422
11422
11423
11423
11424
11424
11425
11425
11426
11426
11427
11427
11428
11428
11429
11429
11430
11430
11431
11431
11432
11432
11433
11433
11434
11434
11435
11435
11436
11436
11437
11437
11438
11438
11439
11439
11440
11440
11441
11441
11442
11442
11443
11443
11444
11444
11445
11445
11446
11446
11447
11447
11448
11448
11449
11449
11450
11450
11451
11451
11452
11452
11453
11453
11454
11454
11455
11455
11456
11456
11457
11457
11458
11458
11459
11459
11460
11460
11461
11461
11462
11462
11463
11463
11464
11464
11465
11465
11466
11466
11467
11467
11468
11468
11469
11469
11470
11470
11471
11471
11472
11472
11473
11473
11474
11474
11475
11475
11476
11476
11477
11477
11478
11478
11479
11479
11480
11480
11481
11481
11482
11482
11483
11483
11484
11484
11485
11485
11486
11486
11487
11487
11488
11488
11489
11489
11490
11490
11491
11491
11492
11492
11493
11493
11494
11494
11495
11495
11496
11496
11497
11497
11498
11498
11499
11499
11500
11500
11501
11501
11502
11502
11503
11503
11504
11504
11505
11505
11506
11506
11507
11507
11508
11508
11509
11509
11510
11510
11511
11511
11512
11512
11513
11513
11514
11514
11515
11515
11516
11516
11517
11517
11518
11518
11519
11519
11520
11520
11521
11521
11522
11522
11523
11523
11524
11524
11525
11525
11526
11526
11527
11527
11528
11528
11529
11529
11530
11530
11531
11531
11532
11532
11533
11533
11534
11534
11535
11535
11536
11536
11537
11537
11538
11538
11539
11539
11540
11540
11541
11541
11542
11542
11543
11543
11544
11544
11545
11545
11546
11546
11547
11547
11548
11548
11549
11549
11550
11550
11551
11551
11552
11552
11553
11553
11554
11554
11555
11555
11556
11556
11557
11557
11558
11558
11559
11559
11560
11560
11561
11561
11562
11562
11563
11563
11564
11564
11565
11565
11566
11566
11567
11567
11568
11568
11569
11569
11570
11570
11571
11571
11572
11572
11573
11573
11574
11574
11575
11575
11576
11576
11577
11577
11578
11578
11579
11579
11580
11580
11581
11581
11582
11582
11583
11583
11584
11584
11585
11585
11586
11586
11587
11587
11588
11588
11589
11589
11590
11590
11591
11591
11592
11592
11593
11593
11594
11594
11595
11595
11596
11596
11597
11597
11598
11598
11599
11599
11600
11600
11601
11601
11602
11602
11603
11603
11604
11604
11605
11605
11606
11606
11607
11607
11608
11608
11609
11609
11610
11610
11611
11611
11612
11612
11613
11613
11614
11614
11615
11615
11616
11616
11617
11617
11618
11618
11619
11619
11620
11620
11621
11621
11622
11622
11623
11623
11624
11624
11625
11625
11626
11626
11627
11627
11628
11628
11629
11629
11630
11630
11631
11631
11632
11632
11633
11633
11634
11634
11635
11635
11636
11636
11637
11637
11638
11638
11639
11639
11640
11640
11641
11641
11642
11642
11643
11643
11644
11644
11645
11645
11646
11646
11647
11647
11648
11648
11649
11649
11650
11650
11651
11651
11652
11652
11653
11653
11654
11654
11655
11656
11657
11658
11659
11660
11661
11662
11663
11664
11665
11666
11667
11668
11669
11670
11671
11672
11673
11674
11675
11676
11677
11678
11679
11680
11681
11682
11683
11684
11685
11686
11687
11688
11689
11690
11691
11692
11693
11694
11695
11696
11697
11698
11699
11700
11701
11702
11703
11704
11705
11706
11707
11708
11709
11710
11711
11712
11713
11714
11715
11716
11717
11718
11719
11720
11720
11721
11721
11722
11722
11723
11723
11724
11724
11725
11725
11726
11726
11727
11727
11728
11728
11729
11729
11730
11730
11731
11731
11732
11732
11733
11733
11734
11734
11735
11735
11736
11736
11737
11737
11738
11738
11739
11739
11740
11740
11741
11741
11742
11742
11743
11743
11744
11744
11745
11745
11746
11746
11747
11747
11748
11748
11749
11749
11750
11750
11751
11751
11752
11752
11753
11753
11754
11754
11755
11755
11756
11756
11757
11757
11758
11758
11759
11759
11760
11760
11761
11761
11762
11762
11763
11763
11764
11764
11765
11765
11766
11766
11767
11767
11768
11768
11769
11769
11770
11770
11771
11771
11772
11772
11773
11773
11774
11774
11775
11775
11776
11776
11777
11777
11778
11778
11779
11779
11780
11780
11781
11781
11782
11782
11783
11783
11784
11784
11785
11785
11786
11786
11787
11787
11788
11788
11789
11789
11790
11790
11791
11791
11792
11792
11793
11793
11794
11794
11795
11795
11796
11796
11797
11797
11798
11798
11799
11799
11800
11800
11801
11801
11802
11802
11803
11803
11804
11804
11805
11805
11806
11806
11807
11807
11808
11808
11809
11809
11810
11810
11811
11811
11812
11812
11813
11813
11814
11814
11815
11815
11816
11816
11817
11817
11818
11818
11819
11819
11820
11820
11821
11821
11822
11822
11823
11823
11824
11824
11825
11825
11826
11826
11827
11827
11828
11828
11829
11829
11830
11830
11831
11831
11832
11832
11833
11833
11834
11834
11835
11835
11836
11836
11837
11837
11838
11838
11839
11839
11840
11840
11841
11841
11842
11842
11843
11843
11844
11844
11845
11845
11846
11846
11847
11847
11848
11848
11849
11849
11850
11850
11851
11851
11852
11852
11853
11853
11854
11854
11855
11855
11856
11856
11857
11857
11858
11858
11859
11859
11860
11860
11861
11861
11862
11862
11863
11863
11864
11864
11865
11865
11866
11866
11867
11867
11868
11868
11869
11869
11870
11870
11871
11871
11872
11872
11873
11873
11874
11874
11875
11875
11876
11876
11877
11877
11878
11878
11879
11879
11880
11880
11881
11881
11882
11882
11883
11883
11884
11884
11885
11885
11886
11886
11887
11887
11888
11888
11889
11889
11890
11890
11891
11891
11892
11892
11893
11893
11894
11894
11895
11895
11896
11896
11897
11897
11898
11898
11899
11899
11900
11900
11901
11901
11902
11902
11903
11903
11904
11904
11905
11905
11906
11906
11907
11907
11908
11908
11909
11909
11910
11910
11911
11911
11912
11912
11913
11913
11914
11914
11915
11915
11916
11916
11917
11917
11918
11918
11919
11919
11920
11920
11921
11921
11922
11922
11923
11923
11924
11924
11925
11925
11926
11926
11927
11927
11928
11928
11929
11929
11930
11930
11931
11931
11932
11932
11933
11933
11934
11934
11935
11935
11936
11936
11937
11937
11938
11938
11939
11939
11940
11940
11941
11941
11942
11942
11943
11943
11944
11944
11945
11945
11946
11946
11947
11947
11948
11948
11949
11949
11950
11950
11951
11951
11952
11952
11953
11953
11954
11954
11955
11955
11956
11956
11957
11957
11958
11958
11959
11959
11960
11960
11961
11961
11962
11962
11963
11963
11964
11964
11965
11965
11966
11966
11967
11967
11968
11968
11969
11969
11970
11970
11971
11971
11972
11972
11973
11973
11974
11974
11975
11975
11976
11976
11977
11977
11978
11978
11979
11979
11980
11980
11981
11981
11982
11982
11983
11983
11984
11984
11985
11985
11986
11986
11987
11987
11988
11988
11989
11989
11990
11990
11991
11991
11992
11992
11993
11993
11994
11994
11995
11995
11996
11996
11997
11997
11998
11998
11999
11999
12000
12000
12001
12001
12002
12002
12003
12003
12004
12004
12005
12005
12006
12006
12007
12007
12008
12008
12009
12009
12010
12010
12011
12011
12012
12012
12013
12013
12014
12014
12015
12015
12016
12016
12017
12017
12018
12018
12019
12019
12020
12020
12021
12021
12022
12022
12023
12023
12024
12024
12025
12025
12026
12026
12027
12027
12028
12028
12029
12029
12030
12030
12031
12031
12032
12032
12033
12033
12034
12034
12035
12035
12036
12036
12037
12037
12038
12038
12039
12039
12040
12040
12041
12041
12042
12042
12043
12043
12044
12044
12045
12045
12046
12046
12047
12047
12048
12048
12049
12049
12050
12050
12051
12051
12052
12052
12053
12053
12054
12054
12055
12055
12056
12056
12057
12057
12058
12058
12059
12059
12060
12060
12061
12061
12062
12062
12063
12063
12064
12064
12065
12065
12066
12066
12067
12067
12068
12068
12069
12069
12070
12070
12071
12071
12072
12072
12073
12073
12074
12074
12075
12075
12076
12076
12077
12077
12078
12078
12079
12079
12080
12080
12081
12081
12082
12082
12083
12083
12084
12084
12085
12085
12086
12086
12087
12087
12088
12088
12089
12089
12090
12090
12091
12091
12092
12092
12093
12093
12094
12094
12095
12095
12096
12096
12097
12097
12098
12098
12099
12099
12100
12100
12101
12101
12102
12102
12103
12103
12104
12104
12105
12105
12106
12106
12107
12107
12108
12108
12109
12109
12110
12110
12111
12111
12112
12112
12113
12113
12114
12114
12115
12115
12116
12116
12117
12117
12118
12118
12119
12119
12120
12120
12121
12121
12122
12122
12123
12123
12124
12124
12125
12125
12126
12126
12127
12127
12128
12128
12129
12129
12130
12130
12131
12131
12132
12132
12133
12133
12134
12134
12135
12135
12136
12136
12137
12137
12138
12138
12139
12139
12140
12140
12141
12141
12142
12142
12143
12143
12144
12144
12145
12145
12146
12146
12147
12147
12148
12148
12149
12149
12150
12150
12151
12151
12152
12152
12153
12153
12154
12154
12155
12155
12156
12156
12157
12157
12158
12158
12159
12159
12160
12160
12161
12161
12162
12162
12163
12163
12164
12164
12165
12165
12166
12166
12167
12167
12168
12168
12169
12169
12170
12170
12171
12171
12172
12172
12173
12173
12174
12174
12175
12175
12176
12176
12177
12177
12178
12178
12179
12179
12180
12180
12181
12181
12182
12182
12183
12183
12184
12184
12185
12185
12186
12186
12187
12187
12188
12188
12189
12189
12190
12190
12191
12191
12192
12192
12193
12193
12194
12194
12195
12195
12196
12196
12197
12197
12198
12198
12199
12199
12200
12200
12201
12201
12202
12202
12203
12203
12204
12204
12205
12205
12206
12206
12207
12207
12208
12208
12209
12209
12210
12210
12211
12211
12212
12212
12213
12213
12214
12214
12215
12215
12216
12216
12217
12217
12218
12218
12219
12219
12220
12220
12221
12221
12222
12222
12223
12223
12224
12224
12225
12225
12226
12226
12227
12227
12228
12228
12229
12229
12230
12230
12231
12231
12232
12232
12233
12233
12234
12234
12235
12235
12236
12236
12237
12237
12238
12238
12239
12239
12240
12240
12241
12241
12242
12242
12243
12243
12244
12244
12245
12245
12246
12246
12247
12247
12248
12248
12249
12249
12250
12250
12251
12251
12252
12252
12253
12253
12254
12254
12255
12255
12256
12256
12257
12257
12258
12258
12259
12259
12260
12260
12261
12261
12262
12262
12263
12263
12264
12264
12265
12265
12266
12266
12267
12267
12268
12268
12269
12269
12270
12270
12271
12271
12272
12272
12273
12273
12274
12274
12275
12275
12276
12276
12277
12277
12278
12278
12279
12279
12280
12280
12281
12281
12282
12282
12283
12283
12284
12284
12285
12285
12286
12286
12287
12287
12288
12288
12289
12289
12290
12290
12291
12291
12292
12292
12293
12293
12294
12294
12295
12295
12296
12296
12297
12297
12298
12298
12299
12299
12300
12300
12301
12301
12302
12302
12303
12303
12304
12304
12305
12305
12306
12306
12307
12307
12308
12308
12309
12309
12310
12310
12311
12311
12312
12312
12313
12313
12314
12314
12315
12315
12316
12316
12317
12317
12318
12318
12319
12319
12320
12320
12321
12321
12322
12322
12323
12323
12324
12324
12325
12325
12326
12326
12327
12327
12328
12328
12329
12329
12330
12330
12331
12331
12332
12332
12333
12333
12334
12334
12335
12335
12336
12336
12337
12337
12338
12338
12339
12339
12340
12340
12341
12341
12342
12342
12343
12343
12344
12344
12345
12345
12346
12346
12347
12347
12348
12348
12349
12349
12350
12350
12351
12351
12352
12352
12353
12353
12354
12354
12355
12355
12356
12356
12357
12357
12358
12358
12359
12359
12360
12360
12361
12361
12362
12362
12363
12363
12364
12364
12365
12365
12366
12366
12367
12367
12368
12368
12369
12369
12370
12370
12371
12371
12372
12372
12373
12373
12374
12374
12375
12375
12376
12376
12377
12377
12378
12378
12379
12379
12380
12380
12381
12381
12382
12382
12383
12383
12384
12384
12385
12385
12386
12386
12387
12387
12388
12388
12389
12389
12390
12390
12391
12391
12392
12392
12393
12393
12394
12394
12395
12395
12396
12396
12397
12397
12398
12398
12399
12399
12400
12400
12401
12401
12402
12402
12403
12403
12404
12404
12405
12405
12406
12406
12407
12407
12408
12408
12409
12409
12410
12410
12411
12411
12412
12412
12413
12413
12414
12414
12415
12415
12416
12416
12417
12417
12418
12418
12419
12419
12420
12420
12421
12421
12422
12422
12423
12423
12424
12424
12425
12425
12426
12426
12427
12427
12428
12428
12429
12429
12430
12430
12431
12431
12432
12432
12433
12433
12434
12434
12435
12435
12436
12436
12437
12437
12438
12438
12439
12439
12440
12440
12441
12441
12442
12442
12443
12443
12444
12444
12445
12445
12446
12446
12447
12447
12448
12448
12449
12449
12450
12450
12451
12451
12452
12452
12453
12453
12454
12454
12455
12455
12456
12456
12457
12457
12458
12458
12459
12459
12460
12460
12461
12461
12462
12462
12463
12463
12464
12464
12465
12465
12466
12466
12467
12467
12468
12468
12469
12469
12470
12470
12471
12471
12472
12472
12473
12473
12474
12474
12475
12475
12476
12476
12477
12477
12478
12478
12479
12479
12480
12480
12481
12481
12482
12482
12483
12483
12484
12484
12485
12485
12486
12486
12487
12487
12488
12488
12489
12489
12490
12490
12491
12491
12492
12492
12493
12493
12494
12494
12495
12495
12496
12496
12497
12497
12498
12498
12499
12499
12500
12500
12501
12501
12502
12502
12503
12503
12504
12504
12505
12505
12506
12506
12507
12507
12508
12508
12509
12509
12510
12510
12511
12511
12512
12512
12513
12513
12514
12514
12515
12515
12516
12516
12517
12517
12518
12518
12519
12519
12520
12520
12521
12521
12522
12522
12523
12523
12524
12524
12525
12525
12526
12526
12527
12527
12528
12528
12529
12529
12530
12530
12531
12531
12532
12532
12533
12533
12534
12534
12535
12535
12536
12536
12537
12537
12538
12538
12539
12539
12540
12540
12541
12541
12542
12542
12543
12543
12544
12544
12545
12545
12546
12546
12547
12547
12548
12548
12549
12549
12550
12550
12551
12551
12552
12552
12553
12553
12554
12554
12555
12555
12556
12556
12557
12557
12558
12558
12559
12559
12560
12560
12561
12561
12562
12562
12563
12563
12564
12564
12565
12565
12566
12566
12567
12567
12568
12568
12569
12569
12570
12570
12571
12571
12572
12572
12573
12573
12574
12574
12575
12575
12576
12576
12577
12577
12578
12578
12579
12579
12580
12580
12581
12581
12582
12582
12583
12583
12584
12584
12585
12585
12586
12586
12587
12587
12588
12588
12589
12589
12590
12590
12591
12591
12592
12592
12593
12593
12594
12594
12595
12595
12596
12596
12597
12597
12598
12598
12599
12599
12600
12600
12601
12601
12602
12602
12603
12603
12604
12604
12605
12605
12606
12606
12607
12607
12608
12608
12609
12609
12610
12610
12611
12611
12612
12612
12613
12613
12614
12614
12615
12615
12616
12616
12617
12617
12618
12618
12619
12619
12620
12620
12621
12621
12622
12622
12623
12623
12624
12624
12625
12625
12626
12626
12627
12627
12628
12628
12629
12629
12630
12630
12631
12631
12632
12632
12633
12633
12634
12634
12635
12635
12636
12636
12637
12637
12638
12638
12639
12639
12640
12640
12641
12641
12642
12642
12643
12643
12644
12644
12645
12645
12646
12646
12647
12647
12648
12648
12649
12649
12650
12650
12651
12651
12652
12652
12653
12653
12654
12654
12655
12655
12656
12656
12657
12657
12658
12658
12659
12659
12660
12660
12661
12661
12662
12662
12663
12663
12664
12664
12665
12665
12666
12666
12667
12667
12668
12668
12669
12669
12670
12670
12671
12671
12672
12672
12673
12673
12674
12674
12675
12675
12676
12676
12677
12677
12678
12678
12679
12679
12680
12680
12681
12681
12682
12682
12683
12683
12684
12684
12685
12685
12686
12686
12687
12687
12688
12688
12689
12689
12690
12690
12691
12691
12692
12692
12693
12693
12694
12694
12695
12695
12696
12696
12697
12697
12698
12698
12699
12699
12700
12700
12701
12701
12702
12702
12703
12703
12704
12704
12705
12705
12706
12706
12707
12707
12708
12708
12709
12709
12710
12710
12711
12711
12712
12712
12713
12713
12714
12714
12715
12715
12716
12716
12717
12717
12718
12718
12719
12719
12720
12720
12721
12721
12722
12722
12723
12723
12724
12724
12725
12725
12726
12726
12727
12727
12728
12728
12729
12729
12730
12730
12731
12731
12732
12732
12733
12733
12734
12734
12735
12735
12736
12736
12737
12737
12738
12738
12739
12739
12740
12740
12741
12741
12742
12742
12743
12743
12744
12745
12745
12746
12746
12747
12747
12748
12748
12749
12749
12750
12750
12751
12751
12752
12752
12753
12753
12754
12754
12755
12755
12756
12756
12757
12757
12758
12758
12759
12759
12760
12760
12761
12761
12762
12762
12763
12763
12764
12764
12765
12765
12766
12766
12767
12767
12768
12768
12769
12770
12770
12771
12771
12772
12772
12773
12773
12774
12774
12775
12775
12776
12776
12777
12777
12778
12778
12779
12779
12780
12780
12781
12781
12782
12782
12783
12783
12784
12784
12785
12785
12786
12786
12787
12787
12788
12788
12789
12789
12790
12790
12791
12791
12792
12792
12793
12793
12794
12795
12795
12796
12796
12797
12797
12798
12798
12799
12799
12800
12800
12801
12801
12802
12802
12803
12803
12804
12804
12805
12805
12806
12806
12807
12807
12808
12808
12809
12809
12810
12810
12811
12811
12812
12812
12813
12813
12814
12814
12815
12815
12816
12816
12817
12817
12818
12818
12819
12820
12820
12821
12821
12822
12822
12823
12823
12824
12824
12825
12825
12826
12826
12827
12827
12828
12828
12829
12829
12830
12830
12831
12831
12832
12832
12833
12833
12834
12834
12835
12835
12836
12836
12837
12837
12838
12838
12839
12839
12840
12840
12841
12841
12842
12842
12843
12843
12844
12845
12845
12846
12846
12847
12847
12848
12848
12849
12849
12850
12850
12851
12851
12852
12852
12853
12853
12854
12854
12855
12855
12856
12856
12857
12857
12858
12858
12859
12859
12860
12860
12861
12861
12862
12862
12863
12863
12864
12864
12865
12865
12866
12866
12867
12867
12868
12868
12869
12870
12870
12871
12871
12872
12872
12873
12873
12874
12874
12875
12875
12876
12876
12877
12877
12878
12878
12879
12879
12880
12880
12881
12881
12882
12882
12883
12883
12884
12884
12885
12885
12886
12886
12887
12887
12888
12888
12889
12889
12890
12890
12891
12891
12892
12892
12893
12893
12894
12895
12895
12896
12896
12897
12897
12898
12898
12899
12899
12900
12900
12901
12901
12902
12902
12903
12903
12904
12904
12905
12905
12906
12906
12907
12907
12908
12908
12909
12909
12910
12910
12911
12911
12912
12912
12913
12913
12914
12914
12915
12915
12916
12916
12917
12917
12918
12918
12919
12920
12920
12921
12921
12922
12922
12923
12923
12924
12924
12925
12925
12926
12926
12927
12927
12928
12928
12929
12929
12930
12930
12931
12931
12932
12932
12933
12933
12934
12934
12935
12935
12936
12936
12937
12937
12938
12938
12939
12939
12940
12940
12941
12941
12942
12942
12943
12943
12944
12945
12945
12946
12946
12947
12947
12948
12948
12949
12949
12950
12950
12951
12951
12952
12952
12953
12953
12954
12954
12955
12955
12956
12956
12957
12957
12958
12958
12959
12959
12960
12960
12961
12961
12962
12962
12963
12963
12964
12964
12965
12965
12966
12966
12967
12967
12968
12968
12969
12970
12970
12971
12971
12972
12972
12973
12973
12974
12974
12975
12975
12976
12976
12977
12977
12978
12978
12979
12979
12980
12980
12981
12981
12982
12982
12983
12983
12984
12984
12985
12985
12986
12986
12987
12987
12988
12988
12989
12989
12990
12990
12991
12991
12992
12992
12993
12993
12994
12995
12995
12996
12996
12997
12997
12998
12998
12999
12999
13000
13000
13001
13001
13002
13002
13003
13003
13004
13004
13005
13005
13006
13006
13007
13007
13008
13008
13009
13009
13010
13010
13011
13011
13012
13012
13013
13013
13014
13014
13015
13015
13016
13016
13017
13017
13018
13018
13019
13020
13020
13021
13021
13022
13022
13023
13023
13024
13024
13025
13025
13026
13026
13027
13027
13028
13028
13029
13029
13030
13030
13031
13031
13032
13032
13033
13033
13034
13034
13035
13035
13036
13036
13037
13037
13038
13038
13039
13039
13040
13040
13041
13041
13042
13042
13043
13043
13044
13045
13045
13046
13046
13047
13047
13048
13048
13049
13049
13050
13050
13051
13051
13052
13052
13053
13053
13054
13054
13055
13055
13056
13056
13057
13057
13058
13058
13059
13059
13060
13060
13061
13061
13062
13062
13063
13063
13064
13064
13065
13065
13066
13066
13067
13067
13068
13068
13069
13070
13070
13071
13071
13072
13072
13073
13073
13074
13074
13075
13075
13076
13076
13077
13077
13078
13078
13079
13079
13080
13080
13081
13081
13082
13082
13083
13083
13084
13084
13085
13085
13086
13086
13087
13087
13088
13088
13089
13089
13090
13090
13091
13091
13092
13092
13093
13093
13094
13095
13095
13096
13096
13097
13097
13098
13098
13099
13099
13100
13100
13101
13101
13102
13102
13103
13103
13104
13104
13105
13105
13106
13106
13107
13107
13108
13108
13109
13109
13110
13110
13111
13111
13112
13112
13113
13113
13114
13114
13115
13115
13116
13116
13117
13117
13118
13118
13119
13120
13120
13121
13121
13122
13122
13123
13123
13124
13124
13125
13125
13126
13126
13127
13127
13128
13128
13129
13129
13130
13130
13131
13131
13132
13132
13133
13133
13134
13134
13135
13135
13136
13136
13137
13137
13138
13138
13139
13139
13140
13140
13141
13141
13142
13142
13143
13143
13144
13145
13145
13146
13146
13147
13147
13148
13148
13149
13149
13150
13150
13151
13151
13152
13152
13153
13153
13154
13154
13155
13155
13156
13156
13157
13157
13158
13158
13159
13159
13160
13160
13161
13161
13162
13162
13163
13163
13164
13164
13165
13165
13166
13166
13167
13167
13168
13168
13169
13170
13170
13171
13171
13172
13172
13173
13173
13174
13174
13175
13175
13176
13176
13177
13177
13178
13178
13179
13179
13180
13180
13181
13181
13182
13182
13183
13183
13184
13184
13185
13185
13186
13186
13187
13187
13188
13188
13189
13189
13190
13190
13191
13191
13192
13192
13193
13193
13194
13195
13195
13196
13196
13197
13197
13198
13198
13199
13199
13200
13200
13201
13201
13202
13202
13203
13203
13204
13204
13205
13205
13206
13206
13207
13207
13208
13208
13209
13209
13210
13210
13211
13211
13212
13212
13213
13213
13214
13214
13215
13215
13216
13216
13217
13217
13218
13218
13219
13220
13220
13221
13221
13222
13222
13223
13223
13224
13224
13225
13225
13226
13226
13227
13227
13228
13228
13229
13229
13230
13230
13231
13231
13232
13232
13233
13233
13234
13234
13235
13235
13236
13236
13237
13237
13238
13238
13239
13239
13240
13240
13241
13241
13242
13242
13243
13243
13244
13245
13245
13246
13246
13247
13247
13248
13248
13249
13249
13250
13250
13251
13251
13252
13252
13253
13253
13254
13254
13255
13255
13256
13256
13257
13257
13258
13258
13259
13259
13260
13260
13261
13261
13262
13262
13263
13263
13264
13264
13265
13265
13266
13266
13267
13267
13268
13268
13269
13270
13270
13271
13271
13272
13272
13273
13273
13274
13274
13275
13275
13276
13276
13277
13277
13278
13278
13279
13279
13280
13280
13281
13281
13282
13282
13283
13283
13284
13284
13285
13285
13286
13286
13287
13287
13288
13288
13289
13289
13290
13290
13291
13291
13292
13292
13293
13293
13294
13295
13295
13296
13296
13297
13297
13298
13298
13299
13299
13300
13300
13301
13301
13302
13302
13303
13303
13304
13304
13305
13305
13306
13306
13307
13307
13308
13308
13309
13309
13310
13310
13311
13311
13312
13312
13313
13313
13314
13314
13315
13315
13316
13316
13317
13317
13318
13318
13319
13320
13320
13321
13321
13322
13322
13323
13323
13324
13324
13325
13325
13326
13326
13327
13327
13328
13328
13329
13329
13330
13330
13331
13331
13332
13332
13333
13333
13334
13334
13335
13335
13336
13336
13337
13337
13338
13338
13339
13339
13340
13340
13341
13341
13342
13342
13343
13343
13344
13345
13345
13346
13346
13347
13347
13348
13348
13349
13349
13350
13350
13351
13351
13352
13352
13353
13353
13354
13354
13355
13355
13356
13356
13357
13357
13358
13358
13359
13359
13360
13360
13361
13361
13362
13362
13363
13363
13364
13364
13365
13365
13366
13366
13367
13367
13368
13368
13369
13370
13370
13371
13371
13372
13372
13373
13373
13374
13374
13375
13375
13376
13376
13377
13377
13378
13378
13379
13379
13380
13380
13381
13381
13382
13382
13383
13383
13384
13384
13385
13385
13386
13386
13387
13387
13388
13388
13389
13389
13390
13390
13391
13391
13392
13392
13393
13393
13394
13395
13395
13396
13396
13397
13397
13398
13398
13399
13399
13400
13400
13401
13401
13402
13402
13403
13403
13404
13404
13405
13405
13406
13406
13407
13407
13408
13408
13409
13409
13410
13410
13411
13411
13412
13412
13413
13413
13414
13414
13415
13415
13416
13416
13417
13417
13418
13418
13419
13420
13420
13421
13421
13422
13422
13423
13423
13424
13424
13425
13425
13426
13426
13427
13427
13428
13428
13429
13429
13430
13430
13431
13431
13432
13432
13433
13433
13434
13434
13435
13435
13436
13436
13437
13437
13438
13438
13439
13439
13440
13440
13441
13441
13442
13442
13443
13443
13444
13445
13445
13446
13446
13447
13447
13448
13448
13449
13449
13450
13450
13451
13451
13452
13452
13453
13453
13454
13454
13455
13455
13456
13456
13457
13457
13458
13458
13459
13459
13460
13460
13461
13461
13462
13462
13463
13463
13464
13464
13465
13465
13466
13466
13467
13467
13468
13468
13469
13470
13470
13471
13471
13472
13472
13473
13473
13474
13474
13475
13475
13476
13476
13477
13477
13478
13478
13479
13479
13480
13480
13481
13481
13482
13482
13483
13483
13484
13484
13485
13485
13486
13486
13487
13487
13488
13488
13489
13489
13490
13490
13491
13491
13492
13492
13493
13493
13494
13495
13495
13496
13496
13497
13497
13498
13498
13499
13499
13500
13500
13501
13501
13502
13502
13503
13503
13504
13504
13505
13505
13506
13506
13507
13507
13508
13508
13509
13509
13510
13510
13511
13511
13512
13512
13513
13513
13514
13514
13515
13515
13516
13516
13517
13517
13518
13518
13519
13520
13520
13521
13521
13522
13522
13523
13523
13524
13524
13525
13525
13526
13526
13527
13527
13528
13528
13529
13529
13530
13530
13531
13531
13532
13532
13533
13533
13534
13534
13535
13535
13536
13536
13537
13537
13538
13538
13539
13539
13540
13540
13541
13541
13542
13542
13543
13543
13544
13545
13545
13546
13546
13547
13547
13548
13548
13549
13549
13550
13550
13551
13551
13552
13552
13553
13553
13554
13554
13555
13555
13556
13556
13557
13557
13558
13558
13559
13559
13560
13560
13561
13561
13562
13562
13563
13563
13564
13564
13565
13565
13566
13566
13567
13567
13568
13568
13569
13570
13570
13571
13571
13572
13572
13573
13573
13574
13574
13575
13575
13576
13576
13577
13577
13578
13578
13579
13579
13580
13580
13581
13581
13582
13582
13583
13583
13584
13584
13585
13585
13586
13586
13587
13587
13588
13588
13589
13589
13590
13590
13591
13591
13592
13592
13593
13593
13594
13595
13595
13596
13596
13597
13597
13598
13598
13599
13599
13600
13600
13601
13601
13602
13602
13603
13603
13604
13604
13605
13605
13606
13606
13607
13607
13608
13608
13609
13609
13610
13610
13611
13611
13612
13612
13613
13613
13614
13614
13615
13615
13616
13616
13617
13617
13618
13618
13619
13620
13620
13621
13621
13622
13622
13623
13623
13624
13624
13625
13625
13626
13626
13627
13627
13628
13628
13629
13629
13630
13630
13631
13631
13632
13632
13633
13633
13634
13634
13635
13635
13636
13636
13637
13637
13638
13638
13639
13639
13640
13640
13641
13641
13642
13642
13643
13643
13644
13645
13645
13646
13646
13647
13647
13648
13648
13649
13649
13650
13650
13651
13651
13652
13652
13653
13653
13654
13654
13655
13655
13656
13656
13657
13657
13658
13658
13659
13659
13660
13660
13661
13661
13662
13662
13663
13663
13664
13664
13665
13665
13666
13666
13667
13667
13668
13668
13669
13670
13670
13671
13671
13672
13672
13673
13673
13674
13674
13675
13675
13676
13676
13677
13677
13678
13678
13679
13679
13680
13680
13681
13681
13682
13682
13683
13683
13684
13684
13685
13685
13686
13686
13687
13687
13688
13688
13689
13689
13690
13690
13691
13691
13692
13692
13693
13693
13694
13695
13695
13696
13696
13697
13697
13698
13698
13699
13699
13700
13700
13701
13701
13702
13702
13703
13703
13704
13704
13705
13705
13706
13706
13707
13707
13708
13708
13709
13709
13710
13710
13711
13711
13712
13712
13713
13713
13714
13714
13715
13715
13716
13716
13717
13717
13718
13718
13719
13720
13720
13720
13721
13721
13721
13722
13722
13722
13723
13723
13723
13724
13724
13724
13725
13725
13725
13726
13726
13726
13727
13727
13727
13728
13728
13728
13729
13729
13729
13730
13730
13730
13731
13731
13731
13732
13732
13732
13733
13733
13733
13734
13734
13735
13735
13736
13736
13737
13737
13738
13738
13739
13739
13740
13740
13741
13741
13742
13742
13743
13743
13744
13744
13745
13745
13746
13746
13747
13747
13748
13748
13749
13750
13750
13751
13751
13752
13752
13753
13753
13754
13754
13755
13755
13756
13756
13757
13757
13758
13758
13759
13759
13760
13760
13761
13761
13762
13762
13763
13763
13764
13765
13765
13766
13766
13767
13767
13768
13768
13769
13769
13770
13770
13771
13771
13772
13772
13773
13773
13774
13774
13775
13775
13776
13776
13777
13777
13778
13778
13779
13780
13780
13781
13781
13782
13782
13783
13783
13784
13784
13785
13785
13786
13786
13787
13787
13788
13788
13789
13789
13790
13790
13791
13791
13792
13792
13793
13793
13794
13795
13795
13796
13796
13797
13797
13798
13798
13799
13799
13800
13800
13801
13801
13802
13802
13803
13803
13804
13804
13805
13805
13806
13806
13807
13807
13808
13808
13809
13810
13810
13811
13811
13812
13812
13813
13813
13814
13814
13815
13815
13816
13816
13817
13817
13818
13818
13819
13819
13820
13820
13821
13821
13822
13822
13823
13823
13824
13825
13825
13826
13826
13827
13827
13828
13828
13829
13829
13830
13830
13831
13831
13832
13832
13833
13833
13834
13834
13835
13835
13836
13836
13837
13837
13838
13838
13839
13840
13840
13841
13841
13842
13842
13843
13843
13844
13844
13845
13845
13846
13846
13847
13847
13848
13848
13849
13849
13850
13850
13851
13851
13852
13852
13853
13853
13854
13855
13855
13856
13856
13857
13857
13858
13858
13859
13859
13860
13860
13861
13861
13862
13862
13863
13863
13864
13864
13865
13865
13866
13866
13867
13867
13868
13868
13869
13870
13870
13871
13871
13872
13872
13873
13873
13874
13874
13875
13875
13876
13876
13877
13877
13878
13878
13879
13879
13880
13880
13881
13881
13882
13882
13883
13883
13884
13885
13885
13886
13886
13887
13887
13888
13888
13889
13889
13890
13890
13891
13891
13892
13892
13893
13893
13894
13894
13895
13895
13896
13896
13897
13897
13898
13898
13899
13900
13900
13901
13901
13902
13902
13903
13903
13904
13904
13905
13905
13906
13906
13907
13907
13908
13908
13909
13909
13910
13910
13911
13911
13912
13912
13913
13913
13914
13915
13915
13916
13916
13917
13917
13918
13918
13919
13919
13920
13920
13921
13921
13922
13922
13923
13923
13924
13924
13925
13925
13926
13926
13927
13927
13928
13928
13929
13930
13930
13931
13931
13932
13932
13933
13933
13934
13934
13935
13935
13936
13936
13937
13937
13938
13938
13939
13939
13940
13940
13941
13941
13942
13942
13943
13943
13944
13945
13945
13946
13946
13947
13947
13948
13948
13949
13949
13950
13950
13951
13951
13952
13952
13953
13953
13954
13954
13955
13955
13956
13956
13957
13957
13958
13958
13959
13960
13960
13961
13961
13962
13962
13963
13963
13964
13964
13965
13965
13966
13966
13967
13967
13968
13968
13969
13969
13970
13970
13971
13971
13972
13972
13973
13973
13974
13975
13975
13976
13976
13977
13977
13978
13978
13979
13979
13980
13980
13981
13981
13982
13982
13983
13983
13984
13984
13985
13985
13986
13986
13987
13987
13988
13988
13989
13990
13990
13991
13991
13992
13992
13993
13993
13994
13994
13995
13995
13996
13996
13997
13997
13998
13998
13999
13999
14000
14000
14001
14001
14002
14002
14003
14003
14004
14005
14005
14006
14006
14007
14007
14008
14008
14009
14009
14010
14010
14011
14011
14012
14012
14013
14013
14014
14014
14015
14015
14016
14016
14017
14017
14018
14018
14019
14020
14020
14021
14021
14022
14022
14023
14023
14024
14024
14025
14025
14026
14026
14027
14027
14028
14028
14029
14029
14030
14030
14031
14031
14032
14032
14033
14033
14034
14035
14035
14036
14036
14037
14037
14038
14038
14039
14039
14040
14040
14041
14041
14042
14042
14043
14043
14044
14044
14045
14045
14046
14046
14047
14047
14048
14048
14049
14050
14050
14051
14051
14052
14052
14053
14053
14054
14054
14055
14055
14056
14056
14057
14057
14058
14058
14059
14059
14060
14060
14061
14061
14062
14062
14063
14063
14064
14065
14065
14066
14066
14067
14067
14068
14068
14069
14069
14070
14070
14071
14071
14072
14072
14073
14073
14074
14074
14075
14075
14076
14076
14077
14077
14078
14078
14079
14080
14080
14081
14081
14082
14082
14083
14083
14084
14084
14085
14085
14086
14086
14087
14087
14088
14088
14089
14089
14090
14090
14091
14091
14092
14092
14093
14093
14094
14095
14096
14097
14098
14099
14100
14101
14102
14103
14104
14105
14106
14107
14108
14110
14110
14111
14111
14112
14112
14113
14113
14114
14114
14115
14115
14116
14116
14117
14117
14118
14118
14119
14119
14120
14120
14121
14121
14122
14122
14123
14123
14124
14124
14125
14125
14126
14126
14127
14127
14128
14128
14129
14129
14130
14130
14131
14131
14132
14132
14133
14133
14134
14134
14135
14135
14136
14136
14137
14137
14138
14138
14139
14139
14140
14140
14141
14141
14142
14142
14143
14143
14144
14144
14145
14145
14146
14146
14147
14147
14148
14148
14149
14149
14150
14150
14151
14151
14152
14152
14153
14153
14154
14154
14155
14155
14156
14156
14157
14157
14158
14158
14159
14159
14160
14160
14161
14161
14162
14162
14163
14163
14164
14164
14165
14165
14166
14166
14167
14167
14168
14168
14169
14169
14170
14170
14171
14171
14172
14172
14173
14173
14174
14174
14175
14175
14176
14176
14177
14177
14178
14178
14179
14179
14180
14180
14181
14181
14182
14182
14183
14183
14184
14184
14185
14185
14186
14186
14187
14187
14188
14188
14189
14189
14190
14190
14191
14191
14192
14192
14193
14193
14194
14194
14195
14195
14196
14196
14197
14197
14198
14198
14199
14199
14200
14200
14201
14201
14202
14202
14203
14203
14204
14204
14205
14205
14206
14206
14207
14207
14208
14208
14209
14209
14210
14210
14211
14211
14212
14212
14213
14213
14214
14214
14215
14215
14216
14216
14217
14217
14218
14218
14219
14219
14220
14220
14221
14221
14222
14222
14223
14223
14224
14224
14225
14225
14226
14226
14227
14227
14228
14228
14229
14229
14230
14230
14231
14231
14232
14232
14233
14233
14234
14234
14235
14235
14236
14236
14237
14237
14238
14238
14239
14239
14240
14240
14241
14241
14242
14242
14243
14243
14244
14244
14245
14245
14246
14246
14247
14247
14248
14248
14249
14249
14250
14250
14251
14251
14252
14252
14253
14253
14254
14254
14255
14255
14256
14256
14257
14257
14258
14258
14259
14259
14260
14260
14261
14261
14262
14262
14263
14263
14264
14264
14265
14265
14266
14266
14267
14267
14268
14268
14269
14269
14270
14270
14271
14271
14272
14272
14273
14273
14274
14274
14275
14275
14276
14276
14277
14277
14278
14278
14279
14279
14280
14280
14281
14281
14282
14282
14283
14283
14284
14284
14285
14285
14286
14286
14287
14287
14288
14288
14289
14289
14290
14290
14291
14291
14292
14292
14293
14293
14294
14294
14295
14295
14296
14296
14297
14297
14298
14298
14299
14299
14300
14300
14301
14301
14302
14302
14303
14303
14304
14304
14305
14305
14306
14306
14307
14307
14308
14308
14309
14309
14310
14310
14311
14311
14312
14312
14313
14313
14314
14314
14315
14315
14316
14316
14317
14317
14318
14318
14319
14319
14320
14320
14321
14321
14322
14322
14323
14323
14324
14324
14325
14325
14326
14326
14327
14327
14328
14328
14329
14329
14330
14330
14331
14331
14332
14332
14333
14333
14334
14334
14335
14335
14336
14336
14337
14337
14338
14338
14339
14339
14340
14340
14341
14341
14342
14342
14343
14343
14344
14344
14345
14345
14346
14346
14347
14347
14348
14348
14349
14349
14350
14350
14351
14351
14352
14352
14353
14353
14354
14354
14355
14355
14356
14356
14357
14357
14358
14358
14359
14359
14360
14360
14361
14361
14362
14362
14363
14363
14364
14364
14365
14365
14366
14366
14367
14367
14368
14368
14369
14369
14370
14370
14371
14371
14372
14372
14373
14373
14374
14374
14375
14375
14376
14376
14377
14377
14378
14378
14379
14379
14380
14380
14381
14381
14382
14382
14383
14383
14384
14384
14385
14385
14386
14386
14387
14387
14388
14388
14389
14389
14390
14390
14391
14391
14392
14392
14393
14393
14394
14394
14395
14395
14396
14396
14397
14397
14398
14398
14399
14399
14400
14400
14401
14401
14402
14402
14403
14403
14404
14404
14405
14405
14406
14406
14407
14407
14408
14408
14409
14409
14410
14410
14411
14411
14412
14412
14413
14413
14414
14414
14415
14415
14416
14416
14417
14417
14418
14418
14419
14419
14420
14420
14421
14421
14422
14422
14423
14423
14424
14424
14425
14425
14426
14426
14427
14427
14428
14428
14429
14429
14430
14430
14431
14431
14432
14432
14433
14433
14434
14434
14435
14435
14436
14436
14437
14437
14438
14438
14439
14439
14440
14440
14441
14441
14442
14442
14443
14443
14444
14444
14445
14445
14446
14446
14447
14447
14448
14448
14449
14449
14450
14450
14451
14451
14452
14452
14453
14453
14454
14454
14455
14455
14456
14456
14457
14457
14458
14458
14459
14459
14460
14461
14462
14463
14464
14465
14466
14467
14468
14469
14470
14471
14472
14473
14474
14475
14476
14477
14478
14479
14480
14481
14482
14483
14484
14485
14485
14486
14486
14487
14487
14488
14488
14489
14489
14490
14490
14491
14491
14492
14492
14493
14493
14494
14494
14495
14495
14496
14496
14497
14497
14498
14498
14499
14499
14500
14500
14501
14501
14502
14502
14503
14503
14504
14504
14505
14505
14506
14506
14507
14507
14508
14508
14509
14510
14510
14511
14511
14512
14512
14513
14513
14514
14514
14515
14515
14516
14516
14517
14517
14518
14518
14519
14519
14520
14520
14521
14521
14522
14522
14523
14523
14524
14524
14525
14525
14526
14526
14527
14527
14528
14528
14529
14529
14530
14530
14531
14531
14532
14532
14533
14533
14534
14535
14535
14536
14536
14537
14537
14538
14538
14539
14539
14540
14540
14541
14541
14542
14542
14543
14543
14544
14544
14545
14545
14546
14546
14547
14547
14548
14548
14549
14549
14550
14550
14551
14551
14552
14552
14553
14553
14554
14554
14555
14555
14556
14556
14557
14557
14558
14558
14559
14560
14560
14561
14561
14562
14562
14563
14563
14564
14564
14565
14565
14566
14566
14567
14567
14568
14568
14569
14569
14570
14570
14571
14571
14572
14572
14573
14573
14574
14574
14575
14575
14576
14576
14577
14577
14578
14578
14579
14579
14580
14580
14581
14581
14582
14582
14583
14583
14584
14585
14585
14586
14586
14587
14587
14588
14588
14589
14589
14590
14590
14591
14591
14592
14592
14593
14593
14594
14594
14595
14595
14596
14596
14597
14597
14598
14598
14599
14599
14600
14600
14601
14601
14602
14602
14603
14603
14604
14604
14605
14605
14606
14606
14607
14607
14608
14608
14609
14610
14610
14611
14611
14612
14612
14613
14613
14614
14614
14615
14615
14616
14616
14617
14617
14618
14618
14619
14619
14620
14620
14621
14621
14622
14622
14623
14623
14624
14624
14625
14625
14626
14626
14627
14627
14628
14628
14629
14629
14630
14630
14631
14631
14632
14632
14633
14633
14634
14635
14635
14636
14636
14637
14637
14638
14638
14639
14639
14640
14640
14641
14641
14642
14642
14643
14643
14644
14644
14645
14645
14646
14646
14647
14647
14648
14648
14649
14649
14650
14650
14651
14651
14652
14652
14653
14653
14654
14654
14655
14655
14656
14656
14657
14657
14658
14658
14659
14660
14660
14661
14661
14662
14662
14663
14663
14664
14664
14665
14665
14666
14666
14667
14667
14668
14668
14669
14669
14670
14670
14671
14671
14672
14672
14673
14673
14674
14674
14675
14675
14676
14676
14677
14677
14678
14678
14679
14679
14680
14680
14681
14681
14682
14682
14683
14683
14684
14685
14685
14686
14686
14687
14687
14688
14688
14689
14689
14690
14690
14691
14691
14692
14692
14693
14693
14694
14694
14695
14695
14696
14696
14697
14697
14698
14698
14699
14699
14700
14700
14701
14701
14702
14702
14703
14703
14704
14704
14705
14705
14706
14706
14707
14707
14708
14708
14709
14710
14710
14711
14711
14712
14712
14713
14713
14714
14714
14715
14715
14716
14716
14717
14717
14718
14718
14719
14719
14720
14720
14721
14721
14722
14722
14723
14723
14724
14724
14725
14725
14726
14726
14727
14727
14728
14728
14729
14729
14730
14730
14731
14731
14732
14732
14733
14733
14734
14735
14735
14736
14736
14737
14737
14738
14738
14739
14739
14740
14740
14741
14741
14742
14742
14743
14743
14744
14744
14745
14745
14746
14746
14747
14747
14748
14748
14749
14749
14750
14750
14751
14751
14752
14752
14753
14753
14754
14754
14755
14755
14756
14756
14757
14757
14758
14758
14759
14760
14760
14761
14761
14762
14762
14763
14763
14764
14764
14765
14765
14766
14766
14767
14767
14768
14768
14769
14769
14770
14770
14771
14771
14772
14772
14773
14773
14774
14774
14775
14775
14776
14776
14777
14777
14778
14778
14779
14779
14780
14780
14781
14781
14782
14782
14783
14783
14784
14785
14785
14786
14786
14787
14787
14788
14788
14789
14789
14790
14790
14791
14791
14792
14792
14793
14793
14794
14794
14795
14795
14796
14796
14797
14797
14798
14798
14799
14799
14800
14800
14801
14801
14802
14802
14803
14803
14804
14804
14805
14805
14806
14806
14807
14807
14808
14808
14809
14810
14810
14811
14811
14812
14812
14813
14813
14814
14814
14815
14815
14816
14816
14817
14817
14818
14818
14819
14819
14820
14820
14821
14821
14822
14822
14823
14823
14824
14824
14825
14825
14826
14826
14827
14827
14828
14828
14829
14829
14830
14830
14831
14831
14832
14832
14833
14833
14834
14835
14836
14837
14838
14839
14840
14841
14842
14843
14844
14845
14846
14847
14848
14849
14850
14851
14852
14853
14854
14855
14856
14857
14858
6304
6319
6334
6349
6364
6379
6394
6409
6424
6439
6454
6469
6484
6499
6514
6529
6544
6559
6574
6589
6604
6619
6634
6649
6664
6679
7030
7031
7032
7033
7034
7035
7036
7037
7038
7039
7040
7041
7042
7043
7044
7045
7046
7047
7048
7049
7050
7051
7052
7053
7054
7405
7406
7407
7408
7409
7410
7411
7412
7413
7414
7415
7416
7417
7418
7419
7420
7421
7422
7423
7424
7425
7426
7427
7428
7429
13734
13749
13764
13779
13794
13809
13824
13839
13854
13869
13884
13899
13914
13929
13944
13959
13974
13989
14004
14019
14034
14049
14064
14079
14094
14109
14460
14461
14462
14463
14464
14465
14466
14467
14468
14469
14470
14471
14472
14473
14474
14475
14476
14477
14478
14479
14480
14481
14482
14483
14484
14835
14836
14837
14838
14839
14840
14841
14842
14843
14844
14845
14846
14847
14848
14849
14850
14851
14852
14853
14854
14855
14856
14857
14858
14859
5314
5339
5364
5389
5414
5439
5464
5489
5514
5539
5564
5589
5614
5639
5664
5689
5714
5739
5764
5789
5814
5839
5864
5889
5914
5939
5964
5989
6014
6039
6064
6089
6114
6139
6164
6189
6214
6239
6264
6289
7079
7104
7129
7154
7179
7204
7229
7254
7279
7304
7329
7354
7379
7404
7429
12744
12769
12794
12819
12844
12869
12894
12919
12944
12969
12994
13019
13044
13069
13094
13119
13144
13169
13194
13219
13244
13269
13294
13319
13344
13369
13394
13419
13444
13469
13494
13519
13544
13569
13594
13619
13644
13669
13694
13719
14509
14534
14559
14584
14609
14634
14659
14684
14709
14734
14759
14784
14809
14834
14859
0
65
130
195
260
325
390
455
520
585
650
715
780
845
910
975
1040
1105
1170
1235
1300
1365
1430
1495
1560
1625
1690
1755
1820
1885
1950
2015
2080
2145
2210
2275
2340
2405
2470
2535
2600
2665
2730
2795
2860
2925
2990
3055
3120
3185
3250
3315
3380
3445
3510
3575
3640
3705
3770
3835
3900
3965
4030
4095
4160
4225
7430
7495
7560
7625
7690
7755
7820
7885
7950
8015
8080
8145
8210
8275
8340
8405
8470
8535
8600
8665
8730
8795
8860
8925
8990
9055
9120
9185
9250
9315
9380
9445
9510
9575
9640
9705
9770
9835
9900
9965
10030
10095
10160
10225
10290
10355
10420
10485
10550
10615
10680
10745
10810
10875
10940
11005
11070
11135
11200
11265
11330
11395
11460
11525
11590
11655
0
65
130
195
260
325
390
455
520
585
650
715
780
845
910
975
1040
1105
1170
1235
1300
1365
1430
1495
1560
1625
1690
1755
1820
1885
1950
2015
2080
2145
2210
2275
2340
2405
2470
2535
1
66
131
196
261
326
391
456
521
586
651
716
781
846
911
976
1041
1106
1171
1236
1301
1366
1431
1496
1561
1626
1691
1756
1821
1886
1951
2016
2081
2146
2211
2276
2341
2406
2471
2536
2
67
132
197
262
327
392
457
522
587
652
717
782
847
912
977
1042
1107
1172
1237
1302
1367
1432
1497
1562
1627
1692
1757
1822
1887
1952
2017
2082
2147
2212
2277
2342
2407
2472
2537
3
68
133
198
263
328
393
458
523
588
653
718
783
848
913
978
1043
1108
1173
1238
1303
1368
1433
1498
1563
1628
1693
1758
1823
1888
1953
2018
2083
2148
2213
2278
2343
2408
2473
2538
4
69
134
199
264
329
394
459
524
589
654
719
784
849
914
979
1044
1109
1174
1239
1304
1369
1434
1499
1564
1629
1694
1759
1824
1889
1954
2019
2084
2149
2214
2279
2344
2409
2474
2539
5
70
135
200
265
330
395
460
525
590
655
720
785
850
915
980
1045
1110
1175
1240
1305
1370
1435
1500
1565
1630
1695
1760
1825
1890
1955
2020
2085
2150
2215
2280
2345
2410
2475
2540
6
71
136
201
266
331
396
461
526
591
656
721
786
851
916
981
1046
1111
1176
1241
1306
1371
1436
1501
1566
1631
1696
1761
1826
1891
1956
2021
2086
2151
2216
2281
2346
2411
2476
2541
7
72
137
202
267
332
397
462
527
592
657
722
787
852
917
982
1047
1112
1177
1242
1307
1372
1437
1502
1567
1632
1697
1762
1827
1892
1957
2022
2087
2152
2217
2282
2347
2412
2477
2542
8
73
138
203
268
333
398
463
528
593
658
723
788
853
918
983
1048
1113
1178
1243
1308
1373
1438
1503
1568
1633
1698
1763
1828
1893
1958
2023
2088
2153
2218
2283
2348
2413
2478
2543
9
74
139
204
269
334
399
464
529
594
659
724
789
854
919
984
1049
1114
1179
1244
1309
1374
1439
1504
1569
1634
1699
1764
1829
1894
1959
2024
2089
2154
2219
2284
2349
2414
2479
2544
10
75
140
205
270
335
400
465
530
595
660
725
790
855
920
985
1050
1115
1180
1245
1310
1375
1440
1505
1570
1635
1700
1765
1830
1895
1960
2025
2090
2155
2220
2285
2350
2415
2480
2545
11
76
141
206
271
336
401
466
531
596
661
726
791
856
921
986
1051
1116
1181
1246
1311
1376
1441
1506
1571
1636
1701
1766
1831
1896
1961
2026
2091
2156
2221
2286
2351
2416
2481
2546
12
77
142
207
272
337
402
467
532
597
662
727
792
857
922
987
1052
1117
1182
1247
1312
1377
1442
1507
1572
1637
1702
1767
1832
1897
1962
2027
2092
2157
2222
2287
2352
2417
2482
2547
13
78
143
208
273
338
403
468
533
598
663
728
793
858
923
988
1053
1118
1183
1248
1313
1378
1443
1508
1573
1638
1703
1768
1833
1898
1963
2028
2093
2158
2223
2288
2353
2418
2483
2548
14
79
144
209
274
339
404
469
534
599
664
729
794
859
924
989
1054
1119
1184
1249
1314
1379
1444
1509
1574
1639
1704
1769
1834
1899
1964
2029
2094
2159
2224
2289
2354
2419
2484
2549
15
80
145
210
275
340
405
470
535
600
665
730
795
860
925
990
1055
1120
1185
1250
1315
1380
1445
1510
1575
1640
1705
1770
1835
1900
1965
2030
2095
2160
2225
2290
2355
2420
2485
2550
16
81
146
211
276
341
406
471
536
601
666
731
796
861
926
991
1056
1121
1186
1251
1316
1381
1446
1511
1576
1641
1706
1771
1836
1901
1966
2031
2096
2161
2226
2291
2356
2421
2486
2551
17
82
147
212
277
342
407
472
537
602
667
732
797
862
927
992
1057
1122
1187
1252
1317
1382
1447
1512
1577
1642
1707
1772
1837
1902
1967
2032
2097
2162
2227
2292
2357
2422
2487
2552
18
83
148
213
278
343
408
473
538
603
668
733
798
863
928
993
1058
1123
1188
1253
1318
1383
1448
1513
1578
1643
1708
1773
1838
1903
1968
2033
2098
2163
2228
2293
2358
2423
2488
2553
19
84
149
214
279
344
409
474
539
604
669
734
799
864
929
994
1059
1124
1189
1254
1319
1384
1449
1514
1579
1644
1709
1774
1839
1904
1969
2034
2099
2164
2229
2294
2359
2424
2489
2554
20
85
150
215
280
345
410
475
540
605
670
735
800
865
930
995
1060
1125
1190
1255
1320
1385
1450
1515
1580
1645
1710
1775
1840
1905
1970
2035
2100
2165
2230
2295
2360
2425
2490
2555
21
86
151
216
281
346
411
476
541
606
671
736
801
866
931
996
1061
1126
1191
1256
1321
1386
1451
1516
1581
1646
1711
1776
1841
1906
1971
2036
2101
2166
2231
2296
2361
2426
2491
2556
22
87
152
217
282
347
412
477
542
607
672
737
802
867
932
997
1062
1127
1192
1257
1322
1387
1452
1517
1582
1647
1712
1777
1842
1907
1972
2037
2102
2167
2232
2297
2362
2427
2492
2557
23
88
153
218
283
348
413
478
543
608
673
738
803
868
933
998
1063
1128
1193
1258
1323
1388
1453
1518
1583
1648
1713
1778
1843
1908
1973
2038
2103
2168
2233
2298
2363
2428
2493
2558
24
89
154
219
284
349
414
479
544
609
674
739
804
869
934
999
1064
1129
1194
1259
1324
1389
1454
1519
1584
1649
1714
1779
1844
1909
1974
2039
2104
2169
2234
2299
2364
2429
2494
2559
25
90
155
220
285
350
415
480
545
610
675
740
805
870
935
1000
1065
1130
1195
1260
1325
1390
1455
1520
1585
1650
1715
1780
1845
1910
1975
2040
2105
2170
2235
2300
2365
2430
2495
2560
26
91
156
221
286
351
416
481
546
611
676
741
806
871
936
1001
1066
1131
1196
1261
1326
1391
1456
1521
1586
1651
1716
1781
1846
1911
1976
2041
2106
2171
2236
2301
2366
2431
2496
2561
27
92
157
222
287
352
417
482
547
612
677
742
807
872
937
1002
1067
1132
1197
1262
1327
1392
1457
1522
1587
1652
1717
1782
1847
1912
1977
2042
2107
2172
2237
2302
2367
2432
2497
2562
28
93
158
223
288
353
418
483
548
613
678
743
808
873
938
1003
1068
1133
1198
1263
1328
1393
1458
1523
1588
1653
1718
1783
1848
1913
1978
2043
2108
2173
2238
2303
2368
2433
2498
2563
29
94
159
224
289
354
419
484
549
614
679
744
809
874
939
1004
1069
1134
1199
1264
1329
1394
1459
1524
1589
1654
1719
1784
1849
1914
1979
2044
2109
2174
2239
2304
2369
2434
2499
2564
30
95
160
225
290
355
420
485
550
615
680
745
810
875
940
1005
1070
1135
1200
1265
1330
1395
1460
1525
1590
1655
1720
1785
1850
1915
1980
2045
2110
2175
2240
2305
2370
2435
2500
2565
31
96
161
226
291
356
421
486
551
616
681
746
811
876
941
1006
1071
1136
1201
1266
1331
1396
1461
1526
1591
1656
1721
1786
1851
1916
1981
2046
2111
2176
2241
2306
2371
2436
2501
2566
32
97
162
227
292
357
422
487
552
617
682
747
812
877
942
1007
1072
1137
1202
1267
1332
1397
1462
1527
1592
1657
1722
1787
1852
1917
1982
2047
2112
2177
2242
2307
2372
2437
2502
2567
33
98
163
228
293
358
423
488
553
618
683
748
813
878
943
1008
1073
1138
1203
1268
1333
1398
1463
1528
1593
1658
1723
1788
1853
1918
1983
2048
2113
2178
2243
2308
2373
2438
2503
2568
34
99
164
229
294
359
424
489
554
619
684
749
814
879
944
1009
1074
1139
1204
1269
1334
1399
1464
1529
1594
1659
1724
1789
1854
1919
1984
2049
2114
2179
2244
2309
2374
2439
2504
2569
35
100
165
230
295
360
425
490
555
620
685
750
815
880
945
1010
1075
1140
1205
1270
1335
1400
1465
1530
1595
1660
1725
1790
1855
1920
1985
2050
2115
2180
2245
2310
2375
2440
2505
2570
36
101
166
231
296
361
426
491
556
621
686
751
816
881
946
1011
1076
1141
1206
1271
1336
1401
1466
1531
1596
1661
1726
1791
1856
1921
1986
2051
2116
2181
2246
2311
2376
2441
2506
2571
37
102
167
232
297
362
427
492
557
622
687
752
817
882
947
1012
1077
1142
1207
1272
1337
1402
1467
1532
1597
1662
1727
1792
1857
1922
1987
2052
2117
2182
2247
2312
2377
2442
2507
2572
38
103
168
233
298
363
428
493
558
623
688
753
818
883
948
1013
1078
1143
1208
1273
1338
1403
1468
1533
1598
1663
1728
1793
1858
1923
1988
2053
2118
2183
2248
2313
2378
2443
2508
2573
39
104
169
234
299
364
429
494
559
624
689
754
819
884
949
1014
1079
1144
1209
1274
1339
1404
1469
1534
1599
1664
1729
1794
1859
1924
1989
2054
2119
2184
2249
2314
2379
2444
2509
2574
40
105
170
235
300
365
430
495
560
625
690
755
820
885
950
1015
1080
1145
1210
1275
1340
1405
1470
1535
1600
1665
1730
1795
1860
1925
1990
2055
2120
2185
2250
2315
2380
2445
2510
2575
41
106
171
236
301
366
431
496
561
626
691
756
821
886
951
1016
1081
1146
1211
1276
1341
1406
1471
1536
1601
1666
1731
1796
1861
1926
1991
2056
2121
2186
2251
2316
2381
2446
2511
2576
42
107
172
237
302
367
432
497
562
627
692
757
822
887
952
1017
1082
1147
1212
1277
1342
1407
1472
1537
1602
1667
1732
1797
1862
1927
1992
2057
2122
2187
2252
2317
2382
2447
2512
2577
43
108
173
238
303
368
433
498
563
628
693
758
823
888
953
1018
1083
1148
1213
1278
1343
1408
1473
1538
1603
1668
1733
1798
1863
1928
1993
2058
2123
2188
2253
2318
2383
2448
2513
2578
44
109
174
239
304
369
434
499
564
629
694
759
824
889
954
1019
1084
1149
1214
1279
1344
1409
1474
1539
1604
1669
1734
1799
1864
1929
1994
2059
2124
2189
2254
2319
2384
2449
2514
2579
45
110
175
240
305
370
435
500
565
630
695
760
825
890
955
1020
1085
1150
1215
1280
1345
1410
1475
1540
1605
1670
1735
1800
1865
1930
1995
2060
2125
2190
2255
2320
2385
2450
2515
2580
46
111
176
241
306
371
436
501
566
631
696
761
826
891
956
1021
1086
1151
1216
1281
1346
1411
1476
1541
1606
1671
1736
1801
1866
1931
1996
2061
2126
2191
2256
2321
2386
2451
2516
2581
47
112
177
242
307
372
437
502
567
632
697
762
827
892
957
1022
1087
1152
1217
1282
1347
1412
1477
1542
1607
1672
1737
1802
1867
1932
1997
2062
2127
2192
2257
2322
2387
2452
2517
2582
48
113
178
243
308
373
438
503
568
633
698
763
828
893
958
1023
1088
1153
1218
1283
1348
1413
1478
1543
1608
1673
1738
1803
1868
1933
1998
2063
2128
2193
2258
2323
2388
2453
2518
2583
49
114
179
244
309
374
439
504
569
634
699
764
829
894
959
1024
1089
1154
1219
1284
1349
1414
1479
1544
1609
1674
1739
1804
1869
1934
1999
2064
2129
2194
2259
2324
2389
2454
2519
2584
50
115
180
245
310
375
440
505
570
635
700
765
830
895
960
1025
1090
1155
1220
1285
1350
1415
1480
1545
1610
1675
1740
1805
1870
1935
2000
2065
2130
2195
2260
2325
2390
2455
2520
2585
51
116
181
246
311
376
441
506
571
636
701
766
831
896
961
1026
1091
1156
1221
1286
1351
1416
1481
1546
1611
1676
1741
1806
1871
1936
2001
2066
2131
2196
2261
2326
2391
2456
2521
2586
52
117
182
247
312
377
442
507
572
637
702
767
832
897
962
1027
1092
1157
1222
1287
1352
1417
1482
1547
1612
1677
1742
1807
1872
1937
2002
2067
2132
2197
2262
2327
2392
2457
2522
2587
53
118
183
248
313
378
443
508
573
638
703
768
833
898
963
1028
1093
1158
1223
1288
1353
1418
1483
1548
1613
1678
1743
1808
1873
1938
2003
2068
2133
2198
2263
2328
2393
2458
2523
2588
54
119
184
249
314
379
444
509
574
639
704
769
834
899
964
1029
1094
1159
1224
1289
1354
1419
1484
1549
1614
1679
1744
1809
1874
1939
2004
2069
2134
2199
2264
2329
2394
2459
2524
2589
55
120
185
250
315
380
445
510
575
640
705
770
835
900
965
1030
1095
1160
1225
1290
1355
1420
1485
1550
1615
1680
1745
1810
1875
1940
2005
2070
2135
2200
2265
2330
2395
2460
2525
2590
56
121
186
251
316
381
446
511
576
641
706
771
836
901
966
1031
1096
1161
1226
1291
1356
1421
1486
1551
1616
1681
1746
1811
1876
1941
2006
2071
2136
2201
2266
2331
2396
2461
2526
2591
57
122
187
252
317
382
447
512
577
642
707
772
837
902
967
1032
1097
1162
1227
1292
1357
1422
1487
1552
1617
1682
1747
1812
1877
1942
2007
2072
2137
2202
2267
2332
2397
2462
2527
2592
58
123
188
253
318
383
448
513
578
643
708
773
838
903
968
1033
1098
1163
1228
1293
1358
1423
1488
1553
1618
1683
1748
1813
1878
1943
2008
2073
2138
2203
2268
2333
2398
2463
2528
2593
59
124
189
254
319
384
449
514
579
644
709
774
839
904
969
1034
1099
1164
1229
1294
1359
1424
1489
1554
1619
1684
1749
1814
1879
1944
2009
2074
2139
2204
2269
2334
2399
2464
2529
2594
60
125
190
255
320
385
450
515
580
645
710
775
840
905
970
1035
1100
1165
1230
1295
1360
1425
1490
1555
1620
1685
1750
1815
1880
1945
2010
2075
2140
2205
2270
2335
2400
2465
2530
2595
61
126
191
256
321
386
451
516
581
646
711
776
841
906
971
1036
1101
1166
1231
1296
1361
1426
1491
1556
1621
1686
1751
1816
1881
1946
2011
2076
2141
2206
2271
2336
2401
2466
2531
2596
62
127
192
257
322
387
452
517
582
647
712
777
842
907
972
1037
1102
1167
1232
1297
1362
1427
1492
1557
1622
1687
1752
1817
1882
1947
2012
2077
2142
2207
2272
2337
2402
2467
2532
2597
63
128
193
258
323
388
453
518
583
648
713
778
843
908
973
1038
1103
1168
1233
1298
1363
1428
1493
1558
1623
1688
1753
1818
1883
1948
2013
2078
2143
2208
2273
2338
2403
2468
2533
2598
64
129
194
259
324
389
454
519
584
649
714
779
844
909
974
1039
1104
1169
1234
1299
1364
1429
1494
1559
1624
1689
1754
1819
1884
1949
2014
2079
2144
2209
2274
2339
2404
2469
2534
2599
0
65
130
195
260
325
390
455
520
585
650
715
780
845
910
975
1040
1105
1170
1235
1300
1365
1430
1495
1560
1625
1690
1755
1820
1885
1950
2015
2080
2145
2210
2275
2340
2405
2470
2535
1
66
131
196
261
326
391
456
521
586
651
716
781
846
911
976
1041
1106
1171
1236
1301
1366
1431
1496
1561
1626
1691
1756
1821
1886
1951
2016
2081
2146
2211
2276
2341
2406
2471
2536
2
67
132
197
262
327
392
457
522
587
652
717
782
847
912
977
1042
1107
1172
1237
1302
1367
1432
1497
1562
1627
1692
1757
1822
1887
1952
2017
2082
2147
2212
2277
2342
2407
2472
2537
3
68
133
198
263
328
393
458
523
588
653
718
783
848
913
978
1043
1108
1173
1238
1303
1368
1433
1498
1563
1628
1693
1758
1823
1888
1953
2018
2083
2148
2213
2278
2343
2408
2473
2538
4
69
134
199
264
329
394
459
524
589
654
719
784
849
914
979
1044
1109
1174
1239
1304
1369
1434
1499
1564
1629
1694
1759
1824
1889
1954
2019
2084
2149
2214
2279
2344
2409
2474
2539
5
70
135
200
265
330
395
460
525
590
655
720
785
850
915
980
1045
1110
1175
1240
1305
1370
1435
1500
1565
1630
1695
1760
1825
1890
1955
2020
2085
2150
2215
2280
2345
2410
2475
2540
6
71
136
201
266
331
396
461
526
591
656
721
786
851
916
981
1046
1111
1176
1241
1306
1371
1436
1501
1566
1631
1696
1761
1826
1891
1956
2021
2086
2151
2216
2281
2346
2411
2476
2541
7
72
137
202
267
332
397
462
527
592
657
722
787
852
917
982
1047
1112
1177
1242
1307
1372
1437
1502
1567
1632
1697
1762
1827
1892
1957
2022
2087
2152
2217
2282
2347
2412
2477
2542
8
73
138
203
268
333
398
463
528
593
658
723
788
853
918
983
1048
1113
1178
1243
1308
1373
1438
1503
1568
1633
1698
1763
1828
1893
1958
2023
2088
2153
2218
2283
2348
2413
2478
2543
9
74
139
204
269
334
399
464
529
594
659
724
789
854
919
984
1049
1114
1179
1244
1309
1374
1439
1504
1569
1634
1699
1764
1829
1894
1959
2024
2089
2154
2219
2284
2349
2414
2479
2544
10
75
140
205
270
335
400
465
530
595
660
725
790
855
920
985
1050
1115
1180
1245
1310
1375
1440
1505
1570
1635
1700
1765
1830
1895
1960
2025
2090
2155
2220
2285
2350
2415
2480
2545
11
76
141
206
271
336
401
466
531
596
661
726
791
856
921
986
1051
1116
1181
1246
1311
1376
1441
1506
1571
1636
1701
1766
1831
1896
1961
2026
2091
2156
2221
2286
2351
2416
2481
2546
12
77
142
207
272
337
402
467
532
597
662
727
792
857
922
987
1052
1117
1182
1247
1312
1377
1442
1507
1572
1637
1702
1767
1832
1897
1962
2027
2092
2157
2222
2287
2352
2417
2482
2547
13
78
143
208
273
338
403
468
533
598
663
728
793
858
923
988
1053
1118
1183
1248
1313
1378
1443
1508
1573
1638
1703
1768
1833
1898
1963
2028
2093
2158
2223
2288
2353
2418
2483
2548
14
79
144
209
274
339
404
469
534
599
664
729
794
859
924
989
1054
1119
1184
1249
1314
1379
1444
1509
1574
1639
1704
1769
1834
1899
1964
2029
2094
2159
2224
2289
2354
2419
2484
2549
15
80
145
210
275
340
405
470
535
600
665
730
795
860
925
990
1055
1120
1185
1250
1315
1380
1445
1510
1575
1640
1705
1770
1835
1900
1965
2030
2095
2160
2225
2290
2355
2420
2485
2550
16
81
146
211
276
341
406
471
536
601
666
731
796
861
926
991
1056
1121
1186
1251
1316
1381
1446
1511
1576
1641
1706
1771
1836
1901
1966
2031
2096
2161
2226
2291
2356
2421
2486
2551
17
82
147
212
277
342
407
472
537
602
667
732
797
862
927
992
1057
1122
1187
1252
1317
1382
1447
1512
1577
1642
1707
1772
1837
1902
1967
2032
2097
2162
2227
2292
2357
2422
2487
2552
18
83
148
213
278
343
408
473
538
603
668
733
798
863
928
993
1058
1123
1188
1253
1318
1383
1448
1513
1578
1643
1708
1773
1838
1903
1968
2033
2098
2163
2228
2293
2358
2423
2488
2553
19
84
149
214
279
344
409
474
539
604
669
734
799
864
929
994
1059
1124
1189
1254
1319
1384
1449
1514
1579
1644
1709
1774
1839
1904
1969
2034
2099
2164
2229
2294
2359
2424
2489
2554
20
85
150
215
280
345
410
475
540
605
670
735
800
865
930
995
1060
1125
1190
1255
1320
1385
1450
1515
1580
1645
1710
1775
1840
1905
1970
2035
2100
2165
2230
2295
2360
2425
2490
2555
21
86
151
216
281
346
411
476
541
606
671
736
801
866
931
996
1061
1126
1191
1256
1321
1386
1451
1516
1581
1646
1711
1776
1841
1906
1971
2036
2101
2166
2231
2296
2361
2426
2491
2556
22
87
152
217
282
347
412
477
542
607
672
737
802
867
932
997
1062
1127
1192
1257
1322
1387
1452
1517
1582
1647
1712
1777
1842
1907
1972
2037
2102
2167
2232
2297
2362
2427
2492
2557
23
88
153
218
283
348
413
478
543
608
673
738
803
868
933
998
1063
1128
1193
1258
1323
1388
1453
1518
1583
1648
1713
1778
1843
1908
1973
2038
2103
2168
2233
2298
2363
2428
2493
2558
24
89
154
219
284
349
414
479
544
609
674
739
804
869
934
999
1064
1129
1194
1259
1324
1389
1454
1519
1584
1649
1714
1779
1844
1909
1974
2039
2104
2169
2234
2299
2364
2429
2494
2559
25
90
155
220
285
350
415
480
545
610
675
740
805
870
935
1000
1065
1130
1195
1260
1325
1390
1455
1520
1585
1650
1715
1780
1845
1910
1975
2040
2105
2170
2235
2300
2365
2430
2495
2560
26
91
156
221
286
351
416
481
546
611
676
741
806
871
936
1001
1066
1131
1196
1261
1326
1391
1456
1521
1586
1651
1716
1781
1846
1911
1976
2041
2106
2171
2236
2301
2366
2431
2496
2561
27
92
157
222
287
352
417
482
547
612
677
742
807
872
937
1002
1067
1132
1197
1262
1327
1392
1457
1522
1587
1652
1717
1782
1847
1912
1977
2042
2107
2172
2237
2302
2367
2432
2497
2562
28
93
158
223
288
353
418
483
548
613
678
743
808
873
938
1003
1068
1133
1198
1263
1328
1393
1458
1523
1588
1653
1718
1783
1848
1913
1978
2043
2108
2173
2238
2303
2368
2433
2498
2563
29
94
159
224
289
354
419
484
549
614
679
744
809
874
939
1004
1069
1134
1199
1264
1329
1394
1459
1524
1589
1654
1719
1784
1849
1914
1979
2044
2109
2174
2239
2304
2369
2434
2499
2564
30
95
160
225
290
355
420
485
550
615
680
745
810
875
940
1005
1070
1135
1200
1265
1330
1395
1460
1525
1590
1655
1720
1785
1850
1915
1980
2045
2110
2175
2240
2305
2370
2435
2500
2565
31
96
161
226
291
356
421
486
551
616
681
746
811
876
941
1006
1071
1136
1201
1266
1331
1396
1461
1526
1591
1656
1721
1786
1851
1916
1981
2046
2111
2176
2241
2306
2371
2436
2501
2566
32
97
162
227
292
357
422
487
552
617
682
747
812
877
942
1007
1072
1137
1202
1267
1332
1397
1462
1527
1592
1657
1722
1787
1852
1917
1982
2047
2112
2177
2242
2307
2372
2437
2502
2567
33
98
163
228
293
358
423
488
553
618
683
748
813
878
943
1008
1073
1138
1203
1268
1333
1398
1463
1528
1593
1658
1723
1788
1853
1918
1983
2048
2113
2178
2243
2308
2373
2438
2503
2568
34
99
164
229
294
359
424
489
554
619
684
749
814
879
944
1009
1074
1139
1204
1269
1334
1399
1464
1529
1594
1659
1724
1789
1854
1919
1984
2049
2114
2179
2244
2309
2374
2439
2504
2569
35
100
165
230
295
360
425
490
555
620
685
750
815
880
945
1010
1075
1140
1205
1270
1335
1400
1465
1530
1595
1660
1725
1790
1855
1920
1985
2050
2115
2180
2245
2310
2375
2440
2505
2570
36
101
166
231
296
361
426
491
556
621
686
751
816
881
946
1011
1076
1141
1206
1271
1336
1401
1466
1531
1596
1661
1726
1791
1856
1921
1986
2051
2116
2181
2246
2311
2376
2441
2506
2571
37
102
167
232
297
362
427
492
557
622
687
752
817
882
947
1012
1077
1142
1207
1272
1337
1402
1467
1532
1597
1662
1727
1792
1857
1922
1987
2052
2117
2182
2247
2312
2377
2442
2507
2572
38
103
168
233
298
363
428
493
558
623
688
753
818
883
948
1013
1078
1143
1208
1273
1338
1403
1468
1533
1598
1663
1728
1793
1858
1923
1988
2053
2118
2183
2248
2313
2378
2443
2508
2573
39
104
169
234
299
364
429
494
559
624
689
754
819
884
949
1014
1079
1144
1209
1274
1339
1404
1469
1534
1599
1664
1729
1794
1859
1924
1989
2054
2119
2184
2249
2314
2379
2444
2509
2574
40
105
170
235
300
365
430
495
560
625
690
755
820
885
950
1015
1080
1145
1210
1275
1340
1405
1470
1535
1600
1665
1730
1795
1860
1925
1990
2055
2120
2185
2250
2315
2380
2445
2510
2575
41
106
171
236
301
366
431
496
561
626
691
756
821
886
951
1016
1081
1146
1211
1276
1341
1406
1471
1536
1601
1666
1731
1796
1861
1926
1991
2056
2121
2186
2251
2316
2381
2446
2511
2576
42
107
172
237
302
367
432
497
562
627
692
757
822
887
952
1017
1082
1147
1212
1277
1342
1407
1472
1537
1602
1667
1732
1797
1862
1927
1992
2057
2122
2187
2252
2317
2382
2447
2512
2577
43
108
173
238
303
368
433
498
563
628
693
758
823
888
953
1018
1083
1148
1213
1278
1343
1408
1473
1538
1603
1668
1733
1798
1863
1928
1993
2058
2123
2188
2253
2318
2383
2448
2513
2578
44
109
174
239
304
369
434
499
564
629
694
759
824
889
954
1019
1084
1149
1214
1279
1344
1409
1474
1539
1604
1669
1734
1799
1864
1929
1994
2059
2124
2189
2254
2319
2384
2449
2514
2579
45
110
175
240
305
370
435
500
565
630
695
760
825
890
955
1020
1085
1150
1215
1280
1345
1410
1475
1540
1605
1670
1735
1800
1865
1930
1995
2060
2125
2190
2255
2320
2385
2450
2515
2580
46
111
176
241
306
371
436
501
566
631
696
761
826
891
956
1021
1086
1151
1216
1281
1346
1411
1476
1541
1606
1671
1736
1801
1866
1931
1996
2061
2126
2191
2256
2321
2386
2451
2516
2581
47
112
177
242
307
372
437
502
567
632
697
762
827
892
957
1022
1087
1152
1217
1282
1347
1412
1477
1542
1607
1672
1737
1802
1867
1932
1997
2062
2127
2192
2257
2322
2387
2452
2517
2582
48
113
178
243
308
373
438
503
568
633
698
763
828
893
958
1023
1088
1153
1218
1283
1348
1413
1478
1543
1608
1673
1738
1803
1868
1933
1998
2063
2128
2193
2258
2323
2388
2453
2518
2583
49
114
179
244
309
374
439
504
569
634
699
764
829
894
959
1024
1089
1154
1219
1284
1349
1414
1479
1544
1609
1674
1739
1804
1869
1934
1999
2064
2129
2194
2259
2324
2389
2454
2519
2584
50
115
180
245
310
375
440
505
570
635
700
765
830
895
960
1025
1090
1155
1220
1285
1350
1415
1480
1545
1610
1675
1740
1805
1870
1935
2000
2065
2130
2195
2260
2325
2390
2455
2520
2585
51
116
181
246
311
376
441
506
571
636
701
766
831
896
961
1026
1091
1156
1221
1286
1351
1416
1481
1546
1611
1676
1741
1806
1871
1936
2001
2066
2131
2196
2261
2326
2391
2456
2521
2586
52
117
182
247
312
377
442
507
572
637
702
767
832
897
962
1027
1092
1157
1222
1287
1352
1417
1482
1547
1612
1677
1742
1807
1872
1937
2002
2067
2132
2197
2262
2327
2392
2457
2522
2587
53
118
183
248
313
378
443
508
573
638
703
768
833
898
963
1028
1093
1158
1223
1288
1353
1418
1483
1548
1613
1678
1743
1808
1873
1938
2003
2068
2133
2198
2263
2328
2393
2458
2523
2588
54
119
184
249
314
379
444
509
574
639
704
769
834
899
964
1029
1094
1159
1224
1289
1354
1419
1484
1549
1614
1679
1744
1809
1874
1939
2004
2069
2134
2199
2264
2329
2394
2459
2524
2589
55
120
185
250
315
380
445
510
575
640
705
770
835
900
965
1030
1095
1160
1225
1290
1355
1420
1485
1550
1615
1680
1745
1810
1875
1940
2005
2070
2135
2200
2265
2330
2395
2460
2525
2590
56
121
186
251
316
381
446
511
576
641
706
771
836
901
966
1031
1096
1161
1226
1291
1356
1421
1486
1551
1616
1681
1746
1811
1876
1941
2006
2071
2136
2201
2266
2331
2396
2461
2526
2591
57
122
187
252
317
382
447
512
577
642
707
772
837
902
967
1032
1097
1162
1227
1292
1357
1422
1487
1552
1617
1682
1747
1812
1877
1942
2007
2072
2137
2202
2267
2332
2397
2462
2527
2592
58
123
188
253
318
383
448
513
578
643
708
773
838
903
968
1033
1098
1163
1228
1293
1358
1423
1488
1553
1618
1683
1748
1813
1878
1943
2008
2073
2138
2203
2268
2333
2398
2463
2528
2593
59
124
189
254
319
384
449
514
579
644
709
774
839
904
969
1034
1099
1164
1229
1294
1359
1424
1489
1554
1619
1684
1749
1814
1879
1944
2009
2074
2139
2204
2269
2334
2399
2464
2529
2594
60
125
190
255
320
385
450
515
580
645
710
775
840
905
970
1035
1100
1165
1230
1295
1360
1425
1490
1555
1620
1685
1750
1815
1880
1945
2010
2075
2140
2205
2270
2335
2400
2465
2530
2595
61
126
191
256
321
386
451
516
581
646
711
776
841
906
971
1036
1101
1166
1231
1296
1361
1426
1491
1556
1621
1686
1751
1816
1881
1946
2011
2076
2141
2206
2271
2336
2401
2466
2531
2596
62
127
192
257
322
387
452
517
582
647
712
777
842
907
972
1037
1102
1167
1232
1297
1362
1427
1492
1557
1622
1687
1752
1817
1882
1947
2012
2077
2142
2207
2272
2337
2402
2467
2532
2597
63
128
193
258
323
388
453
518
583
648
713
778
843
908
973
1038
1103
1168
1233
1298
1363
1428
1493
1558
1623
1688
1753
1818
1883
1948
2013
2078
2143
2208
2273
2338
2403
2468
2533
2598
64
129
194
259
324
389
454
519
584
649
714
779
844
909
974
1039
1104
1169
1234
1299
1364
1429
1494
1559
1624
1689
1754
1819
1884
1949
2014
2079
2144
2209
2274
2339
2404
2469
2534
2599
2600
2665
2730
2795
2860
2925
2990
3055
3120
3185
3250
3315
3380
3445
3510
3575
3640
3705
3770
3835
3900
3965
4030
4095
4160
4225
2601
2666
2731
2796
2861
2926
2991
3056
3121
3186
3251
3316
3381
3446
3511
3576
3641
3706
3771
3836
3901
3966
4031
4096
4161
4226
2602
2667
2732
2797
2862
2927
2992
3057
3122
3187
3252
3317
3382
3447
3512
3577
3642
3707
3772
3837
3902
3967
4032
4097
4162
4227
2603
2668
2733
2798
2863
2928
2993
3058
3123
3188
3253
3318
3383
3448
3513
3578
3643
3708
3773
3838
3903
3968
4033
4098
4163
4228
2604
2669
2734
2799
2864
2929
2994
3059
3124
3189
3254
3319
3384
3449
3514
3579
3644
3709
3774
3839
3904
3969
4034
4099
4164
4229
2605
2670
2735
2800
2865
2930
2995
3060
3125
3190
3255
3320
3385
3450
3515
3580
3645
3710
3775
3840
3905
3970
4035
4100
4165
4230
2606
2671
2736
2801
2866
2931
2996
3061
3126
3191
3256
3321
3386
3451
3516
3581
3646
3711
3776
3841
3906
3971
4036
4101
4166
4231
2607
2672
2737
2802
2867
2932
2997
3062
3127
3192
3257
3322
3387
3452
3517
3582
3647
3712
3777
3842
3907
3972
4037
4102
4167
4232
2608
2673
2738
2803
2868
2933
2998
3063
3128
3193
3258
3323
3388
3453
3518
3583
3648
3713
3778
3843
3908
3973
4038
4103
4168
4233
2609
2674
2739
2804
2869
2934
2999
3064
3129
3194
3259
3324
3389
3454
3519
3584
3649
3714
3779
3844
3909
3974
4039
4104
4169
4234
2610
2675
2740
2805
2870
2935
3000
3065
3130
3195
3260
3325
3390
3455
3520
3585
3650
3715
3780
3845
3910
3975
4040
4105
4170
4235
2611
2676
2741
2806
2871
2936
3001
3066
3131
3196
3261
3326
3391
3456
3521
3586
3651
3716
3781
3846
3911
3976
4041
4106
4171
4236
2612
2677
2742
2807
2872
2937
3002
3067
3132
3197
3262
3327
3392
3457
3522
3587
3652
3717
3782
3847
3912
3977
4042
4107
4172
4237
2613
2678
2743
2808
2873
2938
3003
3068
3133
3198
3263
3328
3393
3458
3523
3588
3653
3718
3783
3848
3913
3978
4043
4108
4173
4238
2614
2679
2744
2809
2874
2939
3004
3069
3134
3199
3264
3329
3394
3459
3524
3589
3654
3719
3784
3849
3914
3979
4044
4109
4174
4239
2615
2680
2745
2810
2875
2940
3005
3070
3135
3200
3265
3330
3395
3460
3525
3590
3655
3720
3785
3850
3915
3980
4045
4110
4175
4240
2616
2681
2746
2811
2876
2941
3006
3071
3136
3201
3266
3331
3396
3461
3526
3591
3656
3721
3786
3851
3916
3981
4046
4111
4176
4241
2617
2682
2747
2812
2877
2942
3007
3072
3137
3202
3267
3332
3397
3462
3527
3592
3657
3722
3787
3852
3917
3982
4047
4112
4177
4242
2618
2683
2748
2813
2878
2943
3008
3073
3138
3203
3268
3333
3398
3463
3528
3593
3658
3723
3788
3853
3918
3983
4048
4113
4178
4243
2619
2684
2749
2814
2879
2944
3009
3074
3139
3204
3269
3334
3399
3464
3529
3594
3659
3724
3789
3854
3919
3984
4049
4114
4179
4244
2620
2685
2750
2815
2880
2945
3010
3075
3140
3205
3270
3335
3400
3465
3530
3595
3660
3725
3790
3855
3920
3985
4050
4115
4180
4245
2621
2686
2751
2816
2881
2946
3011
3076
3141
3206
3271
3336
3401
3466
3531
3596
3661
3726
3791
3856
3921
3986
4051
4116
4181
4246
2622
2687
2752
2817
2882
2947
3012
3077
3142
3207
3272
3337
3402
3467
3532
3597
3662
3727
3792
3857
3922
3987
4052
4117
4182
4247
2623
2688
2753
2818
2883
2948
3013
3078
3143
3208
3273
3338
3403
3468
3533
3598
3663
3728
3793
3858
3923
3988
4053
4118
4183
4248
2624
2689
2754
2819
2884
2949
3014
3079
3144
3209
3274
3339
3404
3469
3534
3599
3664
3729
3794
3859
3924
3989
4054
4119
4184
4249
2625
2690
2755
2820
2885
2950
3015
3080
3145
3210
3275
3340
3405
3470
3535
3600
3665
3730
3795
3860
3925
3990
4055
4120
4185
4250
2626
2691
2756
2821
2886
2951
3016
3081
3146
3211
3276
3341
3406
3471
3536
3601
3666
3731
3796
3861
3926
3991
4056
4121
4186
4251
2627
2692
2757
2822
2887
2952
3017
3082
3147
3212
3277
3342
3407
3472
3537
3602
3667
3732
3797
3862
3927
3992
4057
4122
4187
4252
2628
2693
2758
2823
2888
2953
3018
3083
3148
3213
3278
3343
3408
3473
3538
3603
3668
3733
3798
3863
3928
3993
4058
4123
4188
4253
2629
2694
2759
2824
2889
2954
3019
3084
3149
3214
3279
3344
3409
3474
3539
3604
3669
3734
3799
3864
3929
3994
4059
4124
4189
4254
2630
2695
2760
2825
2890
2955
3020
3085
3150
3215
3280
3345
3410
3475
3540
3605
3670
3735
3800
3865
3930
3995
4060
4125
4190
4255
2631
2696
2761
2826
2891
2956
3021
3086
3151
3216
3281
3346
3411
3476
3541
3606
3671
3736
3801
3866
3931
3996
4061
4126
4191
4256
2632
2697
2762
2827
2892
2957
3022
3087
3152
3217
3282
3347
3412
3477
3542
3607
3672
3737
3802
3867
3932
3997
4062
4127
4192
4257
2633
2698
2763
2828
2893
2958
3023
3088
3153
3218
3283
3348
3413
3478
3543
3608
3673
3738
3803
3868
3933
3998
4063
4128
4193
4258
2634
2699
2764
2829
2894
2959
3024
3089
3154
3219
3284
3349
3414
3479
3544
3609
3674
3739
3804
3869
3934
3999
4064
4129
4194
4259
2635
2700
2765
2830
2895
2960
3025
3090
3155
3220
3285
3350
3415
3480
3545
3610
3675
3740
3805
3870
3935
4000
4065
4130
4195
4260
2636
2701
2766
2831
2896
2961
3026
3091
3156
3221
3286
3351
3416
3481
3546
3611
3676
3741
3806
3871
3936
4001
4066
4131
4196
4261
2637
2702
2767
2832
2897
2962
3027
3092
3157
3222
3287
3352
3417
3482
3547
3612
3677
3742
3807
3872
3937
4002
4067
4132
4197
4262
2638
2703
2768
2833
2898
2963
3028
3093
3158
3223
3288
3353
3418
3483
3548
3613
3678
3743
3808
3873
3938
4003
4068
4133
4198
4263
2639
2704
2769
2834
2899
2964
3029
3094
3159
3224
3289
3354
3419
3484
3549
3614
3679
3744
3809
3874
3939
4004
4069
4134
4199
4264
2640
2705
2770
2835
2900
2965
3030
3095
3160
3225
3290
3355
3420
3485
3550
3615
3680
3745
3810
3875
3940
4005
4070
4135
4200
4265
2641
2706
2771
2836
2901
2966
3031
3096
3161
3226
3291
3356
3421
3486
3551
3616
3681
3746
3811
3876
3941
4006
4071
4136
4201
4266
2642
2707
2772
2837
2902
2967
3032
3097
3162
3227
3292
3357
3422
3487
3552
3617
3682
3747
3812
3877
3942
4007
4072
4137
4202
4267
2643
2708
2773
2838
2903
2968
3033
3098
3163
3228
3293
3358
3423
3488
3553
3618
3683
3748
3813
3878
3943
4008
4073
4138
4203
4268
2644
2709
2774
2839
2904
2969
3034
3099
3164
3229
3294
3359
3424
3489
3554
3619
3684
3749
3814
3879
3944
4009
4074
4139
4204
4269
2645
2710
2775
2840
2905
2970
3035
3100
3165
3230
3295
3360
3425
3490
3555
3620
3685
3750
3815
3880
3945
4010
4075
4140
4205
4270
2646
2711
2776
2841
2906
2971
3036
3101
3166
3231
3296
3361
3426
3491
3556
3621
3686
3751
3816
3881
3946
4011
4076
4141
4206
4271
2647
2712
2777
2842
2907
2972
3037
3102
3167
3232
3297
3362
3427
3492
3557
3622
3687
3752
3817
3882
3947
4012
4077
4142
4207
4272
2648
2713
2778
2843
2908
2973
3038
3103
3168
3233
3298
3363
3428
3493
3558
3623
3688
3753
3818
3883
3948
4013
4078
4143
4208
4273
2649
2714
2779
2844
2909
2974
3039
3104
3169
3234
3299
3364
3429
3494
3559
3624
3689
3754
3819
3884
3949
4014
4079
4144
4209
4274
2650
2715
2780
2845
2910
2975
3040
3105
3170
3235
3300
3365
3430
3495
3560
3625
3690
3755
3820
3885
3950
4015
4080
4145
4210
4275
2651
2716
2781
2846
2911
2976
3041
3106
3171
3236
3301
3366
3431
3496
3561
3626
3691
3756
3821
3886
3951
4016
4081
4146
4211
4276
2652
2717
2782
2847
2912
2977
3042
3107
3172
3237
3302
3367
3432
3497
3562
3627
3692
3757
3822
3887
3952
4017
4082
4147
4212
4277
2653
2718
2783
2848
2913
2978
3043
3108
3173
3238
3303
3368
3433
3498
3563
3628
3693
3758
3823
3888
3953
4018
4083
4148
4213
4278
2654
2719
2784
2849
2914
2979
3044
3109
3174
3239
3304
3369
3434
3499
3564
3629
3694
3759
3824
3889
3954
4019
4084
4149
4214
4279
2655
2720
2785
2850
2915
2980
3045
3110
3175
3240
3305
3370
3435
3500
3565
3630
3695
3760
3825
3890
3955
4020
4085
4150
4215
4280
2656
2721
2786
2851
2916
2981
3046
3111
3176
3241
3306
3371
3436
3501
3566
3631
3696
3761
3826
3891
3956
4021
4086
4151
4216
4281
2657
2722
2787
2852
2917
2982
3047
3112
3177
3242
3307
3372
3437
3502
3567
3632
3697
3762
3827
3892
3957
4022
4087
4152
4217
4282
2658
2723
2788
2853
2918
2983
3048
3113
3178
3243
3308
3373
3438
3503
3568
3633
3698
3763
3828
3893
3958
4023
4088
4153
4218
4283
2659
2724
2789
2854
2919
2984
3049
3114
3179
3244
3309
3374
3439
3504
3569
3634
3699
3764
3829
3894
3959
4024
4089
4154
4219
4284
2660
2725
2790
2855
2920
2985
3050
3115
3180
3245
3310
3375
3440
3505
3570
3635
3700
3765
3830
3895
3960
4025
4090
4155
4220
4285
2661
2726
2791
2856
2921
2986
3051
3116
3181
3246
3311
3376
3441
3506
3571
3636
3701
3766
3831
3896
3961
4026
4091
4156
4221
4286
2662
2727
2792
2857
2922
2987
3052
3117
3182
3247
3312
3377
3442
3507
3572
3637
3702
3767
3832
3897
3962
4027
4092
4157
4222
4287
2663
2728
2793
2858
2923
2988
3053
3118
3183
3248
3313
3378
3443
3508
3573
3638
3703
3768
3833
3898
3963
4028
4093
4158
4223
4288
2664
2729
2794
2859
2924
2989
3054
3119
3184
3249
3314
3379
3444
3509
3574
3639
3704
3769
3834
3899
3964
4029
4094
4159
4224
4289
2600
2665
2730
2795
2860
2925
2990
3055
3120
3185
3250
3315
3380
3445
3510
3575
3640
3705
3770
3835
3900
3965
4030
4095
4160
4225
2601
2666
2731
2796
2861
2926
2991
3056
3121
3186
3251
3316
3381
3446
3511
3576
3641
3706
3771
3836
3901
3966
4031
4096
4161
4226
2602
2667
2732
2797
2862
2927
2992
3057
3122
3187
3252
3317
3382
3447
3512
3577
3642
3707
3772
3837
3902
3967
4032
4097
4162
4227
2603
2668
2733
2798
2863
2928
2993
3058
3123
3188
3253
3318
3383
3448
3513
3578
3643
3708
3773
3838
3903
3968
4033
4098
4163
4228
2604
2669
2734
2799
2864
2929
2994
3059
3124
3189
3254
3319
3384
3449
3514
3579
3644
3709
3774
3839
3904
3969
4034
4099
4164
4229
2605
2670
2735
2800
2865
2930
2995
3060
3125
3190
3255
3320
3385
3450
3515
3580
3645
3710
3775
3840
3905
3970
4035
4100
4165
4230
2606
2671
2736
2801
2866
2931
2996
3061
3126
3191
3256
3321
3386
3451
3516
3581
3646
3711
3776
3841
3906
3971
4036
4101
4166
4231
2607
2672
2737
2802
2867
2932
2997
3062
3127
3192
3257
3322
3387
3452
3517
3582
3647
3712
3777
3842
3907
3972
4037
4102
4167
4232
2608
2673
2738
2803
2868
2933
2998
3063
3128
3193
3258
3323
3388
3453
3518
3583
3648
3713
3778
3843
3908
3973
4038
4103
4168
4233
2609
2674
2739
2804
2869
2934
2999
3064
3129
3194
3259
3324
3389
3454
3519
3584
3649
3714
3779
3844
3909
3974
4039
4104
4169
4234
2610
2675
2740
2805
2870
2935
3000
3065
3130
3195
3260
3325
3390
3455
3520
3585
3650
3715
3780
3845
3910
3975
4040
4105
4170
4235
2611
2676
2741
2806
2871
2936
3001
3066
3131
3196
3261
3326
3391
3456
3521
3586
3651
3716
3781
3846
3911
3976
4041
4106
4171
4236
2612
2677
2742
2807
2872
2937
3002
3067
3132
3197
3262
3327
3392
3457
3522
3587
3652
3717
3782
3847
3912
3977
4042
4107
4172
4237
2613
2678
2743
2808
2873
2938
3003
3068
3133
3198
3263
3328
3393
3458
3523
3588
3653
3718
3783
3848
3913
3978
4043
4108
4173
4238
2614
2679
2744
2809
2874
2939
3004
3069
3134
3199
3264
3329
3394
3459
3524
3589
3654
3719
3784
3849
3914
3979
4044
4109
4174
4239
2615
2680
2745
2810
2875
2940
3005
3070
3135
3200
3265
3330
3395
3460
3525
3590
3655
3720
3785
3850
3915
3980
4045
4110
4175
4240
2616
2681
2746
2811
2876
2941
3006
3071
3136
3201
3266
3331
3396
3461
3526
3591
3656
3721
3786
3851
3916
3981
4046
4111
4176
4241
2617
2682
2747
2812
2877
2942
3007
3072
3137
3202
3267
3332
3397
3462
3527
3592
3657
3722
3787
3852
3917
3982
4047
4112
4177
4242
2618
2683
2748
2813
2878
2943
3008
3073
3138
3203
3268
3333
3398
3463
3528
3593
3658
3723
3788
3853
3918
3983
4048
4113
4178
4243
2619
2684
2749
2814
2879
2944
3009
3074
3139
3204
3269
3334
3399
3464
3529
3594
3659
3724
3789
3854
3919
3984
4049
4114
4179
4244
2620
2685
2750
2815
2880
2945
3010
3075
3140
3205
3270
3335
3400
3465
3530
3595
3660
3725
3790
3855
3920
3985
4050
4115
4180
4245
2621
2686
2751
2816
2881
2946
3011
3076
3141
3206
3271
3336
3401
3466
3531
3596
3661
3726
3791
3856
3921
3986
4051
4116
4181
4246
2622
2687
2752
2817
2882
2947
3012
3077
3142
3207
3272
3337
3402
3467
3532
3597
3662
3727
3792
3857
3922
3987
4052
4117
4182
4247
2623
2688
2753
2818
2883
2948
3013
3078
3143
3208
3273
3338
3403
3468
3533
3598
3663
3728
3793
3858
3923
3988
4053
4118
4183
4248
2624
2689
2754
2819
2884
2949
3014
3079
3144
3209
3274
3339
3404
3469
3534
3599
3664
3729
3794
3859
3924
3989
4054
4119
4184
4249
2625
2690
2755
2820
2885
2950
3015
3080
3145
3210
3275
3340
3405
3470
3535
3600
3665
3730
3795
3860
3925
3990
4055
4120
4185
4250
2626
2691
2756
2821
2886
2951
3016
3081
3146
3211
3276
3341
3406
3471
3536
3601
3666
3731
3796
3861
3926
3991
4056
4121
4186
4251
2627
2692
2757
2822
2887
2952
3017
3082
3147
3212
3277
3342
3407
3472
3537
3602
3667
3732
3797
3862
3927
3992
4057
4122
4187
4252
2628
2693
2758
2823
2888
2953
3018
3083
3148
3213
3278
3343
3408
3473
3538
3603
3668
3733
3798
3863
3928
3993
4058
4123
4188
4253
2629
2694
2759
2824
2889
2954
3019
3084
3149
3214
3279
3344
3409
3474
3539
3604
3669
3734
3799
3864
3929
3994
4059
4124
4189
4254
2630
2695
2760
2825
2890
2955
3020
3085
3150
3215
3280
3345
3410
3475
3540
3605
3670
3735
3800
3865
3930
3995
4060
4125
4190
4255
2631
2696
2761
2826
2891
2956
3021
3086
3151
3216
3281
3346
3411
3476
3541
3606
3671
3736
3801
3866
3931
3996
4061
4126
4191
4256
2632
2697
2762
2827
2892
2957
3022
3087
3152
3217
3282
3347
3412
3477
3542
3607
3672
3737
3802
3867
3932
3997
4062
4127
4192
4257
2633
2698
2763
2828
2893
2958
3023
3088
3153
3218
3283
3348
3413
3478
3543
3608
3673
3738
3803
3868
3933
3998
4063
4128
4193
4258
2634
2699
2764
2829
2894
2959
3024
3089
3154
3219
3284
3349
3414
3479
3544
3609
3674
3739
3804
3869
3934
3999
4064
4129
4194
4259
2635
2700
2765
2830
2895
2960
3025
3090
3155
3220
3285
3350
3415
3480
3545
3610
3675
3740
3805
3870
3935
4000
4065
4130
4195
4260
2636
2701
2766
2831
2896
2961
3026
3091
3156
3221
3286
3351
3416
3481
3546
3611
3676
3741
3806
3871
3936
4001
4066
4131
4196
4261
2637
2702
2767
2832
2897
2962
3027
3092
3157
3222
3287
3352
3417
3482
3547
3612
3677
3742
3807
3872
3937
4002
4067
4132
4197
4262
2638
2703
2768
2833
2898
2963
3028
3093
3158
3223
3288
3353
3418
3483
3548
3613
3678
3743
3808
3873
3938
4003
4068
4133
4198
4263
2639
2704
2769
2834
2899
2964
3029
3094
3159
3224
3289
3354
3419
3484
3549
3614
3679
3744
3809
3874
3939
4004
4069
4134
4199
4264
2640
2705
2770
2835
2900
2965
3030
3095
3160
3225
3290
3355
3420
3485
3550
3615
3680
3745
3810
3875
3940
4005
4070
4135
4200
4265
2641
2706
2771
2836
2901
2966
3031
3096
3161
3226
3291
3356
3421
3486
3551
3616
3681
3746
3811
3876
3941
4006
4071
4136
4201
4266
2642
2707
2772
2837
2902
2967
3032
3097
3162
3227
3292
3357
3422
3487
3552
3617
3682
3747
3812
3877
3942
4007
4072
4137
4202
4267
2643
2708
2773
2838
2903
2968
3033
3098
3163
3228
3293
3358
3423
3488
3553
3618
3683
3748
3813
3878
3943
4008
4073
4138
4203
4268
2644
2709
2774
2839
2904
2969
3034
3099
3164
3229
3294
3359
3424
3489
3554
3619
3684
3749
3814
3879
3944
4009
4074
4139
4204
4269
2645
2710
2775
2840
2905
2970
3035
3100
3165
3230
3295
3360
3425
3490
3555
3620
3685
3750
3815
3880
3945
4010
4075
4140
4205
4270
2646
2711
2776
2841
2906
2971
3036
3101
3166
3231
3296
3361
3426
3491
3556
3621
3686
3751
3816
3881
3946
4011
4076
4141
4206
4271
2647
2712
2777
2842
2907
2972
3037
3102
3167
3232
3297
3362
3427
3492
3557
3622
3687
3752
3817
3882
3947
4012
4077
4142
4207
4272
2648
2713
2778
2843
2908
2973
3038
3103
3168
3233
3298
3363
3428
3493
3558
3623
3688
3753
3818
3883
3948
4013
4078
4143
4208
4273
2649
2714
2779
2844
2909
2974
3039
3104
3169
3234
3299
3364
3429
3494
3559
3624
3689
3754
3819
3884
3949
4014
4079
4144
4209
4274
2650
2715
2780
2845
2910
2975
3040
3105
3170
3235
3300
3365
3430
3495
3560
3625
3690
3755
3820
3885
3950
4015
4080
4145
4210
4275
2651
2716
2781
2846
2911
2976
3041
3106
3171
3236
3301
3366
3431
3496
3561
3626
3691
3756
3821
3886
3951
4016
4081
4146
4211
4276
2652
2717
2782
2847
2912
2977
3042
3107
3172
3237
3302
3367
3432
3497
3562
3627
3692
3757
3822
3887
3952
4017
4082
4147
4212
4277
2653
2718
2783
2848
2913
2978
3043
3108
3173
3238
3303
3368
3433
3498
3563
3628
3693
3758
3823
3888
3953
4018
4083
4148
4213
4278
2654
2719
2784
2849
2914
2979
3044
3109
3174
3239
3304
3369
3434
3499
3564
3629
3694
3759
3824
3889
3954
4019
4084
4149
4214
4279
2655
2720
2785
2850
2915
2980
3045
3110
3175
3240
3305
3370
3435
3500
3565
3630
3695
3760
3825
3890
3955
4020
4085
4150
4215
4280
2656
2721
2786
2851
2916
2981
3046
3111
3176
3241
3306
3371
3436
3501
3566
3631
3696
3761
3826
3891
3956
4021
4086
4151
4216
4281
2657
2722
2787
2852
2917
2982
3047
3112
3177
3242
3307
3372
3437
3502
3567
3632
3697
3762
3827
3892
3957
4022
4087
4152
4217
4282
2658
2723
2788
2853
2918
2983
3048
3113
3178
3243
3308
3373
3438
3503
3568
3633
3698
3763
3828
3893
3958
4023
4088
4153
4218
4283
2659
2724
2789
2854
2919
2984
3049
3114
3179
3244
3309
3374
3439
3504
3569
3634
3699
3764
3829
3894
3959
4024
4089
4154
4219
4284
2660
2725
2790
2855
2920
2985
3050
3115
3180
3245
3310
3375
3440
3505
3570
3635
3700
3765
3830
3895
3960
4025
4090
4155
4220
4285
2661
2726
2791
2856
2921
2986
3051
3116
3181
3246
3311
3376
3441
3506
3571
3636
3701
3766
3831
3896
3961
4026
4091
4156
4221
4286
2662
2727
2792
2857
2922
2987
3052
3117
3182
3247
3312
3377
3442
3507
3572
3637
3702
3767
3832
3897
3962
4027
4092
4157
4222
4287
2663
2728
2793
2858
2923
2988
3053
3118
3183
3248
3313
3378
3443
3508
3573
3638
3703
3768
3833
3898
3963
4028
4093
4158
4223
4288
2664
2729
2794
2859
2924
2989
3054
3119
3184
3249
3314
3379
3444
3509
3574
3639
3704
3769
3834
3899
3964
4029
4094
4159
4224
4289
4290
4315
4340
4365
4390
4415
4440
4465
4490
4515
4540
4565
4590
4615
4640
4665
4690
4715
4740
4765
4790
4815
4840
4865
4890
4915
4940
4965
4990
5015
5040
5065
5090
5115
5140
5165
5190
5215
5240
5265
4291
4316
4341
4366
4391
4416
4441
4466
4491
4516
4541
4566
4591
4616
4641
4666
4691
4716
4741
4766
4791
4816
4841
4866
4891
4916
4941
4966
4991
5016
5041
5066
5091
5116
5141
5166
5191
5216
5241
5266
4292
4317
4342
4367
4392
4417
4442
4467
4492
4517
4542
4567
4592
4617
4642
4667
4692
4717
4742
4767
4792
4817
4842
4867
4892
4917
4942
4967
4992
5017
5042
5067
5092
5117
5142
5167
5192
5217
5242
5267
4293
4318
4343
4368
4393
4418
4443
4468
4493
4518
4543
4568
4593
4618
4643
4668
4693
4718
4743
4768
4793
4818
4843
4868
4893
4918
4943
4968
4993
5018
5043
5068
5093
5118
5143
5168
5193
5218
5243
5268
4294
4319
4344
4369
4394
4419
4444
4469
4494
4519
4544
4569
4594
4619
4644
4669
4694
4719
4744
4769
4794
4819
4844
4869
4894
4919
4944
4969
4994
5019
5044
5069
5094
5119
5144
5169
5194
5219
5244
5269
4295
4320
4345
4370
4395
4420
4445
4470
4495
4520
4545
4570
4595
4620
4645
4670
4695
4720
4745
4770
4795
4820
4845
4870
4895
4920
4945
4970
4995
5020
5045
5070
5095
5120
5145
5170
5195
5220
5245
5270
4296
4321
4346
4371
4396
4421
4446
4471
4496
4521
4546
4571
4596
4621
4646
4671
4696
4721
4746
4771
4796
4821
4846
4871
4896
4921
4946
4971
4996
5021
5046
5071
5096
5121
5146
5171
5196
5221
5246
5271
4297
4322
4347
4372
4397
4422
4447
4472
4497
4522
4547
4572
4597
4622
4647
4672
4697
4722
4747
4772
4797
4822
4847
4872
4897
4922
4947
4972
4997
5022
5047
5072
5097
5122
5147
5172
5197
5222
5247
5272
4298
4323
4348
4373
4398
4423
4448
4473
4498
4523
4548
4573
4598
4623
4648
4673
4698
4723
4748
4773
4798
4823
4848
4873
4898
4923
4948
4973
4998
5023
5048
5073
5098
5123
5148
5173
5198
5223
5248
5273
4299
4324
4349
4374
4399
4424
4449
4474
4499
4524
4549
4574
4599
4624
4649
4674
4699
4724
4749
4774
4799
4824
4849
4874
4899
4924
4949
4974
4999
5024
5049
5074
5099
5124
5149
5174
5199
5224
5249
5274
4300
4325
4350
4375
4400
4425
4450
4475
4500
4525
4550
4575
4600
4625
4650
4675
4700
4725
4750
4775
4800
4825
4850
4875
4900
4925
4950
4975
5000
5025
5050
5075
5100
5125
5150
5175
5200
5225
5250
5275
4301
4326
4351
4376
4401
4426
4451
4476
4501
4526
4551
4576
4601
4626
4651
4676
4701
4726
4751
4776
4801
4826
4851
4876
4901
4926
4951
4976
5001
5026
5051
5076
5101
5126
5151
5176
5201
5226
5251
5276
4302
4327
4352
4377
4402
4427
4452
4477
4502
4527
4552
4577
4602
4627
4652
4677
4702
4727
4752
4777
4802
4827
4852
4877
4902
4927
4952
4977
5002
5027
5052
5077
5102
5127
5152
5177
5202
5227
5252
5277
4303
4328
4353
4378
4403
4428
4453
4478
4503
4528
4553
4578
4603
4628
4653
4678
4703
4728
4753
4778
4803
4828
4853
4878
4903
4928
4953
4978
5003
5028
5053
5078
5103
5128
5153
5178
5203
5228
5253
5278
4304
4329
4354
4379
4404
4429
4454
4479
4504
4529
4554
4579
4604
4629
4654
4679
4704
4729
4754
4779
4804
4829
4854
4879
4904
4929
4954
4979
5004
5029
5054
5079
5104
5129
5154
5179
5204
5229
5254
5279
4305
4330
4355
4380
4405
4430
4455
4480
4505
4530
4555
4580
4605
4630
4655
4680
4705
4730
4755
4780
4805
4830
4855
4880
4905
4930
4955
4980
5005
5030
5055
5080
5105
5130
5155
5180
5205
5230
5255
5280
4306
4331
4356
4381
4406
4431
4456
4481
4506
4531
4556
4581
4606
4631
4656
4681
4706
4731
4756
4781
4806
4831
4856
4881
4906
4931
4956
4981
5006
5031
5056
5081
5106
5131
5156
5181
5206
5231
5256
5281
4307
4332
4357
4382
4407
4432
4457
4482
4507
4532
4557
4582
4607
4632
4657
4682
4707
4732
4757
4782
4807
4832
4857
4882
4907
4932
4957
4982
5007
5032
5057
5082
5107
5132
5157
5182
5207
5232
5257
5282
4308
4333
4358
4383
4408
4433
4458
4483
4508
4533
4558
4583
4608
4633
4658
4683
4708
4733
4758
4783
4808
4833
4858
4883
4908
4933
4958
4983
5008
5033
5058
5083
5108
5133
5158
5183
5208
5233
5258
5283
4309
4334
4359
4384
4409
4434
4459
4484
4509
4534
4559
4584
4609
4634
4659
4684
4709
4734
4759
4784
4809
4834
4859
4884
4909
4934
4959
4984
5009
5034
5059
5084
5109
5134
5159
5184
5209
5234
5259
5284
4310
4335
4360
4385
4410
4435
4460
4485
4510
4535
4560
4585
4610
4635
4660
4685
4710
4735
4760
4785
4810
4835
4860
4885
4910
4935
4960
4985
5010
5035
5060
5085
5110
5135
5160
5185
5210
5235
5260
5285
4311
4336
4361
4386
4411
4436
4461
4486
4511
4536
4561
4586
4611
4636
4661
4686
4711
4736
4761
4786
4811
4836
4861
4886
4911
4936
4961
4986
5011
5036
5061
5086
5111
5136
5161
5186
5211
5236
5261
5286
4312
4337
4362
4387
4412
4437
4462
4487
4512
4537
4562
4587
4612
4637
4662
4687
4712
4737
4762
4787
4812
4837
4862
4887
4912
4937
4962
4987
5012
5037
5062
5087
5112
5137
5162
5187
5212
5237
5262
5287
4313
4338
4363
4388
4413
4438
4463
4488
4513
4538
4563
4588
4613
4638
4663
4688
4713
4738
4763
4788
4813
4838
4863
4888
4913
4938
4963
4988
5013
5038
5063
5088
5113
5138
5163
5188
5213
5238
5263
5288
4314
4339
4364
4389
4414
4439
4464
4489
4514
4539
4564
4589
4614
4639
4664
4689
4714
4739
4764
4789
4814
4839
4864
4889
4914
4939
4964
4989
5014
5039
5064
5089
5114
5139
5164
5189
5214
5239
5264
5289
4290
4315
4340
4365
4390
4415
4440
4465
4490
4515
4540
4565
4590
4615
4640
4665
4690
4715
4740
4765
4790
4815
4840
4865
4890
4915
4940
4965
4990
5015
5040
5065
5090
5115
5140
5165
5190
5215
5240
5265
4291
4316
4341
4366
4391
4416
4441
4466
4491
4516
4541
4566
4591
4616
4641
4666
4691
4716
4741
4766
4791
4816
4841
4866
4891
4916
4941
4966
4991
5016
5041
5066
5091
5116
5141
5166
5191
5216
5241
5266
4292
4317
4342
4367
4392
4417
4442
4467
4492
4517
4542
4567
4592
4617
4642
4667
4692
4717
4742
4767
4792
4817
4842
4867
4892
4917
4942
4967
4992
5017
5042
5067
5092
5117
5142
5167
5192
5217
5242
5267
4293
4318
4343
4368
4393
4418
4443
4468
4493
4518
4543
4568
4593
4618
4643
4668
4693
4718
4743
4768
4793
4818
4843
4868
4893
4918
4943
4968
4993
5018
5043
5068
5093
5118
5143
5168
5193
5218
5243
5268
4294
4319
4344
4369
4394
4419
4444
4469
4494
4519
4544
4569
4594
4619
4644
4669
4694
4719
4744
4769
4794
4819
4844
4869
4894
4919
4944
4969
4994
5019
5044
5069
5094
5119
5144
5169
5194
5219
5244
5269
4295
4320
4345
4370
4395
4420
4445
4470
4495
4520
4545
4570
4595
4620
4645
4670
4695
4720
4745
4770
4795
4820
4845
4870
4895
4920
4945
4970
4995
5020
5045
5070
5095
5120
5145
5170
5195
5220
5245
5270
4296
4321
4346
4371
4396
4421
4446
4471
4496
4521
4546
4571
4596
4621
4646
4671
4696
4721
4746
4771
4796
4821
4846
4871
4896
4921
4946
4971
4996
5021
5046
5071
5096
5121
5146
5171
5196
5221
5246
5271
4297
4322
4347
4372
4397
4422
4447
4472
4497
4522
4547
4572
4597
4622
4647
4672
4697
4722
4747
4772
4797
4822
4847
4872
4897
4922
4947
4972
4997
5022
5047
5072
5097
5122
5147
5172
5197
5222
5247
5272
4298
4323
4348
4373
4398
4423
4448
4473
4498
4523
4548
4573
4598
4623
4648
4673
4698
4723
4748
4773
4798
4823
4848
4873
4898
4923
4948
4973
4998
5023
5048
5073
5098
5123
5148
5173
5198
5223
5248
5273
4299
4324
4349
4374
4399
4424
4449
4474
4499
4524
4549
4574
4599
4624
4649
4674
4699
4724
4749
4774
4799
4824
4849
4874
4899
4924
4949
4974
4999
5024
5049
5074
5099
5124
5149
5174
5199
5224
5249
5274
4300
4325
4350
4375
4400
4425
4450
4475
4500
4525
4550
4575
4600
4625
4650
4675
4700
4725
4750
4775
4800
4825
4850
4875
4900
4925
4950
4975
5000
5025
5050
5075
5100
5125
5150
5175
5200
5225
5250
5275
4301
4326
4351
4376
4401
4426
4451
4476
4501
4526
4551
4576
4601
4626
4651
4676
4701
4726
4751
4776
4801
4826
4851
4876
4901
4926
4951
4976
5001
5026
5051
5076
5101
5126
5151
5176
5201
5226
5251
5276
4302
4327
4352
4377
4402
4427
4452
4477
4502
4527
4552
4577
4602
4627
4652
4677
4702
4727
4752
4777
4802
4827
4852
4877
4902
4927
4952
4977
5002
5027
5052
5077
5102
5127
5152
5177
5202
5227
5252
5277
4303
4328
4353
4378
4403
4428
4453
4478
4503
4528
4553
4578
4603
4628
4653
4678
4703
4728
4753
4778
4803
4828
4853
4878
4903
4928
4953
4978
5003
5028
5053
5078
5103
5128
5153
5178
5203
5228
5253
5278
4304
4329
4354
4379
4404
4429
4454
4479
4504
4529
4554
4579
4604
4629
4654
4679
4704
4729
4754
4779
4804
4829
4854
4879
4904
4929
4954
4979
5004
5029
5054
5079
5104
5129
5154
5179
5204
5229
5254
5279
4305
4330
4355
4380
4405
4430
4455
4480
4505
4530
4555
4580
4605
4630
4655
4680
4705
4730
4755
4780
4805
4830
4855
4880
4905
4930
4955
4980
5005
5030
5055
5080
5105
5130
5155
5180
5205
5230
5255
5280
4306
4331
4356
4381
4406
4431
4456
4481
4506
4531
4556
4581
4606
4631
4656
4681
4706
4731
4756
4781
4806
4831
4856
4881
4906
4931
4956
4981
5006
5031
5056
5081
5106
5131
5156
5181
5206
5231
5256
5281
4307
4332
4357
4382
4407
4432
4457
4482
4507
4532
4557
4582
4607
4632
4657
4682
4707
4732
4757
4782
4807
4832
4857
4882
4907
4932
4957
4982
5007
5032
5057
5082
5107
5132
5157
5182
5207
5232
5257
5282
4308
4333
4358
4383
4408
4433
4458
4483
4508
4533
4558
4583
4608
4633
4658
4683
4708
4733
4758
4783
4808
4833
4858
4883
4908
4933
4958
4983
5008
5033
5058
5083
5108
5133
5158
5183
5208
5233
5258
5283
4309
4334
4359
4384
4409
4434
4459
4484
4509
4534
4559
4584
4609
4634
4659
4684
4709
4734
4759
4784
4809
4834
4859
4884
4909
4934
4959
4984
5009
5034
5059
5084
5109
5134
5159
5184
5209
5234
5259
5284
4310
4335
4360
4385
4410
4435
4460
4485
4510
4535
4560
4585
4610
4635
4660
4685
4710
4735
4760
4785
4810
4835
4860
4885
4910
4935
4960
4985
5010
5035
5060
5085
5110
5135
5160
5185
5210
5235
5260
5285
4311
4336
4361
4386
4411
4436
4461
4486
4511
4536
4561
4586
4611
4636
4661
4686
4711
4736
4761
4786
4811
4836
4861
4886
4911
4936
4961
4986
5011
5036
5061
5086
5111
5136
5161
5186
5211
5236
5261
5286
4312
4337
4362
4387
4412
4437
4462
4487
4512
4537
4562
4587
4612
4637
4662
4687
4712
4737
4762
4787
4812
4837
4862
4887
4912
4937
4962
4987
5012
5037
5062
5087
5112
5137
5162
5187
5212
5237
5262
5287
4313
4338
4363
4388
4413
4438
4463
4488
4513
4538
4563
4588
4613
4638
4663
4688
4713
4738
4763
4788
4813
4838
4863
4888
4913
4938
4963
4988
5013
5038
5063
5088
5113
5138
5163
5188
5213
5238
5263
5288
4314
4339
4364
4389
4414
4439
4464
4489
4514
4539
4564
4589
4614
4639
4664
4689
4714
4739
4764
4789
4814
4839
4864
4889
4914
4939
4964
4989
5014
5039
5064
5089
5114
5139
5164
5189
5214
5239
5264
5289
5290
5315
5340
5365
5390
5415
5440
5465
5490
5515
5540
5565
5590
5615
5640
5665
5690
5715
5740
5765
5790
5815
5840
5865
5890
5915
5940
5965
5990
6015
6040
6065
6090
6115
6140
6165
6190
6215
6240
6265
5291
5316
5341
5366
5391
5416
5441
5466
5491
5516
5541
5566
5591
5616
5641
5666
5691
5716
5741
5766
5791
5816
5841
5866
5891
5916
5941
5966
5991
6016
6041
6066
6091
6116
6141
6166
6191
6216
6241
6266
5292
5317
5342
5367
5392
5417
5442
5467
5492
5517
5542
5567
5592
5617
5642
5667
5692
5717
5742
5767
5792
5817
5842
5867
5892
5917
5942
5967
5992
6017
6042
6067
6092
6117
6142
6167
6192
6217
6242
6267
5293
5318
5343
5368
5393
5418
5443
5468
5493
5518
5543
5568
5593
5618
5643
5668
5693
5718
5743
5768
5793
5818
5843
5868
5893
5918
5943
5968
5993
6018
6043
6068
6093
6118
6143
6168
6193
6218
6243
6268
5294
5319
5344
5369
5394
5419
5444
5469
5494
5519
5544
5569
5594
5619
5644
5669
5694
5719
5744
5769
5794
5819
5844
5869
5894
5919
5944
5969
5994
6019
6044
6069
6094
6119
6144
6169
6194
6219
6244
6269
5295
5320
5345
5370
5395
5420
5445
5470
5495
5520
5545
5570
5595
5620
5645
5670
5695
5720
5745
5770
5795
5820
5845
5870
5895
5920
5945
5970
5995
6020
6045
6070
6095
6120
6145
6170
6195
6220
6245
6270
5296
5321
5346
5371
5396
5421
5446
5471
5496
5521
5546
5571
5596
5621
5646
5671
5696
5721
5746
5771
5796
5821
5846
5871
5896
5921
5946
5971
5996
6021
6046
6071
6096
6121
6146
6171
6196
6221
6246
6271
5297
5322
5347
5372
5397
5422
5447
5472
5497
5522
5547
5572
5597
5622
5647
5672
5697
5722
5747
5772
5797
5822
5847
5872
5897
5922
5947
5972
5997
6022
6047
6072
6097
6122
6147
6172
6197
6222
6247
6272
5298
5323
5348
5373
5398
5423
5448
5473
5498
5523
5548
5573
5598
5623
5648
5673
5698
5723
5748
5773
5798
5823
5848
5873
5898
5923
5948
5973
5998
6023
6048
6073
6098
6123
6148
6173
6198
6223
6248
6273
5299
5324
5349
5374
5399
5424
5449
5474
5499
5524
5549
5574
5599
5624
5649
5674
5699
5724
5749
5774
5799
5824
5849
5874
5899
5924
5949
5974
5999
6024
6049
6074
6099
6124
6149
6174
6199
6224
6249
6274
5300
5325
5350
5375
5400
5425
5450
5475
5500
5525
5550
5575
5600
5625
5650
5675
5700
5725
5750
5775
5800
5825
5850
5875
5900
5925
5950
5975
6000
6025
6050
6075
6100
6125
6150
6175
6200
6225
6250
6275
5301
5326
5351
5376
5401
5426
5451
5476
5501
5526
5551
5576
5601
5626
5651
5676
5701
5726
5751
5776
5801
5826
5851
5876
5901
5926
5951
5976
6001
6026
6051
6076
6101
6126
6151
6176
6201
6226
6251
6276
5302
5327
5352
5377
5402
5427
5452
5477
5502
5527
5552
5577
5602
5627
5652
5677
5702
5727
5752
5777
5802
5827
5852
5877
5902
5927
5952
5977
6002
6027
6052
6077
6102
6127
6152
6177
6202
6227
6252
6277
5303
5328
5353
5378
5403
5428
5453
5478
5503
5528
5553
5578
5603
5628
5653
5678
5703
5728
5753
5778
5803
5828
5853
5878
5903
5928
5953
5978
6003
6028
6053
6078
6103
6128
6153
6178
6203
6228
6253
6278
5304
5329
5354
5379
5404
5429
5454
5479
5504
5529
5554
5579
5604
5629
5654
5679
5704
5729
5754
5779
5804
5829
5854
5879
5904
5929
5954
5979
6004
6029
6054
6079
6104
6129
6154
6179
6204
6229
6254
6279
5305
5330
5355
5380
5405
5430
5455
5480
5505
5530
5555
5580
5605
5630
5655
5680
5705
5730
5755
5780
5805
5830
5855
5880
5905
5930
5955
5980
6005
6030
6055
6080
6105
6130
6155
6180
6205
6230
6255
6280
5306
5331
5356
5381
5406
5431
5456
5481
5506
5531
5556
5581
5606
5631
5656
5681
5706
5731
5756
5781
5806
5831
5856
5881
5906
5931
5956
5981
6006
6031
6056
6081
6106
6131
6156
6181
6206
6231
6256
6281
5307
5332
5357
5382
5407
5432
5457
5482
5507
5532
5557
5582
5607
5632
5657
5682
5707
5732
5757
5782
5807
5832
5857
5882
5907
5932
5957
5982
6007
6032
6057
6082
6107
6132
6157
6182
6207
6232
6257
6282
5308
5333
5358
5383
5408
5433
5458
5483
5508
5533
5558
5583
5608
5633
5658
5683
5708
5733
5758
5783
5808
5833
5858
5883
5908
5933
5958
5983
6008
6033
6058
6083
6108
6133
6158
6183
6208
6233
6258
6283
5309
5334
5359
5384
5409
5434
5459
5484
5509
5534
5559
5584
5609
5634
5659
5684
5709
5734
5759
5784
5809
5834
5859
5884
5909
5934
5959
5984
6009
6034
6059
6084
6109
6134
6159
6184
6209
6234
6259
6284
5310
5335
5360
5385
5410
5435
5460
5485
5510
5535
5560
5585
5610
5635
5660
5685
5710
5735
5760
5785
5810
5835
5860
5885
5910
5935
5960
5985
6010
6035
6060
6085
6110
6135
6160
6185
6210
6235
6260
6285
5311
5336
5361
5386
5411
5436
5461
5486
5511
5536
5561
5586
5611
5636
5661
5686
5711
5736
5761
5786
5811
5836
5861
5886
5911
5936
5961
5986
6011
6036
6061
6086
6111
6136
6161
6186
6211
6236
6261
6286
5312
5337
5362
5387
5412
5437
5462
5487
5512
5537
5562
5587
5612
5637
5662
5687
5712
5737
5762
5787
5812
5837
5862
5887
5912
5937
5962
5987
6012
6037
6062
6087
6112
6137
6162
6187
6212
6237
6262
6287
5313
5338
5363
5388
5413
5438
5463
5488
5513
5538
5563
5588
5613
5638
5663
5688
5713
5738
5763
5788
5813
5838
5863
5888
5913
5938
5963
5988
6013
6038
6063
6088
6113
6138
6163
6188
6213
6238
6263
6288
5314
5339
5364
5389
5414
5439
5464
5489
5514
5539
5564
5589
5614
5639
5664
5689
5714
5739
5764
5789
5814
5839
5864
5889
5914
5939
5964
5989
6014
6039
6064
6089
6114
6139
6164
6189
6214
6239
6264
6289
5290
5315
5340
5365
5390
5415
5440
5465
5490
5515
5540
5565
5590
5615
5640
5665
5690
5715
5740
5765
5790
5815
5840
5865
5890
5915
5940
5965
5990
6015
6040
6065
6090
6115
6140
6165
6190
6215
6240
6265
5291
5316
5341
5366
5391
5416
5441
5466
5491
5516
5541
5566
5591
5616
5641
5666
5691
5716
5741
5766
5791
5816
5841
5866
5891
5916
5941
5966
5991
6016
6041
6066
6091
6116
6141
6166
6191
6216
6241
6266
5292
5317
5342
5367
5392
5417
5442
5467
5492
5517
5542
5567
5592
5617
5642
5667
5692
5717
5742
5767
5792
5817
5842
5867
5892
5917
5942
5967
5992
6017
6042
6067
6092
6117
6142
6167
6192
6217
6242
6267
5293
5318
5343
5368
5393
5418
5443
5468
5493
5518
5543
5568
5593
5618
5643
5668
5693
5718
5743
5768
5793
5818
5843
5868
5893
5918
5943
5968
5993
6018
6043
6068
6093
6118
6143
6168
6193
6218
6243
6268
5294
5319
5344
5369
5394
5419
5444
5469
5494
5519
5544
5569
5594
5619
5644
5669
5694
5719
5744
5769
5794
5819
5844
5869
5894
5919
5944
5969
5994
6019
6044
6069
6094
6119
6144
6169
6194
6219
6244
6269
5295
5320
5345
5370
5395
5420
5445
5470
5495
5520
5545
5570
5595
5620
5645
5670
5695
5720
5745
5770
5795
5820
5845
5870
5895
5920
5945
5970
5995
6020
6045
6070
6095
6120
6145
6170
6195
6220
6245
6270
5296
5321
5346
5371
5396
5421
5446
5471
5496
5521
5546
5571
5596
5621
5646
5671
5696
5721
5746
5771
5796
5821
5846
5871
5896
5921
5946
5971
5996
6021
6046
6071
6096
6121
6146
6171
6196
6221
6246
6271
5297
5322
5347
5372
5397
5422
5447
5472
5497
5522
5547
5572
5597
5622
5647
5672
5697
5722
5747
5772
5797
5822
5847
5872
5897
5922
5947
5972
5997
6022
6047
6072
6097
6122
6147
6172
6197
6222
6247
6272
5298
5323
5348
5373
5398
5423
5448
5473
5498
5523
5548
5573
5598
5623
5648
5673
5698
5723
5748
5773
5798
5823
5848
5873
5898
5923
5948
5973
5998
6023
6048
6073
6098
6123
6148
6173
6198
6223
6248
6273
5299
5324
5349
5374
5399
5424
5449
5474
5499
5524
5549
5574
5599
5624
5649
5674
5699
5724
5749
5774
5799
5824
5849
5874
5899
5924
5949
5974
5999
6024
6049
6074
6099
6124
6149
6174
6199
6224
6249
6274
5300
5325
5350
5375
5400
5425
5450
5475
5500
5525
5550
5575
5600
5625
5650
5675
5700
5725
5750
5775
5800
5825
5850
5875
5900
5925
5950
5975
6000
6025
6050
6075
6100
6125
6150
6175
6200
6225
6250
6275
5301
5326
5351
5376
5401
5426
5451
5476
5501
5526
5551
5576
5601
5626
5651
5676
5701
5726
5751
5776
5801
5826
5851
5876
5901
5926
5951
5976
6001
6026
6051
6076
6101
6126
6151
6176
6201
6226
6251
6276
5302
5327
5352
5377
5402
5427
5452
5477
5502
5527
5552
5577
5602
5627
5652
5677
5702
5727
5752
5777
5802
5827
5852
5877
5902
5927
5952
5977
6002
6027
6052
6077
6102
6127
6152
6177
6202
6227
6252
6277
5303
5328
5353
5378
5403
5428
5453
5478
5503
5528
5553
5578
5603
5628
5653
5678
5703
5728
5753
5778
5803
5828
5853
5878
5903
5928
5953
5978
6003
6028
6053
6078
6103
6128
6153
6178
6203
6228
6253
6278
5304
5329
5354
5379
5404
5429
5454
5479
5504
5529
5554
5579
5604
5629
5654
5679
5704
5729
5754
5779
5804
5829
5854
5879
5904
5929
5954
5979
6004
6029
6054
6079
6104
6129
6154
6179
6204
6229
6254
6279
5305
5330
5355
5380
5405
5430
5455
5480
5505
5530
5555
5580
5605
5630
5655
5680
5705
5730
5755
5780
5805
5830
5855
5880
5905
5930
5955
5980
6005
6030
6055
6080
6105
6130
6155
6180
6205
6230
6255
6280
5306
5331
5356
5381
5406
5431
5456
5481
5506
5531
5556
5581
5606
5631
5656
5681
5706
5731
5756
5781
5806
5831
5856
5881
5906
5931
5956
5981
6006
6031
6056
6081
6106
6131
6156
6181
6206
6231
6256
6281
5307
5332
5357
5382
5407
5432
5457
5482
5507
5532
5557
5582
5607
5632
5657
5682
5707
5732
5757
5782
5807
5832
5857
5882
5907
5932
5957
5982
6007
6032
6057
6082
6107
6132
6157
6182
6207
6232
6257
6282
5308
5333
5358
5383
5408
5433
5458
5483
5508
5533
5558
5583
5608
5633
5658
5683
5708
5733
5758
5783
5808
5833
5858
5883
5908
5933
5958
5983
6008
6033
6058
6083
6108
6133
6158
6183
6208
6233
6258
6283
5309
5334
5359
5384
5409
5434
5459
5484
5509
5534
5559
5584
5609
5634
5659
5684
5709
5734
5759
5784
5809
5834
5859
5884
5909
5934
5959
5984
6009
6034
6059
6084
6109
6134
6159
6184
6209
6234
6259
6284
5310
5335
5360
5385
5410
5435
5460
5485
5510
5535
5560
5585
5610
5635
5660
5685
5710
5735
5760
5785
5810
5835
5860
5885
5910
5935
5960
5985
6010
6035
6060
6085
6110
6135
6160
6185
6210
6235
6260
6285
5311
5336
5361
5386
5411
5436
5461
5486
5511
5536
5561
5586
5611
5636
5661
5686
5711
5736
5761
5786
5811
5836
5861
5886
5911
5936
5961
5986
6011
6036
6061
6086
6111
6136
6161
6186
6211
6236
6261
6286
5312
5337
5362
5387
5412
5437
5462
5487
5512
5537
5562
5587
5612
5637
5662
5687
5712
5737
5762
5787
5812
5837
5862
5887
5912
5937
5962
5987
6012
6037
6062
6087
6112
6137
6162
6187
6212
6237
6262
6287
5313
5338
5363
5388
5413
5438
5463
5488
5513
5538
5563
5588
5613
5638
5663
5688
5713
5738
5763
5788
5813
5838
5863
5888
5913
5938
5963
5988
6013
6038
6063
6088
6113
6138
6163
6188
6213
6238
6263
6288
5314
5339
5364
5389
5414
5439
5464
5489
5514
5539
5564
5589
5614
5639
5664
5689
5714
5739
5764
5789
5814
5839
5864
5889
5914
5939
5964
5989
6014
6039
6064
6089
6114
6139
6164
6189
6214
6239
6264
6289
6290
6305
6320
6335
6350
6365
6380
6395
6410
6425
6440
6455
6470
6485
6500
6515
6530
6545
6560
6575
6590
6605
6620
6635
6650
6665
6291
6306
6321
6336
6351
6366
6381
6396
6411
6426
6441
6456
6471
6486
6501
6516
6531
6546
6561
6576
6591
6606
6621
6636
6651
6666
6292
6307
6322
6337
6352
6367
6382
6397
6412
6427
6442
6457
6472
6487
6502
6517
6532
6547
6562
6577
6592
6607
6622
6637
6652
6667
6293
6308
6323
6338
6353
6368
6383
6398
6413
6428
6443
6458
6473
6488
6503
6518
6533
6548
6563
6578
6593
6608
6623
6638
6653
6668
6294
6309
6324
6339
6354
6369
6384
6399
6414
6429
6444
6459
6474
6489
6504
6519
6534
6549
6564
6579
6594
6609
6624
6639
6654
6669
6295
6310
6325
6340
6355
6370
6385
6400
6415
6430
6445
6460
6475
6490
6505
6520
6535
6550
6565
6580
6595
6610
6625
6640
6655
6670
6296
6311
6326
6341
6356
6371
6386
6401
6416
6431
6446
6461
6476
6491
6506
6521
6536
6551
6566
6581
6596
6611
6626
6641
6656
6671
6297
6312
6327
6342
6357
6372
6387
6402
6417
6432
6447
6462
6477
6492
6507
6522
6537
6552
6567
6582
6597
6612
6627
6642
6657
6672
6298
6313
6328
6343
6358
6373
6388
6403
6418
6433
6448
6463
6478
6493
6508
6523
6538
6553
6568
6583
6598
6613
6628
6643
6658
6673
6299
6314
6329
6344
6359
6374
6389
6404
6419
6434
6449
6464
6479
6494
6509
6524
6539
6554
6569
6584
6599
6614
6629
6644
6659
6674
6300
6315
6330
6345
6360
6375
6390
6405
6420
6435
6450
6465
6480
6495
6510
6525
6540
6555
6570
6585
6600
6615
6630
6645
6660
6675
6301
6316
6331
6346
6361
6376
6391
6406
6421
6436
6451
6466
6481
6496
6511
6526
6541
6556
6571
6586
6601
6616
6631
6646
6661
6676
6302
6317
6332
6347
6362
6377
6392
6407
6422
6437
6452
6467
6482
6497
6512
6527
6542
6557
6572
6587
6602
6617
6632
6647
6662
6677
6303
6318
6333
6348
6363
6378
6393
6408
6423
6438
6453
6468
6483
6498
6513
6528
6543
6558
6573
6588
6603
6618
6633
6648
6663
6678
6304
6319
6334
6349
6364
6379
6394
6409
6424
6439
6454
6469
6484
6499
6514
6529
6544
6559
6574
6589
6604
6619
6634
6649
6664
6679
6290
6305
6320
6335
6350
6365
6380
6395
6410
6425
6440
6455
6470
6485
6500
6515
6530
6545
6560
6575
6590
6605
6620
6635
6650
6665
6291
6306
6321
6336
6351
6366
6381
6396
6411
6426
6441
6456
6471
6486
6501
6516
6531
6546
6561
6576
6591
6606
6621
6636
6651
6666
6292
6307
6322
6337
6352
6367
6382
6397
6412
6427
6442
6457
6472
6487
6502
6517
6532
6547
6562
6577
6592
6607
6622
6637
6652
6667
6293
6308
6323
6338
6353
6368
6383
6398
6413
6428
6443
6458
6473
6488
6503
6518
6533
6548
6563
6578
6593
6608
6623
6638
6653
6668
6294
6309
6324
6339
6354
6369
6384
6399
6414
6429
6444
6459
6474
6489
6504
6519
6534
6549
6564
6579
6594
6609
6624
6639
6654
6669
6295
6310
6325
6340
6355
6370
6385
6400
6415
6430
6445
6460
6475
6490
6505
6520
6535
6550
6565
6580
6595
6610
6625
6640
6655
6670
6296
6311
6326
6341
6356
6371
6386
6401
6416
6431
6446
6461
6476
6491
6506
6521
6536
6551
6566
6581
6596
6611
6626
6641
6656
6671
6297
6312
6327
6342
6357
6372
6387
6402
6417
6432
6447
6462
6477
6492
6507
6522
6537
6552
6567
6582
6597
6612
6627
6642
6657
6672
6298
6313
6328
6343
6358
6373
6388
6403
6418
6433
6448
6463
6478
6493
6508
6523
6538
6553
6568
6583
6598
6613
6628
6643
6658
6673
6299
6314
6329
6344
6359
6374
6389
6404
6419
6434
6449
6464
6479
6494
6509
6524
6539
6554
6569
6584
6599
6614
6629
6644
6659
6674
6300
6315
6330
6345
6360
6375
6390
6405
6420
6435
6450
6465
6480
6495
6510
6525
6540
6555
6570
6585
6600
6615
6630
6645
6660
6675
6301
6316
6331
6346
6361
6376
6391
6406
6421
6436
6451
6466
6481
6496
6511
6526
6541
6556
6571
6586
6601
6616
6631
6646
6661
6676
6302
6317
6332
6347
6362
6377
6392
6407
6422
6437
6452
6467
6482
6497
6512
6527
6542
6557
6572
6587
6602
6617
6632
6647
6662
6677
6303
6318
6333
6348
6363
6378
6393
6408
6423
6438
6453
6468
6483
6498
6513
6528
6543
6558
6573
6588
6603
6618
6633
6648
6663
6678
6304
6319
6334
6349
6364
6379
6394
6409
6424
6439
6454
6469
6484
6499
6514
6529
6544
6559
6574
6589
6604
6619
6634
6649
6664
6679
6680
6705
6730
6755
6780
6805
6830
6855
6880
6905
6930
6955
6980
7005
7030
6681
6706
6731
6756
6781
6806
6831
6856
6881
6906
6931
6956
6981
7006
7031
6682
6707
6732
6757
6782
6807
6832
6857
6882
6907
6932
6957
6982
7007
7032
6683
6708
6733
6758
6783
6808
6833
6858
6883
6908
6933
6958
6983
7008
7033
6684
6709
6734
6759
6784
6809
6834
6859
6884
6909
6934
6959
6984
7009
7034
6685
6710
6735
6760
6785
6810
6835
6860
6885
6910
6935
6960
6985
7010
7035
6686
6711
6736
6761
6786
6811
6836
6861
6886
6911
6936
6961
6986
7011
7036
6687
6712
6737
6762
6787
6812
6837
6862
6887
6912
6937
6962
6987
7012
7037
6688
6713
6738
6763
6788
6813
6838
6863
6888
6913
6938
6963
6988
7013
7038
6689
6714
6739
6764
6789
6814
6839
6864
6889
6914
6939
6964
6989
7014
7039
6690
6715
6740
6765
6790
6815
6840
6865
6890
6915
6940
6965
6990
7015
7040
6691
6716
6741
6766
6791
6816
6841
6866
6891
6916
6941
6966
6991
7016
7041
6692
6717
6742
6767
6792
6817
6842
6867
6892
6917
6942
6967
6992
7017
7042
6693
6718
6743
6768
6793
6818
6843
6868
6893
6918
6943
6968
6993
7018
7043
6694
6719
6744
6769
6794
6819
6844
6869
6894
6919
6944
6969
6994
7019
7044
6695
6720
6745
6770
6795
6820
6845
6870
6895
6920
6945
6970
6995
7020
7045
6696
6721
6746
6771
6796
6821
6846
6871
6896
6921
6946
6971
6996
7021
7046
6697
6722
6747
6772
6797
6822
6847
6872
6897
6922
6947
6972
6997
7022
7047
6698
6723
6748
6773
6798
6823
6848
6873
6898
6923
6948
6973
6998
7023
7048
6699
6724
6749
6774
6799
6824
6849
6874
6899
6924
6949
6974
6999
7024
7049
6700
6725
6750
6775
6800
6825
6850
6875
6900
6925
6950
6975
7000
7025
7050
6701
6726
6751
6776
6801
6826
6851
6876
6901
6926
6951
6976
7001
7026
7051
6702
6727
6752
6777
6802
6827
6852
6877
6902
6927
6952
6977
7002
7027
7052
6703
6728
6753
6778
6803
6828
6853
6878
6903
6928
6953
6978
7003
7028
7053
6704
6729
6754
6779
6804
6829
6854
6879
6904
6929
6954
6979
7004
7029
7054
6680
6705
6730
6755
6780
6805
6830
6855
6880
6905
6930
6955
6980
7005
7030
6681
6706
6731
6756
6781
6806
6831
6856
6881
6906
6931
6956
6981
7006
7031
6682
6707
6732
6757
6782
6807
6832
6857
6882
6907
6932
6957
6982
7007
7032
6683
6708
6733
6758
6783
6808
6833
6858
6883
6908
6933
6958
6983
7008
7033
6684
6709
6734
6759
6784
6809
6834
6859
6884
6909
6934
6959
6984
7009
7034
6685
6710
6735
6760
6785
6810
6835
6860
6885
6910
6935
6960
6985
7010
7035
6686
6711
6736
6761
6786
6811
6836
6861
6886
6911
6936
6961
6986
7011
7036
6687
6712
6737
6762
6787
6812
6837
6862
6887
6912
6937
6962
6987
7012
7037
6688
6713
6738
6763
6788
6813
6838
6863
6888
6913
6938
6963
6988
7013
7038
6689
6714
6739
6764
6789
6814
6839
6864
6889
6914
6939
6964
6989
7014
7039
6690
6715
6740
6765
6790
6815
6840
6865
6890
6915
6940
6965
6990
7015
7040
6691
6716
6741
6766
6791
6816
6841
6866
6891
6916
6941
6966
6991
7016
7041
6692
6717
6742
6767
6792
6817
6842
6867
6892
6917
6942
6967
6992
7017
7042
6693
6718
6743
6768
6793
6818
6843
6868
6893
6918
6943
6968
6993
7018
7043
6694
6719
6744
6769
6794
6819
6844
6869
6894
6919
6944
6969
6994
7019
7044
6695
6720
6745
6770
6795
6820
6845
6870
6895
6920
6945
6970
6995
7020
7045
6696
6721
6746
6771
6796
6821
6846
6871
6896
6921
6946
6971
6996
7021
7046
6697
6722
6747
6772
6797
6822
6847
6872
6897
6922
6947
6972
6997
7022
7047
6698
6723
6748
6773
6798
6823
6848
6873
6898
6923
6948
6973
6998
7023
7048
6699
6724
6749
6774
6799
6824
6849
6874
6899
6924
6949
6974
6999
7024
7049
6700
6725
6750
6775
6800
6825
6850
6875
6900
6925
6950
6975
7000
7025
7050
6701
6726
6751
6776
6801
6826
6851
6876
6901
6926
6951
6976
7001
7026
7051
6702
6727
6752
6777
6802
6827
6852
6877
6902
6927
6952
6977
7002
7027
7052
6703
6728
6753
6778
6803
6828
6853
6878
6903
6928
6953
6978
7003
7028
7053
6704
6729
6754
6779
6804
6829
6854
6879
6904
6929
6954
6979
7004
7029
7054
7055
7080
7105
7130
7155
7180
7205
7230
7255
7280
7305
7330
7355
7380
7405
7056
7081
7106
7131
7156
7181
7206
7231
7256
7281
7306
7331
7356
7381
7406
7057
7082
7107
7132
7157
7182
7207
7232
7257
7282
7307
7332
7357
7382
7407
7058
7083
7108
7133
7158
7183
7208
7233
7258
7283
7308
7333
7358
7383
7408
7059
7084
7109
7134
7159
7184
7209
7234
7259
7284
7309
7334
7359
7384
7409
7060
7085
7110
7135
7160
7185
7210
7235
7260
7285
7310
7335
7360
7385
7410
7061
7086
7111
7136
7161
7186
7211
7236
7261
7286
7311
7336
7361
7386
7411
7062
7087
7112
7137
7162
7187
7212
7237
7262
7287
7312
7337
7362
7387
7412
7063
7088
7113
7138
7163
7188
7213
7238
7263
7288
7313
7338
7363
7388
7413
7064
7089
7114
7139
7164
7189
7214
7239
7264
7289
7314
7339
7364
7389
7414
7065
7090
7115
7140
7165
7190
7215
7240
7265
7290
7315
7340
7365
7390
7415
7066
7091
7116
7141
7166
7191
7216
7241
7266
7291
7316
7341
7366
7391
7416
7067
7092
7117
7142
7167
7192
7217
7242
7267
7292
7317
7342
7367
7392
7417
7068
7093
7118
7143
7168
7193
7218
7243
7268
7293
7318
7343
7368
7393
7418
7069
7094
7119
7144
7169
7194
7219
7244
7269
7294
7319
7344
7369
7394
7419
7070
7095
7120
7145
7170
7195
7220
7245
7270
7295
7320
7345
7370
7395
7420
7071
7096
7121
7146
7171
7196
7221
7246
7271
7296
7321
7346
7371
7396
7421
7072
7097
7122
7147
7172
7197
7222
7247
7272
7297
7322
7347
7372
7397
7422
7073
7098
7123
7148
7173
7198
7223
7248
7273
7298
7323
7348
7373
7398
7423
7074
7099
7124
7149
7174
7199
7224
7249
7274
7299
7324
7349
7374
7399
7424
7075
7100
7125
7150
7175
7200
7225
7250
7275
7300
7325
7350
7375
7400
7425
7076
7101
7126
7151
7176
7201
7226
7251
7276
7301
7326
7351
7376
7401
7426
7077
7102
7127
7152
7177
7202
7227
7252
7277
7302
7327
7352
7377
7402
7427
7078
7103
7128
7153
7178
7203
7228
7253
7278
7303
7328
7353
7378
7403
7428
7079
7104
7129
7154
7179
7204
7229
7254
7279
7304
7329
7354
7379
7404
7429
7055
7080
7105
7130
7155
7180
7205
7230
7255
7280
7305
7330
7355
7380
7405
7056
7081
7106
7131
7156
7181
7206
7231
7256
7281
7306
7331
7356
7381
7406
7057
7082
7107
7132
7157
7182
7207
7232
7257
7282
7307
7332
7357
7382
7407
7058
7083
7108
7133
7158
7183
7208
7233
7258
7283
7308
7333
7358
7383
7408
7059
7084
7109
7134
7159
7184
7209
7234
7259
7284
7309
7334
7359
7384
7409
7060
7085
7110
7135
7160
7185
7210
7235
7260
7285
7310
7335
7360
7385
7410
7061
7086
7111
7136
7161
7186
7211
7236
7261
7286
7311
7336
7361
7386
7411
7062
7087
7112
7137
7162
7187
7212
7237
7262
7287
7312
7337
7362
7387
7412
7063
7088
7113
7138
7163
7188
7213
7238
7263
7288
7313
7338
7363
7388
7413
7064
7089
7114
7139
7164
7189
7214
7239
7264
7289
7314
7339
7364
7389
7414
7065
7090
7115
7140
7165
7190
7215
7240
7265
7290
7315
7340
7365
7390
7415
7066
7091
7116
7141
7166
7191
7216
7241
7266
7291
7316
7341
7366
7391
7416
7067
7092
7117
7142
7167
7192
7217
7242
7267
7292
7317
7342
7367
7392
7417
7068
7093
7118
7143
7168
7193
7218
7243
7268
7293
7318
7343
7368
7393
7418
7069
7094
7119
7144
7169
7194
7219
7244
7269
7294
7319
7344
7369
7394
7419
7070
7095
7120
7145
7170
7195
7220
7245
7270
7295
7320
7345
7370
7395
7420
7071
7096
7121
7146
7171
7196
7221
7246
7271
7296
7321
7346
7371
7396
7421
7072
7097
7122
7147
7172
7197
7222
7247
7272
7297
7322
7347
7372
7397
7422
7073
7098
7123
7148
7173
7198
7223
7248
7273
7298
7323
7348
7373
7398
7423
7074
7099
7124
7149
7174
7199
7224
7249
7274
7299
7324
7349
7374
7399
7424
7075
7100
7125
7150
7175
7200
7225
7250
7275
7300
7325
7350
7375
7400
7425
7076
7101
7126
7151
7176
7201
7226
7251
7276
7301
7326
7351
7376
7401
7426
7077
7102
7127
7152
7177
7202
7227
7252
7277
7302
7327
7352
7377
7402
7427
7078
7103
7128
7153
7178
7203
7228
7253
7278
7303
7328
7353
7378
7403
7428
7079
7104
7129
7154
7179
7204
7229
7254
7279
7304
7329
7354
7379
7404
7429
7430
7495
7560
7625
7690
7755
7820
7885
7950
8015
8080
8145
8210
8275
8340
8405
8470
8535
8600
8665
8730
8795
8860
8925
8990
9055
9120
9185
9250
9315
9380
9445
9510
9575
9640
9705
9770
9835
9900
9965
7431
7496
7561
7626
7691
7756
7821
7886
7951
8016
8081
8146
8211
8276
8341
8406
8471
8536
8601
8666
8731
8796
8861
8926
8991
9056
9121
9186
9251
9316
9381
9446
9511
9576
9641
9706
9771
9836
9901
9966
7432
7497
7562
7627
7692
7757
7822
7887
7952
8017
8082
8147
8212
8277
8342
8407
8472
8537
8602
8667
8732
8797
8862
8927
8992
9057
9122
9187
9252
9317
9382
9447
9512
9577
9642
9707
9772
9837
9902
9967
7433
7498
7563
7628
7693
7758
7823
7888
7953
8018
8083
8148
8213
8278
8343
8408
8473
8538
8603
8668
8733
8798
8863
8928
8993
9058
9123
9188
9253
9318
9383
9448
9513
9578
9643
9708
9773
9838
9903
9968
7434
7499
7564
7629
7694
7759
7824
7889
7954
8019
8084
8149
8214
8279
8344
8409
8474
8539
8604
8669
8734
8799
8864
8929
8994
9059
9124
9189
9254
9319
9384
9449
9514
9579
9644
9709
9774
9839
9904
9969
7435
7500
7565
7630
7695
7760
7825
7890
7955
8020
8085
8150
8215
8280
8345
8410
8475
8540
8605
8670
8735
8800
8865
8930
8995
9060
9125
9190
9255
9320
9385
9450
9515
9580
9645
9710
9775
9840
9905
9970
7436
7501
7566
7631
7696
7761
7826
7891
7956
8021
8086
8151
8216
8281
8346
8411
8476
8541
8606
8671
8736
8801
8866
8931
8996
9061
9126
9191
9256
9321
9386
9451
9516
9581
9646
9711
9776
9841
9906
9971
7437
7502
7567
7632
7697
7762
7827
7892
7957
8022
8087
8152
8217
8282
8347
8412
8477
8542
8607
8672
8737
8802
8867
8932
8997
9062
9127
9192
9257
9322
9387
9452
9517
9582
9647
9712
9777
9842
9907
9972
7438
7503
7568
7633
7698
7763
7828
7893
7958
8023
8088
8153
8218
8283
8348
8413
8478
8543
8608
8673
8738
8803
8868
8933
8998
9063
9128
9193
9258
9323
9388
9453
9518
9583
9648
9713
9778
9843
9908
9973
7439
7504
7569
7634
7699
7764
7829
7894
7959
8024
8089
8154
8219
8284
8349
8414
8479
8544
8609
8674
8739
8804
8869
8934
8999
9064
9129
9194
9259
9324
9389
9454
9519
9584
9649
9714
9779
9844
9909
9974
7440
7505
7570
7635
7700
7765
7830
7895
7960
8025
8090
8155
8220
8285
8350
8415
8480
8545
8610
8675
8740
8805
8870
8935
9000
9065
9130
9195
9260
9325
9390
9455
9520
9585
9650
9715
9780
9845
9910
9975
7441
7506
7571
7636
7701
7766
7831
7896
7961
8026
8091
8156
8221
8286
8351
8416
8481
8546
8611
8676
8741
8806
8871
8936
9001
9066
9131
9196
9261
9326
9391
9456
9521
9586
9651
9716
9781
9846
9911
9976
7442
7507
7572
7637
7702
7767
7832
7897
7962
8027
8092
8157
8222
8287
8352
8417
8482
8547
8612
8677
8742
8807
8872
8937
9002
9067
9132
9197
9262
9327
9392
9457
9522
9587
9652
9717
9782
9847
9912
9977
7443
7508
7573
7638
7703
7768
7833
7898
7963
8028
8093
8158
8223
8288
8353
8418
8483
8548
8613
8678
8743
8808
8873
8938
9003
9068
9133
9198
9263
9328
9393
9458
9523
9588
9653
9718
9783
9848
9913
9978
7444
7509
7574
7639
7704
7769
7834
7899
7964
8029
8094
8159
8224
8289
8354
8419
8484
8549
8614
8679
8744
8809
8874
8939
9004
9069
9134
9199
9264
9329
9394
9459
9524
9589
9654
9719
9784
9849
9914
9979
7445
7510
7575
7640
7705
7770
7835
7900
7965
8030
8095
8160
8225
8290
8355
8420
8485
8550
8615
8680
8745
8810
8875
8940
9005
9070
9135
9200
9265
9330
9395
9460
9525
9590
9655
9720
9785
9850
9915
9980
7446
7511
7576
7641
7706
7771
7836
7901
7966
8031
8096
8161
8226
8291
8356
8421
8486
8551
8616
8681
8746
8811
8876
8941
9006
9071
9136
9201
9266
9331
9396
9461
9526
9591
9656
9721
9786
9851
9916
9981
7447
7512
7577
7642
7707
7772
7837
7902
7967
8032
8097
8162
8227
8292
8357
8422
8487
8552
8617
8682
8747
8812
8877
8942
9007
9072
9137
9202
9267
9332
9397
9462
9527
9592
9657
9722
9787
9852
9917
9982
7448
7513
7578
7643
7708
7773
7838
7903
7968
8033
8098
8163
8228
8293
8358
8423
8488
8553
8618
8683
8748
8813
8878
8943
9008
9073
9138
9203
9268
9333
9398
9463
9528
9593
9658
9723
9788
9853
9918
9983
7449
7514
7579
7644
7709
7774
7839
7904
7969
8034
8099
8164
8229
8294
8359
8424
8489
8554
8619
8684
8749
8814
8879
8944
9009
9074
9139
9204
9269
9334
9399
9464
9529
9594
9659
9724
9789
9854
9919
9984
7450
7515
7580
7645
7710
7775
7840
7905
7970
8035
8100
8165
8230
8295
8360
8425
8490
8555
8620
8685
8750
8815
8880
8945
9010
9075
9140
9205
9270
9335
9400
9465
9530
9595
9660
9725
9790
9855
9920
9985
7451
7516
7581
7646
7711
7776
7841
7906
7971
8036
8101
8166
8231
8296
8361
8426
8491
8556
8621
8686
8751
8816
8881
8946
9011
9076
9141
9206
9271
9336
9401
9466
9531
9596
9661
9726
9791
9856
9921
9986
7452
7517
7582
7647
7712
7777
7842
7907
7972
8037
8102
8167
8232
8297
8362
8427
8492
8557
8622
8687
8752
8817
8882
8947
9012
9077
9142
9207
9272
9337
9402
9467
9532
9597
9662
9727
9792
9857
9922
9987
7453
7518
7583
7648
7713
7778
7843
7908
7973
8038
8103
8168
8233
8298
8363
8428
8493
8558
8623
8688
8753
8818
8883
8948
9013
9078
9143
9208
9273
9338
9403
9468
9533
9598
9663
9728
9793
9858
9923
9988
7454
7519
7584
7649
7714
7779
7844
7909
7974
8039
8104
8169
8234
8299
8364
8429
8494
8559
8624
8689
8754
8819
8884
8949
9014
9079
9144
9209
9274
9339
9404
9469
9534
9599
9664
9729
9794
9859
9924
9989
7455
7520
7585
7650
7715
7780
7845
7910
7975
8040
8105
8170
8235
8300
8365
8430
8495
8560
8625
8690
8755
8820
8885
8950
9015
9080
9145
9210
9275
9340
9405
9470
9535
9600
9665
9730
9795
9860
9925
9990
7456
7521
7586
7651
7716
7781
7846
7911
7976
8041
8106
8171
8236
8301
8366
8431
8496
8561
8626
8691
8756
8821
8886
8951
9016
9081
9146
9211
9276
9341
9406
9471
9536
9601
9666
9731
9796
9861
9926
9991
7457
7522
7587
7652
7717
7782
7847
7912
7977
8042
8107
8172
8237
8302
8367
8432
8497
8562
8627
8692
8757
8822
8887
8952
9017
9082
9147
9212
9277
9342
9407
9472
9537
9602
9667
9732
9797
9862
9927
9992
7458
7523
7588
7653
7718
7783
7848
7913
7978
8043
8108
8173
8238
8303
8368
8433
8498
8563
8628
8693
8758
8823
8888
8953
9018
9083
9148
9213
9278
9343
9408
9473
9538
9603
9668
9733
9798
9863
9928
9993
7459
7524
7589
7654
7719
7784
7849
7914
7979
8044
8109
8174
8239
8304
8369
8434
8499
8564
8629
8694
8759
8824
8889
8954
9019
9084
9149
9214
9279
9344
9409
9474
9539
9604
9669
9734
9799
9864
9929
9994
7460
7525
7590
7655
7720
7785
7850
7915
7980
8045
8110
8175
8240
8305
8370
8435
8500
8565
8630
8695
8760
8825
8890
8955
9020
9085
9150
9215
9280
9345
9410
9475
9540
9605
9670
9735
9800
9865
9930
9995
7461
7526
7591
7656
7721
7786
7851
7916
7981
8046
8111
8176
8241
8306
8371
8436
8501
8566
8631
8696
8761
8826
8891
8956
9021
9086
9151
9216
9281
9346
9411
9476
9541
9606
9671
9736
9801
9866
9931
9996
7462
7527
7592
7657
7722
7787
7852
7917
7982
8047
8112
8177
8242
8307
8372
8437
8502
8567
8632
8697
8762
8827
8892
8957
9022
9087
9152
9217
9282
9347
9412
9477
9542
9607
9672
9737
9802
9867
9932
9997
7463
7528
7593
7658
7723
7788
7853
7918
7983
8048
8113
8178
8243
8308
8373
8438
8503
8568
8633
8698
8763
8828
8893
8958
9023
9088
9153
9218
9283
9348
9413
9478
9543
9608
9673
9738
9803
9868
9933
9998
7464
7529
7594
7659
7724
7789
7854
7919
7984
8049
8114
8179
8244
8309
8374
8439
8504
8569
8634
8699
8764
8829
8894
8959
9024
9089
9154
9219
9284
9349
9414
9479
9544
9609
9674
9739
9804
9869
9934
9999
7465
7530
7595
7660
7725
7790
7855
7920
7985
8050
8115
8180
8245
8310
8375
8440
8505
8570
8635
8700
8765
8830
8895
8960
9025
9090
9155
9220
9285
9350
9415
9480
9545
9610
9675
9740
9805
9870
9935
10000
7466
7531
7596
7661
7726
7791
7856
7921
7986
8051
8116
8181
8246
8311
8376
8441
8506
8571
8636
8701
8766
8831
8896
8961
9026
9091
9156
9221
9286
9351
9416
9481
9546
9611
9676
9741
9806
9871
9936
10001
7467
7532
7597
7662
7727
7792
7857
7922
7987
8052
8117
8182
8247
8312
8377
8442
8507
8572
8637
8702
8767
8832
8897
8962
9027
9092
9157
9222
9287
9352
9417
9482
9547
9612
9677
9742
9807
9872
9937
10002
7468
7533
7598
7663
7728
7793
7858
7923
7988
8053
8118
8183
8248
8313
8378
8443
8508
8573
8638
8703
8768
8833
8898
8963
9028
9093
9158
9223
9288
9353
9418
9483
9548
9613
9678
9743
9808
9873
9938
10003
7469
7534
7599
7664
7729
7794
7859
7924
7989
8054
8119
8184
8249
8314
8379
8444
8509
8574
8639
8704
8769
8834
8899
8964
9029
9094
9159
9224
9289
9354
9419
9484
9549
9614
9679
9744
9809
9874
9939
10004
7470
7535
7600
7665
7730
7795
7860
7925
7990
8055
8120
8185
8250
8315
8380
8445
8510
8575
8640
8705
8770
8835
8900
8965
9030
9095
9160
9225
9290
9355
9420
9485
9550
9615
9680
9745
9810
9875
9940
10005
7471
7536
7601
7666
7731
7796
7861
7926
7991
8056
8121
8186
8251
8316
8381
8446
8511
8576
8641
8706
8771
8836
8901
8966
9031
9096
9161
9226
9291
9356
9421
9486
9551
9616
9681
9746
9811
9876
9941
10006
7472
7537
7602
7667
7732
7797
7862
7927
7992
8057
8122
8187
8252
8317
8382
8447
8512
8577
8642
8707
8772
8837
8902
8967
9032
9097
9162
9227
9292
9357
9422
9487
9552
9617
9682
9747
9812
9877
9942
10007
7473
7538
7603
7668
7733
7798
7863
7928
7993
8058
8123
8188
8253
8318
8383
8448
8513
8578
8643
8708
8773
8838
8903
8968
9033
9098
9163
9228
9293
9358
9423
9488
9553
9618
9683
9748
9813
9878
9943
10008
7474
7539
7604
7669
7734
7799
7864
7929
7994
8059
8124
8189
8254
8319
8384
8449
8514
8579
8644
8709
8774
8839
8904
8969
9034
9099
9164
9229
9294
9359
9424
9489
9554
9619
9684
9749
9814
9879
9944
10009
7475
7540
7605
7670
7735
7800
7865
7930
7995
8060
8125
8190
8255
8320
8385
8450
8515
8580
8645
8710
8775
8840
8905
8970
9035
9100
9165
9230
9295
9360
9425
9490
9555
9620
9685
9750
9815
9880
9945
10010
7476
7541
7606
7671
7736
7801
7866
7931
7996
8061
8126
8191
8256
8321
8386
8451
8516
8581
8646
8711
8776
8841
8906
8971
9036
9101
9166
9231
9296
9361
9426
9491
9556
9621
9686
9751
9816
9881
9946
10011
7477
7542
7607
7672
7737
7802
7867
7932
7997
8062
8127
8192
8257
8322
8387
8452
8517
8582
8647
8712
8777
8842
8907
8972
9037
9102
9167
9232
9297
9362
9427
9492
9557
9622
9687
9752
9817
9882
9947
10012
7478
7543
7608
7673
7738
7803
7868
7933
7998
8063
8128
8193
8258
8323
8388
8453
8518
8583
8648
8713
8778
8843
8908
8973
9038
9103
9168
9233
9298
9363
9428
9493
9558
9623
9688
9753
9818
9883
9948
10013
7479
7544
7609
7674
7739
7804
7869
7934
7999
8064
8129
8194
8259
8324
8389
8454
8519
8584
8649
8714
8779
8844
8909
8974
9039
9104
9169
9234
9299
9364
9429
9494
9559
9624
9689
9754
9819
9884
9949
10014
7480
7545
7610
7675
7740
7805
7870
7935
8000
8065
8130
8195
8260
8325
8390
8455
8520
8585
8650
8715
8780
8845
8910
8975
9040
9105
9170
9235
9300
9365
9430
9495
9560
9625
9690
9755
9820
9885
9950
10015
7481
7546
7611
7676
7741
7806
7871
7936
8001
8066
8131
8196
8261
8326
8391
8456
8521
8586
8651
8716
8781
8846
8911
8976
9041
9106
9171
9236
9301
9366
9431
9496
9561
9626
9691
9756
9821
9886
9951
10016
7482
7547
7612
7677
7742
7807
7872
7937
8002
8067
8132
8197
8262
8327
8392
8457
8522
8587
8652
8717
8782
8847
8912
8977
9042
9107
9172
9237
9302
9367
9432
9497
9562
9627
9692
9757
9822
9887
9952
10017
7483
7548
7613
7678
7743
7808
7873
7938
8003
8068
8133
8198
8263
8328
8393
8458
8523
8588
8653
8718
8783
8848
8913
8978
9043
9108
9173
9238
9303
9368
9433
9498
9563
9628
9693
9758
9823
9888
9953
10018
7484
7549
7614
7679
7744
7809
7874
7939
8004
8069
8134
8199
8264
8329
8394
8459
8524
8589
8654
8719
8784
8849
8914
8979
9044
9109
9174
9239
9304
9369
9434
9499
9564
9629
9694
9759
9824
9889
9954
10019
7485
7550
7615
7680
7745
7810
7875
7940
8005
8070
8135
8200
8265
8330
8395
8460
8525
8590
8655
8720
8785
8850
8915
8980
9045
9110
9175
9240
9305
9370
9435
9500
9565
9630
9695
9760
9825
9890
9955
10020
7486
7551
7616
7681
7746
7811
7876
7941
8006
8071
8136
8201
8266
8331
8396
8461
8526
8591
8656
8721
8786
8851
8916
8981
9046
9111
9176
9241
9306
9371
9436
9501
9566
9631
9696
9761
9826
9891
9956
10021
7487
7552
7617
7682
7747
7812
7877
7942
8007
8072
8137
8202
8267
8332
8397
8462
8527
8592
8657
8722
8787
8852
8917
8982
9047
9112
9177
9242
9307
9372
9437
9502
9567
9632
9697
9762
9827
9892
9957
10022
7488
7553
7618
7683
7748
7813
7878
7943
8008
8073
8138
8203
8268
8333
8398
8463
8528
8593
8658
8723
8788
8853
8918
8983
9048
9113
9178
9243
9308
9373
9438
9503
9568
9633
9698
9763
9828
9893
9958
10023
7489
7554
7619
7684
7749
7814
7879
7944
8009
8074
8139
8204
8269
8334
8399
8464
8529
8594
8659
8724
8789
8854
8919
8984
9049
9114
9179
9244
9309
9374
9439
9504
9569
9634
9699
9764
9829
9894
9959
10024
7490
7555
7620
7685
7750
7815
7880
7945
8010
8075
8140
8205
8270
8335
8400
8465
8530
8595
8660
8725
8790
8855
8920
8985
9050
9115
9180
9245
9310
9375
9440
9505
9570
9635
9700
9765
9830
9895
9960
10025
7491
7556
7621
7686
7751
7816
7881
7946
8011
8076
8141
8206
8271
8336
8401
8466
8531
8596
8661
8726
8791
8856
8921
8986
9051
9116
9181
9246
9311
9376
9441
9506
9571
9636
9701
9766
9831
9896
9961
10026
7492
7557
7622
7687
7752
7817
7882
7947
8012
8077
8142
8207
8272
8337
8402
8467
8532
8597
8662
8727
8792
8857
8922
8987
9052
9117
9182
9247
9312
9377
9442
9507
9572
9637
9702
9767
9832
9897
9962
10027
7493
7558
7623
7688
7753
7818
7883
7948
8013
8078
8143
8208
8273
8338
8403
8468
8533
8598
8663
8728
8793
8858
8923
8988
9053
9118
9183
9248
9313
9378
9443
9508
9573
9638
9703
9768
9833
9898
9963
10028
7494
7559
7624
7689
7754
7819
7884
7949
8014
8079
8144
8209
8274
8339
8404
8469
8534
8599
8664
8729
8794
8859
8924
8989
9054
9119
9184
9249
9314
9379
9444
9509
9574
9639
9704
9769
9834
9899
9964
10029
7430
7495
7560
7625
7690
7755
7820
7885
7950
8015
8080
8145
8210
8275
8340
8405
8470
8535
8600
8665
8730
8795
8860
8925
8990
9055
9120
9185
9250
9315
9380
9445
9510
9575
9640
9705
9770
9835
9900
9965
7431
7496
7561
7626
7691
7756
7821
7886
7951
8016
8081
8146
8211
8276
8341
8406
8471
8536
8601
8666
8731
8796
8861
8926
8991
9056
9121
9186
9251
9316
9381
9446
9511
9576
9641
9706
9771
9836
9901
9966
7432
7497
7562
7627
7692
7757
7822
7887
7952
8017
8082
8147
8212
8277
8342
8407
8472
8537
8602
8667
8732
8797
8862
8927
8992
9057
9122
9187
9252
9317
9382
9447
9512
9577
9642
9707
9772
9837
9902
9967
7433
7498
7563
7628
7693
7758
7823
7888
7953
8018
8083
8148
8213
8278
8343
8408
8473
8538
8603
8668
8733
8798
8863
8928
8993
9058
9123
9188
9253
9318
9383
9448
9513
9578
9643
9708
9773
9838
9903
9968
7434
7499
7564
7629
7694
7759
7824
7889
7954
8019
8084
8149
8214
8279
8344
8409
8474
8539
8604
8669
8734
8799
8864
8929
8994
9059
9124
9189
9254
9319
9384
9449
9514
9579
9644
9709
9774
9839
9904
9969
7435
7500
7565
7630
7695
7760
7825
7890
7955
8020
8085
8150
8215
8280
8345
8410
8475
8540
8605
8670
8735
8800
8865
8930
8995
9060
9125
9190
9255
9320
9385
9450
9515
9580
9645
9710
9775
9840
9905
9970
7436
7501
7566
7631
7696
7761
7826
7891
7956
8021
8086
8151
8216
8281
8346
8411
8476
8541
8606
8671
8736
8801
8866
8931
8996
9061
9126
9191
9256
9321
9386
9451
9516
9581
9646
9711
9776
9841
9906
9971
7437
7502
7567
7632
7697
7762
7827
7892
7957
8022
8087
8152
8217
8282
8347
8412
8477
8542
8607
8672
8737
8802
8867
8932
8997
9062
9127
9192
9257
9322
9387
9452
9517
9582
9647
9712
9777
9842
9907
9972
7438
7503
7568
7633
7698
7763
7828
7893
7958
8023
8088
8153
8218
8283
8348
8413
8478
8543
8608
8673
8738
8803
8868
8933
8998
9063
9128
9193
9258
9323
9388
9453
9518
9583
9648
9713
9778
9843
9908
9973
7439
7504
7569
7634
7699
7764
7829
7894
7959
8024
8089
8154
8219
8284
8349
8414
8479
8544
8609
8674
8739
8804
8869
8934
8999
9064
9129
9194
9259
9324
9389
9454
9519
9584
9649
9714
9779
9844
9909
9974
7440
7505
7570
7635
7700
7765
7830
7895
7960
8025
8090
8155
8220
8285
8350
8415
8480
8545
8610
8675
8740
8805
8870
8935
9000
9065
9130
9195
9260
9325
9390
9455
9520
9585
9650
9715
9780
9845
9910
9975
7441
7506
7571
7636
7701
7766
7831
7896
7961
8026
8091
8156
8221
8286
8351
8416
8481
8546
8611
8676
8741
8806
8871
8936
9001
9066
9131
9196
9261
9326
9391
9456
9521
9586
9651
9716
9781
9846
9911
9976
7442
7507
7572
7637
7702
7767
7832
7897
7962
8027
8092
8157
8222
8287
8352
8417
8482
8547
8612
8677
8742
8807
8872
8937
9002
9067
9132
9197
9262
9327
9392
9457
9522
9587
9652
9717
9782
9847
9912
9977
7443
7508
7573
7638
7703
7768
7833
7898
7963
8028
8093
8158
8223
8288
8353
8418
8483
8548
8613
8678
8743
8808
8873
8938
9003
9068
9133
9198
9263
9328
9393
9458
9523
9588
9653
9718
9783
9848
9913
9978
7444
7509
7574
7639
7704
7769
7834
7899
7964
8029
8094
8159
8224
8289
8354
8419
8484
8549
8614
8679
8744
8809
8874
8939
9004
9069
9134
9199
9264
9329
9394
9459
9524
9589
9654
9719
9784
9849
9914
9979
7445
7510
7575
7640
7705
7770
7835
7900
7965
8030
8095
8160
8225
8290
8355
8420
8485
8550
8615
8680
8745
8810
8875
8940
9005
9070
9135
9200
9265
9330
9395
9460
9525
9590
9655
9720
9785
9850
9915
9980
7446
7511
7576
7641
7706
7771
7836
7901
7966
8031
8096
8161
8226
8291
8356
8421
8486
8551
8616
8681
8746
8811
8876
8941
9006
9071
9136
9201
9266
9331
9396
9461
9526
9591
9656
9721
9786
9851
9916
9981
7447
7512
7577
7642
7707
7772
7837
7902
7967
8032
8097
8162
8227
8292
8357
8422
8487
8552
8617
8682
8747
8812
8877
8942
9007
9072
9137
9202
9267
9332
9397
9462
9527
9592
9657
9722
9787
9852
9917
9982
7448
7513
7578
7643
7708
7773
7838
7903
7968
8033
8098
8163
8228
8293
8358
8423
8488
8553
8618
8683
8748
8813
8878
8943
9008
9073
9138
9203
9268
9333
9398
9463
9528
9593
9658
9723
9788
9853
9918
9983
7449
7514
7579
7644
7709
7774
7839
7904
7969
8034
8099
8164
8229
8294
8359
8424
8489
8554
8619
8684
8749
8814
8879
8944
9009
9074
9139
9204
9269
9334
9399
9464
9529
9594
9659
9724
9789
9854
9919
9984
7450
7515
7580
7645
7710
7775
7840
7905
7970
8035
8100
8165
8230
8295
8360
8425
8490
8555
8620
8685
8750
8815
8880
8945
9010
9075
9140
9205
9270
9335
9400
9465
9530
9595
9660
9725
9790
9855
9920
9985
7451
7516
7581
7646
7711
7776
7841
7906
7971
8036
8101
8166
8231
8296
8361
8426
8491
8556
8621
8686
8751
8816
8881
8946
9011
9076
9141
9206
9271
9336
9401
9466
9531
9596
9661
9726
9791
9856
9921
9986
7452
7517
7582
7647
7712
7777
7842
7907
7972
8037
8102
8167
8232
8297
8362
8427
8492
8557
8622
8687
8752
8817
8882
8947
9012
9077
9142
9207
9272
9337
9402
9467
9532
9597
9662
9727
9792
9857
9922
9987
7453
7518
7583
7648
7713
7778
7843
7908
7973
8038
8103
8168
8233
8298
8363
8428
8493
8558
8623
8688
8753
8818
8883
8948
9013
9078
9143
9208
9273
9338
9403
9468
9533
9598
9663
9728
9793
9858
9923
9988
7454
7519
7584
7649
7714
7779
7844
7909
7974
8039
8104
8169
8234
8299
8364
8429
8494
8559
8624
8689
8754
8819
8884
8949
9014
9079
9144
9209
9274
9339
9404
9469
9534
9599
9664
9729
9794
9859
9924
9989
7455
7520
7585
7650
7715
7780
7845
7910
7975
8040
8105
8170
8235
8300
8365
8430
8495
8560
8625
8690
8755
8820
8885
8950
9015
9080
9145
9210
9275
9340
9405
9470
9535
9600
9665
9730
9795
9860
9925
9990
7456
7521
7586
7651
7716
7781
7846
7911
7976
8041
8106
8171
8236
8301
8366
8431
8496
8561
8626
8691
8756
8821
8886
8951
9016
9081
9146
9211
9276
9341
9406
9471
9536
9601
9666
9731
9796
9861
9926
9991
7457
7522
7587
7652
7717
7782
7847
7912
7977
8042
8107
8172
8237
8302
8367
8432
8497
8562
8627
8692
8757
8822
8887
8952
9017
9082
9147
9212
9277
9342
9407
9472
9537
9602
9667
9732
9797
9862
9927
9992
7458
7523
7588
7653
7718
7783
7848
7913
7978
8043
8108
8173
8238
8303
8368
8433
8498
8563
8628
8693
8758
8823
8888
8953
9018
9083
9148
9213
9278
9343
9408
9473
9538
9603
9668
9733
9798
9863
9928
9993
7459
7524
7589
7654
7719
7784
7849
7914
7979
8044
8109
8174
8239
8304
8369
8434
8499
8564
8629
8694
8759
8824
8889
8954
9019
9084
9149
9214
9279
9344
9409
9474
9539
9604
9669
9734
9799
9864
9929
9994
7460
7525
7590
7655
7720
7785
7850
7915
7980
8045
8110
8175
8240
8305
8370
8435
8500
8565
8630
8695
8760
8825
8890
8955
9020
9085
9150
9215
9280
9345
9410
9475
9540
9605
9670
9735
9800
9865
9930
9995
7461
7526
7591
7656
7721
7786
7851
7916
7981
8046
8111
8176
8241
8306
8371
8436
8501
8566
8631
8696
8761
8826
8891
8956
9021
9086
9151
9216
9281
9346
9411
9476
9541
9606
9671
9736
9801
9866
9931
9996
7462
7527
7592
7657
7722
7787
7852
7917
7982
8047
8112
8177
8242
8307
8372
8437
8502
8567
8632
8697
8762
8827
8892
8957
9022
9087
9152
9217
9282
9347
9412
9477
9542
9607
9672
9737
9802
9867
9932
9997
7463
7528
7593
7658
7723
7788
7853
7918
7983
8048
8113
8178
8243
8308
8373
8438
8503
8568
8633
8698
8763
8828
8893
8958
9023
9088
9153
9218
9283
9348
9413
9478
9543
9608
9673
9738
9803
9868
9933
9998
7464
7529
7594
7659
7724
7789
7854
7919
7984
8049
8114
8179
8244
8309
8374
8439
8504
8569
8634
8699
8764
8829
8894
8959
9024
9089
9154
9219
9284
9349
9414
9479
9544
9609
9674
9739
9804
9869
9934
9999
7465
7530
7595
7660
7725
7790
7855
7920
7985
8050
8115
8180
8245
8310
8375
8440
8505
8570
8635
8700
8765
8830
8895
8960
9025
9090
9155
9220
9285
9350
9415
9480
9545
9610
9675
9740
9805
9870
9935
10000
7466
7531
7596
7661
7726
7791
7856
7921
7986
8051
8116
8181
8246
8311
8376
8441
8506
8571
8636
8701
8766
8831
8896
8961
9026
9091
9156
9221
9286
9351
9416
9481
9546
9611
9676
9741
9806
9871
9936
10001
7467
7532
7597
7662
7727
7792
7857
7922
7987
8052
8117
8182
8247
8312
8377
8442
8507
8572
8637
8702
8767
8832
8897
8962
9027
9092
9157
9222
9287
9352
9417
9482
9547
9612
9677
9742
9807
9872
9937
10002
7468
7533
7598
7663
7728
7793
7858
7923
7988
8053
8118
8183
8248
8313
8378
8443
8508
8573
8638
8703
8768
8833
8898
8963
9028
9093
9158
9223
9288
9353
9418
9483
9548
9613
9678
9743
9808
9873
9938
10003
7469
7534
7599
7664
7729
7794
7859
7924
7989
8054
8119
8184
8249
8314
8379
8444
8509
8574
8639
8704
8769
8834
8899
8964
9029
9094
9159
9224
9289
9354
9419
9484
9549
9614
9679
9744
9809
9874
9939
10004
7470
7535
7600
7665
7730
7795
7860
7925
7990
8055
8120
8185
8250
8315
8380
8445
8510
8575
8640
8705
8770
8835
8900
8965
9030
9095
9160
9225
9290
9355
9420
9485
9550
9615
9680
9745
9810
9875
9940
10005
7471
7536
7601
7666
7731
7796
7861
7926
7991
8056
8121
8186
8251
8316
8381
8446
8511
8576
8641
8706
8771
8836
8901
8966
9031
9096
9161
9226
9291
9356
9421
9486
9551
9616
9681
9746
9811
9876
9941
10006
7472
7537
7602
7667
7732
7797
7862
7927
7992
8057
8122
8187
8252
8317
8382
8447
8512
8577
8642
8707
8772
8837
8902
8967
9032
9097
9162
9227
9292
9357
9422
9487
9552
9617
9682
9747
9812
9877
9942
10007
7473
7538
7603
7668
7733
7798
7863
7928
7993
8058
8123
8188
8253
8318
8383
8448
8513
8578
8643
8708
8773
8838
8903
8968
9033
9098
9163
9228
9293
9358
9423
9488
9553
9618
9683
9748
9813
9878
9943
10008
7474
7539
7604
7669
7734
7799
7864
7929
7994
8059
8124
8189
8254
8319
8384
8449
8514
8579
8644
8709
8774
8839
8904
8969
9034
9099
9164
9229
9294
9359
9424
9489
9554
9619
9684
9749
9814
9879
9944
10009
7475
7540
7605
7670
7735
7800
7865
7930
7995
8060
8125
8190
8255
8320
8385
8450
8515
8580
8645
8710
8775
8840
8905
8970
9035
9100
9165
9230
9295
9360
9425
9490
9555
9620
9685
9750
9815
9880
9945
10010
7476
7541
7606
7671
7736
7801
7866
7931
7996
8061
8126
8191
8256
8321
8386
8451
8516
8581
8646
8711
8776
8841
8906
8971
9036
9101
9166
9231
9296
9361
9426
9491
9556
9621
9686
9751
9816
9881
9946
10011
7477
7542
7607
7672
7737
7802
7867
7932
7997
8062
8127
8192
8257
8322
8387
8452
8517
8582
8647
8712
8777
8842
8907
8972
9037
9102
9167
9232
9297
9362
9427
9492
9557
9622
9687
9752
9817
9882
9947
10012
7478
7543
7608
7673
7738
7803
7868
7933
7998
8063
8128
8193
8258
8323
8388
8453
8518
8583
8648
8713
8778
8843
8908
8973
9038
9103
9168
9233
9298
9363
9428
9493
9558
9623
9688
9753
9818
9883
9948
10013
7479
7544
7609
7674
7739
7804
7869
7934
7999
8064
8129
8194
8259
8324
8389
8454
8519
8584
8649
8714
8779
8844
8909
8974
9039
9104
9169
9234
9299
9364
9429
9494
9559
9624
9689
9754
9819
9884
9949
10014
7480
7545
7610
7675
7740
7805
7870
7935
8000
8065
8130
8195
8260
8325
8390
8455
8520
8585
8650
8715
8780
8845
8910
8975
9040
9105
9170
9235
9300
9365
9430
9495
9560
9625
9690
9755
9820
9885
9950
10015
7481
7546
7611
7676
7741
7806
7871
7936
8001
8066
8131
8196
8261
8326
8391
8456
8521
8586
8651
8716
8781
8846
8911
8976
9041
9106
9171
9236
9301
9366
9431
9496
9561
9626
9691
9756
9821
9886
9951
10016
7482
7547
7612
7677
7742
7807
7872
7937
8002
8067
8132
8197
8262
8327
8392
8457
8522
8587
8652
8717
8782
8847
8912
8977
9042
9107
9172
9237
9302
9367
9432
9497
9562
9627
9692
9757
9822
9887
9952
10017
7483
7548
7613
7678
7743
7808
7873
7938
8003
8068
8133
8198
8263
8328
8393
8458
8523
8588
8653
8718
8783
8848
8913
8978
9043
9108
9173
9238
9303
9368
9433
9498
9563
9628
9693
9758
9823
9888
9953
10018
7484
7549
7614
7679
7744
7809
7874
7939
8004
8069
8134
8199
8264
8329
8394
8459
8524
8589
8654
8719
8784
8849
8914
8979
9044
9109
9174
9239
9304
9369
9434
9499
9564
9629
9694
9759
9824
9889
9954
10019
7485
7550
7615
7680
7745
7810
7875
7940
8005
8070
8135
8200
8265
8330
8395
8460
8525
8590
8655
8720
8785
8850
8915
8980
9045
9110
9175
9240
9305
9370
9435
9500
9565
9630
9695
9760
9825
9890
9955
10020
7486
7551
7616
7681
7746
7811
7876
7941
8006
8071
8136
8201
8266
8331
8396
8461
8526
8591
8656
8721
8786
8851
8916
8981
9046
9111
9176
9241
9306
9371
9436
9501
9566
9631
9696
9761
9826
9891
9956
10021
7487
7552
7617
7682
7747
7812
7877
7942
8007
8072
8137
8202
8267
8332
8397
8462
8527
8592
8657
8722
8787
8852
8917
8982
9047
9112
9177
9242
9307
9372
9437
9502
9567
9632
9697
9762
9827
9892
9957
10022
7488
7553
7618
7683
7748
7813
7878
7943
8008
8073
8138
8203
8268
8333
8398
8463
8528
8593
8658
8723
8788
8853
8918
8983
9048
9113
9178
9243
9308
9373
9438
9503
9568
9633
9698
9763
9828
9893
9958
10023
7489
7554
7619
7684
7749
7814
7879
7944
8009
8074
8139
8204
8269
8334
8399
8464
8529
8594
8659
8724
8789
8854
8919
8984
9049
9114
9179
9244
9309
9374
9439
9504
9569
9634
9699
9764
9829
9894
9959
10024
7490
7555
7620
7685
7750
7815
7880
7945
8010
8075
8140
8205
8270
8335
8400
8465
8530
8595
8660
8725
8790
8855
8920
8985
9050
9115
9180
9245
9310
9375
9440
9505
9570
9635
9700
9765
9830
9895
9960
10025
7491
7556
7621
7686
7751
7816
7881
7946
8011
8076
8141
8206
8271
8336
8401
8466
8531
8596
8661
8726
8791
8856
8921
8986
9051
9116
9181
9246
9311
9376
9441
9506
9571
9636
9701
9766
9831
9896
9961
10026
7492
7557
7622
7687
7752
7817
7882
7947
8012
8077
8142
8207
8272
8337
8402
8467
8532
8597
8662
8727
8792
8857
8922
8987
9052
9117
9182
9247
9312
9377
9442
9507
9572
9637
9702
9767
9832
9897
9962
10027
7493
7558
7623
7688
7753
7818
7883
7948
8013
8078
8143
8208
8273
8338
8403
8468
8533
8598
8663
8728
8793
8858
8923
8988
9053
9118
9183
9248
9313
9378
9443
9508
9573
9638
9703
9768
9833
9898
9963
10028
7494
7559
7624
7689
7754
7819
7884
7949
8014
8079
8144
8209
8274
8339
8404
8469
8534
8599
8664
8729
8794
8859
8924
8989
9054
9119
9184
9249
9314
9379
9444
9509
9574
9639
9704
9769
9834
9899
9964
10029
10030
10095
10160
10225
10290
10355
10420
10485
10550
10615
10680
10745
10810
10875
10940
11005
11070
11135
11200
11265
11330
11395
11460
11525
11590
11655
10031
10096
10161
10226
10291
10356
10421
10486
10551
10616
10681
10746
10811
10876
10941
11006
11071
11136
11201
11266
11331
11396
11461
11526
11591
11656
10032
10097
10162
10227
10292
10357
10422
10487
10552
10617
10682
10747
10812
10877
10942
11007
11072
11137
11202
11267
11332
11397
11462
11527
11592
11657
10033
10098
10163
10228
10293
10358
10423
10488
10553
10618
10683
10748
10813
10878
10943
11008
11073
11138
11203
11268
11333
11398
11463
11528
11593
11658
10034
10099
10164
10229
10294
10359
10424
10489
10554
10619
10684
10749
10814
10879
10944
11009
11074
11139
11204
11269
11334
11399
11464
11529
11594
11659
10035
10100
10165
10230
10295
10360
10425
10490
10555
10620
10685
10750
10815
10880
10945
11010
11075
11140
11205
11270
11335
11400
11465
11530
11595
11660
10036
10101
10166
10231
10296
10361
10426
10491
10556
10621
10686
10751
10816
10881
10946
11011
11076
11141
11206
11271
11336
11401
11466
11531
11596
11661
10037
10102
10167
10232
10297
10362
10427
10492
10557
10622
10687
10752
10817
10882
10947
11012
11077
11142
11207
11272
11337
11402
11467
11532
11597
11662
10038
10103
10168
10233
10298
10363
10428
10493
10558
10623
10688
10753
10818
10883
10948
11013
11078
11143
11208
11273
11338
11403
11468
11533
11598
11663
10039
10104
10169
10234
10299
10364
10429
10494
10559
10624
10689
10754
10819
10884
10949
11014
11079
11144
11209
11274
11339
11404
11469
11534
11599
11664
10040
10105
10170
10235
10300
10365
10430
10495
10560
10625
10690
10755
10820
10885
10950
11015
11080
11145
11210
11275
11340
11405
11470
11535
11600
11665
10041
10106
10171
10236
10301
10366
10431
10496
10561
10626
10691
10756
10821
10886
10951
11016
11081
11146
11211
11276
11341
11406
11471
11536
11601
11666
10042
10107
10172
10237
10302
10367
10432
10497
10562
10627
10692
10757
10822
10887
10952
11017
11082
11147
11212
11277
11342
11407
11472
11537
11602
11667
10043
10108
10173
10238
10303
10368
10433
10498
10563
10628
10693
10758
10823
10888
10953
11018
11083
11148
11213
11278
11343
11408
11473
11538
11603
11668
10044
10109
10174
10239
10304
10369
10434
10499
10564
10629
10694
10759
10824
10889
10954
11019
11084
11149
11214
11279
11344
11409
11474
11539
11604
11669
10045
10110
10175
10240
10305
10370
10435
10500
10565
10630
10695
10760
10825
10890
10955
11020
11085
11150
11215
11280
11345
11410
11475
11540
11605
11670
10046
10111
10176
10241
10306
10371
10436
10501
10566
10631
10696
10761
10826
10891
10956
11021
11086
11151
11216
11281
11346
11411
11476
11541
11606
11671
10047
10112
10177
10242
10307
10372
10437
10502
10567
10632
10697
10762
10827
10892
10957
11022
11087
11152
11217
11282
11347
11412
11477
11542
11607
11672
10048
10113
10178
10243
10308
10373
10438
10503
10568
10633
10698
10763
10828
10893
10958
11023
11088
11153
11218
11283
11348
11413
11478
11543
11608
11673
10049
10114
10179
10244
10309
10374
10439
10504
10569
10634
10699
10764
10829
10894
10959
11024
11089
11154
11219
11284
11349
11414
11479
11544
11609
11674
10050
10115
10180
10245
10310
10375
10440
10505
10570
10635
10700
10765
10830
10895
10960
11025
11090
11155
11220
11285
11350
11415
11480
11545
11610
11675
10051
10116
10181
10246
10311
10376
10441
10506
10571
10636
10701
10766
10831
10896
10961
11026
11091
11156
11221
11286
11351
11416
11481
11546
11611
11676
10052
10117
10182
10247
10312
10377
10442
10507
10572
10637
10702
10767
10832
10897
10962
11027
11092
11157
11222
11287
11352
11417
11482
11547
11612
11677
10053
10118
10183
10248
10313
10378
10443
10508
10573
10638
10703
10768
10833
10898
10963
11028
11093
11158
11223
11288
11353
11418
11483
11548
11613
11678
10054
10119
10184
10249
10314
10379
10444
10509
10574
10639
10704
10769
10834
10899
10964
11029
11094
11159
11224
11289
11354
11419
11484
11549
11614
11679
10055
10120
10185
10250
10315
10380
10445
10510
10575
10640
10705
10770
10835
10900
10965
11030
11095
11160
11225
11290
11355
11420
11485
11550
11615
11680
10056
10121
10186
10251
10316
10381
10446
10511
10576
10641
10706
10771
10836
10901
10966
11031
11096
11161
11226
11291
11356
11421
11486
11551
11616
11681
10057
10122
10187
10252
10317
10382
10447
10512
10577
10642
10707
10772
10837
10902
10967
11032
11097
11162
11227
11292
11357
11422
11487
11552
11617
11682
10058
10123
10188
10253
10318
10383
10448
10513
10578
10643
10708
10773
10838
10903
10968
11033
11098
11163
11228
11293
11358
11423
11488
11553
11618
11683
10059
10124
10189
10254
10319
10384
10449
10514
10579
10644
10709
10774
10839
10904
10969
11034
11099
11164
11229
11294
11359
11424
11489
11554
11619
11684
10060
10125
10190
10255
10320
10385
10450
10515
10580
10645
10710
10775
10840
10905
10970
11035
11100
11165
11230
11295
11360
11425
11490
11555
11620
11685
10061
10126
10191
10256
10321
10386
10451
10516
10581
10646
10711
10776
10841
10906
10971
11036
11101
11166
11231
11296
11361
11426
11491
11556
11621
11686
10062
10127
10192
10257
10322
10387
10452
10517
10582
10647
10712
10777
10842
10907
10972
11037
11102
11167
11232
11297
11362
11427
11492
11557
11622
11687
10063
10128
10193
10258
10323
10388
10453
10518
10583
10648
10713
10778
10843
10908
10973
11038
11103
11168
11233
11298
11363
11428
11493
11558
11623
11688
10064
10129
10194
10259
10324
10389
10454
10519
10584
10649
10714
10779
10844
10909
10974
11039
11104
11169
11234
11299
11364
11429
11494
11559
11624
11689
10065
10130
10195
10260
10325
10390
10455
10520
10585
10650
10715
10780
10845
10910
10975
11040
11105
11170
11235
11300
11365
11430
11495
11560
11625
11690
10066
10131
10196
10261
10326
10391
10456
10521
10586
10651
10716
10781
10846
10911
10976
11041
11106
11171
11236
11301
11366
11431
11496
11561
11626
11691
10067
10132
10197
10262
10327
10392
10457
10522
10587
10652
10717
10782
10847
10912
10977
11042
11107
11172
11237
11302
11367
11432
11497
11562
11627
11692
10068
10133
10198
10263
10328
10393
10458
10523
10588
10653
10718
10783
10848
10913
10978
11043
11108
11173
11238
11303
11368
11433
11498
11563
11628
11693
10069
10134
10199
10264
10329
10394
10459
10524
10589
10654
10719
10784
10849
10914
10979
11044
11109
11174
11239
11304
11369
11434
11499
11564
11629
11694
10070
10135
10200
10265
10330
10395
10460
10525
10590
10655
10720
10785
10850
10915
10980
11045
11110
11175
11240
11305
11370
11435
11500
11565
11630
11695
10071
10136
10201
10266
10331
10396
10461
10526
10591
10656
10721
10786
10851
10916
10981
11046
11111
11176
11241
11306
11371
11436
11501
11566
11631
11696
10072
10137
10202
10267
10332
10397
10462
10527
10592
10657
10722
10787
10852
10917
10982
11047
11112
11177
11242
11307
11372
11437
11502
11567
11632
11697
10073
10138
10203
10268
10333
10398
10463
10528
10593
10658
10723
10788
10853
10918
10983
11048
11113
11178
11243
11308
11373
11438
11503
11568
11633
11698
10074
10139
10204
10269
10334
10399
10464
10529
10594
10659
10724
10789
10854
10919
10984
11049
11114
11179
11244
11309
11374
11439
11504
11569
11634
11699
10075
10140
10205
10270
10335
10400
10465
10530
10595
10660
10725
10790
10855
10920
10985
11050
11115
11180
11245
11310
11375
11440
11505
11570
11635
11700
10076
10141
10206
10271
10336
10401
10466
10531
10596
10661
10726
10791
10856
10921
10986
11051
11116
11181
11246
11311
11376
11441
11506
11571
11636
11701
10077
10142
10207
10272
10337
10402
10467
10532
10597
10662
10727
10792
10857
10922
10987
11052
11117
11182
11247
11312
11377
11442
11507
11572
11637
11702
10078
10143
10208
10273
10338
10403
10468
10533
10598
10663
10728
10793
10858
10923
10988
11053
11118
11183
11248
11313
11378
11443
11508
11573
11638
11703
10079
10144
10209
10274
10339
10404
10469
10534
10599
10664
10729
10794
10859
10924
10989
11054
11119
11184
11249
11314
11379
11444
11509
11574
11639
11704
10080
10145
10210
10275
10340
10405
10470
10535
10600
10665
10730
10795
10860
10925
10990
11055
11120
11185
11250
11315
11380
11445
11510
11575
11640
11705
10081
10146
10211
10276
10341
10406
10471
10536
10601
10666
10731
10796
10861
10926
10991
11056
11121
11186
11251
11316
11381
11446
11511
11576
11641
11706
10082
10147
10212
10277
10342
10407
10472
10537
10602
10667
10732
10797
10862
10927
10992
11057
11122
11187
11252
11317
11382
11447
11512
11577
11642
11707
10083
10148
10213
10278
10343
10408
10473
10538
10603
10668
10733
10798
10863
10928
10993
11058
11123
11188
11253
11318
11383
11448
11513
11578
11643
11708
10084
10149
10214
10279
10344
10409
10474
10539
10604
10669
10734
10799
10864
10929
10994
11059
11124
11189
11254
11319
11384
11449
11514
11579
11644
11709
10085
10150
10215
10280
10345
10410
10475
10540
10605
10670
10735
10800
10865
10930
10995
11060
11125
11190
11255
11320
11385
11450
11515
11580
11645
11710
10086
10151
10216
10281
10346
10411
10476
10541
10606
10671
10736
10801
10866
10931
10996
11061
11126
11191
11256
11321
11386
11451
11516
11581
11646
11711
10087
10152
10217
10282
10347
10412
10477
10542
10607
10672
10737
10802
10867
10932
10997
11062
11127
11192
11257
11322
11387
11452
11517
11582
11647
11712
10088
10153
10218
10283
10348
10413
10478
10543
10608
10673
10738
10803
10868
10933
10998
11063
11128
11193
11258
11323
11388
11453
11518
11583
11648
11713
10089
10154
10219
10284
10349
10414
10479
10544
10609
10674
10739
10804
10869
10934
10999
11064
11129
11194
11259
11324
11389
11454
11519
11584
11649
11714
10090
10155
10220
10285
10350
10415
10480
10545
10610
10675
10740
10805
10870
10935
11000
11065
11130
11195
11260
11325
11390
11455
11520
11585
11650
11715
10091
10156
10221
10286
10351
10416
10481
10546
10611
10676
10741
10806
10871
10936
11001
11066
11131
11196
11261
11326
11391
11456
11521
11586
11651
11716
10092
10157
10222
10287
10352
10417
10482
10547
10612
10677
10742
10807
10872
10937
11002
11067
11132
11197
11262
11327
11392
11457
11522
11587
11652
11717
10093
10158
10223
10288
10353
10418
10483
10548
10613
10678
10743
10808
10873
10938
11003
11068
11133
11198
11263
11328
11393
11458
11523
11588
11653
11718
10094
10159
10224
10289
10354
10419
10484
10549
10614
10679
10744
10809
10874
10939
11004
11069
11134
11199
11264
11329
11394
11459
11524
11589
11654
11719
10030
10095
10160
10225
10290
10355
10420
10485
10550
10615
10680
10745
10810
10875
10940
11005
11070
11135
11200
11265
11330
11395
11460
11525
11590
11655
10031
10096
10161
10226
10291
10356
10421
10486
10551
10616
10681
10746
10811
10876
10941
11006
11071
11136
11201
11266
11331
11396
11461
11526
11591
11656
10032
10097
10162
10227
10292
10357
10422
10487
10552
10617
10682
10747
10812
10877
10942
11007
11072
11137
11202
11267
11332
11397
11462
11527
11592
11657
10033
10098
10163
10228
10293
10358
10423
10488
10553
10618
10683
10748
10813
10878
10943
11008
11073
11138
11203
11268
11333
11398
11463
11528
11593
11658
10034
10099
10164
10229
10294
10359
10424
10489
10554
10619
10684
10749
10814
10879
10944
11009
11074
11139
11204
11269
11334
11399
11464
11529
11594
11659
10035
10100
10165
10230
10295
10360
10425
10490
10555
10620
10685
10750
10815
10880
10945
11010
11075
11140
11205
11270
11335
11400
11465
11530
11595
11660
10036
10101
10166
10231
10296
10361
10426
10491
10556
10621
10686
10751
10816
10881
10946
11011
11076
11141
11206
11271
11336
11401
11466
11531
11596
11661
10037
10102
10167
10232
10297
10362
10427
10492
10557
10622
10687
10752
10817
10882
10947
11012
11077
11142
11207
11272
11337
11402
11467
11532
11597
11662
10038
10103
10168
10233
10298
10363
10428
10493
10558
10623
10688
10753
10818
10883
10948
11013
11078
11143
11208
11273
11338
11403
11468
11533
11598
11663
10039
10104
10169
10234
10299
10364
10429
10494
10559
10624
10689
10754
10819
10884
10949
11014
11079
11144
11209
11274
11339
11404
11469
11534
11599
11664
10040
10105
10170
10235
10300
10365
10430
10495
10560
10625
10690
10755
10820
10885
10950
11015
11080
11145
11210
11275
11340
11405
11470
11535
11600
11665
10041
10106
10171
10236
10301
10366
10431
10496
10561
10626
10691
10756
10821
10886
10951
11016
11081
11146
11211
11276
11341
11406
11471
11536
11601
11666
10042
10107
10172
10237
10302
10367
10432
10497
10562
10627
10692
10757
10822
10887
10952
11017
11082
11147
11212
11277
11342
11407
11472
11537
11602
11667
10043
10108
10173
10238
10303
10368
10433
10498
10563
10628
10693
10758
10823
10888
10953
11018
11083
11148
11213
11278
11343
11408
11473
11538
11603
11668
10044
10109
10174
10239
10304
10369
10434
10499
10564
10629
10694
10759
10824
10889
10954
11019
11084
11149
11214
11279
11344
11409
11474
11539
11604
11669
10045
10110
10175
10240
10305
10370
10435
10500
10565
10630
10695
10760
10825
10890
10955
11020
11085
11150
11215
11280
11345
11410
11475
11540
11605
11670
10046
10111
10176
10241
10306
10371
10436
10501
10566
10631
10696
10761
10826
10891
10956
11021
11086
11151
11216
11281
11346
11411
11476
11541
11606
11671
10047
10112
10177
10242
10307
10372
10437
10502
10567
10632
10697
10762
10827
10892
10957
11022
11087
11152
11217
11282
11347
11412
11477
11542
11607
11672
10048
10113
10178
10243
10308
10373
10438
10503
10568
10633
10698
10763
10828
10893
10958
11023
11088
11153
11218
11283
11348
11413
11478
11543
11608
11673
10049
10114
10179
10244
10309
10374
10439
10504
10569
10634
10699
10764
10829
10894
10959
11024
11089
11154
11219
11284
11349
11414
11479
11544
11609
11674
10050
10115
10180
10245
10310
10375
10440
10505
10570
10635
10700
10765
10830
10895
10960
11025
11090
11155
11220
11285
11350
11415
11480
11545
11610
11675
10051
10116
10181
10246
10311
10376
10441
10506
10571
10636
10701
10766
10831
10896
10961
11026
11091
11156
11221
11286
11351
11416
11481
11546
11611
11676
10052
10117
10182
10247
10312
10377
10442
10507
10572
10637
10702
10767
10832
10897
10962
11027
11092
11157
11222
11287
11352
11417
11482
11547
11612
11677
10053
10118
10183
10248
10313
10378
10443
10508
10573
10638
10703
10768
10833
10898
10963
11028
11093
11158
11223
11288
11353
11418
11483
11548
11613
11678
10054
10119
10184
10249
10314
10379
10444
10509
10574
10639
10704
10769
10834
10899
10964
11029
11094
11159
11224
11289
11354
11419
11484
11549
11614
11679
10055
10120
10185
10250
10315
10380
10445
10510
10575
10640
10705
10770
10835
10900
10965
11030
11095
11160
11225
11290
11355
11420
11485
11550
11615
11680
10056
10121
10186
10251
10316
10381
10446
10511
10576
10641
10706
10771
10836
10901
10966
11031
11096
11161
11226
11291
11356
11421
11486
11551
11616
11681
10057
10122
10187
10252
10317
10382
10447
10512
10577
10642
10707
10772
10837
10902
10967
11032
11097
11162
11227
11292
11357
11422
11487
11552
11617
11682
10058
10123
10188
10253
10318
10383
10448
10513
10578
10643
10708
10773
10838
10903
10968
11033
11098
11163
11228
11293
11358
11423
11488
11553
11618
11683
10059
10124
10189
10254
10319
10384
10449
10514
10579
10644
10709
10774
10839
10904
10969
11034
11099
11164
11229
11294
11359
11424
11489
11554
11619
11684
10060
10125
10190
10255
10320
10385
10450
10515
10580
10645
10710
10775
10840
10905
10970
11035
11100
11165
11230
11295
11360
11425
11490
11555
11620
11685
10061
10126
10191
10256
10321
10386
10451
10516
10581
10646
10711
10776
10841
10906
10971
11036
11101
11166
11231
11296
11361
11426
11491
11556
11621
11686
10062
10127
10192
10257
10322
10387
10452
10517
10582
10647
10712
10777
10842
10907
10972
11037
11102
11167
11232
11297
11362
11427
11492
11557
11622
11687
10063
10128
10193
10258
10323
10388
10453
10518
10583
10648
10713
10778
10843
10908
10973
11038
11103
11168
11233
11298
11363
11428
11493
11558
11623
11688
10064
10129
10194
10259
10324
10389
10454
10519
10584
10649
10714
10779
10844
10909
10974
11039
11104
11169
11234
11299
11364
11429
11494
11559
11624
11689
10065
10130
10195
10260
10325
10390
10455
10520
10585
10650
10715
10780
10845
10910
10975
11040
11105
11170
11235
11300
11365
11430
11495
11560
11625
11690
10066
10131
10196
10261
10326
10391
10456
10521
10586
10651
10716
10781
10846
10911
10976
11041
11106
11171
11236
11301
11366
11431
11496
11561
11626
11691
10067
10132
10197
10262
10327
10392
10457
10522
10587
10652
10717
10782
10847
10912
10977
11042
11107
11172
11237
11302
11367
11432
11497
11562
11627
11692
10068
10133
10198
10263
10328
10393
10458
10523
10588
10653
10718
10783
10848
10913
10978
11043
11108
11173
11238
11303
11368
11433
11498
11563
11628
11693
10069
10134
10199
10264
10329
10394
10459
10524
10589
10654
10719
10784
10849
10914
10979
11044
11109
11174
11239
11304
11369
11434
11499
11564
11629
11694
10070
10135
10200
10265
10330
10395
10460
10525
10590
10655
10720
10785
10850
10915
10980
11045
11110
11175
11240
11305
11370
11435
11500
11565
11630
11695
10071
10136
10201
10266
10331
10396
10461
10526
10591
10656
10721
10786
10851
10916
10981
11046
11111
11176
11241
11306
11371
11436
11501
11566
11631
11696
10072
10137
10202
10267
10332
10397
10462
10527
10592
10657
10722
10787
10852
10917
10982
11047
11112
11177
11242
11307
11372
11437
11502
11567
11632
11697
10073
10138
10203
10268
10333
10398
10463
10528
10593
10658
10723
10788
10853
10918
10983
11048
11113
11178
11243
11308
11373
11438
11503
11568
11633
11698
10074
10139
10204
10269
10334
10399
10464
10529
10594
10659
10724
10789
10854
10919
10984
11049
11114
11179
11244
11309
11374
11439
11504
11569
11634
11699
10075
10140
10205
10270
10335
10400
10465
10530
10595
10660
10725
10790
10855
10920
10985
11050
11115
11180
11245
11310
11375
11440
11505
11570
11635
11700
10076
10141
10206
10271
10336
10401
10466
10531
10596
10661
10726
10791
10856
10921
10986
11051
11116
11181
11246
11311
11376
11441
11506
11571
11636
11701
10077
10142
10207
10272
10337
10402
10467
10532
10597
10662
10727
10792
10857
10922
10987
11052
11117
11182
11247
11312
11377
11442
11507
11572
11637
11702
10078
10143
10208
10273
10338
10403
10468
10533
10598
10663
10728
10793
10858
10923
10988
11053
11118
11183
11248
11313
11378
11443
11508
11573
11638
11703
10079
10144
10209
10274
10339
10404
10469
10534
10599
10664
10729
10794
10859
10924
10989
11054
11119
11184
11249
11314
11379
11444
11509
11574
11639
11704
10080
10145
10210
10275
10340
10405
10470
10535
10600
10665
10730
10795
10860
10925
10990
11055
11120
11185
11250
11315
11380
11445
11510
11575
11640
11705
10081
10146
10211
10276
10341
10406
10471
10536
10601
10666
10731
10796
10861
10926
10991
11056
11121
11186
11251
11316
11381
11446
11511
11576
11641
11706
10082
10147
10212
10277
10342
10407
10472
10537
10602
10667
10732
10797
10862
10927
10992
11057
11122
11187
11252
11317
11382
11447
11512
11577
11642
11707
10083
10148
10213
10278
10343
10408
10473
10538
10603
10668
10733
10798
10863
10928
10993
11058
11123
11188
11253
11318
11383
11448
11513
11578
11643
11708
10084
10149
10214
10279
10344
10409
10474
10539
10604
10669
10734
10799
10864
10929
10994
11059
11124
11189
11254
11319
11384
11449
11514
11579
11644
11709
10085
10150
10215
10280
10345
10410
10475
10540
10605
10670
10735
10800
10865
10930
10995
11060
11125
11190
11255
11320
11385
11450
11515
11580
11645
11710
10086
10151
10216
10281
10346
10411
10476
10541
10606
10671
10736
10801
10866
10931
10996
11061
11126
11191
11256
11321
11386
11451
11516
11581
11646
11711
10087
10152
10217
10282
10347
10412
10477
10542
10607
10672
10737
10802
10867
10932
10997
11062
11127
11192
11257
11322
11387
11452
11517
11582
11647
11712
10088
10153
10218
10283
10348
10413
10478
10543
10608
10673
10738
10803
10868
10933
10998
11063
11128
11193
11258
11323
11388
11453
11518
11583
11648
11713
10089
10154
10219
10284
10349
10414
10479
10544
10609
10674
10739
10804
10869
10934
10999
11064
11129
11194
11259
11324
11389
11454
11519
11584
11649
11714
10090
10155
10220
10285
10350
10415
10480
10545
10610
10675
10740
10805
10870
10935
11000
11065
11130
11195
11260
11325
11390
11455
11520
11585
11650
11715
10091
10156
10221
10286
10351
10416
10481
10546
10611
10676
10741
10806
10871
10936
11001
11066
11131
11196
11261
11326
11391
11456
11521
11586
11651
11716
10092
10157
10222
10287
10352
10417
10482
10547
10612
10677
10742
10807
10872
10937
11002
11067
11132
11197
11262
11327
11392
11457
11522
11587
11652
11717
10093
10158
10223
10288
10353
10418
10483
10548
10613
10678
10743
10808
10873
10938
11003
11068
11133
11198
11263
11328
11393
11458
11523
11588
11653
11718
10094
10159
10224
10289
10354
10419
10484
10549
10614
10679
10744
10809
10874
10939
11004
11069
11134
11199
11264
11329
11394
11459
11524
11589
11654
11719
11720
11745
11770
11795
11820
11845
11870
11895
11920
11945
11970
11995
12020
12045
12070
12095
12120
12145
12170
12195
12220
12245
12270
12295
12320
12345
12370
12395
12420
12445
12470
12495
12520
12545
12570
12595
12620
12645
12670
12695
11721
11746
11771
11796
11821
11846
11871
11896
11921
11946
11971
11996
12021
12046
12071
12096
12121
12146
12171
12196
12221
12246
12271
12296
12321
12346
12371
12396
12421
12446
12471
12496
12521
12546
12571
12596
12621
12646
12671
12696
11722
11747
11772
11797
11822
11847
11872
11897
11922
11947
11972
11997
12022
12047
12072
12097
12122
12147
12172
12197
12222
12247
12272
12297
12322
12347
12372
12397
12422
12447
12472
12497
12522
12547
12572
12597
12622
12647
12672
12697
11723
11748
11773
11798
11823
11848
11873
11898
11923
11948
11973
11998
12023
12048
12073
12098
12123
12148
12173
12198
12223
12248
12273
12298
12323
12348
12373
12398
12423
12448
12473
12498
12523
12548
12573
12598
12623
12648
12673
12698
11724
11749
11774
11799
11824
11849
11874
11899
11924
11949
11974
11999
12024
12049
12074
12099
12124
12149
12174
12199
12224
12249
12274
12299
12324
12349
12374
12399
12424
12449
12474
12499
12524
12549
12574
12599
12624
12649
12674
12699
11725
11750
11775
11800
11825
11850
11875
11900
11925
11950
11975
12000
12025
12050
12075
12100
12125
12150
12175
12200
12225
12250
12275
12300
12325
12350
12375
12400
12425
12450
12475
12500
12525
12550
12575
12600
12625
12650
12675
12700
11726
11751
11776
11801
11826
11851
11876
11901
11926
11951
11976
12001
12026
12051
12076
12101
12126
12151
12176
12201
12226
12251
12276
12301
12326
12351
12376
12401
12426
12451
12476
12501
12526
12551
12576
12601
12626
12651
12676
12701
11727
11752
11777
11802
11827
11852
11877
11902
11927
11952
11977
12002
12027
12052
12077
12102
12127
12152
12177
12202
12227
12252
12277
12302
12327
12352
12377
12402
12427
12452
12477
12502
12527
12552
12577
12602
12627
12652
12677
12702
11728
11753
11778
11803
11828
11853
11878
11903
11928
11953
11978
12003
12028
12053
12078
12103
12128
12153
12178
12203
12228
12253
12278
12303
12328
12353
12378
12403
12428
12453
12478
12503
12528
12553
12578
12603
12628
12653
12678
12703
11729
11754
11779
11804
11829
11854
11879
11904
11929
11954
11979
12004
12029
12054
12079
12104
12129
12154
12179
12204
12229
12254
12279
12304
12329
12354
12379
12404
12429
12454
12479
12504
12529
12554
12579
12604
12629
12654
12679
12704
11730
11755
11780
11805
11830
11855
11880
11905
11930
11955
11980
12005
12030
12055
12080
12105
12130
12155
12180
12205
12230
12255
12280
12305
12330
12355
12380
12405
12430
12455
12480
12505
12530
12555
12580
12605
12630
12655
12680
12705
11731
11756
11781
11806
11831
11856
11881
11906
11931
11956
11981
12006
12031
12056
12081
12106
12131
12156
12181
12206
12231
12256
12281
12306
12331
12356
12381
12406
12431
12456
12481
12506
12531
12556
12581
12606
12631
12656
12681
12706
11732
11757
11782
11807
11832
11857
11882
11907
11932
11957
11982
12007
12032
12057
12082
12107
12132
12157
12182
12207
12232
12257
12282
12307
12332
12357
12382
12407
12432
12457
12482
12507
12532
12557
12582
12607
12632
12657
12682
12707
11733
11758
11783
11808
11833
11858
11883
11908
11933
11958
11983
12008
12033
12058
12083
12108
12133
12158
12183
12208
12233
12258
12283
12308
12333
12358
12383
12408
12433
12458
12483
12508
12533
12558
12583
12608
12633
12658
12683
12708
11734
11759
11784
11809
11834
11859
11884
11909
11934
11959
11984
12009
12034
12059
12084
12109
12134
12159
12184
12209
12234
12259
12284
12309
12334
12359
12384
12409
12434
12459
12484
12509
12534
12559
12584
12609
12634
12659
12684
12709
11735
11760
11785
11810
11835
11860
11885
11910
11935
11960
11985
12010
12035
12060
12085
12110
12135
12160
12185
12210
12235
12260
12285
12310
12335
12360
12385
12410
12435
12460
12485
12510
12535
12560
12585
12610
12635
12660
12685
12710
11736
11761
11786
11811
11836
11861
11886
11911
11936
11961
11986
12011
12036
12061
12086
12111
12136
12161
12186
12211
12236
12261
12286
12311
12336
12361
12386
12411
12436
12461
12486
12511
12536
12561
12586
12611
12636
12661
12686
12711
11737
11762
11787
11812
11837
11862
11887
11912
11937
11962
11987
12012
12037
12062
12087
12112
12137
12162
12187
12212
12237
12262
12287
12312
12337
12362
12387
12412
12437
12462
12487
12512
12537
12562
12587
12612
12637
12662
12687
12712
11738
11763
11788
11813
11838
11863
11888
11913
11938
11963
11988
12013
12038
12063
12088
12113
12138
12163
12188
12213
12238
12263
12288
12313
12338
12363
12388
12413
12438
12463
12488
12513
12538
12563
12588
12613
12638
12663
12688
12713
11739
11764
11789
11814
11839
11864
11889
11914
11939
11964
11989
12014
12039
12064
12089
12114
12139
12164
12189
12214
12239
12264
12289
12314
12339
12364
12389
12414
12439
12464
12489
12514
12539
12564
12589
12614
12639
12664
12689
12714
11740
11765
11790
11815
11840
11865
11890
11915
11940
11965
11990
12015
12040
12065
12090
12115
12140
12165
12190
12215
12240
12265
12290
12315
12340
12365
12390
12415
12440
12465
12490
12515
12540
12565
12590
12615
12640
12665
12690
12715
11741
11766
11791
11816
11841
11866
11891
11916
11941
11966
11991
12016
12041
12066
12091
12116
12141
12166
12191
12216
12241
12266
12291
12316
12341
12366
12391
12416
12441
12466
12491
12516
12541
12566
12591
12616
12641
12666
12691
12716
11742
11767
11792
11817
11842
11867
11892
11917
11942
11967
11992
12017
12042
12067
12092
12117
12142
12167
12192
12217
12242
12267
12292
12317
12342
12367
12392
12417
12442
12467
12492
12517
12542
12567
12592
12617
12642
12667
12692
12717
11743
11768
11793
11818
11843
11868
11893
11918
11943
11968
11993
12018
12043
12068
12093
12118
12143
12168
12193
12218
12243
12268
12293
12318
12343
12368
12393
12418
12443
12468
12493
12518
12543
12568
12593
12618
12643
12668
12693
12718
11744
11769
11794
11819
11844
11869
11894
11919
11944
11969
11994
12019
12044
12069
12094
12119
12144
12169
12194
12219
12244
12269
12294
12319
12344
12369
12394
12419
12444
12469
12494
12519
12544
12569
12594
12619
12644
12669
12694
12719
11720
11745
11770
11795
11820
11845
11870
11895
11920
11945
11970
11995
12020
12045
12070
12095
12120
12145
12170
12195
12220
12245
12270
12295
12320
12345
12370
12395
12420
12445
12470
12495
12520
12545
12570
12595
12620
12645
12670
12695
11721
11746
11771
11796
11821
11846
11871
11896
11921
11946
11971
11996
12021
12046
12071
12096
12121
12146
12171
12196
12221
12246
12271
12296
12321
12346
12371
12396
12421
12446
12471
12496
12521
12546
12571
12596
12621
12646
12671
12696
11722
11747
11772
11797
11822
11847
11872
11897
11922
11947
11972
11997
12022
12047
12072
12097
12122
12147
12172
12197
12222
12247
12272
12297
12322
12347
12372
12397
12422
12447
12472
12497
12522
12547
12572
12597
12622
12647
12672
12697
11723
11748
11773
11798
11823
11848
11873
11898
11923
11948
11973
11998
12023
12048
12073
12098
12123
12148
12173
12198
12223
12248
12273
12298
12323
12348
12373
12398
12423
12448
12473
12498
12523
12548
12573
12598
12623
12648
12673
12698
11724
11749
11774
11799
11824
11849
11874
11899
11924
11949
11974
11999
12024
12049
12074
12099
12124
12149
12174
12199
12224
12249
12274
12299
12324
12349
12374
12399
12424
12449
12474
12499
12524
12549
12574
12599
12624
12649
12674
12699
11725
11750
11775
11800
11825
11850
11875
11900
11925
11950
11975
12000
12025
12050
12075
12100
12125
12150
12175
12200
12225
12250
12275
12300
12325
12350
12375
12400
12425
12450
12475
12500
12525
12550
12575
12600
12625
12650
12675
12700
11726
11751
11776
11801
11826
11851
11876
11901
11926
11951
11976
12001
12026
12051
12076
12101
12126
12151
12176
12201
12226
12251
12276
12301
12326
12351
12376
12401
12426
12451
12476
12501
12526
12551
12576
12601
12626
12651
12676
12701
11727
11752
11777
11802
11827
11852
11877
11902
11927
11952
11977
12002
12027
12052
12077
12102
12127
12152
12177
12202
12227
12252
12277
12302
12327
12352
12377
12402
12427
12452
12477
12502
12527
12552
12577
12602
12627
12652
12677
12702
11728
11753
11778
11803
11828
11853
11878
11903
11928
11953
11978
12003
12028
12053
12078
12103
12128
12153
12178
12203
12228
12253
12278
12303
12328
12353
12378
12403
12428
12453
12478
12503
12528
12553
12578
12603
12628
12653
12678
12703
11729
11754
11779
11804
11829
11854
11879
11904
11929
11954
11979
12004
12029
12054
12079
12104
12129
12154
12179
12204
12229
12254
12279
12304
12329
12354
12379
12404
12429
12454
12479
12504
12529
12554
12579
12604
12629
12654
12679
12704
11730
11755
11780
11805
11830
11855
11880
11905
11930
11955
11980
12005
12030
12055
12080
12105
12130
12155
12180
12205
12230
12255
12280
12305
12330
12355
12380
12405
12430
12455
12480
12505
12530
12555
12580
12605
12630
12655
12680
12705
11731
11756
11781
11806
11831
11856
11881
11906
11931
11956
11981
12006
12031
12056
12081
12106
12131
12156
12181
12206
12231
12256
12281
12306
12331
12356
12381
12406
12431
12456
12481
12506
12531
12556
12581
12606
12631
12656
12681
12706
11732
11757
11782
11807
11832
11857
11882
11907
11932
11957
11982
12007
12032
12057
12082
12107
12132
12157
12182
12207
12232
12257
12282
12307
12332
12357
12382
12407
12432
12457
12482
12507
12532
12557
12582
12607
12632
12657
12682
12707
11733
11758
11783
11808
11833
11858
11883
11908
11933
11958
11983
12008
12033
12058
12083
12108
12133
12158
12183
12208
12233
12258
12283
12308
12333
12358
12383
12408
12433
12458
12483
12508
12533
12558
12583
12608
12633
12658
12683
12708
11734
11759
11784
11809
11834
11859
11884
11909
11934
11959
11984
12009
12034
12059
12084
12109
12134
12159
12184
12209
12234
12259
12284
12309
12334
12359
12384
12409
12434
12459
12484
12509
12534
12559
12584
12609
12634
12659
12684
12709
11735
11760
11785
11810
11835
11860
11885
11910
11935
11960
11985
12010
12035
12060
12085
12110
12135
12160
12185
12210
12235
12260
12285
12310
12335
12360
12385
12410
12435
12460
12485
12510
12535
12560
12585
12610
12635
12660
12685
12710
11736
11761
11786
11811
11836
11861
11886
11911
11936
11961
11986
12011
12036
12061
12086
12111
12136
12161
12186
12211
12236
12261
12286
12311
12336
12361
12386
12411
12436
12461
12486
12511
12536
12561
12586
12611
12636
12661
12686
12711
11737
11762
11787
11812
11837
11862
11887
11912
11937
11962
11987
12012
12037
12062
12087
12112
12137
12162
12187
12212
12237
12262
12287
12312
12337
12362
12387
12412
12437
12462
12487
12512
12537
12562
12587
12612
12637
12662
12687
12712
11738
11763
11788
11813
11838
11863
11888
11913
11938
11963
11988
12013
12038
12063
12088
12113
12138
12163
12188
12213
12238
12263
12288
12313
12338
12363
12388
12413
12438
12463
12488
12513
12538
12563
12588
12613
12638
12663
12688
12713
11739
11764
11789
11814
11839
11864
11889
11914
11939
11964
11989
12014
12039
12064
12089
12114
12139
12164
12189
12214
12239
12264
12289
12314
12339
12364
12389
12414
12439
12464
12489
12514
12539
12564
12589
12614
12639
12664
12689
12714
11740
11765
11790
11815
11840
11865
11890
11915
11940
11965
11990
12015
12040
12065
12090
12115
12140
12165
12190
12215
12240
12265
12290
12315
12340
12365
12390
12415
12440
12465
12490
12515
12540
12565
12590
12615
12640
12665
12690
12715
11741
11766
11791
11816
11841
11866
11891
11916
11941
11966
11991
12016
12041
12066
12091
12116
12141
12166
12191
12216
12241
12266
12291
12316
12341
12366
12391
12416
12441
12466
12491
12516
12541
12566
12591
12616
12641
12666
12691
12716
11742
11767
11792
11817
11842
11867
11892
11917
11942
11967
11992
12017
12042
12067
12092
12117
12142
12167
12192
12217
12242
12267
12292
12317
12342
12367
12392
12417
12442
12467
12492
12517
12542
12567
12592
12617
12642
12667
12692
12717
11743
11768
11793
11818
11843
11868
11893
11918
11943
11968
11993
12018
12043
12068
12093
12118
12143
12168
12193
12218
12243
12268
12293
12318
12343
12368
12393
12418
12443
12468
12493
12518
12543
12568
12593
12618
12643
12668
12693
12718
11744
11769
11794
11819
11844
11869
11894
11919
11944
11969
11994
12019
12044
12069
12094
12119
12144
12169
12194
12219
12244
12269
12294
12319
12344
12369
12394
12419
12444
12469
12494
12519
12544
12569
12594
12619
12644
12669
12694
12719
12720
12745
12770
12795
12820
12845
12870
12895
12920
12945
12970
12995
13020
13045
13070
13095
13120
13145
13170
13195
13220
13245
13270
13295
13320
13345
13370
13395
13420
13445
13470
13495
13520
13545
13570
13595
13620
13645
13670
13695
12721
12746
12771
12796
12821
12846
12871
12896
12921
12946
12971
12996
13021
13046
13071
13096
13121
13146
13171
13196
13221
13246
13271
13296
13321
13346
13371
13396
13421
13446
13471
13496
13521
13546
13571
13596
13621
13646
13671
13696
12722
12747
12772
12797
12822
12847
12872
12897
12922
12947
12972
12997
13022
13047
13072
13097
13122
13147
13172
13197
13222
13247
13272
13297
13322
13347
13372
13397
13422
13447
13472
13497
13522
13547
13572
13597
13622
13647
13672
13697
12723
12748
12773
12798
12823
12848
12873
12898
12923
12948
12973
12998
13023
13048
13073
13098
13123
13148
13173
13198
13223
13248
13273
13298
13323
13348
13373
13398
13423
13448
13473
13498
13523
13548
13573
13598
13623
13648
13673
13698
12724
12749
12774
12799
12824
12849
12874
12899
12924
12949
12974
12999
13024
13049
13074
13099
13124
13149
13174
13199
13224
13249
13274
13299
13324
13349
13374
13399
13424
13449
13474
13499
13524
13549
13574
13599
13624
13649
13674
13699
12725
12750
12775
12800
12825
12850
12875
12900
12925
12950
12975
13000
13025
13050
13075
13100
13125
13150
13175
13200
13225
13250
13275
13300
13325
13350
13375
13400
13425
13450
13475
13500
13525
13550
13575
13600
13625
13650
13675
13700
12726
12751
12776
12801
12826
12851
12876
12901
12926
12951
12976
13001
13026
13051
13076
13101
13126
13151
13176
13201
13226
13251
13276
13301
13326
13351
13376
13401
13426
13451
13476
13501
13526
13551
13576
13601
13626
13651
13676
13701
12727
12752
12777
12802
12827
12852
12877
12902
12927
12952
12977
13002
13027
13052
13077
13102
13127
13152
13177
13202
13227
13252
13277
13302
13327
13352
13377
13402
13427
13452
13477
13502
13527
13552
13577
13602
13627
13652
13677
13702
12728
12753
12778
12803
12828
12853
12878
12903
12928
12953
12978
13003
13028
13053
13078
13103
13128
13153
13178
13203
13228
13253
13278
13303
13328
13353
13378
13403
13428
13453
13478
13503
13528
13553
13578
13603
13628
13653
13678
13703
12729
12754
12779
12804
12829
12854
12879
12904
12929
12954
12979
13004
13029
13054
13079
13104
13129
13154
13179
13204
13229
13254
13279
13304
13329
13354
13379
13404
13429
13454
13479
13504
13529
13554
13579
13604
13629
13654
13679
13704
12730
12755
12780
12805
12830
12855
12880
12905
12930
12955
12980
13005
13030
13055
13080
13105
13130
13155
13180
13205
13230
13255
13280
13305
13330
13355
13380
13405
13430
13455
13480
13505
13530
13555
13580
13605
13630
13655
13680
13705
12731
12756
12781
12806
12831
12856
12881
12906
12931
12956
12981
13006
13031
13056
13081
13106
13131
13156
13181
13206
13231
13256
13281
13306
13331
13356
13381
13406
13431
13456
13481
13506
13531
13556
13581
13606
13631
13656
13681
13706
12732
12757
12782
12807
12832
12857
12882
12907
12932
12957
12982
13007
13032
13057
13082
13107
13132
13157
13182
13207
13232
13257
13282
13307
13332
13357
13382
13407
13432
13457
13482
13507
13532
13557
13582
13607
13632
13657
13682
13707
12733
12758
12783
12808
12833
12858
12883
12908
12933
12958
12983
13008
13033
13058
13083
13108
13133
13158
13183
13208
13233
13258
13283
13308
13333
13358
13383
13408
13433
13458
13483
13508
13533
13558
13583
13608
13633
13658
13683
13708
12734
12759
12784
12809
12834
12859
12884
12909
12934
12959
12984
13009
13034
13059
13084
13109
13134
13159
13184
13209
13234
13259
13284
13309
13334
13359
13384
13409
13434
13459
13484
13509
13534
13559
13584
13609
13634
13659
13684
13709
12735
12760
12785
12810
12835
12860
12885
12910
12935
12960
12985
13010
13035
13060
13085
13110
13135
13160
13185
13210
13235
13260
13285
13310
13335
13360
13385
13410
13435
13460
13485
13510
13535
13560
13585
13610
13635
13660
13685
13710
12736
12761
12786
12811
12836
12861
12886
12911
12936
12961
12986
13011
13036
13061
13086
13111
13136
13161
13186
13211
13236
13261
13286
13311
13336
13361
13386
13411
13436
13461
13486
13511
13536
13561
13586
13611
13636
13661
13686
13711
12737
12762
12787
12812
12837
12862
12887
12912
12937
12962
12987
13012
13037
13062
13087
13112
13137
13162
13187
13212
13237
13262
13287
13312
13337
13362
13387
13412
13437
13462
13487
13512
13537
13562
13587
13612
13637
13662
13687
13712
12738
12763
12788
12813
12838
12863
12888
12913
12938
12963
12988
13013
13038
13063
13088
13113
13138
13163
13188
13213
13238
13263
13288
13313
13338
13363
13388
13413
13438
13463
13488
13513
13538
13563
13588
13613
13638
13663
13688
13713
12739
12764
12789
12814
12839
12864
12889
12914
12939
12964
12989
13014
13039
13064
13089
13114
13139
13164
13189
13214
13239
13264
13289
13314
13339
13364
13389
13414
13439
13464
13489
13514
13539
13564
13589
13614
13639
13664
13689
13714
12740
12765
12790
12815
12840
12865
12890
12915
12940
12965
12990
13015
13040
13065
13090
13115
13140
13165
13190
13215
13240
13265
13290
13315
13340
13365
13390
13415
13440
13465
13490
13515
13540
13565
13590
13615
13640
13665
13690
13715
12741
12766
12791
12816
12841
12866
12891
12916
12941
12966
12991
13016
13041
13066
13091
13116
13141
13166
13191
13216
13241
13266
13291
13316
13341
13366
13391
13416
13441
13466
13491
13516
13541
13566
13591
13616
13641
13666
13691
13716
12742
12767
12792
12817
12842
12867
12892
12917
12942
12967
12992
13017
13042
13067
13092
13117
13142
13167
13192
13217
13242
13267
13292
13317
13342
13367
13392
13417
13442
13467
13492
13517
13542
13567
13592
13617
13642
13667
13692
13717
12743
12768
12793
12818
12843
12868
12893
12918
12943
12968
12993
13018
13043
13068
13093
13118
13143
13168
13193
13218
13243
13268
13293
13318
13343
13368
13393
13418
13443
13468
13493
13518
13543
13568
13593
13618
13643
13668
13693
13718
12744
12769
12794
12819
12844
12869
12894
12919
12944
12969
12994
13019
13044
13069
13094
13119
13144
13169
13194
13219
13244
13269
13294
13319
13344
13369
13394
13419
13444
13469
13494
13519
13544
13569
13594
13619
13644
13669
13694
13719
12720
12745
12770
12795
12820
12845
12870
12895
12920
12945
12970
12995
13020
13045
13070
13095
13120
13145
13170
13195
13220
13245
13270
13295
13320
13345
13370
13395
13420
13445
13470
13495
13520
13545
13570
13595
13620
13645
13670
13695
12721
12746
12771
12796
12821
12846
12871
12896
12921
12946
12971
12996
13021
13046
13071
13096
13121
13146
13171
13196
13221
13246
13271
13296
13321
13346
13371
13396
13421
13446
13471
13496
13521
13546
13571
13596
13621
13646
13671
13696
12722
12747
12772
12797
12822
12847
12872
12897
12922
12947
12972
12997
13022
13047
13072
13097
13122
13147
13172
13197
13222
13247
13272
13297
13322
13347
13372
13397
13422
13447
13472
13497
13522
13547
13572
13597
13622
13647
13672
13697
12723
12748
12773
12798
12823
12848
12873
12898
12923
12948
12973
12998
13023
13048
13073
13098
13123
13148
13173
13198
13223
13248
13273
13298
13323
13348
13373
13398
13423
13448
13473
13498
13523
13548
13573
13598
13623
13648
13673
13698
12724
12749
12774
12799
12824
12849
12874
12899
12924
12949
12974
12999
13024
13049
13074
13099
13124
13149
13174
13199
13224
13249
13274
13299
13324
13349
13374
13399
13424
13449
13474
13499
13524
13549
13574
13599
13624
13649
13674
13699
12725
12750
12775
12800
12825
12850
12875
12900
12925
12950
12975
13000
13025
13050
13075
13100
13125
13150
13175
13200
13225
13250
13275
13300
13325
13350
13375
13400
13425
13450
13475
13500
13525
13550
13575
13600
13625
13650
13675
13700
12726
12751
12776
12801
12826
12851
12876
12901
12926
12951
12976
13001
13026
13051
13076
13101
13126
13151
13176
13201
13226
13251
13276
13301
13326
13351
13376
13401
13426
13451
13476
13501
13526
13551
13576
13601
13626
13651
13676
13701
12727
12752
12777
12802
12827
12852
12877
12902
12927
12952
12977
13002
13027
13052
13077
13102
13127
13152
13177
13202
13227
13252
13277
13302
13327
13352
13377
13402
13427
13452
13477
13502
13527
13552
13577
13602
13627
13652
13677
13702
12728
12753
12778
12803
12828
12853
12878
12903
12928
12953
12978
13003
13028
13053
13078
13103
13128
13153
13178
13203
13228
13253
13278
13303
13328
13353
13378
13403
13428
13453
13478
13503
13528
13553
13578
13603
13628
13653
13678
13703
12729
12754
12779
12804
12829
12854
12879
12904
12929
12954
12979
13004
13029
13054
13079
13104
13129
13154
13179
13204
13229
13254
13279
13304
13329
13354
13379
13404
13429
13454
13479
13504
13529
13554
13579
13604
13629
13654
13679
13704
12730
12755
12780
12805
12830
12855
12880
12905
12930
12955
12980
13005
13030
13055
13080
13105
13130
13155
13180
13205
13230
13255
13280
13305
13330
13355
13380
13405
13430
13455
13480
13505
13530
13555
13580
13605
13630
13655
13680
13705
12731
12756
12781
12806
12831
12856
12881
12906
12931
12956
12981
13006
13031
13056
13081
13106
13131
13156
13181
13206
13231
13256
13281
13306
13331
13356
13381
13406
13431
13456
13481
13506
13531
13556
13581
13606
13631
13656
13681
13706
12732
12757
12782
12807
12832
12857
12882
12907
12932
12957
12982
13007
13032
13057
13082
13107
13132
13157
13182
13207
13232
13257
13282
13307
13332
13357
13382
13407
13432
13457
13482
13507
13532
13557
13582
13607
13632
13657
13682
13707
12733
12758
12783
12808
12833
12858
12883
12908
12933
12958
12983
13008
13033
13058
13083
13108
13133
13158
13183
13208
13233
13258
13283
13308
13333
13358
13383
13408
13433
13458
13483
13508
13533
13558
13583
13608
13633
13658
13683
13708
12734
12759
12784
12809
12834
12859
12884
12909
12934
12959
12984
13009
13034
13059
13084
13109
13134
13159
13184
13209
13234
13259
13284
13309
13334
13359
13384
13409
13434
13459
13484
13509
13534
13559
13584
13609
13634
13659
13684
13709
12735
12760
12785
12810
12835
12860
12885
12910
12935
12960
12985
13010
13035
13060
13085
13110
13135
13160
13185
13210
13235
13260
13285
13310
13335
13360
13385
13410
13435
13460
13485
13510
13535
13560
13585
13610
13635
13660
13685
13710
12736
12761
12786
12811
12836
12861
12886
12911
12936
12961
12986
13011
13036
13061
13086
13111
13136
13161
13186
13211
13236
13261
13286
13311
13336
13361
13386
13411
13436
13461
13486
13511
13536
13561
13586
13611
13636
13661
13686
13711
12737
12762
12787
12812
12837
12862
12887
12912
12937
12962
12987
13012
13037
13062
13087
13112
13137
13162
13187
13212
13237
13262
13287
13312
13337
13362
13387
13412
13437
13462
13487
13512
13537
13562
13587
13612
13637
13662
13687
13712
12738
12763
12788
12813
12838
12863
12888
12913
12938
12963
12988
13013
13038
13063
13088
13113
13138
13163
13188
13213
13238
13263
13288
13313
13338
13363
13388
13413
13438
13463
13488
13513
13538
13563
13588
13613
13638
13663
13688
13713
12739
12764
12789
12814
12839
12864
12889
12914
12939
12964
12989
13014
13039
13064
13089
13114
13139
13164
13189
13214
13239
13264
13289
13314
13339
13364
13389
13414
13439
13464
13489
13514
13539
13564
13589
13614
13639
13664
13689
13714
12740
12765
12790
12815
12840
12865
12890
12915
12940
12965
12990
13015
13040
13065
13090
13115
13140
13165
13190
13215
13240
13265
13290
13315
13340
13365
13390
13415
13440
13465
13490
13515
13540
13565
13590
13615
13640
13665
13690
13715
12741
12766
12791
12816
12841
12866
12891
12916
12941
12966
12991
13016
13041
13066
13091
13116
13141
13166
13191
13216
13241
13266
13291
13316
13341
13366
13391
13416
13441
13466
13491
13516
13541
13566
13591
13616
13641
13666
13691
13716
12742
12767
12792
12817
12842
12867
12892
12917
12942
12967
12992
13017
13042
13067
13092
13117
13142
13167
13192
13217
13242
13267
13292
13317
13342
13367
13392
13417
13442
13467
13492
13517
13542
13567
13592
13617
13642
13667
13692
13717
12743
12768
12793
12818
12843
12868
12893
12918
12943
12968
12993
13018
13043
13068
13093
13118
13143
13168
13193
13218
13243
13268
13293
13318
13343
13368
13393
13418
13443
13468
13493
13518
13543
13568
13593
13618
13643
13668
13693
13718
12744
12769
12794
12819
12844
12869
12894
12919
12944
12969
12994
13019
13044
13069
13094
13119
13144
13169
13194
13219
13244
13269
13294
13319
13344
13369
13394
13419
13444
13469
13494
13519
13544
13569
13594
13619
13644
13669
13694
13719
13720
13735
13750
13765
13780
13795
13810
13825
13840
13855
13870
13885
13900
13915
13930
13945
13960
13975
13990
14005
14020
14035
14050
14065
14080
14095
13721
13736
13751
13766
13781
13796
13811
13826
13841
13856
13871
13886
13901
13916
13931
13946
13961
13976
13991
14006
14021
14036
14051
14066
14081
14096
13722
13737
13752
13767
13782
13797
13812
13827
13842
13857
13872
13887
13902
13917
13932
13947
13962
13977
13992
14007
14022
14037
14052
14067
14082
14097
13723
13738
13753
13768
13783
13798
13813
13828
13843
13858
13873
13888
13903
13918
13933
13948
13963
13978
13993
14008
14023
14038
14053
14068
14083
14098
13724
13739
13754
13769
13784
13799
13814
13829
13844
13859
13874
13889
13904
13919
13934
13949
13964
13979
13994
14009
14024
14039
14054
14069
14084
14099
13725
13740
13755
13770
13785
13800
13815
13830
13845
13860
13875
13890
13905
13920
13935
13950
13965
13980
13995
14010
14025
14040
14055
14070
14085
14100
13726
13741
13756
13771
13786
13801
13816
13831
13846
13861
13876
13891
13906
13921
13936
13951
13966
13981
13996
14011
14026
14041
14056
14071
14086
14101
13727
13742
13757
13772
13787
13802
13817
13832
13847
13862
13877
13892
13907
13922
13937
13952
13967
13982
13997
14012
14027
14042
14057
14072
14087
14102
13728
13743
13758
13773
13788
13803
13818
13833
13848
13863
13878
13893
13908
13923
13938
13953
13968
13983
13998
14013
14028
14043
14058
14073
14088
14103
13729
13744
13759
13774
13789
13804
13819
13834
13849
13864
13879
13894
13909
13924
13939
13954
13969
13984
13999
14014
14029
14044
14059
14074
14089
14104
13730
13745
13760
13775
13790
13805
13820
13835
13850
13865
13880
13895
13910
13925
13940
13955
13970
13985
14000
14015
14030
14045
14060
14075
14090
14105
13731
13746
13761
13776
13791
13806
13821
13836
13851
13866
13881
13896
13911
13926
13941
13956
13971
13986
14001
14016
14031
14046
14061
14076
14091
14106
13732
13747
13762
13777
13792
13807
13822
13837
13852
13867
13882
13897
13912
13927
13942
13957
13972
13987
14002
14017
14032
14047
14062
14077
14092
14107
13733
13748
13763
13778
13793
13808
13823
13838
13853
13868
13883
13898
13913
13928
13943
13958
13973
13988
14003
14018
14033
14048
14063
14078
14093
14108
13734
13749
13764
13779
13794
13809
13824
13839
13854
13869
13884
13899
13914
13929
13944
13959
13974
13989
14004
14019
14034
14049
14064
14079
14094
14109
13720
13735
13750
13765
13780
13795
13810
13825
13840
13855
13870
13885
13900
13915
13930
13945
13960
13975
13990
14005
14020
14035
14050
14065
14080
14095
13721
13736
13751
13766
13781
13796
13811
13826
13841
13856
13871
13886
13901
13916
13931
13946
13961
13976
13991
14006
14021
14036
14051
14066
14081
14096
13722
13737
13752
13767
13782
13797
13812
13827
13842
13857
13872
13887
13902
13917
13932
13947
13962
13977
13992
14007
14022
14037
14052
14067
14082
14097
13723
13738
13753
13768
13783
13798
13813
13828
13843
13858
13873
13888
13903
13918
13933
13948
13963
13978
13993
14008
14023
14038
14053
14068
14083
14098
13724
13739
13754
13769
13784
13799
13814
13829
13844
13859
13874
13889
13904
13919
13934
13949
13964
13979
13994
14009
14024
14039
14054
14069
14084
14099
13725
13740
13755
13770
13785
13800
13815
13830
13845
13860
13875
13890
13905
13920
13935
13950
13965
13980
13995
14010
14025
14040
14055
14070
14085
14100
13726
13741
13756
13771
13786
13801
13816
13831
13846
13861
13876
13891
13906
13921
13936
13951
13966
13981
13996
14011
14026
14041
14056
14071
14086
14101
13727
13742
13757
13772
13787
13802
13817
13832
13847
13862
13877
13892
13907
13922
13937
13952
13967
13982
13997
14012
14027
14042
14057
14072
14087
14102
13728
13743
13758
13773
13788
13803
13818
13833
13848
13863
13878
13893
13908
13923
13938
13953
13968
13983
13998
14013
14028
14043
14058
14073
14088
14103
13729
13744
13759
13774
13789
13804
13819
13834
13849
13864
13879
13894
13909
13924
13939
13954
13969
13984
13999
14014
14029
14044
14059
14074
14089
14104
13730
13745
13760
13775
13790
13805
13820
13835
13850
13865
13880
13895
13910
13925
13940
13955
13970
13985
14000
14015
14030
14045
14060
14075
14090
14105
13731
13746
13761
13776
13791
13806
13821
13836
13851
13866
13881
13896
13911
13926
13941
13956
13971
13986
14001
14016
14031
14046
14061
14076
14091
14106
13732
13747
13762
13777
13792
13807
13822
13837
13852
13867
13882
13897
13912
13927
13942
13957
13972
13987
14002
14017
14032
14047
14062
14077
14092
14107
13733
13748
13763
13778
13793
13808
13823
13838
13853
13868
13883
13898
13913
13928
13943
13958
13973
13988
14003
14018
14033
14048
14063
14078
14093
14108
13734
13749
13764
13779
13794
13809
13824
13839
13854
13869
13884
13899
13914
13929
13944
13959
13974
13989
14004
14019
14034
14049
14064
14079
14094
14109
14110
14135
14160
14185
14210
14235
14260
14285
14310
14335
14360
14385
14410
14435
14460
14111
14136
14161
14186
14211
14236
14261
14286
14311
14336
14361
14386
14411
14436
14461
14112
14137
14162
14187
14212
14237
14262
14287
14312
14337
14362
14387
14412
14437
14462
14113
14138
14163
14188
14213
14238
14263
14288
14313
14338
14363
14388
14413
14438
14463
14114
14139
14164
14189
14214
14239
14264
14289
14314
14339
14364
14389
14414
14439
14464
14115
14140
14165
14190
14215
14240
14265
14290
14315
14340
14365
14390
14415
14440
14465
14116
14141
14166
14191
14216
14241
14266
14291
14316
14341
14366
14391
14416
14441
14466
14117
14142
14167
14192
14217
14242
14267
14292
14317
14342
14367
14392
14417
14442
14467
14118
14143
14168
14193
14218
14243
14268
14293
14318
14343
14368
14393
14418
14443
14468
14119
14144
14169
14194
14219
14244
14269
14294
14319
14344
14369
14394
14419
14444
14469
14120
14145
14170
14195
14220
14245
14270
14295
14320
14345
14370
14395
14420
14445
14470
14121
14146
14171
14196
14221
14246
14271
14296
14321
14346
14371
14396
14421
14446
14471
14122
14147
14172
14197
14222
14247
14272
14297
14322
14347
14372
14397
14422
14447
14472
14123
14148
14173
14198
14223
14248
14273
14298
14323
14348
14373
14398
14423
14448
14473
14124
14149
14174
14199
14224
14249
14274
14299
14324
14349
14374
14399
14424
14449
14474
14125
14150
14175
14200
14225
14250
14275
14300
14325
14350
14375
14400
14425
14450
14475
14126
14151
14176
14201
14226
14251
14276
14301
14326
14351
14376
14401
14426
14451
14476
14127
14152
14177
14202
14227
14252
14277
14302
14327
14352
14377
14402
14427
14452
14477
14128
14153
14178
14203
14228
14253
14278
14303
14328
14353
14378
14403
14428
14453
14478
14129
14154
14179
14204
14229
14254
14279
14304
14329
14354
14379
14404
14429
14454
14479
14130
14155
14180
14205
14230
14255
14280
14305
14330
14355
14380
14405
14430
14455
14480
14131
14156
14181
14206
14231
14256
14281
14306
14331
14356
14381
14406
14431
14456
14481
14132
14157
14182
14207
14232
14257
14282
14307
14332
14357
14382
14407
14432
14457
14482
14133
14158
14183
14208
14233
14258
14283
14308
14333
14358
14383
14408
14433
14458
14483
14134
14159
14184
14209
14234
14259
14284
14309
14334
14359
14384
14409
14434
14459
14484
14110
14135
14160
14185
14210
14235
14260
14285
14310
14335
14360
14385
14410
14435
14460
14111
14136
14161
14186
14211
14236
14261
14286
14311
14336
14361
14386
14411
14436
14461
14112
14137
14162
14187
14212
14237
14262
14287
14312
14337
14362
14387
14412
14437
14462
14113
14138
14163
14188
14213
14238
14263
14288
14313
14338
14363
14388
14413
14438
14463
14114
14139
14164
14189
14214
14239
14264
14289
14314
14339
14364
14389
14414
14439
14464
14115
14140
14165
14190
14215
14240
14265
14290
14315
14340
14365
14390
14415
14440
14465
14116
14141
14166
14191
14216
14241
14266
14291
14316
14341
14366
14391
14416
14441
14466
14117
14142
14167
14192
14217
14242
14267
14292
14317
14342
14367
14392
14417
14442
14467
14118
14143
14168
14193
14218
14243
14268
14293
14318
14343
14368
14393
14418
14443
14468
14119
14144
14169
14194
14219
14244
14269
14294
14319
14344
14369
14394
14419
14444
14469
14120
14145
14170
14195
14220
14245
14270
14295
14320
14345
14370
14395
14420
14445
14470
14121
14146
14171
14196
14221
14246
14271
14296
14321
14346
14371
14396
14421
14446
14471
14122
14147
14172
14197
14222
14247
14272
14297
14322
14347
14372
14397
14422
14447
14472
14123
14148
14173
14198
14223
14248
14273
14298
14323
14348
14373
14398
14423
14448
14473
14124
14149
14174
14199
14224
14249
14274
14299
14324
14349
14374
14399
14424
14449
14474
14125
14150
14175
14200
14225
14250
14275
14300
14325
14350
14375
14400
14425
14450
14475
14126
14151
14176
14201
14226
14251
14276
14301
14326
14351
14376
14401
14426
14451
14476
14127
14152
14177
14202
14227
14252
14277
14302
14327
14352
14377
14402
14427
14452
14477
14128
14153
14178
14203
14228
14253
14278
14303
14328
14353
14378
14403
14428
14453
14478
14129
14154
14179
14204
14229
14254
14279
14304
14329
14354
14379
14404
14429
14454
14479
14130
14155
14180
14205
14230
14255
14280
14305
14330
14355
14380
14405
14430
14455
14480
14131
14156
14181
14206
14231
14256
14281
14306
14331
14356
14381
14406
14431
14456
14481
14132
14157
14182
14207
14232
14257
14282
14307
14332
14357
14382
14407
14432
14457
14482
14133
14158
14183
14208
14233
14258
14283
14308
14333
14358
14383
14408
14433
14458
14483
14134
14159
14184
14209
14234
14259
14284
14309
14334
14359
14384
14409
14434
14459
14484
14485
14510
14535
14560
14585
14610
14635
14660
14685
14710
14735
14760
14785
14810
14835
14486
14511
14536
14561
14586
14611
14636
14661
14686
14711
14736
14761
14786
14811
14836
14487
14512
14537
14562
14587
14612
14637
14662
14687
14712
14737
14762
14787
14812
14837
14488
14513
14538
14563
14588
14613
14638
14663
14688
14713
14738
14763
14788
14813
14838
14489
14514
14539
14564
14589
14614
14639
14664
14689
14714
14739
14764
14789
14814
14839
14490
14515
14540
14565
14590
14615
14640
14665
14690
14715
14740
14765
14790
14815
14840
14491
14516
14541
14566
14591
14616
14641
14666
14691
14716
14741
14766
14791
14816
14841
14492
14517
14542
14567
14592
14617
14642
14667
14692
14717
14742
14767
14792
14817
14842
14493
14518
14543
14568
14593
14618
14643
14668
14693
14718
14743
14768
14793
14818
14843
14494
14519
14544
14569
14594
14619
14644
14669
14694
14719
14744
14769
14794
14819
14844
14495
14520
14545
14570
14595
14620
14645
14670
14695
14720
14745
14770
14795
14820
14845
14496
14521
14546
14571
14596
14621
14646
14671
14696
14721
14746
14771
14796
14821
14846
14497
14522
14547
14572
14597
14622
14647
14672
14697
14722
14747
14772
14797
14822
14847
14498
14523
14548
14573
14598
14623
14648
14673
14698
14723
14748
14773
14798
14823
14848
14499
14524
14549
14574
14599
14624
14649
14674
14699
14724
14749
14774
14799
14824
14849
14500
14525
14550
14575
14600
14625
14650
14675
14700
14725
14750
14775
14800
14825
14850
14501
14526
14551
14576
14601
14626
14651
14676
14701
14726
14751
14776
14801
14826
14851
14502
14527
14552
14577
14602
14627
14652
14677
14702
14727
14752
14777
14802
14827
14852
14503
14528
14553
14578
14603
14628
14653
14678
14703
14728
14753
14778
14803
14828
14853
14504
14529
14554
14579
14604
14629
14654
14679
14704
14729
14754
14779
14804
14829
14854
14505
14530
14555
14580
14605
14630
14655
14680
14705
14730
14755
14780
14805
14830
14855
14506
14531
14556
14581
14606
14631
14656
14681
14706
14731
14756
14781
14806
14831
14856
14507
14532
14557
14582
14607
14632
14657
14682
14707
14732
14757
14782
14807
14832
14857
14508
14533
14558
14583
14608
14633
14658
14683
14708
14733
14758
14783
14808
14833
14858
14509
14534
14559
14584
14609
14634
14659
14684
14709
14734
14759
14784
14809
14834
14859
14485
14510
14535
14560
14585
14610
14635
14660
14685
14710
14735
14760
14785
14810
14835
14486
14511
14536
14561
14586
14611
14636
14661
14686
14711
14736
14761
14786
14811
14836
14487
14512
14537
14562
14587
14612
14637
14662
14687
14712
14737
14762
14787
14812
14837
14488
14513
14538
14563
14588
14613
14638
14663
14688
14713
14738
14763
14788
14813
14838
14489
14514
14539
14564
14589
14614
14639
14664
14689
14714
14739
14764
14789
14814
14839
14490
14515
14540
14565
14590
14615
14640
14665
14690
14715
14740
14765
14790
14815
14840
14491
14516
14541
14566
14591
14616
14641
14666
14691
14716
14741
14766
14791
14816
14841
14492
14517
14542
14567
14592
14617
14642
14667
14692
14717
14742
14767
14792
14817
14842
14493
14518
14543
14568
14593
14618
14643
14668
14693
14718
14743
14768
14793
14818
14843
14494
14519
14544
14569
14594
14619
14644
14669
14694
14719
14744
14769
14794
14819
14844
14495
14520
14545
14570
14595
14620
14645
14670
14695
14720
14745
14770
14795
14820
14845
14496
14521
14546
14571
14596
14621
14646
14671
14696
14721
14746
14771
14796
14821
14846
14497
14522
14547
14572
14597
14622
14647
14672
14697
14722
14747
14772
14797
14822
14847
14498
14523
14548
14573
14598
14623
14648
14673
14698
14723
14748
14773
14798
14823
14848
14499
14524
14549
14574
14599
14624
14649
14674
14699
14724
14749
14774
14799
14824
14849
14500
14525
14550
14575
14600
14625
14650
14675
14700
14725
14750
14775
14800
14825
14850
14501
14526
14551
14576
14601
14626
14651
14676
14701
14726
14751
14776
14801
14826
14851
14502
14527
14552
14577
14602
14627
14652
14677
14702
14727
14752
14777
14802
14827
14852
14503
14528
14553
14578
14603
14628
14653
14678
14703
14728
14753
14778
14803
14828
14853
14504
14529
14554
14579
14604
14629
14654
14679
14704
14729
14754
14779
14804
14829
14854
14505
14530
14555
14580
14605
14630
14655
14680
14705
14730
14755
14780
14805
14830
14855
14506
14531
14556
14581
14606
14631
14656
14681
14706
14731
14756
14781
14806
14831
14856
14507
14532
14557
14582
14607
14632
14657
14682
14707
14732
14757
14782
14807
14832
14857
14508
14533
14558
14583
14608
14633
14658
14683
14708
14733
14758
14783
14808
14833
14858
14509
14534
14559
14584
14609
14634
14659
14684
14709
14734
14759
14784
14809
14834
14859
)


// ************************************************************************* //
