/*--------------------------------*- C++ -*----------------------------------*\
  =========                 |
  \\      /  F ield         | OpenFOAM: The Open Source CFD Toolbox
   \\    /   O peration     | Website:  https://openfoam.org
    \\  /    A nd           | Version:  11
     \\/     M anipulation  |
\*---------------------------------------------------------------------------*/
FoamFile
{
    format      ascii;
    class       labelList;
    note        "nPoints:43272  nCells:21268  nFaces:85440  nInternalFaces:42168";
    location    "constant/polyMesh";
    object      neighbour;
}
// * * * * * * * * * * * * * * * * * * * * * * * * * * * * * * * * * * * * * //


42168
(
1
28
2
29
3
30
4
31
5
32
6
33
7
34
8
35
9
36
10
37
11
38
12
39
13
40
14
41
15
42
16
43
17
44
18
45
19
46
20
47
21
48
22
49
23
50
24
51
25
52
26
53
27
54
55
784
29
56
30
57
31
58
32
59
33
60
34
61
35
62
36
63
37
64
38
65
39
66
40
67
41
68
42
69
43
70
44
71
45
72
46
73
47
74
48
75
49
76
50
77
51
78
52
79
53
80
54
81
55
82
83
848
57
84
58
85
59
86
60
87
61
88
62
89
63
90
64
91
65
92
66
93
67
94
68
95
69
96
70
97
71
98
72
99
73
100
74
101
75
102
76
103
77
104
78
105
79
106
80
107
81
108
82
109
83
110
111
912
85
112
86
113
87
114
88
115
89
116
90
117
91
118
92
119
93
120
94
121
95
122
96
123
97
124
98
125
99
126
100
127
101
128
102
129
103
130
104
131
105
132
106
133
107
134
108
135
109
136
110
137
111
138
139
976
113
140
114
141
115
142
116
143
117
144
118
145
119
146
120
147
121
148
122
149
123
150
124
151
125
152
126
153
127
154
128
155
129
156
130
157
131
158
132
159
133
160
134
161
135
162
136
163
137
164
138
165
139
166
167
1040
141
168
142
169
143
170
144
171
145
172
146
173
147
174
148
175
149
176
150
177
151
178
152
179
153
180
154
181
155
182
156
183
157
184
158
185
159
186
160
187
161
188
162
189
163
190
164
191
165
192
166
193
167
194
195
1104
169
196
170
197
171
198
172
199
173
200
174
201
175
202
176
203
177
204
178
205
179
206
180
207
181
208
182
209
183
210
184
211
185
212
186
213
187
214
188
215
189
216
190
217
191
218
192
219
193
220
194
221
195
222
223
1168
197
224
198
225
199
226
200
227
201
228
202
229
203
230
204
231
205
232
206
233
207
234
208
235
209
236
210
237
211
238
212
239
213
240
214
241
215
242
216
243
217
244
218
245
219
246
220
247
221
248
222
249
223
250
251
1232
225
252
226
253
227
254
228
255
229
256
230
257
231
258
232
259
233
260
234
261
235
262
236
263
237
264
238
265
239
266
240
267
241
268
242
269
243
270
244
271
245
272
246
273
247
274
248
275
249
276
250
277
251
278
279
1296
253
280
254
281
255
282
256
283
257
284
258
285
259
286
260
287
261
288
262
289
263
290
264
291
265
292
266
293
267
294
268
295
269
296
270
297
271
298
272
299
273
300
274
301
275
302
276
303
277
304
278
305
279
306
307
1360
281
308
282
309
283
310
284
311
285
312
286
313
287
314
288
315
289
316
290
317
291
318
292
319
293
320
294
321
295
322
296
323
297
324
298
325
299
326
300
327
301
328
302
329
303
330
304
331
305
332
306
333
307
334
335
1424
309
336
310
337
311
338
312
339
313
340
314
341
315
342
316
343
317
344
318
345
319
346
320
347
321
348
322
349
323
350
324
351
325
352
326
353
327
354
328
355
329
356
330
357
331
358
332
359
333
360
334
361
335
362
363
1488
337
364
338
365
339
366
340
367
341
368
342
369
343
370
344
371
345
372
346
373
347
374
348
375
349
376
350
377
351
378
352
379
353
380
354
381
355
382
356
383
357
384
358
385
359
386
360
387
361
388
362
389
363
390
391
1552
365
392
366
393
367
394
368
395
369
396
370
397
371
398
372
399
373
400
374
401
375
402
376
403
377
404
378
405
379
406
380
407
381
408
382
409
383
410
384
411
385
412
386
413
387
414
388
415
389
416
390
417
391
418
419
1616
393
420
394
421
395
422
396
423
397
424
398
425
399
426
400
427
401
428
402
429
403
430
404
431
405
432
406
433
407
434
408
435
409
436
410
437
411
438
412
439
413
440
414
441
415
442
416
443
417
444
418
445
419
446
447
1680
421
448
422
449
423
450
424
451
425
452
426
453
427
454
428
455
429
456
430
457
431
458
432
459
433
460
434
461
435
462
436
463
437
464
438
465
439
466
440
467
441
468
442
469
443
470
444
471
445
472
446
473
447
474
475
1744
449
476
450
477
451
478
452
479
453
480
454
481
455
482
456
483
457
484
458
485
459
486
460
487
461
488
462
489
463
490
464
491
465
492
466
493
467
494
468
495
469
496
470
497
471
498
472
499
473
500
474
501
475
502
503
1808
477
504
478
505
479
506
480
507
481
508
482
509
483
510
484
511
485
512
486
513
487
514
488
515
489
516
490
517
491
518
492
519
493
520
494
521
495
522
496
523
497
524
498
525
499
526
500
527
501
528
502
529
503
530
531
1872
505
532
506
533
507
534
508
535
509
536
510
537
511
538
512
539
513
540
514
541
515
542
516
543
517
544
518
545
519
546
520
547
521
548
522
549
523
550
524
551
525
552
526
553
527
554
528
555
529
556
530
557
531
558
559
1936
533
560
534
561
535
562
536
563
537
564
538
565
539
566
540
567
541
568
542
569
543
570
544
571
545
572
546
573
547
574
548
575
549
576
550
577
551
578
552
579
553
580
554
581
555
582
556
583
557
584
558
585
559
586
587
2000
561
588
562
589
563
590
564
591
565
592
566
593
567
594
568
595
569
596
570
597
571
598
572
599
573
600
574
601
575
602
576
603
577
604
578
605
579
606
580
607
581
608
582
609
583
610
584
611
585
612
586
613
587
614
615
2064
589
616
590
617
591
618
592
619
593
620
594
621
595
622
596
623
597
624
598
625
599
626
600
627
601
628
602
629
603
630
604
631
605
632
606
633
607
634
608
635
609
636
610
637
611
638
612
639
613
640
614
641
615
642
643
2128
617
644
618
645
619
646
620
647
621
648
622
649
623
650
624
651
625
652
626
653
627
654
628
655
629
656
630
657
631
658
632
659
633
660
634
661
635
662
636
663
637
664
638
665
639
666
640
667
641
668
642
669
643
670
671
2192
645
672
646
673
647
674
648
675
649
676
650
677
651
678
652
679
653
680
654
681
655
682
656
683
657
684
658
685
659
686
660
687
661
688
662
689
663
690
664
691
665
692
666
693
667
694
668
695
669
696
670
697
671
698
699
2256
673
700
674
701
675
702
676
703
677
704
678
705
679
706
680
707
681
708
682
709
683
710
684
711
685
712
686
713
687
714
688
715
689
716
690
717
691
718
692
719
693
720
694
721
695
722
696
723
697
724
698
725
699
726
727
2320
701
728
702
729
703
730
704
731
705
732
706
733
707
734
708
735
709
736
710
737
711
738
712
739
713
740
714
741
715
742
716
743
717
744
718
745
719
746
720
747
721
748
722
749
723
750
724
751
725
752
726
753
727
754
755
2384
729
756
730
757
731
758
732
759
733
760
734
761
735
762
736
763
737
764
738
765
739
766
740
767
741
768
742
769
743
770
744
771
745
772
746
773
747
774
748
775
749
776
750
777
751
778
752
779
753
780
754
781
755
782
783
2448
757
5152
758
5153
759
5154
760
5155
761
5156
762
5157
763
5158
764
5159
765
5160
766
5161
767
5162
768
5163
769
5164
770
5165
771
5166
772
5167
773
5168
774
5169
775
5170
776
5171
777
5172
778
5173
779
5174
780
5175
781
5176
782
5177
783
5178
2512
5179
785
848
786
849
787
850
788
851
789
852
790
853
791
854
792
855
793
856
794
857
795
858
796
859
797
860
798
861
799
862
800
863
801
864
802
865
803
866
804
867
805
868
806
869
807
870
808
871
809
872
810
873
811
874
812
875
813
876
814
877
815
878
816
879
817
880
818
881
819
882
820
883
821
884
822
885
823
886
824
887
825
888
826
889
827
890
828
891
829
892
830
893
831
894
832
895
833
896
834
897
835
898
836
899
837
900
838
901
839
902
840
903
841
904
842
905
843
906
844
907
845
908
846
909
847
910
911
2576
849
912
850
913
851
914
852
915
853
916
854
917
855
918
856
919
857
920
858
921
859
922
860
923
861
924
862
925
863
926
864
927
865
928
866
929
867
930
868
931
869
932
870
933
871
934
872
935
873
936
874
937
875
938
876
939
877
940
878
941
879
942
880
943
881
944
882
945
883
946
884
947
885
948
886
949
887
950
888
951
889
952
890
953
891
954
892
955
893
956
894
957
895
958
896
959
897
960
898
961
899
962
900
963
901
964
902
965
903
966
904
967
905
968
906
969
907
970
908
971
909
972
910
973
911
974
975
2668
913
976
914
977
915
978
916
979
917
980
918
981
919
982
920
983
921
984
922
985
923
986
924
987
925
988
926
989
927
990
928
991
929
992
930
993
931
994
932
995
933
996
934
997
935
998
936
999
937
1000
938
1001
939
1002
940
1003
941
1004
942
1005
943
1006
944
1007
945
1008
946
1009
947
1010
948
1011
949
1012
950
1013
951
1014
952
1015
953
1016
954
1017
955
1018
956
1019
957
1020
958
1021
959
1022
960
1023
961
1024
962
1025
963
1026
964
1027
965
1028
966
1029
967
1030
968
1031
969
1032
970
1033
971
1034
972
1035
973
1036
974
1037
975
1038
1039
2760
977
1040
978
1041
979
1042
980
1043
981
1044
982
1045
983
1046
984
1047
985
1048
986
1049
987
1050
988
1051
989
1052
990
1053
991
1054
992
1055
993
1056
994
1057
995
1058
996
1059
997
1060
998
1061
999
1062
1000
1063
1001
1064
1002
1065
1003
1066
1004
1067
1005
1068
1006
1069
1007
1070
1008
1071
1009
1072
1010
1073
1011
1074
1012
1075
1013
1076
1014
1077
1015
1078
1016
1079
1017
1080
1018
1081
1019
1082
1020
1083
1021
1084
1022
1085
1023
1086
1024
1087
1025
1088
1026
1089
1027
1090
1028
1091
1029
1092
1030
1093
1031
1094
1032
1095
1033
1096
1034
1097
1035
1098
1036
1099
1037
1100
1038
1101
1039
1102
1103
2852
1041
1104
1042
1105
1043
1106
1044
1107
1045
1108
1046
1109
1047
1110
1048
1111
1049
1112
1050
1113
1051
1114
1052
1115
1053
1116
1054
1117
1055
1118
1056
1119
1057
1120
1058
1121
1059
1122
1060
1123
1061
1124
1062
1125
1063
1126
1064
1127
1065
1128
1066
1129
1067
1130
1068
1131
1069
1132
1070
1133
1071
1134
1072
1135
1073
1136
1074
1137
1075
1138
1076
1139
1077
1140
1078
1141
1079
1142
1080
1143
1081
1144
1082
1145
1083
1146
1084
1147
1085
1148
1086
1149
1087
1150
1088
1151
1089
1152
1090
1153
1091
1154
1092
1155
1093
1156
1094
1157
1095
1158
1096
1159
1097
1160
1098
1161
1099
1162
1100
1163
1101
1164
1102
1165
1103
1166
1167
2944
1105
1168
1106
1169
1107
1170
1108
1171
1109
1172
1110
1173
1111
1174
1112
1175
1113
1176
1114
1177
1115
1178
1116
1179
1117
1180
1118
1181
1119
1182
1120
1183
1121
1184
1122
1185
1123
1186
1124
1187
1125
1188
1126
1189
1127
1190
1128
1191
1129
1192
1130
1193
1131
1194
1132
1195
1133
1196
1134
1197
1135
1198
1136
1199
1137
1200
1138
1201
1139
1202
1140
1203
1141
1204
1142
1205
1143
1206
1144
1207
1145
1208
1146
1209
1147
1210
1148
1211
1149
1212
1150
1213
1151
1214
1152
1215
1153
1216
1154
1217
1155
1218
1156
1219
1157
1220
1158
1221
1159
1222
1160
1223
1161
1224
1162
1225
1163
1226
1164
1227
1165
1228
1166
1229
1167
1230
1231
3036
1169
1232
1170
1233
1171
1234
1172
1235
1173
1236
1174
1237
1175
1238
1176
1239
1177
1240
1178
1241
1179
1242
1180
1243
1181
1244
1182
1245
1183
1246
1184
1247
1185
1248
1186
1249
1187
1250
1188
1251
1189
1252
1190
1253
1191
1254
1192
1255
1193
1256
1194
1257
1195
1258
1196
1259
1197
1260
1198
1261
1199
1262
1200
1263
1201
1264
1202
1265
1203
1266
1204
1267
1205
1268
1206
1269
1207
1270
1208
1271
1209
1272
1210
1273
1211
1274
1212
1275
1213
1276
1214
1277
1215
1278
1216
1279
1217
1280
1218
1281
1219
1282
1220
1283
1221
1284
1222
1285
1223
1286
1224
1287
1225
1288
1226
1289
1227
1290
1228
1291
1229
1292
1230
1293
1231
1294
1295
3128
1233
1296
1234
1297
1235
1298
1236
1299
1237
1300
1238
1301
1239
1302
1240
1303
1241
1304
1242
1305
1243
1306
1244
1307
1245
1308
1246
1309
1247
1310
1248
1311
1249
1312
1250
1313
1251
1314
1252
1315
1253
1316
1254
1317
1255
1318
1256
1319
1257
1320
1258
1321
1259
1322
1260
1323
1261
1324
1262
1325
1263
1326
1264
1327
1265
1328
1266
1329
1267
1330
1268
1331
1269
1332
1270
1333
1271
1334
1272
1335
1273
1336
1274
1337
1275
1338
1276
1339
1277
1340
1278
1341
1279
1342
1280
1343
1281
1344
1282
1345
1283
1346
1284
1347
1285
1348
1286
1349
1287
1350
1288
1351
1289
1352
1290
1353
1291
1354
1292
1355
1293
1356
1294
1357
1295
1358
1359
3220
1297
1360
1298
1361
1299
1362
1300
1363
1301
1364
1302
1365
1303
1366
1304
1367
1305
1368
1306
1369
1307
1370
1308
1371
1309
1372
1310
1373
1311
1374
1312
1375
1313
1376
1314
1377
1315
1378
1316
1379
1317
1380
1318
1381
1319
1382
1320
1383
1321
1384
1322
1385
1323
1386
1324
1387
1325
1388
1326
1389
1327
1390
1328
1391
1329
1392
1330
1393
1331
1394
1332
1395
1333
1396
1334
1397
1335
1398
1336
1399
1337
1400
1338
1401
1339
1402
1340
1403
1341
1404
1342
1405
1343
1406
1344
1407
1345
1408
1346
1409
1347
1410
1348
1411
1349
1412
1350
1413
1351
1414
1352
1415
1353
1416
1354
1417
1355
1418
1356
1419
1357
1420
1358
1421
1359
1422
1423
3312
1361
1424
1362
1425
1363
1426
1364
1427
1365
1428
1366
1429
1367
1430
1368
1431
1369
1432
1370
1433
1371
1434
1372
1435
1373
1436
1374
1437
1375
1438
1376
1439
1377
1440
1378
1441
1379
1442
1380
1443
1381
1444
1382
1445
1383
1446
1384
1447
1385
1448
1386
1449
1387
1450
1388
1451
1389
1452
1390
1453
1391
1454
1392
1455
1393
1456
1394
1457
1395
1458
1396
1459
1397
1460
1398
1461
1399
1462
1400
1463
1401
1464
1402
1465
1403
1466
1404
1467
1405
1468
1406
1469
1407
1470
1408
1471
1409
1472
1410
1473
1411
1474
1412
1475
1413
1476
1414
1477
1415
1478
1416
1479
1417
1480
1418
1481
1419
1482
1420
1483
1421
1484
1422
1485
1423
1486
1487
3404
1425
1488
1426
1489
1427
1490
1428
1491
1429
1492
1430
1493
1431
1494
1432
1495
1433
1496
1434
1497
1435
1498
1436
1499
1437
1500
1438
1501
1439
1502
1440
1503
1441
1504
1442
1505
1443
1506
1444
1507
1445
1508
1446
1509
1447
1510
1448
1511
1449
1512
1450
1513
1451
1514
1452
1515
1453
1516
1454
1517
1455
1518
1456
1519
1457
1520
1458
1521
1459
1522
1460
1523
1461
1524
1462
1525
1463
1526
1464
1527
1465
1528
1466
1529
1467
1530
1468
1531
1469
1532
1470
1533
1471
1534
1472
1535
1473
1536
1474
1537
1475
1538
1476
1539
1477
1540
1478
1541
1479
1542
1480
1543
1481
1544
1482
1545
1483
1546
1484
1547
1485
1548
1486
1549
1487
1550
1551
3496
1489
1552
1490
1553
1491
1554
1492
1555
1493
1556
1494
1557
1495
1558
1496
1559
1497
1560
1498
1561
1499
1562
1500
1563
1501
1564
1502
1565
1503
1566
1504
1567
1505
1568
1506
1569
1507
1570
1508
1571
1509
1572
1510
1573
1511
1574
1512
1575
1513
1576
1514
1577
1515
1578
1516
1579
1517
1580
1518
1581
1519
1582
1520
1583
1521
1584
1522
1585
1523
1586
1524
1587
1525
1588
1526
1589
1527
1590
1528
1591
1529
1592
1530
1593
1531
1594
1532
1595
1533
1596
1534
1597
1535
1598
1536
1599
1537
1600
1538
1601
1539
1602
1540
1603
1541
1604
1542
1605
1543
1606
1544
1607
1545
1608
1546
1609
1547
1610
1548
1611
1549
1612
1550
1613
1551
1614
1615
3588
1553
1616
1554
1617
1555
1618
1556
1619
1557
1620
1558
1621
1559
1622
1560
1623
1561
1624
1562
1625
1563
1626
1564
1627
1565
1628
1566
1629
1567
1630
1568
1631
1569
1632
1570
1633
1571
1634
1572
1635
1573
1636
1574
1637
1575
1638
1576
1639
1577
1640
1578
1641
1579
1642
1580
1643
1581
1644
1582
1645
1583
1646
1584
1647
1585
1648
1586
1649
1587
1650
1588
1651
1589
1652
1590
1653
1591
1654
1592
1655
1593
1656
1594
1657
1595
1658
1596
1659
1597
1660
1598
1661
1599
1662
1600
1663
1601
1664
1602
1665
1603
1666
1604
1667
1605
1668
1606
1669
1607
1670
1608
1671
1609
1672
1610
1673
1611
1674
1612
1675
1613
1676
1614
1677
1615
1678
1679
3680
1617
1680
1618
1681
1619
1682
1620
1683
1621
1684
1622
1685
1623
1686
1624
1687
1625
1688
1626
1689
1627
1690
1628
1691
1629
1692
1630
1693
1631
1694
1632
1695
1633
1696
1634
1697
1635
1698
1636
1699
1637
1700
1638
1701
1639
1702
1640
1703
1641
1704
1642
1705
1643
1706
1644
1707
1645
1708
1646
1709
1647
1710
1648
1711
1649
1712
1650
1713
1651
1714
1652
1715
1653
1716
1654
1717
1655
1718
1656
1719
1657
1720
1658
1721
1659
1722
1660
1723
1661
1724
1662
1725
1663
1726
1664
1727
1665
1728
1666
1729
1667
1730
1668
1731
1669
1732
1670
1733
1671
1734
1672
1735
1673
1736
1674
1737
1675
1738
1676
1739
1677
1740
1678
1741
1679
1742
1743
3772
1681
1744
1682
1745
1683
1746
1684
1747
1685
1748
1686
1749
1687
1750
1688
1751
1689
1752
1690
1753
1691
1754
1692
1755
1693
1756
1694
1757
1695
1758
1696
1759
1697
1760
1698
1761
1699
1762
1700
1763
1701
1764
1702
1765
1703
1766
1704
1767
1705
1768
1706
1769
1707
1770
1708
1771
1709
1772
1710
1773
1711
1774
1712
1775
1713
1776
1714
1777
1715
1778
1716
1779
1717
1780
1718
1781
1719
1782
1720
1783
1721
1784
1722
1785
1723
1786
1724
1787
1725
1788
1726
1789
1727
1790
1728
1791
1729
1792
1730
1793
1731
1794
1732
1795
1733
1796
1734
1797
1735
1798
1736
1799
1737
1800
1738
1801
1739
1802
1740
1803
1741
1804
1742
1805
1743
1806
1807
3864
1745
1808
1746
1809
1747
1810
1748
1811
1749
1812
1750
1813
1751
1814
1752
1815
1753
1816
1754
1817
1755
1818
1756
1819
1757
1820
1758
1821
1759
1822
1760
1823
1761
1824
1762
1825
1763
1826
1764
1827
1765
1828
1766
1829
1767
1830
1768
1831
1769
1832
1770
1833
1771
1834
1772
1835
1773
1836
1774
1837
1775
1838
1776
1839
1777
1840
1778
1841
1779
1842
1780
1843
1781
1844
1782
1845
1783
1846
1784
1847
1785
1848
1786
1849
1787
1850
1788
1851
1789
1852
1790
1853
1791
1854
1792
1855
1793
1856
1794
1857
1795
1858
1796
1859
1797
1860
1798
1861
1799
1862
1800
1863
1801
1864
1802
1865
1803
1866
1804
1867
1805
1868
1806
1869
1807
1870
1871
3956
1809
1872
1810
1873
1811
1874
1812
1875
1813
1876
1814
1877
1815
1878
1816
1879
1817
1880
1818
1881
1819
1882
1820
1883
1821
1884
1822
1885
1823
1886
1824
1887
1825
1888
1826
1889
1827
1890
1828
1891
1829
1892
1830
1893
1831
1894
1832
1895
1833
1896
1834
1897
1835
1898
1836
1899
1837
1900
1838
1901
1839
1902
1840
1903
1841
1904
1842
1905
1843
1906
1844
1907
1845
1908
1846
1909
1847
1910
1848
1911
1849
1912
1850
1913
1851
1914
1852
1915
1853
1916
1854
1917
1855
1918
1856
1919
1857
1920
1858
1921
1859
1922
1860
1923
1861
1924
1862
1925
1863
1926
1864
1927
1865
1928
1866
1929
1867
1930
1868
1931
1869
1932
1870
1933
1871
1934
1935
4048
1873
1936
1874
1937
1875
1938
1876
1939
1877
1940
1878
1941
1879
1942
1880
1943
1881
1944
1882
1945
1883
1946
1884
1947
1885
1948
1886
1949
1887
1950
1888
1951
1889
1952
1890
1953
1891
1954
1892
1955
1893
1956
1894
1957
1895
1958
1896
1959
1897
1960
1898
1961
1899
1962
1900
1963
1901
1964
1902
1965
1903
1966
1904
1967
1905
1968
1906
1969
1907
1970
1908
1971
1909
1972
1910
1973
1911
1974
1912
1975
1913
1976
1914
1977
1915
1978
1916
1979
1917
1980
1918
1981
1919
1982
1920
1983
1921
1984
1922
1985
1923
1986
1924
1987
1925
1988
1926
1989
1927
1990
1928
1991
1929
1992
1930
1993
1931
1994
1932
1995
1933
1996
1934
1997
1935
1998
1999
4140
1937
2000
1938
2001
1939
2002
1940
2003
1941
2004
1942
2005
1943
2006
1944
2007
1945
2008
1946
2009
1947
2010
1948
2011
1949
2012
1950
2013
1951
2014
1952
2015
1953
2016
1954
2017
1955
2018
1956
2019
1957
2020
1958
2021
1959
2022
1960
2023
1961
2024
1962
2025
1963
2026
1964
2027
1965
2028
1966
2029
1967
2030
1968
2031
1969
2032
1970
2033
1971
2034
1972
2035
1973
2036
1974
2037
1975
2038
1976
2039
1977
2040
1978
2041
1979
2042
1980
2043
1981
2044
1982
2045
1983
2046
1984
2047
1985
2048
1986
2049
1987
2050
1988
2051
1989
2052
1990
2053
1991
2054
1992
2055
1993
2056
1994
2057
1995
2058
1996
2059
1997
2060
1998
2061
1999
2062
2063
4232
2001
2064
2002
2065
2003
2066
2004
2067
2005
2068
2006
2069
2007
2070
2008
2071
2009
2072
2010
2073
2011
2074
2012
2075
2013
2076
2014
2077
2015
2078
2016
2079
2017
2080
2018
2081
2019
2082
2020
2083
2021
2084
2022
2085
2023
2086
2024
2087
2025
2088
2026
2089
2027
2090
2028
2091
2029
2092
2030
2093
2031
2094
2032
2095
2033
2096
2034
2097
2035
2098
2036
2099
2037
2100
2038
2101
2039
2102
2040
2103
2041
2104
2042
2105
2043
2106
2044
2107
2045
2108
2046
2109
2047
2110
2048
2111
2049
2112
2050
2113
2051
2114
2052
2115
2053
2116
2054
2117
2055
2118
2056
2119
2057
2120
2058
2121
2059
2122
2060
2123
2061
2124
2062
2125
2063
2126
2127
4324
2065
2128
2066
2129
2067
2130
2068
2131
2069
2132
2070
2133
2071
2134
2072
2135
2073
2136
2074
2137
2075
2138
2076
2139
2077
2140
2078
2141
2079
2142
2080
2143
2081
2144
2082
2145
2083
2146
2084
2147
2085
2148
2086
2149
2087
2150
2088
2151
2089
2152
2090
2153
2091
2154
2092
2155
2093
2156
2094
2157
2095
2158
2096
2159
2097
2160
2098
2161
2099
2162
2100
2163
2101
2164
2102
2165
2103
2166
2104
2167
2105
2168
2106
2169
2107
2170
2108
2171
2109
2172
2110
2173
2111
2174
2112
2175
2113
2176
2114
2177
2115
2178
2116
2179
2117
2180
2118
2181
2119
2182
2120
2183
2121
2184
2122
2185
2123
2186
2124
2187
2125
2188
2126
2189
2127
2190
2191
4416
2129
2192
2130
2193
2131
2194
2132
2195
2133
2196
2134
2197
2135
2198
2136
2199
2137
2200
2138
2201
2139
2202
2140
2203
2141
2204
2142
2205
2143
2206
2144
2207
2145
2208
2146
2209
2147
2210
2148
2211
2149
2212
2150
2213
2151
2214
2152
2215
2153
2216
2154
2217
2155
2218
2156
2219
2157
2220
2158
2221
2159
2222
2160
2223
2161
2224
2162
2225
2163
2226
2164
2227
2165
2228
2166
2229
2167
2230
2168
2231
2169
2232
2170
2233
2171
2234
2172
2235
2173
2236
2174
2237
2175
2238
2176
2239
2177
2240
2178
2241
2179
2242
2180
2243
2181
2244
2182
2245
2183
2246
2184
2247
2185
2248
2186
2249
2187
2250
2188
2251
2189
2252
2190
2253
2191
2254
2255
4508
2193
2256
2194
2257
2195
2258
2196
2259
2197
2260
2198
2261
2199
2262
2200
2263
2201
2264
2202
2265
2203
2266
2204
2267
2205
2268
2206
2269
2207
2270
2208
2271
2209
2272
2210
2273
2211
2274
2212
2275
2213
2276
2214
2277
2215
2278
2216
2279
2217
2280
2218
2281
2219
2282
2220
2283
2221
2284
2222
2285
2223
2286
2224
2287
2225
2288
2226
2289
2227
2290
2228
2291
2229
2292
2230
2293
2231
2294
2232
2295
2233
2296
2234
2297
2235
2298
2236
2299
2237
2300
2238
2301
2239
2302
2240
2303
2241
2304
2242
2305
2243
2306
2244
2307
2245
2308
2246
2309
2247
2310
2248
2311
2249
2312
2250
2313
2251
2314
2252
2315
2253
2316
2254
2317
2255
2318
2319
4600
2257
2320
2258
2321
2259
2322
2260
2323
2261
2324
2262
2325
2263
2326
2264
2327
2265
2328
2266
2329
2267
2330
2268
2331
2269
2332
2270
2333
2271
2334
2272
2335
2273
2336
2274
2337
2275
2338
2276
2339
2277
2340
2278
2341
2279
2342
2280
2343
2281
2344
2282
2345
2283
2346
2284
2347
2285
2348
2286
2349
2287
2350
2288
2351
2289
2352
2290
2353
2291
2354
2292
2355
2293
2356
2294
2357
2295
2358
2296
2359
2297
2360
2298
2361
2299
2362
2300
2363
2301
2364
2302
2365
2303
2366
2304
2367
2305
2368
2306
2369
2307
2370
2308
2371
2309
2372
2310
2373
2311
2374
2312
2375
2313
2376
2314
2377
2315
2378
2316
2379
2317
2380
2318
2381
2319
2382
2383
4692
2321
2384
2322
2385
2323
2386
2324
2387
2325
2388
2326
2389
2327
2390
2328
2391
2329
2392
2330
2393
2331
2394
2332
2395
2333
2396
2334
2397
2335
2398
2336
2399
2337
2400
2338
2401
2339
2402
2340
2403
2341
2404
2342
2405
2343
2406
2344
2407
2345
2408
2346
2409
2347
2410
2348
2411
2349
2412
2350
2413
2351
2414
2352
2415
2353
2416
2354
2417
2355
2418
2356
2419
2357
2420
2358
2421
2359
2422
2360
2423
2361
2424
2362
2425
2363
2426
2364
2427
2365
2428
2366
2429
2367
2430
2368
2431
2369
2432
2370
2433
2371
2434
2372
2435
2373
2436
2374
2437
2375
2438
2376
2439
2377
2440
2378
2441
2379
2442
2380
2443
2381
2444
2382
2445
2383
2446
2447
4784
2385
2448
2386
2449
2387
2450
2388
2451
2389
2452
2390
2453
2391
2454
2392
2455
2393
2456
2394
2457
2395
2458
2396
2459
2397
2460
2398
2461
2399
2462
2400
2463
2401
2464
2402
2465
2403
2466
2404
2467
2405
2468
2406
2469
2407
2470
2408
2471
2409
2472
2410
2473
2411
2474
2412
2475
2413
2476
2414
2477
2415
2478
2416
2479
2417
2480
2418
2481
2419
2482
2420
2483
2421
2484
2422
2485
2423
2486
2424
2487
2425
2488
2426
2489
2427
2490
2428
2491
2429
2492
2430
2493
2431
2494
2432
2495
2433
2496
2434
2497
2435
2498
2436
2499
2437
2500
2438
2501
2439
2502
2440
2503
2441
2504
2442
2505
2443
2506
2444
2507
2445
2508
2446
2509
2447
2510
2511
4876
2449
2512
2450
2513
2451
2514
2452
2515
2453
2516
2454
2517
2455
2518
2456
2519
2457
2520
2458
2521
2459
2522
2460
2523
2461
2524
2462
2525
2463
2526
2464
2527
2465
2528
2466
2529
2467
2530
2468
2531
2469
2532
2470
2533
2471
2534
2472
2535
2473
2536
2474
2537
2475
2538
2476
2539
2477
2540
2478
2541
2479
2542
2480
2543
2481
2544
2482
2545
2483
2546
2484
2547
2485
2548
2486
2549
2487
2550
2488
2551
2489
2552
2490
2553
2491
2554
2492
2555
2493
2556
2494
2557
2495
2558
2496
2559
2497
2560
2498
2561
2499
2562
2500
2563
2501
2564
2502
2565
2503
2566
2504
2567
2505
2568
2506
2569
2507
2570
2508
2571
2509
2572
2510
2573
2511
2574
2575
4968
2513
6944
2514
6945
2515
6946
2516
6947
2517
6948
2518
6949
2519
6950
2520
6951
2521
6952
2522
6953
2523
6954
2524
6955
2525
6956
2526
6957
2527
6958
2528
6959
2529
6960
2530
6961
2531
6962
2532
6963
2533
6964
2534
6965
2535
6966
2536
6967
2537
6968
2538
6969
2539
6970
2540
6971
2541
6972
2542
6973
2543
6974
2544
6975
2545
6976
2546
6977
2547
6978
2548
6979
2549
6980
2550
6981
2551
6982
2552
6983
2553
6984
2554
6985
2555
6986
2556
6987
2557
6988
2558
6989
2559
6990
2560
6991
2561
6992
2562
6993
2563
6994
2564
6995
2565
6996
2566
6997
2567
6998
2568
6999
2569
7000
2570
7001
2571
7002
2572
7003
2573
7004
2574
7005
2575
7006
5060
7007
2577
2668
2578
2669
2579
2670
2580
2671
2581
2672
2582
2673
2583
2674
2584
2675
2585
2676
2586
2677
2587
2678
2588
2679
2589
2680
2590
2681
2591
2682
2592
2683
2593
2684
2594
2685
2595
2686
2596
2687
2597
2688
2598
2689
2599
2690
2600
2691
2601
2692
2602
2693
2603
2694
2604
2695
2605
2696
2606
2697
2607
2698
2608
2699
2609
2700
2610
2701
2611
2702
2612
2703
2613
2704
2614
2705
2615
2706
2616
2707
2617
2708
2618
2709
2619
2710
2620
2711
2621
2712
2622
2713
2623
2714
2624
2715
2625
2716
2626
2717
2627
2718
2628
2719
2629
2720
2630
2721
2631
2722
2632
2723
2633
2724
2634
2725
2635
2726
2636
2727
2637
2728
2638
2729
2639
2730
2640
2731
2641
2732
2642
2733
2643
2734
2644
2735
2645
2736
2646
2737
2647
2738
2648
2739
2649
2740
2650
2741
2651
2742
2652
2743
2653
2744
2654
2745
2655
2746
2656
2747
2657
2748
2658
2749
2659
2750
2660
2751
2661
2752
2662
2753
2663
2754
2664
2755
2665
2756
2666
2757
2667
2758
2759
2669
2760
2670
2761
2671
2762
2672
2763
2673
2764
2674
2765
2675
2766
2676
2767
2677
2768
2678
2769
2679
2770
2680
2771
2681
2772
2682
2773
2683
2774
2684
2775
2685
2776
2686
2777
2687
2778
2688
2779
2689
2780
2690
2781
2691
2782
2692
2783
2693
2784
2694
2785
2695
2786
2696
2787
2697
2788
2698
2789
2699
2790
2700
2791
2701
2792
2702
2793
2703
2794
2704
2795
2705
2796
2706
2797
2707
2798
2708
2799
2709
2800
2710
2801
2711
2802
2712
2803
2713
2804
2714
2805
2715
2806
2716
2807
2717
2808
2718
2809
2719
2810
2720
2811
2721
2812
2722
2813
2723
2814
2724
2815
2725
2816
2726
2817
2727
2818
2728
2819
2729
2820
2730
2821
2731
2822
2732
2823
2733
2824
2734
2825
2735
2826
2736
2827
2737
2828
2738
2829
2739
2830
2740
2831
2741
2832
2742
2833
2743
2834
2744
2835
2745
2836
2746
2837
2747
2838
2748
2839
2749
2840
2750
2841
2751
2842
2752
2843
2753
2844
2754
2845
2755
2846
2756
2847
2757
2848
2758
2849
2759
2850
2851
2761
2852
2762
2853
2763
2854
2764
2855
2765
2856
2766
2857
2767
2858
2768
2859
2769
2860
2770
2861
2771
2862
2772
2863
2773
2864
2774
2865
2775
2866
2776
2867
2777
2868
2778
2869
2779
2870
2780
2871
2781
2872
2782
2873
2783
2874
2784
2875
2785
2876
2786
2877
2787
2878
2788
2879
2789
2880
2790
2881
2791
2882
2792
2883
2793
2884
2794
2885
2795
2886
2796
2887
2797
2888
2798
2889
2799
2890
2800
2891
2801
2892
2802
2893
2803
2894
2804
2895
2805
2896
2806
2897
2807
2898
2808
2899
2809
2900
2810
2901
2811
2902
2812
2903
2813
2904
2814
2905
2815
2906
2816
2907
2817
2908
2818
2909
2819
2910
2820
2911
2821
2912
2822
2913
2823
2914
2824
2915
2825
2916
2826
2917
2827
2918
2828
2919
2829
2920
2830
2921
2831
2922
2832
2923
2833
2924
2834
2925
2835
2926
2836
2927
2837
2928
2838
2929
2839
2930
2840
2931
2841
2932
2842
2933
2843
2934
2844
2935
2845
2936
2846
2937
2847
2938
2848
2939
2849
2940
2850
2941
2851
2942
2943
2853
2944
2854
2945
2855
2946
2856
2947
2857
2948
2858
2949
2859
2950
2860
2951
2861
2952
2862
2953
2863
2954
2864
2955
2865
2956
2866
2957
2867
2958
2868
2959
2869
2960
2870
2961
2871
2962
2872
2963
2873
2964
2874
2965
2875
2966
2876
2967
2877
2968
2878
2969
2879
2970
2880
2971
2881
2972
2882
2973
2883
2974
2884
2975
2885
2976
2886
2977
2887
2978
2888
2979
2889
2980
2890
2981
2891
2982
2892
2983
2893
2984
2894
2985
2895
2986
2896
2987
2897
2988
2898
2989
2899
2990
2900
2991
2901
2992
2902
2993
2903
2994
2904
2995
2905
2996
2906
2997
2907
2998
2908
2999
2909
3000
2910
3001
2911
3002
2912
3003
2913
3004
2914
3005
2915
3006
2916
3007
2917
3008
2918
3009
2919
3010
2920
3011
2921
3012
2922
3013
2923
3014
2924
3015
2925
3016
2926
3017
2927
3018
2928
3019
2929
3020
2930
3021
2931
3022
2932
3023
2933
3024
2934
3025
2935
3026
2936
3027
2937
3028
2938
3029
2939
3030
2940
3031
2941
3032
2942
3033
2943
3034
3035
2945
3036
2946
3037
2947
3038
2948
3039
2949
3040
2950
3041
2951
3042
2952
3043
2953
3044
2954
3045
2955
3046
2956
3047
2957
3048
2958
3049
2959
3050
2960
3051
2961
3052
2962
3053
2963
3054
2964
3055
2965
3056
2966
3057
2967
3058
2968
3059
2969
3060
2970
3061
2971
3062
2972
3063
2973
3064
2974
3065
2975
3066
2976
3067
2977
3068
2978
3069
2979
3070
2980
3071
2981
3072
2982
3073
2983
3074
2984
3075
2985
3076
2986
3077
2987
3078
2988
3079
2989
3080
2990
3081
2991
3082
2992
3083
2993
3084
2994
3085
2995
3086
2996
3087
2997
3088
2998
3089
2999
3090
3000
3091
3001
3092
3002
3093
3003
3094
3004
3095
3005
3096
3006
3097
3007
3098
3008
3099
3009
3100
3010
3101
3011
3102
3012
3103
3013
3104
3014
3105
3015
3106
3016
3107
3017
3108
3018
3109
3019
3110
3020
3111
3021
3112
3022
3113
3023
3114
3024
3115
3025
3116
3026
3117
3027
3118
3028
3119
3029
3120
3030
3121
3031
3122
3032
3123
3033
3124
3034
3125
3035
3126
3127
3037
3128
3038
3129
3039
3130
3040
3131
3041
3132
3042
3133
3043
3134
3044
3135
3045
3136
3046
3137
3047
3138
3048
3139
3049
3140
3050
3141
3051
3142
3052
3143
3053
3144
3054
3145
3055
3146
3056
3147
3057
3148
3058
3149
3059
3150
3060
3151
3061
3152
3062
3153
3063
3154
3064
3155
3065
3156
3066
3157
3067
3158
3068
3159
3069
3160
3070
3161
3071
3162
3072
3163
3073
3164
3074
3165
3075
3166
3076
3167
3077
3168
3078
3169
3079
3170
3080
3171
3081
3172
3082
3173
3083
3174
3084
3175
3085
3176
3086
3177
3087
3178
3088
3179
3089
3180
3090
3181
3091
3182
3092
3183
3093
3184
3094
3185
3095
3186
3096
3187
3097
3188
3098
3189
3099
3190
3100
3191
3101
3192
3102
3193
3103
3194
3104
3195
3105
3196
3106
3197
3107
3198
3108
3199
3109
3200
3110
3201
3111
3202
3112
3203
3113
3204
3114
3205
3115
3206
3116
3207
3117
3208
3118
3209
3119
3210
3120
3211
3121
3212
3122
3213
3123
3214
3124
3215
3125
3216
3126
3217
3127
3218
3219
3129
3220
3130
3221
3131
3222
3132
3223
3133
3224
3134
3225
3135
3226
3136
3227
3137
3228
3138
3229
3139
3230
3140
3231
3141
3232
3142
3233
3143
3234
3144
3235
3145
3236
3146
3237
3147
3238
3148
3239
3149
3240
3150
3241
3151
3242
3152
3243
3153
3244
3154
3245
3155
3246
3156
3247
3157
3248
3158
3249
3159
3250
3160
3251
3161
3252
3162
3253
3163
3254
3164
3255
3165
3256
3166
3257
3167
3258
3168
3259
3169
3260
3170
3261
3171
3262
3172
3263
3173
3264
3174
3265
3175
3266
3176
3267
3177
3268
3178
3269
3179
3270
3180
3271
3181
3272
3182
3273
3183
3274
3184
3275
3185
3276
3186
3277
3187
3278
3188
3279
3189
3280
3190
3281
3191
3282
3192
3283
3193
3284
3194
3285
3195
3286
3196
3287
3197
3288
3198
3289
3199
3290
3200
3291
3201
3292
3202
3293
3203
3294
3204
3295
3205
3296
3206
3297
3207
3298
3208
3299
3209
3300
3210
3301
3211
3302
3212
3303
3213
3304
3214
3305
3215
3306
3216
3307
3217
3308
3218
3309
3219
3310
3311
3221
3312
3222
3313
3223
3314
3224
3315
3225
3316
3226
3317
3227
3318
3228
3319
3229
3320
3230
3321
3231
3322
3232
3323
3233
3324
3234
3325
3235
3326
3236
3327
3237
3328
3238
3329
3239
3330
3240
3331
3241
3332
3242
3333
3243
3334
3244
3335
3245
3336
3246
3337
3247
3338
3248
3339
3249
3340
3250
3341
3251
3342
3252
3343
3253
3344
3254
3345
3255
3346
3256
3347
3257
3348
3258
3349
3259
3350
3260
3351
3261
3352
3262
3353
3263
3354
3264
3355
3265
3356
3266
3357
3267
3358
3268
3359
3269
3360
3270
3361
3271
3362
3272
3363
3273
3364
3274
3365
3275
3366
3276
3367
3277
3368
3278
3369
3279
3370
3280
3371
3281
3372
3282
3373
3283
3374
3284
3375
3285
3376
3286
3377
3287
3378
3288
3379
3289
3380
3290
3381
3291
3382
3292
3383
3293
3384
3294
3385
3295
3386
3296
3387
3297
3388
3298
3389
3299
3390
3300
3391
3301
3392
3302
3393
3303
3394
3304
3395
3305
3396
3306
3397
3307
3398
3308
3399
3309
3400
3310
3401
3311
3402
3403
3313
3404
3314
3405
3315
3406
3316
3407
3317
3408
3318
3409
3319
3410
3320
3411
3321
3412
3322
3413
3323
3414
3324
3415
3325
3416
3326
3417
3327
3418
3328
3419
3329
3420
3330
3421
3331
3422
3332
3423
3333
3424
3334
3425
3335
3426
3336
3427
3337
3428
3338
3429
3339
3430
3340
3431
3341
3432
3342
3433
3343
3434
3344
3435
3345
3436
3346
3437
3347
3438
3348
3439
3349
3440
3350
3441
3351
3442
3352
3443
3353
3444
3354
3445
3355
3446
3356
3447
3357
3448
3358
3449
3359
3450
3360
3451
3361
3452
3362
3453
3363
3454
3364
3455
3365
3456
3366
3457
3367
3458
3368
3459
3369
3460
3370
3461
3371
3462
3372
3463
3373
3464
3374
3465
3375
3466
3376
3467
3377
3468
3378
3469
3379
3470
3380
3471
3381
3472
3382
3473
3383
3474
3384
3475
3385
3476
3386
3477
3387
3478
3388
3479
3389
3480
3390
3481
3391
3482
3392
3483
3393
3484
3394
3485
3395
3486
3396
3487
3397
3488
3398
3489
3399
3490
3400
3491
3401
3492
3402
3493
3403
3494
3495
3405
3496
3406
3497
3407
3498
3408
3499
3409
3500
3410
3501
3411
3502
3412
3503
3413
3504
3414
3505
3415
3506
3416
3507
3417
3508
3418
3509
3419
3510
3420
3511
3421
3512
3422
3513
3423
3514
3424
3515
3425
3516
3426
3517
3427
3518
3428
3519
3429
3520
3430
3521
3431
3522
3432
3523
3433
3524
3434
3525
3435
3526
3436
3527
3437
3528
3438
3529
3439
3530
3440
3531
3441
3532
3442
3533
3443
3534
3444
3535
3445
3536
3446
3537
3447
3538
3448
3539
3449
3540
3450
3541
3451
3542
3452
3543
3453
3544
3454
3545
3455
3546
3456
3547
3457
3548
3458
3549
3459
3550
3460
3551
3461
3552
3462
3553
3463
3554
3464
3555
3465
3556
3466
3557
3467
3558
3468
3559
3469
3560
3470
3561
3471
3562
3472
3563
3473
3564
3474
3565
3475
3566
3476
3567
3477
3568
3478
3569
3479
3570
3480
3571
3481
3572
3482
3573
3483
3574
3484
3575
3485
3576
3486
3577
3487
3578
3488
3579
3489
3580
3490
3581
3491
3582
3492
3583
3493
3584
3494
3585
3495
3586
3587
3497
3588
3498
3589
3499
3590
3500
3591
3501
3592
3502
3593
3503
3594
3504
3595
3505
3596
3506
3597
3507
3598
3508
3599
3509
3600
3510
3601
3511
3602
3512
3603
3513
3604
3514
3605
3515
3606
3516
3607
3517
3608
3518
3609
3519
3610
3520
3611
3521
3612
3522
3613
3523
3614
3524
3615
3525
3616
3526
3617
3527
3618
3528
3619
3529
3620
3530
3621
3531
3622
3532
3623
3533
3624
3534
3625
3535
3626
3536
3627
3537
3628
3538
3629
3539
3630
3540
3631
3541
3632
3542
3633
3543
3634
3544
3635
3545
3636
3546
3637
3547
3638
3548
3639
3549
3640
3550
3641
3551
3642
3552
3643
3553
3644
3554
3645
3555
3646
3556
3647
3557
3648
3558
3649
3559
3650
3560
3651
3561
3652
3562
3653
3563
3654
3564
3655
3565
3656
3566
3657
3567
3658
3568
3659
3569
3660
3570
3661
3571
3662
3572
3663
3573
3664
3574
3665
3575
3666
3576
3667
3577
3668
3578
3669
3579
3670
3580
3671
3581
3672
3582
3673
3583
3674
3584
3675
3585
3676
3586
3677
3587
3678
3679
3589
3680
3590
3681
3591
3682
3592
3683
3593
3684
3594
3685
3595
3686
3596
3687
3597
3688
3598
3689
3599
3690
3600
3691
3601
3692
3602
3693
3603
3694
3604
3695
3605
3696
3606
3697
3607
3698
3608
3699
3609
3700
3610
3701
3611
3702
3612
3703
3613
3704
3614
3705
3615
3706
3616
3707
3617
3708
3618
3709
3619
3710
3620
3711
3621
3712
3622
3713
3623
3714
3624
3715
3625
3716
3626
3717
3627
3718
3628
3719
3629
3720
3630
3721
3631
3722
3632
3723
3633
3724
3634
3725
3635
3726
3636
3727
3637
3728
3638
3729
3639
3730
3640
3731
3641
3732
3642
3733
3643
3734
3644
3735
3645
3736
3646
3737
3647
3738
3648
3739
3649
3740
3650
3741
3651
3742
3652
3743
3653
3744
3654
3745
3655
3746
3656
3747
3657
3748
3658
3749
3659
3750
3660
3751
3661
3752
3662
3753
3663
3754
3664
3755
3665
3756
3666
3757
3667
3758
3668
3759
3669
3760
3670
3761
3671
3762
3672
3763
3673
3764
3674
3765
3675
3766
3676
3767
3677
3768
3678
3769
3679
3770
3771
3681
3772
3682
3773
3683
3774
3684
3775
3685
3776
3686
3777
3687
3778
3688
3779
3689
3780
3690
3781
3691
3782
3692
3783
3693
3784
3694
3785
3695
3786
3696
3787
3697
3788
3698
3789
3699
3790
3700
3791
3701
3792
3702
3793
3703
3794
3704
3795
3705
3796
3706
3797
3707
3798
3708
3799
3709
3800
3710
3801
3711
3802
3712
3803
3713
3804
3714
3805
3715
3806
3716
3807
3717
3808
3718
3809
3719
3810
3720
3811
3721
3812
3722
3813
3723
3814
3724
3815
3725
3816
3726
3817
3727
3818
3728
3819
3729
3820
3730
3821
3731
3822
3732
3823
3733
3824
3734
3825
3735
3826
3736
3827
3737
3828
3738
3829
3739
3830
3740
3831
3741
3832
3742
3833
3743
3834
3744
3835
3745
3836
3746
3837
3747
3838
3748
3839
3749
3840
3750
3841
3751
3842
3752
3843
3753
3844
3754
3845
3755
3846
3756
3847
3757
3848
3758
3849
3759
3850
3760
3851
3761
3852
3762
3853
3763
3854
3764
3855
3765
3856
3766
3857
3767
3858
3768
3859
3769
3860
3770
3861
3771
3862
3863
3773
3864
3774
3865
3775
3866
3776
3867
3777
3868
3778
3869
3779
3870
3780
3871
3781
3872
3782
3873
3783
3874
3784
3875
3785
3876
3786
3877
3787
3878
3788
3879
3789
3880
3790
3881
3791
3882
3792
3883
3793
3884
3794
3885
3795
3886
3796
3887
3797
3888
3798
3889
3799
3890
3800
3891
3801
3892
3802
3893
3803
3894
3804
3895
3805
3896
3806
3897
3807
3898
3808
3899
3809
3900
3810
3901
3811
3902
3812
3903
3813
3904
3814
3905
3815
3906
3816
3907
3817
3908
3818
3909
3819
3910
3820
3911
3821
3912
3822
3913
3823
3914
3824
3915
3825
3916
3826
3917
3827
3918
3828
3919
3829
3920
3830
3921
3831
3922
3832
3923
3833
3924
3834
3925
3835
3926
3836
3927
3837
3928
3838
3929
3839
3930
3840
3931
3841
3932
3842
3933
3843
3934
3844
3935
3845
3936
3846
3937
3847
3938
3848
3939
3849
3940
3850
3941
3851
3942
3852
3943
3853
3944
3854
3945
3855
3946
3856
3947
3857
3948
3858
3949
3859
3950
3860
3951
3861
3952
3862
3953
3863
3954
3955
3865
3956
3866
3957
3867
3958
3868
3959
3869
3960
3870
3961
3871
3962
3872
3963
3873
3964
3874
3965
3875
3966
3876
3967
3877
3968
3878
3969
3879
3970
3880
3971
3881
3972
3882
3973
3883
3974
3884
3975
3885
3976
3886
3977
3887
3978
3888
3979
3889
3980
3890
3981
3891
3982
3892
3983
3893
3984
3894
3985
3895
3986
3896
3987
3897
3988
3898
3989
3899
3990
3900
3991
3901
3992
3902
3993
3903
3994
3904
3995
3905
3996
3906
3997
3907
3998
3908
3999
3909
4000
3910
4001
3911
4002
3912
4003
3913
4004
3914
4005
3915
4006
3916
4007
3917
4008
3918
4009
3919
4010
3920
4011
3921
4012
3922
4013
3923
4014
3924
4015
3925
4016
3926
4017
3927
4018
3928
4019
3929
4020
3930
4021
3931
4022
3932
4023
3933
4024
3934
4025
3935
4026
3936
4027
3937
4028
3938
4029
3939
4030
3940
4031
3941
4032
3942
4033
3943
4034
3944
4035
3945
4036
3946
4037
3947
4038
3948
4039
3949
4040
3950
4041
3951
4042
3952
4043
3953
4044
3954
4045
3955
4046
4047
3957
4048
3958
4049
3959
4050
3960
4051
3961
4052
3962
4053
3963
4054
3964
4055
3965
4056
3966
4057
3967
4058
3968
4059
3969
4060
3970
4061
3971
4062
3972
4063
3973
4064
3974
4065
3975
4066
3976
4067
3977
4068
3978
4069
3979
4070
3980
4071
3981
4072
3982
4073
3983
4074
3984
4075
3985
4076
3986
4077
3987
4078
3988
4079
3989
4080
3990
4081
3991
4082
3992
4083
3993
4084
3994
4085
3995
4086
3996
4087
3997
4088
3998
4089
3999
4090
4000
4091
4001
4092
4002
4093
4003
4094
4004
4095
4005
4096
4006
4097
4007
4098
4008
4099
4009
4100
4010
4101
4011
4102
4012
4103
4013
4104
4014
4105
4015
4106
4016
4107
4017
4108
4018
4109
4019
4110
4020
4111
4021
4112
4022
4113
4023
4114
4024
4115
4025
4116
4026
4117
4027
4118
4028
4119
4029
4120
4030
4121
4031
4122
4032
4123
4033
4124
4034
4125
4035
4126
4036
4127
4037
4128
4038
4129
4039
4130
4040
4131
4041
4132
4042
4133
4043
4134
4044
4135
4045
4136
4046
4137
4047
4138
4139
4049
4140
4050
4141
4051
4142
4052
4143
4053
4144
4054
4145
4055
4146
4056
4147
4057
4148
4058
4149
4059
4150
4060
4151
4061
4152
4062
4153
4063
4154
4064
4155
4065
4156
4066
4157
4067
4158
4068
4159
4069
4160
4070
4161
4071
4162
4072
4163
4073
4164
4074
4165
4075
4166
4076
4167
4077
4168
4078
4169
4079
4170
4080
4171
4081
4172
4082
4173
4083
4174
4084
4175
4085
4176
4086
4177
4087
4178
4088
4179
4089
4180
4090
4181
4091
4182
4092
4183
4093
4184
4094
4185
4095
4186
4096
4187
4097
4188
4098
4189
4099
4190
4100
4191
4101
4192
4102
4193
4103
4194
4104
4195
4105
4196
4106
4197
4107
4198
4108
4199
4109
4200
4110
4201
4111
4202
4112
4203
4113
4204
4114
4205
4115
4206
4116
4207
4117
4208
4118
4209
4119
4210
4120
4211
4121
4212
4122
4213
4123
4214
4124
4215
4125
4216
4126
4217
4127
4218
4128
4219
4129
4220
4130
4221
4131
4222
4132
4223
4133
4224
4134
4225
4135
4226
4136
4227
4137
4228
4138
4229
4139
4230
4231
4141
4232
4142
4233
4143
4234
4144
4235
4145
4236
4146
4237
4147
4238
4148
4239
4149
4240
4150
4241
4151
4242
4152
4243
4153
4244
4154
4245
4155
4246
4156
4247
4157
4248
4158
4249
4159
4250
4160
4251
4161
4252
4162
4253
4163
4254
4164
4255
4165
4256
4166
4257
4167
4258
4168
4259
4169
4260
4170
4261
4171
4262
4172
4263
4173
4264
4174
4265
4175
4266
4176
4267
4177
4268
4178
4269
4179
4270
4180
4271
4181
4272
4182
4273
4183
4274
4184
4275
4185
4276
4186
4277
4187
4278
4188
4279
4189
4280
4190
4281
4191
4282
4192
4283
4193
4284
4194
4285
4195
4286
4196
4287
4197
4288
4198
4289
4199
4290
4200
4291
4201
4292
4202
4293
4203
4294
4204
4295
4205
4296
4206
4297
4207
4298
4208
4299
4209
4300
4210
4301
4211
4302
4212
4303
4213
4304
4214
4305
4215
4306
4216
4307
4217
4308
4218
4309
4219
4310
4220
4311
4221
4312
4222
4313
4223
4314
4224
4315
4225
4316
4226
4317
4227
4318
4228
4319
4229
4320
4230
4321
4231
4322
4323
4233
4324
4234
4325
4235
4326
4236
4327
4237
4328
4238
4329
4239
4330
4240
4331
4241
4332
4242
4333
4243
4334
4244
4335
4245
4336
4246
4337
4247
4338
4248
4339
4249
4340
4250
4341
4251
4342
4252
4343
4253
4344
4254
4345
4255
4346
4256
4347
4257
4348
4258
4349
4259
4350
4260
4351
4261
4352
4262
4353
4263
4354
4264
4355
4265
4356
4266
4357
4267
4358
4268
4359
4269
4360
4270
4361
4271
4362
4272
4363
4273
4364
4274
4365
4275
4366
4276
4367
4277
4368
4278
4369
4279
4370
4280
4371
4281
4372
4282
4373
4283
4374
4284
4375
4285
4376
4286
4377
4287
4378
4288
4379
4289
4380
4290
4381
4291
4382
4292
4383
4293
4384
4294
4385
4295
4386
4296
4387
4297
4388
4298
4389
4299
4390
4300
4391
4301
4392
4302
4393
4303
4394
4304
4395
4305
4396
4306
4397
4307
4398
4308
4399
4309
4400
4310
4401
4311
4402
4312
4403
4313
4404
4314
4405
4315
4406
4316
4407
4317
4408
4318
4409
4319
4410
4320
4411
4321
4412
4322
4413
4323
4414
4415
4325
4416
4326
4417
4327
4418
4328
4419
4329
4420
4330
4421
4331
4422
4332
4423
4333
4424
4334
4425
4335
4426
4336
4427
4337
4428
4338
4429
4339
4430
4340
4431
4341
4432
4342
4433
4343
4434
4344
4435
4345
4436
4346
4437
4347
4438
4348
4439
4349
4440
4350
4441
4351
4442
4352
4443
4353
4444
4354
4445
4355
4446
4356
4447
4357
4448
4358
4449
4359
4450
4360
4451
4361
4452
4362
4453
4363
4454
4364
4455
4365
4456
4366
4457
4367
4458
4368
4459
4369
4460
4370
4461
4371
4462
4372
4463
4373
4464
4374
4465
4375
4466
4376
4467
4377
4468
4378
4469
4379
4470
4380
4471
4381
4472
4382
4473
4383
4474
4384
4475
4385
4476
4386
4477
4387
4478
4388
4479
4389
4480
4390
4481
4391
4482
4392
4483
4393
4484
4394
4485
4395
4486
4396
4487
4397
4488
4398
4489
4399
4490
4400
4491
4401
4492
4402
4493
4403
4494
4404
4495
4405
4496
4406
4497
4407
4498
4408
4499
4409
4500
4410
4501
4411
4502
4412
4503
4413
4504
4414
4505
4415
4506
4507
4417
4508
4418
4509
4419
4510
4420
4511
4421
4512
4422
4513
4423
4514
4424
4515
4425
4516
4426
4517
4427
4518
4428
4519
4429
4520
4430
4521
4431
4522
4432
4523
4433
4524
4434
4525
4435
4526
4436
4527
4437
4528
4438
4529
4439
4530
4440
4531
4441
4532
4442
4533
4443
4534
4444
4535
4445
4536
4446
4537
4447
4538
4448
4539
4449
4540
4450
4541
4451
4542
4452
4543
4453
4544
4454
4545
4455
4546
4456
4547
4457
4548
4458
4549
4459
4550
4460
4551
4461
4552
4462
4553
4463
4554
4464
4555
4465
4556
4466
4557
4467
4558
4468
4559
4469
4560
4470
4561
4471
4562
4472
4563
4473
4564
4474
4565
4475
4566
4476
4567
4477
4568
4478
4569
4479
4570
4480
4571
4481
4572
4482
4573
4483
4574
4484
4575
4485
4576
4486
4577
4487
4578
4488
4579
4489
4580
4490
4581
4491
4582
4492
4583
4493
4584
4494
4585
4495
4586
4496
4587
4497
4588
4498
4589
4499
4590
4500
4591
4501
4592
4502
4593
4503
4594
4504
4595
4505
4596
4506
4597
4507
4598
4599
4509
4600
4510
4601
4511
4602
4512
4603
4513
4604
4514
4605
4515
4606
4516
4607
4517
4608
4518
4609
4519
4610
4520
4611
4521
4612
4522
4613
4523
4614
4524
4615
4525
4616
4526
4617
4527
4618
4528
4619
4529
4620
4530
4621
4531
4622
4532
4623
4533
4624
4534
4625
4535
4626
4536
4627
4537
4628
4538
4629
4539
4630
4540
4631
4541
4632
4542
4633
4543
4634
4544
4635
4545
4636
4546
4637
4547
4638
4548
4639
4549
4640
4550
4641
4551
4642
4552
4643
4553
4644
4554
4645
4555
4646
4556
4647
4557
4648
4558
4649
4559
4650
4560
4651
4561
4652
4562
4653
4563
4654
4564
4655
4565
4656
4566
4657
4567
4658
4568
4659
4569
4660
4570
4661
4571
4662
4572
4663
4573
4664
4574
4665
4575
4666
4576
4667
4577
4668
4578
4669
4579
4670
4580
4671
4581
4672
4582
4673
4583
4674
4584
4675
4585
4676
4586
4677
4587
4678
4588
4679
4589
4680
4590
4681
4591
4682
4592
4683
4593
4684
4594
4685
4595
4686
4596
4687
4597
4688
4598
4689
4599
4690
4691
4601
4692
4602
4693
4603
4694
4604
4695
4605
4696
4606
4697
4607
4698
4608
4699
4609
4700
4610
4701
4611
4702
4612
4703
4613
4704
4614
4705
4615
4706
4616
4707
4617
4708
4618
4709
4619
4710
4620
4711
4621
4712
4622
4713
4623
4714
4624
4715
4625
4716
4626
4717
4627
4718
4628
4719
4629
4720
4630
4721
4631
4722
4632
4723
4633
4724
4634
4725
4635
4726
4636
4727
4637
4728
4638
4729
4639
4730
4640
4731
4641
4732
4642
4733
4643
4734
4644
4735
4645
4736
4646
4737
4647
4738
4648
4739
4649
4740
4650
4741
4651
4742
4652
4743
4653
4744
4654
4745
4655
4746
4656
4747
4657
4748
4658
4749
4659
4750
4660
4751
4661
4752
4662
4753
4663
4754
4664
4755
4665
4756
4666
4757
4667
4758
4668
4759
4669
4760
4670
4761
4671
4762
4672
4763
4673
4764
4674
4765
4675
4766
4676
4767
4677
4768
4678
4769
4679
4770
4680
4771
4681
4772
4682
4773
4683
4774
4684
4775
4685
4776
4686
4777
4687
4778
4688
4779
4689
4780
4690
4781
4691
4782
4783
4693
4784
4694
4785
4695
4786
4696
4787
4697
4788
4698
4789
4699
4790
4700
4791
4701
4792
4702
4793
4703
4794
4704
4795
4705
4796
4706
4797
4707
4798
4708
4799
4709
4800
4710
4801
4711
4802
4712
4803
4713
4804
4714
4805
4715
4806
4716
4807
4717
4808
4718
4809
4719
4810
4720
4811
4721
4812
4722
4813
4723
4814
4724
4815
4725
4816
4726
4817
4727
4818
4728
4819
4729
4820
4730
4821
4731
4822
4732
4823
4733
4824
4734
4825
4735
4826
4736
4827
4737
4828
4738
4829
4739
4830
4740
4831
4741
4832
4742
4833
4743
4834
4744
4835
4745
4836
4746
4837
4747
4838
4748
4839
4749
4840
4750
4841
4751
4842
4752
4843
4753
4844
4754
4845
4755
4846
4756
4847
4757
4848
4758
4849
4759
4850
4760
4851
4761
4852
4762
4853
4763
4854
4764
4855
4765
4856
4766
4857
4767
4858
4768
4859
4769
4860
4770
4861
4771
4862
4772
4863
4773
4864
4774
4865
4775
4866
4776
4867
4777
4868
4778
4869
4779
4870
4780
4871
4781
4872
4782
4873
4783
4874
4875
4785
4876
4786
4877
4787
4878
4788
4879
4789
4880
4790
4881
4791
4882
4792
4883
4793
4884
4794
4885
4795
4886
4796
4887
4797
4888
4798
4889
4799
4890
4800
4891
4801
4892
4802
4893
4803
4894
4804
4895
4805
4896
4806
4897
4807
4898
4808
4899
4809
4900
4810
4901
4811
4902
4812
4903
4813
4904
4814
4905
4815
4906
4816
4907
4817
4908
4818
4909
4819
4910
4820
4911
4821
4912
4822
4913
4823
4914
4824
4915
4825
4916
4826
4917
4827
4918
4828
4919
4829
4920
4830
4921
4831
4922
4832
4923
4833
4924
4834
4925
4835
4926
4836
4927
4837
4928
4838
4929
4839
4930
4840
4931
4841
4932
4842
4933
4843
4934
4844
4935
4845
4936
4846
4937
4847
4938
4848
4939
4849
4940
4850
4941
4851
4942
4852
4943
4853
4944
4854
4945
4855
4946
4856
4947
4857
4948
4858
4949
4859
4950
4860
4951
4861
4952
4862
4953
4863
4954
4864
4955
4865
4956
4866
4957
4867
4958
4868
4959
4869
4960
4870
4961
4871
4962
4872
4963
4873
4964
4874
4965
4875
4966
4967
4877
4968
4878
4969
4879
4970
4880
4971
4881
4972
4882
4973
4883
4974
4884
4975
4885
4976
4886
4977
4887
4978
4888
4979
4889
4980
4890
4981
4891
4982
4892
4983
4893
4984
4894
4985
4895
4986
4896
4987
4897
4988
4898
4989
4899
4990
4900
4991
4901
4992
4902
4993
4903
4994
4904
4995
4905
4996
4906
4997
4907
4998
4908
4999
4909
5000
4910
5001
4911
5002
4912
5003
4913
5004
4914
5005
4915
5006
4916
5007
4917
5008
4918
5009
4919
5010
4920
5011
4921
5012
4922
5013
4923
5014
4924
5015
4925
5016
4926
5017
4927
5018
4928
5019
4929
5020
4930
5021
4931
5022
4932
5023
4933
5024
4934
5025
4935
5026
4936
5027
4937
5028
4938
5029
4939
5030
4940
5031
4941
5032
4942
5033
4943
5034
4944
5035
4945
5036
4946
5037
4947
5038
4948
5039
4949
5040
4950
5041
4951
5042
4952
5043
4953
5044
4954
5045
4955
5046
4956
5047
4957
5048
4958
5049
4959
5050
4960
5051
4961
5052
4962
5053
4963
5054
4964
5055
4965
5056
4966
5057
4967
5058
5059
4969
5060
4970
5061
4971
5062
4972
5063
4973
5064
4974
5065
4975
5066
4976
5067
4977
5068
4978
5069
4979
5070
4980
5071
4981
5072
4982
5073
4983
5074
4984
5075
4985
5076
4986
5077
4987
5078
4988
5079
4989
5080
4990
5081
4991
5082
4992
5083
4993
5084
4994
5085
4995
5086
4996
5087
4997
5088
4998
5089
4999
5090
5000
5091
5001
5092
5002
5093
5003
5094
5004
5095
5005
5096
5006
5097
5007
5098
5008
5099
5009
5100
5010
5101
5011
5102
5012
5103
5013
5104
5014
5105
5015
5106
5016
5107
5017
5108
5018
5109
5019
5110
5020
5111
5021
5112
5022
5113
5023
5114
5024
5115
5025
5116
5026
5117
5027
5118
5028
5119
5029
5120
5030
5121
5031
5122
5032
5123
5033
5124
5034
5125
5035
5126
5036
5127
5037
5128
5038
5129
5039
5130
5040
5131
5041
5132
5042
5133
5043
5134
5044
5135
5045
5136
5046
5137
5047
5138
5048
5139
5049
5140
5050
5141
5051
5142
5052
5143
5053
5144
5054
5145
5055
5146
5056
5147
5057
5148
5058
5149
5059
5150
5151
5061
10228
5062
10229
5063
10230
5064
10231
5065
10232
5066
10233
5067
10234
5068
10235
5069
10236
5070
10237
5071
10238
5072
10239
5073
10240
5074
10241
5075
10242
5076
10243
5077
10244
5078
10245
5079
10246
5080
10247
5081
10248
5082
10249
5083
10250
5084
10251
5085
10252
5086
10253
5087
10254
5088
10255
5089
10256
5090
10257
5091
10258
5092
10259
5093
10260
5094
10261
5095
10262
5096
10263
5097
10264
5098
10265
5099
10266
5100
10267
5101
10268
5102
10269
5103
10270
5104
10271
5105
10272
5106
10273
5107
10274
5108
10275
5109
10276
5110
10277
5111
10278
5112
10279
5113
10280
5114
10281
5115
10282
5116
10283
5117
10284
5118
10285
5119
10286
5120
10287
5121
10288
5122
10289
5123
10290
5124
10291
5125
10292
5126
10293
5127
10294
5128
10295
5129
10296
5130
10297
5131
10298
5132
10299
5133
10300
5134
10301
5135
10302
5136
10303
5137
10304
5138
10305
5139
10306
5140
10307
5141
10308
5142
10309
5143
10310
5144
10311
5145
10312
5146
10313
5147
10314
5148
10315
5149
10316
5150
10317
5151
10318
10319
5153
5180
5154
5181
5155
5182
5156
5183
5157
5184
5158
5185
5159
5186
5160
5187
5161
5188
5162
5189
5163
5190
5164
5191
5165
5192
5166
5193
5167
5194
5168
5195
5169
5196
5170
5197
5171
5198
5172
5199
5173
5200
5174
5201
5175
5202
5176
5203
5177
5204
5178
5205
5179
5206
5207
6944
5181
5208
5182
5209
5183
5210
5184
5211
5185
5212
5186
5213
5187
5214
5188
5215
5189
5216
5190
5217
5191
5218
5192
5219
5193
5220
5194
5221
5195
5222
5196
5223
5197
5224
5198
5225
5199
5226
5200
5227
5201
5228
5202
5229
5203
5230
5204
5231
5205
5232
5206
5233
5207
5234
5235
7008
5209
5236
5210
5237
5211
5238
5212
5239
5213
5240
5214
5241
5215
5242
5216
5243
5217
5244
5218
5245
5219
5246
5220
5247
5221
5248
5222
5249
5223
5250
5224
5251
5225
5252
5226
5253
5227
5254
5228
5255
5229
5256
5230
5257
5231
5258
5232
5259
5233
5260
5234
5261
5235
5262
5263
7072
5237
5264
5238
5265
5239
5266
5240
5267
5241
5268
5242
5269
5243
5270
5244
5271
5245
5272
5246
5273
5247
5274
5248
5275
5249
5276
5250
5277
5251
5278
5252
5279
5253
5280
5254
5281
5255
5282
5256
5283
5257
5284
5258
5285
5259
5286
5260
5287
5261
5288
5262
5289
5263
5290
5291
7136
5265
5292
5266
5293
5267
5294
5268
5295
5269
5296
5270
5297
5271
5298
5272
5299
5273
5300
5274
5301
5275
5302
5276
5303
5277
5304
5278
5305
5279
5306
5280
5307
5281
5308
5282
5309
5283
5310
5284
5311
5285
5312
5286
5313
5287
5314
5288
5315
5289
5316
5290
5317
5291
5318
5319
7200
5293
5320
5294
5321
5295
5322
5296
5323
5297
5324
5298
5325
5299
5326
5300
5327
5301
5328
5302
5329
5303
5330
5304
5331
5305
5332
5306
5333
5307
5334
5308
5335
5309
5336
5310
5337
5311
5338
5312
5339
5313
5340
5314
5341
5315
5342
5316
5343
5317
5344
5318
5345
5319
5346
5347
7264
5321
5348
5322
5349
5323
5350
5324
5351
5325
5352
5326
5353
5327
5354
5328
5355
5329
5356
5330
5357
5331
5358
5332
5359
5333
5360
5334
5361
5335
5362
5336
5363
5337
5364
5338
5365
5339
5366
5340
5367
5341
5368
5342
5369
5343
5370
5344
5371
5345
5372
5346
5373
5347
5374
5375
7328
5349
5376
5350
5377
5351
5378
5352
5379
5353
5380
5354
5381
5355
5382
5356
5383
5357
5384
5358
5385
5359
5386
5360
5387
5361
5388
5362
5389
5363
5390
5364
5391
5365
5392
5366
5393
5367
5394
5368
5395
5369
5396
5370
5397
5371
5398
5372
5399
5373
5400
5374
5401
5375
5402
5403
7392
5377
5404
5378
5405
5379
5406
5380
5407
5381
5408
5382
5409
5383
5410
5384
5411
5385
5412
5386
5413
5387
5414
5388
5415
5389
5416
5390
5417
5391
5418
5392
5419
5393
5420
5394
5421
5395
5422
5396
5423
5397
5424
5398
5425
5399
5426
5400
5427
5401
5428
5402
5429
5403
5430
5431
7456
5405
5432
5406
5433
5407
5434
5408
5435
5409
5436
5410
5437
5411
5438
5412
5439
5413
5440
5414
5441
5415
5442
5416
5443
5417
5444
5418
5445
5419
5446
5420
5447
5421
5448
5422
5449
5423
5450
5424
5451
5425
5452
5426
5453
5427
5454
5428
5455
5429
5456
5430
5457
5431
5458
5459
7520
5433
5460
5434
5461
5435
5462
5436
5463
5437
5464
5438
5465
5439
5466
5440
5467
5441
5468
5442
5469
5443
5470
5444
5471
5445
5472
5446
5473
5447
5474
5448
5475
5449
5476
5450
5477
5451
5478
5452
5479
5453
5480
5454
5481
5455
5482
5456
5483
5457
5484
5458
5485
5459
5486
5487
7584
5461
5488
5462
5489
5463
5490
5464
5491
5465
5492
5466
5493
5467
5494
5468
5495
5469
5496
5470
5497
5471
5498
5472
5499
5473
5500
5474
5501
5475
5502
5476
5503
5477
5504
5478
5505
5479
5506
5480
5507
5481
5508
5482
5509
5483
5510
5484
5511
5485
5512
5486
5513
5487
5514
5515
7648
5489
5516
5490
5517
5491
5518
5492
5519
5493
5520
5494
5521
5495
5522
5496
5523
5497
5524
5498
5525
5499
5526
5500
5527
5501
5528
5502
5529
5503
5530
5504
5531
5505
5532
5506
5533
5507
5534
5508
5535
5509
5536
5510
5537
5511
5538
5512
5539
5513
5540
5514
5541
5515
5542
5543
7712
5517
5544
5518
5545
5519
5546
5520
5547
5521
5548
5522
5549
5523
5550
5524
5551
5525
5552
5526
5553
5527
5554
5528
5555
5529
5556
5530
5557
5531
5558
5532
5559
5533
5560
5534
5561
5535
5562
5536
5563
5537
5564
5538
5565
5539
5566
5540
5567
5541
5568
5542
5569
5543
5570
5571
7776
5545
5572
5546
5573
5547
5574
5548
5575
5549
5576
5550
5577
5551
5578
5552
5579
5553
5580
5554
5581
5555
5582
5556
5583
5557
5584
5558
5585
5559
5586
5560
5587
5561
5588
5562
5589
5563
5590
5564
5591
5565
5592
5566
5593
5567
5594
5568
5595
5569
5596
5570
5597
5571
5598
5599
7840
5573
5600
5574
5601
5575
5602
5576
5603
5577
5604
5578
5605
5579
5606
5580
5607
5581
5608
5582
5609
5583
5610
5584
5611
5585
5612
5586
5613
5587
5614
5588
5615
5589
5616
5590
5617
5591
5618
5592
5619
5593
5620
5594
5621
5595
5622
5596
5623
5597
5624
5598
5625
5599
5626
5627
7904
5601
5628
5602
5629
5603
5630
5604
5631
5605
5632
5606
5633
5607
5634
5608
5635
5609
5636
5610
5637
5611
5638
5612
5639
5613
5640
5614
5641
5615
5642
5616
5643
5617
5644
5618
5645
5619
5646
5620
5647
5621
5648
5622
5649
5623
5650
5624
5651
5625
5652
5626
5653
5627
5654
5655
7968
5629
5656
5630
5657
5631
5658
5632
5659
5633
5660
5634
5661
5635
5662
5636
5663
5637
5664
5638
5665
5639
5666
5640
5667
5641
5668
5642
5669
5643
5670
5644
5671
5645
5672
5646
5673
5647
5674
5648
5675
5649
5676
5650
5677
5651
5678
5652
5679
5653
5680
5654
5681
5655
5682
5683
8024
5657
5684
5658
5685
5659
5686
5660
5687
5661
5688
5662
5689
5663
5690
5664
5691
5665
5692
5666
5693
5667
5694
5668
5695
5669
5696
5670
5697
5671
5698
5672
5699
5673
5700
5674
5701
5675
5702
5676
5703
5677
5704
5678
5705
5679
5706
5680
5707
5681
5708
5682
5709
5683
5710
5711
8074
5685
5712
5686
5713
5687
5714
5688
5715
5689
5716
5690
5717
5691
5718
5692
5719
5693
5720
5694
5721
5695
5722
5696
5723
5697
5724
5698
5725
5699
5726
5700
5727
5701
5728
5702
5729
5703
5730
5704
5731
5705
5732
5706
5733
5707
5734
5708
5735
5709
5736
5710
5737
5711
5738
5739
8120
5713
5740
5714
5741
5715
5742
5716
5743
5717
5744
5718
5745
5719
5746
5720
5747
5721
5748
5722
5749
5723
5750
5724
5751
5725
5752
5726
5753
5727
5754
5728
5755
5729
5756
5730
5757
5731
5758
5732
5759
5733
5760
5734
5761
5735
5762
5736
5763
5737
5764
5738
5765
5739
5766
5767
8164
5741
5768
5742
5769
5743
5770
5744
5771
5745
5772
5746
5773
5747
5774
5748
5775
5749
5776
5750
5777
5751
5778
5752
5779
5753
5780
5754
5781
5755
5782
5756
5783
5757
5784
5758
5785
5759
5786
5760
5787
5761
5788
5762
5789
5763
5790
5764
5791
5765
5792
5766
5793
5767
5794
5795
8206
5769
5796
5770
5797
5771
5798
5772
5799
5773
5800
5774
5801
5775
5802
5776
5803
5777
5804
5778
5805
5779
5806
5780
5807
5781
5808
5782
5809
5783
5810
5784
5811
5785
5812
5786
5813
5787
5814
5788
5815
5789
5816
5790
5817
5791
5818
5792
5819
5793
5820
5794
5821
5795
5822
5823
8246
5797
5824
5798
5825
5799
5826
5800
5827
5801
5828
5802
5829
5803
5830
5804
5831
5805
5832
5806
5833
5807
5834
5808
5835
5809
5836
5810
5837
5811
5838
5812
5839
5813
5840
5814
5841
5815
5842
5816
5843
5817
5844
5818
5845
5819
5846
5820
5847
5821
5848
5822
5849
5823
5850
5851
8284
5825
5852
5826
5853
5827
5854
5828
5855
5829
5856
5830
5857
5831
5858
5832
5859
5833
5860
5834
5861
5835
5862
5836
5863
5837
5864
5838
5865
5839
5866
5840
5867
5841
5868
5842
5869
5843
5870
5844
5871
5845
5872
5846
5873
5847
5874
5848
5875
5849
5876
5850
5877
5851
5878
5879
8320
5853
5880
5854
5881
5855
5882
5856
5883
5857
5884
5858
5885
5859
5886
5860
5887
5861
5888
5862
5889
5863
5890
5864
5891
5865
5892
5866
5893
5867
5894
5868
5895
5869
5896
5870
5897
5871
5898
5872
5899
5873
5900
5874
5901
5875
5902
5876
5903
5877
5904
5878
5905
5879
5906
5907
8356
5881
5908
5882
5909
5883
5910
5884
5911
5885
5912
5886
5913
5887
5914
5888
5915
5889
5916
5890
5917
5891
5918
5892
5919
5893
5920
5894
5921
5895
5922
5896
5923
5897
5924
5898
5925
5899
5926
5900
5927
5901
5928
5902
5929
5903
5930
5904
5931
5905
5932
5906
5933
5907
5934
5935
8390
5909
5936
5910
5937
5911
5938
5912
5939
5913
5940
5914
5941
5915
5942
5916
5943
5917
5944
5918
5945
5919
5946
5920
5947
5921
5948
5922
5949
5923
5950
5924
5951
5925
5952
5926
5953
5927
5954
5928
5955
5929
5956
5930
5957
5931
5958
5932
5959
5933
5960
5934
5961
5935
5962
5963
8424
5937
5964
5938
5965
5939
5966
5940
5967
5941
5968
5942
5969
5943
5970
5944
5971
5945
5972
5946
5973
5947
5974
5948
5975
5949
5976
5950
5977
5951
5978
5952
5979
5953
5980
5954
5981
5955
5982
5956
5983
5957
5984
5958
5985
5959
5986
5960
5987
5961
5988
5962
5989
5963
5990
5991
8458
5965
5992
5966
5993
5967
5994
5968
5995
5969
5996
5970
5997
5971
5998
5972
5999
5973
6000
5974
6001
5975
6002
5976
6003
5977
6004
5978
6005
5979
6006
5980
6007
5981
6008
5982
6009
5983
6010
5984
6011
5985
6012
5986
6013
5987
6014
5988
6015
5989
6016
5990
6017
5991
6018
6019
8490
5993
6020
5994
6021
5995
6022
5996
6023
5997
6024
5998
6025
5999
6026
6000
6027
6001
6028
6002
6029
6003
6030
6004
6031
6005
6032
6006
6033
6007
6034
6008
6035
6009
6036
6010
6037
6011
6038
6012
6039
6013
6040
6014
6041
6015
6042
6016
6043
6017
6044
6018
6045
6019
6046
6047
8522
6021
6048
6022
6049
6023
6050
6024
6051
6025
6052
6026
6053
6027
6054
6028
6055
6029
6056
6030
6057
6031
6058
6032
6059
6033
6060
6034
6061
6035
6062
6036
6063
6037
6064
6038
6065
6039
6066
6040
6067
6041
6068
6042
6069
6043
6070
6044
6071
6045
6072
6046
6073
6047
6074
6075
8554
6049
6076
6050
6077
6051
6078
6052
6079
6053
6080
6054
6081
6055
6082
6056
6083
6057
6084
6058
6085
6059
6086
6060
6087
6061
6088
6062
6089
6063
6090
6064
6091
6065
6092
6066
6093
6067
6094
6068
6095
6069
6096
6070
6097
6071
6098
6072
6099
6073
6100
6074
6101
6075
6102
6103
8586
6077
6104
6078
6105
6079
6106
6080
6107
6081
6108
6082
6109
6083
6110
6084
6111
6085
6112
6086
6113
6087
6114
6088
6115
6089
6116
6090
6117
6091
6118
6092
6119
6093
6120
6094
6121
6095
6122
6096
6123
6097
6124
6098
6125
6099
6126
6100
6127
6101
6128
6102
6129
6103
6130
6131
8618
6105
6132
6106
6133
6107
6134
6108
6135
6109
6136
6110
6137
6111
6138
6112
6139
6113
6140
6114
6141
6115
6142
6116
6143
6117
6144
6118
6145
6119
6146
6120
6147
6121
6148
6122
6149
6123
6150
6124
6151
6125
6152
6126
6153
6127
6154
6128
6155
6129
6156
6130
6157
6131
6158
6159
8650
6133
6160
6134
6161
6135
6162
6136
6163
6137
6164
6138
6165
6139
6166
6140
6167
6141
6168
6142
6169
6143
6170
6144
6171
6145
6172
6146
6173
6147
6174
6148
6175
6149
6176
6150
6177
6151
6178
6152
6179
6153
6180
6154
6181
6155
6182
6156
6183
6157
6184
6158
6185
6159
6186
6187
8682
6161
6188
6162
6189
6163
6190
6164
6191
6165
6192
6166
6193
6167
6194
6168
6195
6169
6196
6170
6197
6171
6198
6172
6199
6173
6200
6174
6201
6175
6202
6176
6203
6177
6204
6178
6205
6179
6206
6180
6207
6181
6208
6182
6209
6183
6210
6184
6211
6185
6212
6186
6213
6187
6214
6215
8714
6189
6216
6190
6217
6191
6218
6192
6219
6193
6220
6194
6221
6195
6222
6196
6223
6197
6224
6198
6225
6199
6226
6200
6227
6201
6228
6202
6229
6203
6230
6204
6231
6205
6232
6206
6233
6207
6234
6208
6235
6209
6236
6210
6237
6211
6238
6212
6239
6213
6240
6214
6241
6215
6242
6243
8748
6217
6244
6218
6245
6219
6246
6220
6247
6221
6248
6222
6249
6223
6250
6224
6251
6225
6252
6226
6253
6227
6254
6228
6255
6229
6256
6230
6257
6231
6258
6232
6259
6233
6260
6234
6261
6235
6262
6236
6263
6237
6264
6238
6265
6239
6266
6240
6267
6241
6268
6242
6269
6243
6270
6271
8782
6245
6272
6246
6273
6247
6274
6248
6275
6249
6276
6250
6277
6251
6278
6252
6279
6253
6280
6254
6281
6255
6282
6256
6283
6257
6284
6258
6285
6259
6286
6260
6287
6261
6288
6262
6289
6263
6290
6264
6291
6265
6292
6266
6293
6267
6294
6268
6295
6269
6296
6270
6297
6271
6298
6299
8816
6273
6300
6274
6301
6275
6302
6276
6303
6277
6304
6278
6305
6279
6306
6280
6307
6281
6308
6282
6309
6283
6310
6284
6311
6285
6312
6286
6313
6287
6314
6288
6315
6289
6316
6290
6317
6291
6318
6292
6319
6293
6320
6294
6321
6295
6322
6296
6323
6297
6324
6298
6325
6299
6326
6327
8852
6301
6328
6302
6329
6303
6330
6304
6331
6305
6332
6306
6333
6307
6334
6308
6335
6309
6336
6310
6337
6311
6338
6312
6339
6313
6340
6314
6341
6315
6342
6316
6343
6317
6344
6318
6345
6319
6346
6320
6347
6321
6348
6322
6349
6323
6350
6324
6351
6325
6352
6326
6353
6327
6354
6355
8888
6329
6356
6330
6357
6331
6358
6332
6359
6333
6360
6334
6361
6335
6362
6336
6363
6337
6364
6338
6365
6339
6366
6340
6367
6341
6368
6342
6369
6343
6370
6344
6371
6345
6372
6346
6373
6347
6374
6348
6375
6349
6376
6350
6377
6351
6378
6352
6379
6353
6380
6354
6381
6355
6382
6383
8926
6357
6384
6358
6385
6359
6386
6360
6387
6361
6388
6362
6389
6363
6390
6364
6391
6365
6392
6366
6393
6367
6394
6368
6395
6369
6396
6370
6397
6371
6398
6372
6399
6373
6400
6374
6401
6375
6402
6376
6403
6377
6404
6378
6405
6379
6406
6380
6407
6381
6408
6382
6409
6383
6410
6411
8966
6385
6412
6386
6413
6387
6414
6388
6415
6389
6416
6390
6417
6391
6418
6392
6419
6393
6420
6394
6421
6395
6422
6396
6423
6397
6424
6398
6425
6399
6426
6400
6427
6401
6428
6402
6429
6403
6430
6404
6431
6405
6432
6406
6433
6407
6434
6408
6435
6409
6436
6410
6437
6411
6438
6439
9008
6413
6440
6414
6441
6415
6442
6416
6443
6417
6444
6418
6445
6419
6446
6420
6447
6421
6448
6422
6449
6423
6450
6424
6451
6425
6452
6426
6453
6427
6454
6428
6455
6429
6456
6430
6457
6431
6458
6432
6459
6433
6460
6434
6461
6435
6462
6436
6463
6437
6464
6438
6465
6439
6466
6467
9052
6441
6468
6442
6469
6443
6470
6444
6471
6445
6472
6446
6473
6447
6474
6448
6475
6449
6476
6450
6477
6451
6478
6452
6479
6453
6480
6454
6481
6455
6482
6456
6483
6457
6484
6458
6485
6459
6486
6460
6487
6461
6488
6462
6489
6463
6490
6464
6491
6465
6492
6466
6493
6467
6494
6495
9098
6469
6496
6470
6497
6471
6498
6472
6499
6473
6500
6474
6501
6475
6502
6476
6503
6477
6504
6478
6505
6479
6506
6480
6507
6481
6508
6482
6509
6483
6510
6484
6511
6485
6512
6486
6513
6487
6514
6488
6515
6489
6516
6490
6517
6491
6518
6492
6519
6493
6520
6494
6521
6495
6522
6523
9148
6497
6524
6498
6525
6499
6526
6500
6527
6501
6528
6502
6529
6503
6530
6504
6531
6505
6532
6506
6533
6507
6534
6508
6535
6509
6536
6510
6537
6511
6538
6512
6539
6513
6540
6514
6541
6515
6542
6516
6543
6517
6544
6518
6545
6519
6546
6520
6547
6521
6548
6522
6549
6523
6550
6551
9204
6525
6552
6526
6553
6527
6554
6528
6555
6529
6556
6530
6557
6531
6558
6532
6559
6533
6560
6534
6561
6535
6562
6536
6563
6537
6564
6538
6565
6539
6566
6540
6567
6541
6568
6542
6569
6543
6570
6544
6571
6545
6572
6546
6573
6547
6574
6548
6575
6549
6576
6550
6577
6551
6578
6579
9268
6553
6580
6554
6581
6555
6582
6556
6583
6557
6584
6558
6585
6559
6586
6560
6587
6561
6588
6562
6589
6563
6590
6564
6591
6565
6592
6566
6593
6567
6594
6568
6595
6569
6596
6570
6597
6571
6598
6572
6599
6573
6600
6574
6601
6575
6602
6576
6603
6577
6604
6578
6605
6579
6606
6607
9332
6581
6608
6582
6609
6583
6610
6584
6611
6585
6612
6586
6613
6587
6614
6588
6615
6589
6616
6590
6617
6591
6618
6592
6619
6593
6620
6594
6621
6595
6622
6596
6623
6597
6624
6598
6625
6599
6626
6600
6627
6601
6628
6602
6629
6603
6630
6604
6631
6605
6632
6606
6633
6607
6634
6635
9396
6609
6636
6610
6637
6611
6638
6612
6639
6613
6640
6614
6641
6615
6642
6616
6643
6617
6644
6618
6645
6619
6646
6620
6647
6621
6648
6622
6649
6623
6650
6624
6651
6625
6652
6626
6653
6627
6654
6628
6655
6629
6656
6630
6657
6631
6658
6632
6659
6633
6660
6634
6661
6635
6662
6663
9460
6637
6664
6638
6665
6639
6666
6640
6667
6641
6668
6642
6669
6643
6670
6644
6671
6645
6672
6646
6673
6647
6674
6648
6675
6649
6676
6650
6677
6651
6678
6652
6679
6653
6680
6654
6681
6655
6682
6656
6683
6657
6684
6658
6685
6659
6686
6660
6687
6661
6688
6662
6689
6663
6690
6691
9524
6665
6692
6666
6693
6667
6694
6668
6695
6669
6696
6670
6697
6671
6698
6672
6699
6673
6700
6674
6701
6675
6702
6676
6703
6677
6704
6678
6705
6679
6706
6680
6707
6681
6708
6682
6709
6683
6710
6684
6711
6685
6712
6686
6713
6687
6714
6688
6715
6689
6716
6690
6717
6691
6718
6719
9588
6693
6720
6694
6721
6695
6722
6696
6723
6697
6724
6698
6725
6699
6726
6700
6727
6701
6728
6702
6729
6703
6730
6704
6731
6705
6732
6706
6733
6707
6734
6708
6735
6709
6736
6710
6737
6711
6738
6712
6739
6713
6740
6714
6741
6715
6742
6716
6743
6717
6744
6718
6745
6719
6746
6747
9652
6721
6748
6722
6749
6723
6750
6724
6751
6725
6752
6726
6753
6727
6754
6728
6755
6729
6756
6730
6757
6731
6758
6732
6759
6733
6760
6734
6761
6735
6762
6736
6763
6737
6764
6738
6765
6739
6766
6740
6767
6741
6768
6742
6769
6743
6770
6744
6771
6745
6772
6746
6773
6747
6774
6775
9716
6749
6776
6750
6777
6751
6778
6752
6779
6753
6780
6754
6781
6755
6782
6756
6783
6757
6784
6758
6785
6759
6786
6760
6787
6761
6788
6762
6789
6763
6790
6764
6791
6765
6792
6766
6793
6767
6794
6768
6795
6769
6796
6770
6797
6771
6798
6772
6799
6773
6800
6774
6801
6775
6802
6803
9780
6777
6804
6778
6805
6779
6806
6780
6807
6781
6808
6782
6809
6783
6810
6784
6811
6785
6812
6786
6813
6787
6814
6788
6815
6789
6816
6790
6817
6791
6818
6792
6819
6793
6820
6794
6821
6795
6822
6796
6823
6797
6824
6798
6825
6799
6826
6800
6827
6801
6828
6802
6829
6803
6830
6831
9844
6805
6832
6806
6833
6807
6834
6808
6835
6809
6836
6810
6837
6811
6838
6812
6839
6813
6840
6814
6841
6815
6842
6816
6843
6817
6844
6818
6845
6819
6846
6820
6847
6821
6848
6822
6849
6823
6850
6824
6851
6825
6852
6826
6853
6827
6854
6828
6855
6829
6856
6830
6857
6831
6858
6859
9908
6833
6860
6834
6861
6835
6862
6836
6863
6837
6864
6838
6865
6839
6866
6840
6867
6841
6868
6842
6869
6843
6870
6844
6871
6845
6872
6846
6873
6847
6874
6848
6875
6849
6876
6850
6877
6851
6878
6852
6879
6853
6880
6854
6881
6855
6882
6856
6883
6857
6884
6858
6885
6859
6886
6887
9972
6861
6888
6862
6889
6863
6890
6864
6891
6865
6892
6866
6893
6867
6894
6868
6895
6869
6896
6870
6897
6871
6898
6872
6899
6873
6900
6874
6901
6875
6902
6876
6903
6877
6904
6878
6905
6879
6906
6880
6907
6881
6908
6882
6909
6883
6910
6884
6911
6885
6912
6886
6913
6887
6914
6915
10036
6889
6916
6890
6917
6891
6918
6892
6919
6893
6920
6894
6921
6895
6922
6896
6923
6897
6924
6898
6925
6899
6926
6900
6927
6901
6928
6902
6929
6903
6930
6904
6931
6905
6932
6906
6933
6907
6934
6908
6935
6909
6936
6910
6937
6911
6938
6912
6939
6913
6940
6914
6941
6915
6942
6943
10100
6917
16116
6918
16117
6919
16118
6920
16119
6921
16120
6922
16121
6923
16122
6924
16123
6925
16124
6926
16125
6927
16126
6928
16127
6929
16128
6930
16129
6931
16130
6932
16131
6933
16132
6934
16133
6935
16134
6936
16135
6937
16136
6938
16137
6939
16138
6940
16139
6941
16140
6942
16141
6943
16142
10164
16143
6945
7008
6946
7009
6947
7010
6948
7011
6949
7012
6950
7013
6951
7014
6952
7015
6953
7016
6954
7017
6955
7018
6956
7019
6957
7020
6958
7021
6959
7022
6960
7023
6961
7024
6962
7025
6963
7026
6964
7027
6965
7028
6966
7029
6967
7030
6968
7031
6969
7032
6970
7033
6971
7034
6972
7035
6973
7036
6974
7037
6975
7038
6976
7039
6977
7040
6978
7041
6979
7042
6980
7043
6981
7044
6982
7045
6983
7046
6984
7047
6985
7048
6986
7049
6987
7050
6988
7051
6989
7052
6990
7053
6991
7054
6992
7055
6993
7056
6994
7057
6995
7058
6996
7059
6997
7060
6998
7061
6999
7062
7000
7063
7001
7064
7002
7065
7003
7066
7004
7067
7005
7068
7006
7069
7007
7070
7071
10228
7009
7072
7010
7073
7011
7074
7012
7075
7013
7076
7014
7077
7015
7078
7016
7079
7017
7080
7018
7081
7019
7082
7020
7083
7021
7084
7022
7085
7023
7086
7024
7087
7025
7088
7026
7089
7027
7090
7028
7091
7029
7092
7030
7093
7031
7094
7032
7095
7033
7096
7034
7097
7035
7098
7036
7099
7037
7100
7038
7101
7039
7102
7040
7103
7041
7104
7042
7105
7043
7106
7044
7107
7045
7108
7046
7109
7047
7110
7048
7111
7049
7112
7050
7113
7051
7114
7052
7115
7053
7116
7054
7117
7055
7118
7056
7119
7057
7120
7058
7121
7059
7122
7060
7123
7061
7124
7062
7125
7063
7126
7064
7127
7065
7128
7066
7129
7067
7130
7068
7131
7069
7132
7070
7133
7071
7134
7135
10320
7073
7136
7074
7137
7075
7138
7076
7139
7077
7140
7078
7141
7079
7142
7080
7143
7081
7144
7082
7145
7083
7146
7084
7147
7085
7148
7086
7149
7087
7150
7088
7151
7089
7152
7090
7153
7091
7154
7092
7155
7093
7156
7094
7157
7095
7158
7096
7159
7097
7160
7098
7161
7099
7162
7100
7163
7101
7164
7102
7165
7103
7166
7104
7167
7105
7168
7106
7169
7107
7170
7108
7171
7109
7172
7110
7173
7111
7174
7112
7175
7113
7176
7114
7177
7115
7178
7116
7179
7117
7180
7118
7181
7119
7182
7120
7183
7121
7184
7122
7185
7123
7186
7124
7187
7125
7188
7126
7189
7127
7190
7128
7191
7129
7192
7130
7193
7131
7194
7132
7195
7133
7196
7134
7197
7135
7198
7199
10412
7137
7200
7138
7201
7139
7202
7140
7203
7141
7204
7142
7205
7143
7206
7144
7207
7145
7208
7146
7209
7147
7210
7148
7211
7149
7212
7150
7213
7151
7214
7152
7215
7153
7216
7154
7217
7155
7218
7156
7219
7157
7220
7158
7221
7159
7222
7160
7223
7161
7224
7162
7225
7163
7226
7164
7227
7165
7228
7166
7229
7167
7230
7168
7231
7169
7232
7170
7233
7171
7234
7172
7235
7173
7236
7174
7237
7175
7238
7176
7239
7177
7240
7178
7241
7179
7242
7180
7243
7181
7244
7182
7245
7183
7246
7184
7247
7185
7248
7186
7249
7187
7250
7188
7251
7189
7252
7190
7253
7191
7254
7192
7255
7193
7256
7194
7257
7195
7258
7196
7259
7197
7260
7198
7261
7199
7262
7263
10504
7201
7264
7202
7265
7203
7266
7204
7267
7205
7268
7206
7269
7207
7270
7208
7271
7209
7272
7210
7273
7211
7274
7212
7275
7213
7276
7214
7277
7215
7278
7216
7279
7217
7280
7218
7281
7219
7282
7220
7283
7221
7284
7222
7285
7223
7286
7224
7287
7225
7288
7226
7289
7227
7290
7228
7291
7229
7292
7230
7293
7231
7294
7232
7295
7233
7296
7234
7297
7235
7298
7236
7299
7237
7300
7238
7301
7239
7302
7240
7303
7241
7304
7242
7305
7243
7306
7244
7307
7245
7308
7246
7309
7247
7310
7248
7311
7249
7312
7250
7313
7251
7314
7252
7315
7253
7316
7254
7317
7255
7318
7256
7319
7257
7320
7258
7321
7259
7322
7260
7323
7261
7324
7262
7325
7263
7326
7327
10596
7265
7328
7266
7329
7267
7330
7268
7331
7269
7332
7270
7333
7271
7334
7272
7335
7273
7336
7274
7337
7275
7338
7276
7339
7277
7340
7278
7341
7279
7342
7280
7343
7281
7344
7282
7345
7283
7346
7284
7347
7285
7348
7286
7349
7287
7350
7288
7351
7289
7352
7290
7353
7291
7354
7292
7355
7293
7356
7294
7357
7295
7358
7296
7359
7297
7360
7298
7361
7299
7362
7300
7363
7301
7364
7302
7365
7303
7366
7304
7367
7305
7368
7306
7369
7307
7370
7308
7371
7309
7372
7310
7373
7311
7374
7312
7375
7313
7376
7314
7377
7315
7378
7316
7379
7317
7380
7318
7381
7319
7382
7320
7383
7321
7384
7322
7385
7323
7386
7324
7387
7325
7388
7326
7389
7327
7390
7391
10688
7329
7392
7330
7393
7331
7394
7332
7395
7333
7396
7334
7397
7335
7398
7336
7399
7337
7400
7338
7401
7339
7402
7340
7403
7341
7404
7342
7405
7343
7406
7344
7407
7345
7408
7346
7409
7347
7410
7348
7411
7349
7412
7350
7413
7351
7414
7352
7415
7353
7416
7354
7417
7355
7418
7356
7419
7357
7420
7358
7421
7359
7422
7360
7423
7361
7424
7362
7425
7363
7426
7364
7427
7365
7428
7366
7429
7367
7430
7368
7431
7369
7432
7370
7433
7371
7434
7372
7435
7373
7436
7374
7437
7375
7438
7376
7439
7377
7440
7378
7441
7379
7442
7380
7443
7381
7444
7382
7445
7383
7446
7384
7447
7385
7448
7386
7449
7387
7450
7388
7451
7389
7452
7390
7453
7391
7454
7455
10780
7393
7456
7394
7457
7395
7458
7396
7459
7397
7460
7398
7461
7399
7462
7400
7463
7401
7464
7402
7465
7403
7466
7404
7467
7405
7468
7406
7469
7407
7470
7408
7471
7409
7472
7410
7473
7411
7474
7412
7475
7413
7476
7414
7477
7415
7478
7416
7479
7417
7480
7418
7481
7419
7482
7420
7483
7421
7484
7422
7485
7423
7486
7424
7487
7425
7488
7426
7489
7427
7490
7428
7491
7429
7492
7430
7493
7431
7494
7432
7495
7433
7496
7434
7497
7435
7498
7436
7499
7437
7500
7438
7501
7439
7502
7440
7503
7441
7504
7442
7505
7443
7506
7444
7507
7445
7508
7446
7509
7447
7510
7448
7511
7449
7512
7450
7513
7451
7514
7452
7515
7453
7516
7454
7517
7455
7518
7519
10872
7457
7520
7458
7521
7459
7522
7460
7523
7461
7524
7462
7525
7463
7526
7464
7527
7465
7528
7466
7529
7467
7530
7468
7531
7469
7532
7470
7533
7471
7534
7472
7535
7473
7536
7474
7537
7475
7538
7476
7539
7477
7540
7478
7541
7479
7542
7480
7543
7481
7544
7482
7545
7483
7546
7484
7547
7485
7548
7486
7549
7487
7550
7488
7551
7489
7552
7490
7553
7491
7554
7492
7555
7493
7556
7494
7557
7495
7558
7496
7559
7497
7560
7498
7561
7499
7562
7500
7563
7501
7564
7502
7565
7503
7566
7504
7567
7505
7568
7506
7569
7507
7570
7508
7571
7509
7572
7510
7573
7511
7574
7512
7575
7513
7576
7514
7577
7515
7578
7516
7579
7517
7580
7518
7581
7519
7582
7583
10964
7521
7584
7522
7585
7523
7586
7524
7587
7525
7588
7526
7589
7527
7590
7528
7591
7529
7592
7530
7593
7531
7594
7532
7595
7533
7596
7534
7597
7535
7598
7536
7599
7537
7600
7538
7601
7539
7602
7540
7603
7541
7604
7542
7605
7543
7606
7544
7607
7545
7608
7546
7609
7547
7610
7548
7611
7549
7612
7550
7613
7551
7614
7552
7615
7553
7616
7554
7617
7555
7618
7556
7619
7557
7620
7558
7621
7559
7622
7560
7623
7561
7624
7562
7625
7563
7626
7564
7627
7565
7628
7566
7629
7567
7630
7568
7631
7569
7632
7570
7633
7571
7634
7572
7635
7573
7636
7574
7637
7575
7638
7576
7639
7577
7640
7578
7641
7579
7642
7580
7643
7581
7644
7582
7645
7583
7646
7647
11056
7585
7648
7586
7649
7587
7650
7588
7651
7589
7652
7590
7653
7591
7654
7592
7655
7593
7656
7594
7657
7595
7658
7596
7659
7597
7660
7598
7661
7599
7662
7600
7663
7601
7664
7602
7665
7603
7666
7604
7667
7605
7668
7606
7669
7607
7670
7608
7671
7609
7672
7610
7673
7611
7674
7612
7675
7613
7676
7614
7677
7615
7678
7616
7679
7617
7680
7618
7681
7619
7682
7620
7683
7621
7684
7622
7685
7623
7686
7624
7687
7625
7688
7626
7689
7627
7690
7628
7691
7629
7692
7630
7693
7631
7694
7632
7695
7633
7696
7634
7697
7635
7698
7636
7699
7637
7700
7638
7701
7639
7702
7640
7703
7641
7704
7642
7705
7643
7706
7644
7707
7645
7708
7646
7709
7647
7710
7711
11148
7649
7712
7650
7713
7651
7714
7652
7715
7653
7716
7654
7717
7655
7718
7656
7719
7657
7720
7658
7721
7659
7722
7660
7723
7661
7724
7662
7725
7663
7726
7664
7727
7665
7728
7666
7729
7667
7730
7668
7731
7669
7732
7670
7733
7671
7734
7672
7735
7673
7736
7674
7737
7675
7738
7676
7739
7677
7740
7678
7741
7679
7742
7680
7743
7681
7744
7682
7745
7683
7746
7684
7747
7685
7748
7686
7749
7687
7750
7688
7751
7689
7752
7690
7753
7691
7754
7692
7755
7693
7756
7694
7757
7695
7758
7696
7759
7697
7760
7698
7761
7699
7762
7700
7763
7701
7764
7702
7765
7703
7766
7704
7767
7705
7768
7706
7769
7707
7770
7708
7771
7709
7772
7710
7773
7711
7774
7775
11240
7713
7776
7714
7777
7715
7778
7716
7779
7717
7780
7718
7781
7719
7782
7720
7783
7721
7784
7722
7785
7723
7786
7724
7787
7725
7788
7726
7789
7727
7790
7728
7791
7729
7792
7730
7793
7731
7794
7732
7795
7733
7796
7734
7797
7735
7798
7736
7799
7737
7800
7738
7801
7739
7802
7740
7803
7741
7804
7742
7805
7743
7806
7744
7807
7745
7808
7746
7809
7747
7810
7748
7811
7749
7812
7750
7813
7751
7814
7752
7815
7753
7816
7754
7817
7755
7818
7756
7819
7757
7820
7758
7821
7759
7822
7760
7823
7761
7824
7762
7825
7763
7826
7764
7827
7765
7828
7766
7829
7767
7830
7768
7831
7769
7832
7770
7833
7771
7834
7772
7835
7773
7836
7774
7837
7775
7838
7839
11332
7777
7840
7778
7841
7779
7842
7780
7843
7781
7844
7782
7845
7783
7846
7784
7847
7785
7848
7786
7849
7787
7850
7788
7851
7789
7852
7790
7853
7791
7854
7792
7855
7793
7856
7794
7857
7795
7858
7796
7859
7797
7860
7798
7861
7799
7862
7800
7863
7801
7864
7802
7865
7803
7866
7804
7867
7805
7868
7806
7869
7807
7870
7808
7871
7809
7872
7810
7873
7811
7874
7812
7875
7813
7876
7814
7877
7815
7878
7816
7879
7817
7880
7818
7881
7819
7882
7820
7883
7821
7884
7822
7885
7823
7886
7824
7887
7825
7888
7826
7889
7827
7890
7828
7891
7829
7892
7830
7893
7831
7894
7832
7895
7833
7896
7834
7897
7835
7898
7836
7899
7837
7900
7838
7901
7839
7902
7903
11424
7841
7904
7842
7905
7843
7906
7844
7907
7845
7908
7846
7909
7847
7910
7848
7911
7849
7912
7850
7913
7851
7914
7852
7915
7853
7916
7854
7917
7855
7918
7856
7919
7857
7920
7858
7921
7859
7922
7860
7923
7861
7924
7862
7925
7863
7926
7864
7927
7865
7928
7866
7929
7867
7930
7868
7931
7869
7932
7870
7933
7871
7934
7872
7935
7873
7936
7874
7937
7875
7938
7876
7939
7877
7940
7878
7941
7879
7942
7880
7943
7881
7944
7882
7945
7883
7946
7884
7947
7885
7948
7886
7949
7887
7950
7888
7951
7889
7952
7890
7953
7891
7954
7892
7955
7893
7956
7894
7957
7895
7958
7896
7959
7897
7960
7898
7961
7899
7962
7900
7963
7901
7964
7902
7965
7903
7966
7967
11516
7905
7968
7906
7969
7907
7970
7908
7971
7909
7972
7910
7973
7911
7974
7912
7975
7913
7976
7914
7977
7915
7978
7916
7979
7917
7980
7918
7981
7919
7982
7920
7983
7921
7984
7922
7985
7923
7986
7924
7987
7925
7988
7926
7989
7927
7990
7928
7991
7929
7992
7930
7993
7931
7994
7932
7995
7933
7934
7935
7936
7937
7938
7939
7940
7941
7996
7942
7997
7943
7998
7944
7999
7945
8000
7946
8001
7947
8002
7948
8003
7949
8004
7950
8005
7951
8006
7952
8007
7953
8008
7954
8009
7955
8010
7956
8011
7957
8012
7958
8013
7959
8014
7960
8015
7961
8016
7962
8017
7963
8018
7964
8019
7965
8020
7966
8021
7967
8022
8023
11608
7969
8024
7970
8025
7971
8026
7972
8027
7973
8028
7974
8029
7975
8030
7976
8031
7977
8032
7978
8033
7979
8034
7980
8035
7981
8036
7982
8037
7983
8038
7984
8039
7985
8040
7986
8041
7987
8042
7988
8043
7989
8044
7990
8045
7991
8046
7992
8047
7993
8048
7994
7995
7997
7998
7999
8000
8049
8001
8050
8002
8051
8003
8052
8004
8053
8005
8054
8006
8055
8007
8056
8008
8057
8009
8058
8010
8059
8011
8060
8012
8061
8013
8062
8014
8063
8015
8064
8016
8065
8017
8066
8018
8067
8019
8068
8020
8069
8021
8070
8022
8071
8023
8072
8073
11700
8025
8074
8026
8075
8027
8076
8028
8077
8029
8078
8030
8079
8031
8080
8032
8081
8033
8082
8034
8083
8035
8084
8036
8085
8037
8086
8038
8087
8039
8088
8040
8089
8041
8090
8042
8091
8043
8092
8044
8093
8045
8094
8046
8095
8047
8096
8048
8050
8051
8052
8097
8053
8098
8054
8099
8055
8100
8056
8101
8057
8102
8058
8103
8059
8104
8060
8105
8061
8106
8062
8107
8063
8108
8064
8109
8065
8110
8066
8111
8067
8112
8068
8113
8069
8114
8070
8115
8071
8116
8072
8117
8073
8118
8119
11792
8075
8120
8076
8121
8077
8122
8078
8123
8079
8124
8080
8125
8081
8126
8082
8127
8083
8128
8084
8129
8085
8130
8086
8131
8087
8132
8088
8133
8089
8134
8090
8135
8091
8136
8092
8137
8093
8138
8094
8139
8095
8140
8096
8141
8098
8099
8142
8100
8143
8101
8144
8102
8145
8103
8146
8104
8147
8105
8148
8106
8149
8107
8150
8108
8151
8109
8152
8110
8153
8111
8154
8112
8155
8113
8156
8114
8157
8115
8158
8116
8159
8117
8160
8118
8161
8119
8162
8163
11884
8121
8164
8122
8165
8123
8166
8124
8167
8125
8168
8126
8169
8127
8170
8128
8171
8129
8172
8130
8173
8131
8174
8132
8175
8133
8176
8134
8177
8135
8178
8136
8179
8137
8180
8138
8181
8139
8182
8140
8183
8141
8184
8143
8144
8185
8145
8186
8146
8187
8147
8188
8148
8189
8149
8190
8150
8191
8151
8192
8152
8193
8153
8194
8154
8195
8155
8196
8156
8197
8157
8198
8158
8199
8159
8200
8160
8201
8161
8202
8162
8203
8163
8204
8205
11976
8165
8206
8166
8207
8167
8208
8168
8209
8169
8210
8170
8211
8171
8212
8172
8213
8173
8214
8174
8215
8175
8216
8176
8217
8177
8218
8178
8219
8179
8220
8180
8221
8181
8222
8182
8223
8183
8224
8184
8225
8186
8187
8226
8188
8227
8189
8228
8190
8229
8191
8230
8192
8231
8193
8232
8194
8233
8195
8234
8196
8235
8197
8236
8198
8237
8199
8238
8200
8239
8201
8240
8202
8241
8203
8242
8204
8243
8205
8244
8245
12068
8207
8246
8208
8247
8209
8248
8210
8249
8211
8250
8212
8251
8213
8252
8214
8253
8215
8254
8216
8255
8217
8256
8218
8257
8219
8258
8220
8259
8221
8260
8222
8261
8223
8262
8224
8263
8225
8264
8227
8228
8265
8229
8266
8230
8267
8231
8268
8232
8269
8233
8270
8234
8271
8235
8272
8236
8273
8237
8274
8238
8275
8239
8276
8240
8277
8241
8278
8242
8279
8243
8280
8244
8281
8245
8282
8283
12160
8247
8284
8248
8285
8249
8286
8250
8287
8251
8288
8252
8289
8253
8290
8254
8291
8255
8292
8256
8293
8257
8294
8258
8295
8259
8296
8260
8297
8261
8298
8262
8299
8263
8300
8264
8301
8266
8267
8302
8268
8303
8269
8304
8270
8305
8271
8306
8272
8307
8273
8308
8274
8309
8275
8310
8276
8311
8277
8312
8278
8313
8279
8314
8280
8315
8281
8316
8282
8317
8283
8318
8319
12252
8285
8320
8286
8321
8287
8322
8288
8323
8289
8324
8290
8325
8291
8326
8292
8327
8293
8328
8294
8329
8295
8330
8296
8331
8297
8332
8298
8333
8299
8334
8300
8335
8301
8336
8337
8303
8338
8304
8339
8305
8340
8306
8341
8307
8342
8308
8343
8309
8344
8310
8345
8311
8346
8312
8347
8313
8348
8314
8349
8315
8350
8316
8351
8317
8352
8318
8353
8319
8354
8355
12344
8321
8356
8322
8357
8323
8358
8324
8359
8325
8360
8326
8361
8327
8362
8328
8363
8329
8364
8330
8365
8331
8366
8332
8367
8333
8368
8334
8369
8335
8370
8336
8371
8337
8372
8339
8340
8373
8341
8374
8342
8375
8343
8376
8344
8377
8345
8378
8346
8379
8347
8380
8348
8381
8349
8382
8350
8383
8351
8384
8352
8385
8353
8386
8354
8387
8355
8388
8389
12436
8357
8390
8358
8391
8359
8392
8360
8393
8361
8394
8362
8395
8363
8396
8364
8397
8365
8398
8366
8399
8367
8400
8368
8401
8369
8402
8370
8403
8371
8404
8372
8405
8406
8374
8407
8375
8408
8376
8409
8377
8410
8378
8411
8379
8412
8380
8413
8381
8414
8382
8415
8383
8416
8384
8417
8385
8418
8386
8419
8387
8420
8388
8421
8389
8422
8423
12528
8391
8424
8392
8425
8393
8426
8394
8427
8395
8428
8396
8429
8397
8430
8398
8431
8399
8432
8400
8433
8401
8434
8402
8435
8403
8436
8404
8437
8405
8438
8406
8439
8440
8408
8441
8409
8442
8410
8443
8411
8444
8412
8445
8413
8446
8414
8447
8415
8448
8416
8449
8417
8450
8418
8451
8419
8452
8420
8453
8421
8454
8422
8455
8423
8456
8457
12620
8425
8458
8426
8459
8427
8460
8428
8461
8429
8462
8430
8463
8431
8464
8432
8465
8433
8466
8434
8467
8435
8468
8436
8469
8437
8470
8438
8471
8439
8472
8440
8473
8442
8443
8474
8444
8475
8445
8476
8446
8477
8447
8478
8448
8479
8449
8480
8450
8481
8451
8482
8452
8483
8453
8484
8454
8485
8455
8486
8456
8487
8457
8488
8489
12712
8459
8490
8460
8491
8461
8492
8462
8493
8463
8494
8464
8495
8465
8496
8466
8497
8467
8498
8468
8499
8469
8500
8470
8501
8471
8502
8472
8503
8473
8504
8505
8475
8506
8476
8507
8477
8508
8478
8509
8479
8510
8480
8511
8481
8512
8482
8513
8483
8514
8484
8515
8485
8516
8486
8517
8487
8518
8488
8519
8489
8520
8521
12804
8491
8522
8492
8523
8493
8524
8494
8525
8495
8526
8496
8527
8497
8528
8498
8529
8499
8530
8500
8531
8501
8532
8502
8533
8503
8534
8504
8535
8505
8536
8537
8507
8538
8508
8539
8509
8540
8510
8541
8511
8542
8512
8543
8513
8544
8514
8545
8515
8546
8516
8547
8517
8548
8518
8549
8519
8550
8520
8551
8521
8552
8553
12896
8523
8554
8524
8555
8525
8556
8526
8557
8527
8558
8528
8559
8529
8560
8530
8561
8531
8562
8532
8563
8533
8564
8534
8565
8535
8566
8536
8567
8537
8568
8569
8539
8570
8540
8571
8541
8572
8542
8573
8543
8574
8544
8575
8545
8576
8546
8577
8547
8578
8548
8579
8549
8580
8550
8581
8551
8582
8552
8583
8553
8584
8585
12988
8555
8586
8556
8587
8557
8588
8558
8589
8559
8590
8560
8591
8561
8592
8562
8593
8563
8594
8564
8595
8565
8596
8566
8597
8567
8598
8568
8599
8569
8600
8601
8571
8602
8572
8603
8573
8604
8574
8605
8575
8606
8576
8607
8577
8608
8578
8609
8579
8610
8580
8611
8581
8612
8582
8613
8583
8614
8584
8615
8585
8616
8617
13080
8587
8618
8588
8619
8589
8620
8590
8621
8591
8622
8592
8623
8593
8624
8594
8625
8595
8626
8596
8627
8597
8628
8598
8629
8599
8630
8600
8631
8601
8632
8633
8603
8634
8604
8635
8605
8636
8606
8637
8607
8638
8608
8639
8609
8640
8610
8641
8611
8642
8612
8643
8613
8644
8614
8645
8615
8646
8616
8647
8617
8648
8649
13172
8619
8650
8620
8651
8621
8652
8622
8653
8623
8654
8624
8655
8625
8656
8626
8657
8627
8658
8628
8659
8629
8660
8630
8661
8631
8662
8632
8663
8633
8664
8665
8635
8666
8636
8667
8637
8668
8638
8669
8639
8670
8640
8671
8641
8672
8642
8673
8643
8674
8644
8675
8645
8676
8646
8677
8647
8678
8648
8679
8649
8680
8681
13264
8651
8682
8652
8683
8653
8684
8654
8685
8655
8686
8656
8687
8657
8688
8658
8689
8659
8690
8660
8691
8661
8692
8662
8693
8663
8694
8664
8695
8665
8696
8697
8667
8698
8668
8699
8669
8700
8670
8701
8671
8702
8672
8703
8673
8704
8674
8705
8675
8706
8676
8707
8677
8708
8678
8709
8679
8710
8680
8711
8681
8712
8713
13356
8683
8714
8684
8715
8685
8716
8686
8717
8687
8718
8688
8719
8689
8720
8690
8721
8691
8722
8692
8723
8693
8724
8694
8725
8695
8726
8696
8727
8697
8728
8729
8699
8732
8700
8733
8701
8734
8702
8735
8703
8736
8704
8737
8705
8738
8706
8739
8707
8740
8708
8741
8709
8742
8710
8743
8711
8744
8712
8745
8713
8746
8747
13448
8715
8748
8716
8749
8717
8750
8718
8751
8719
8752
8720
8753
8721
8754
8722
8755
8723
8756
8724
8757
8725
8758
8726
8759
8727
8760
8728
8761
8729
8762
8730
8763
8764
8732
8765
8733
8766
8734
8767
8735
8768
8736
8769
8737
8770
8738
8771
8739
8772
8740
8773
8741
8774
8742
8775
8743
8776
8744
8777
8745
8778
8746
8779
8747
8780
8781
13540
8749
8782
8750
8783
8751
8784
8752
8785
8753
8786
8754
8787
8755
8788
8756
8789
8757
8790
8758
8791
8759
8792
8760
8793
8761
8794
8762
8795
8763
8796
8764
8797
8798
8766
8799
8767
8800
8768
8801
8769
8802
8770
8803
8771
8804
8772
8805
8773
8806
8774
8807
8775
8808
8776
8809
8777
8810
8778
8811
8779
8812
8780
8813
8781
8814
8815
13632
8783
8816
8784
8817
8785
8818
8786
8819
8787
8820
8788
8821
8789
8822
8790
8823
8791
8824
8792
8825
8793
8826
8794
8827
8795
8828
8796
8829
8797
8830
8798
8831
8832
8800
8835
8801
8836
8802
8837
8803
8838
8804
8839
8805
8840
8806
8841
8807
8842
8808
8843
8809
8844
8810
8845
8811
8846
8812
8847
8813
8848
8814
8849
8815
8850
8851
13724
8817
8852
8818
8853
8819
8854
8820
8855
8821
8856
8822
8857
8823
8858
8824
8859
8825
8860
8826
8861
8827
8862
8828
8863
8829
8864
8830
8865
8831
8866
8832
8867
8833
8868
8869
8835
8870
8836
8871
8837
8872
8838
8873
8839
8874
8840
8875
8841
8876
8842
8877
8843
8878
8844
8879
8845
8880
8846
8881
8847
8882
8848
8883
8849
8884
8850
8885
8851
8886
8887
13816
8853
8888
8854
8889
8855
8890
8856
8891
8857
8892
8858
8893
8859
8894
8860
8895
8861
8896
8862
8897
8863
8898
8864
8899
8865
8900
8866
8901
8867
8902
8868
8903
8869
8904
8905
8871
8908
8872
8909
8873
8910
8874
8911
8875
8912
8876
8913
8877
8914
8878
8915
8879
8916
8880
8917
8881
8918
8882
8919
8883
8920
8884
8921
8885
8922
8886
8923
8887
8924
8925
13908
8889
8926
8890
8927
8891
8928
8892
8929
8893
8930
8894
8931
8895
8932
8896
8933
8897
8934
8898
8935
8899
8936
8900
8937
8901
8938
8902
8939
8903
8940
8904
8941
8905
8942
8906
8943
8944
8908
8947
8909
8948
8910
8949
8911
8950
8912
8951
8913
8952
8914
8953
8915
8954
8916
8955
8917
8956
8918
8957
8919
8958
8920
8959
8921
8960
8922
8961
8923
8962
8924
8963
8925
8964
8965
14000
8927
8966
8928
8967
8929
8968
8930
8969
8931
8970
8932
8971
8933
8972
8934
8973
8935
8974
8936
8975
8937
8976
8938
8977
8939
8978
8940
8979
8941
8980
8942
8981
8943
8982
8944
8983
8945
8984
8985
8947
8988
8948
8989
8949
8990
8950
8991
8951
8992
8952
8993
8953
8994
8954
8995
8955
8996
8956
8997
8957
8998
8958
8999
8959
9000
8960
9001
8961
9002
8962
9003
8963
9004
8964
9005
8965
9006
9007
14092
8967
9008
8968
9009
8969
9010
8970
9011
8971
9012
8972
9013
8973
9014
8974
9015
8975
9016
8976
9017
8977
9018
8978
9019
8979
9020
8980
9021
8981
9022
8982
9023
8983
9024
8984
9025
8985
9026
8986
9027
9028
8988
9031
8989
9032
8990
9033
8991
9034
8992
9035
8993
9036
8994
9037
8995
9038
8996
9039
8997
9040
8998
9041
8999
9042
9000
9043
9001
9044
9002
9045
9003
9046
9004
9047
9005
9048
9006
9049
9007
9050
9051
14184
9009
9052
9010
9053
9011
9054
9012
9055
9013
9056
9014
9057
9015
9058
9016
9059
9017
9060
9018
9061
9019
9062
9020
9063
9021
9064
9022
9065
9023
9066
9024
9067
9025
9068
9026
9069
9027
9070
9028
9071
9029
9072
9073
9031
9076
9032
9077
9033
9078
9034
9079
9035
9080
9036
9081
9037
9082
9038
9083
9039
9084
9040
9085
9041
9086
9042
9087
9043
9088
9044
9089
9045
9090
9046
9091
9047
9092
9048
9093
9049
9094
9050
9095
9051
9096
9097
14276
9053
9098
9054
9099
9055
9100
9056
9101
9057
9102
9058
9103
9059
9104
9060
9105
9061
9106
9062
9107
9063
9108
9064
9109
9065
9110
9066
9111
9067
9112
9068
9113
9069
9114
9070
9115
9071
9116
9072
9117
9073
9118
9074
9119
9120
9076
9125
9077
9126
9078
9127
9079
9128
9080
9129
9081
9130
9082
9131
9083
9132
9084
9133
9085
9134
9086
9135
9087
9136
9088
9137
9089
9138
9090
9139
9091
9140
9092
9141
9093
9142
9094
9143
9095
9144
9096
9145
9097
9146
9147
14368
9099
9148
9100
9149
9101
9150
9102
9151
9103
9152
9104
9153
9105
9154
9106
9155
9107
9156
9108
9157
9109
9158
9110
9159
9111
9160
9112
9161
9113
9162
9114
9163
9115
9164
9116
9165
9117
9166
9118
9167
9119
9168
9120
9169
9121
9170
9122
9171
9172
9124
9179
9125
9180
9126
9181
9127
9182
9128
9183
9129
9184
9130
9185
9131
9186
9132
9187
9133
9188
9134
9189
9135
9190
9136
9191
9137
9192
9138
9193
9139
9194
9140
9195
9141
9196
9142
9197
9143
9198
9144
9199
9145
9200
9146
9201
9147
9202
9203
14460
9149
9204
9150
9205
9151
9206
9152
9207
9153
9208
9154
9209
9155
9210
9156
9211
9157
9212
9158
9213
9159
9214
9160
9215
9161
9216
9162
9217
9163
9218
9164
9219
9165
9220
9166
9221
9167
9222
9168
9223
9169
9224
9170
9225
9171
9226
9172
9227
9173
9228
9174
9229
9175
9230
9231
9177
9240
9178
9241
9179
9242
9180
9243
9181
9244
9182
9245
9183
9246
9184
9247
9185
9248
9186
9249
9187
9250
9188
9251
9189
9252
9190
9253
9191
9254
9192
9255
9193
9256
9194
9257
9195
9258
9196
9259
9197
9260
9198
9261
9199
9262
9200
9263
9201
9264
9202
9265
9203
9266
9267
14552
9205
9268
9206
9269
9207
9270
9208
9271
9209
9272
9210
9273
9211
9274
9212
9275
9213
9276
9214
9277
9215
9278
9216
9279
9217
9280
9218
9281
9219
9282
9220
9283
9221
9284
9222
9285
9223
9286
9224
9287
9225
9288
9226
9289
9227
9290
9228
9291
9229
9292
9230
9293
9231
9294
9232
9295
9233
9296
9234
9297
9235
9298
9236
9299
9237
9300
9238
9301
9239
9302
9240
9303
9241
9304
9242
9305
9243
9306
9244
9307
9245
9308
9246
9309
9247
9310
9248
9311
9249
9312
9250
9313
9251
9314
9252
9315
9253
9316
9254
9317
9255
9318
9256
9319
9257
9320
9258
9321
9259
9322
9260
9323
9261
9324
9262
9325
9263
9326
9264
9327
9265
9328
9266
9329
9267
9330
9331
14644
9269
9332
9270
9333
9271
9334
9272
9335
9273
9336
9274
9337
9275
9338
9276
9339
9277
9340
9278
9341
9279
9342
9280
9343
9281
9344
9282
9345
9283
9346
9284
9347
9285
9348
9286
9349
9287
9350
9288
9351
9289
9352
9290
9353
9291
9354
9292
9355
9293
9356
9294
9357
9295
9358
9296
9359
9297
9360
9298
9361
9299
9362
9300
9363
9301
9364
9302
9365
9303
9366
9304
9367
9305
9368
9306
9369
9307
9370
9308
9371
9309
9372
9310
9373
9311
9374
9312
9375
9313
9376
9314
9377
9315
9378
9316
9379
9317
9380
9318
9381
9319
9382
9320
9383
9321
9384
9322
9385
9323
9386
9324
9387
9325
9388
9326
9389
9327
9390
9328
9391
9329
9392
9330
9393
9331
9394
9395
14736
9333
9396
9334
9397
9335
9398
9336
9399
9337
9400
9338
9401
9339
9402
9340
9403
9341
9404
9342
9405
9343
9406
9344
9407
9345
9408
9346
9409
9347
9410
9348
9411
9349
9412
9350
9413
9351
9414
9352
9415
9353
9416
9354
9417
9355
9418
9356
9419
9357
9420
9358
9421
9359
9422
9360
9423
9361
9424
9362
9425
9363
9426
9364
9427
9365
9428
9366
9429
9367
9430
9368
9431
9369
9432
9370
9433
9371
9434
9372
9435
9373
9436
9374
9437
9375
9438
9376
9439
9377
9440
9378
9441
9379
9442
9380
9443
9381
9444
9382
9445
9383
9446
9384
9447
9385
9448
9386
9449
9387
9450
9388
9451
9389
9452
9390
9453
9391
9454
9392
9455
9393
9456
9394
9457
9395
9458
9459
14828
9397
9460
9398
9461
9399
9462
9400
9463
9401
9464
9402
9465
9403
9466
9404
9467
9405
9468
9406
9469
9407
9470
9408
9471
9409
9472
9410
9473
9411
9474
9412
9475
9413
9476
9414
9477
9415
9478
9416
9479
9417
9480
9418
9481
9419
9482
9420
9483
9421
9484
9422
9485
9423
9486
9424
9487
9425
9488
9426
9489
9427
9490
9428
9491
9429
9492
9430
9493
9431
9494
9432
9495
9433
9496
9434
9497
9435
9498
9436
9499
9437
9500
9438
9501
9439
9502
9440
9503
9441
9504
9442
9505
9443
9506
9444
9507
9445
9508
9446
9509
9447
9510
9448
9511
9449
9512
9450
9513
9451
9514
9452
9515
9453
9516
9454
9517
9455
9518
9456
9519
9457
9520
9458
9521
9459
9522
9523
14920
9461
9524
9462
9525
9463
9526
9464
9527
9465
9528
9466
9529
9467
9530
9468
9531
9469
9532
9470
9533
9471
9534
9472
9535
9473
9536
9474
9537
9475
9538
9476
9539
9477
9540
9478
9541
9479
9542
9480
9543
9481
9544
9482
9545
9483
9546
9484
9547
9485
9548
9486
9549
9487
9550
9488
9551
9489
9552
9490
9553
9491
9554
9492
9555
9493
9556
9494
9557
9495
9558
9496
9559
9497
9560
9498
9561
9499
9562
9500
9563
9501
9564
9502
9565
9503
9566
9504
9567
9505
9568
9506
9569
9507
9570
9508
9571
9509
9572
9510
9573
9511
9574
9512
9575
9513
9576
9514
9577
9515
9578
9516
9579
9517
9580
9518
9581
9519
9582
9520
9583
9521
9584
9522
9585
9523
9586
9587
15012
9525
9588
9526
9589
9527
9590
9528
9591
9529
9592
9530
9593
9531
9594
9532
9595
9533
9596
9534
9597
9535
9598
9536
9599
9537
9600
9538
9601
9539
9602
9540
9603
9541
9604
9542
9605
9543
9606
9544
9607
9545
9608
9546
9609
9547
9610
9548
9611
9549
9612
9550
9613
9551
9614
9552
9615
9553
9616
9554
9617
9555
9618
9556
9619
9557
9620
9558
9621
9559
9622
9560
9623
9561
9624
9562
9625
9563
9626
9564
9627
9565
9628
9566
9629
9567
9630
9568
9631
9569
9632
9570
9633
9571
9634
9572
9635
9573
9636
9574
9637
9575
9638
9576
9639
9577
9640
9578
9641
9579
9642
9580
9643
9581
9644
9582
9645
9583
9646
9584
9647
9585
9648
9586
9649
9587
9650
9651
15104
9589
9652
9590
9653
9591
9654
9592
9655
9593
9656
9594
9657
9595
9658
9596
9659
9597
9660
9598
9661
9599
9662
9600
9663
9601
9664
9602
9665
9603
9666
9604
9667
9605
9668
9606
9669
9607
9670
9608
9671
9609
9672
9610
9673
9611
9674
9612
9675
9613
9676
9614
9677
9615
9678
9616
9679
9617
9680
9618
9681
9619
9682
9620
9683
9621
9684
9622
9685
9623
9686
9624
9687
9625
9688
9626
9689
9627
9690
9628
9691
9629
9692
9630
9693
9631
9694
9632
9695
9633
9696
9634
9697
9635
9698
9636
9699
9637
9700
9638
9701
9639
9702
9640
9703
9641
9704
9642
9705
9643
9706
9644
9707
9645
9708
9646
9709
9647
9710
9648
9711
9649
9712
9650
9713
9651
9714
9715
15196
9653
9716
9654
9717
9655
9718
9656
9719
9657
9720
9658
9721
9659
9722
9660
9723
9661
9724
9662
9725
9663
9726
9664
9727
9665
9728
9666
9729
9667
9730
9668
9731
9669
9732
9670
9733
9671
9734
9672
9735
9673
9736
9674
9737
9675
9738
9676
9739
9677
9740
9678
9741
9679
9742
9680
9743
9681
9744
9682
9745
9683
9746
9684
9747
9685
9748
9686
9749
9687
9750
9688
9751
9689
9752
9690
9753
9691
9754
9692
9755
9693
9756
9694
9757
9695
9758
9696
9759
9697
9760
9698
9761
9699
9762
9700
9763
9701
9764
9702
9765
9703
9766
9704
9767
9705
9768
9706
9769
9707
9770
9708
9771
9709
9772
9710
9773
9711
9774
9712
9775
9713
9776
9714
9777
9715
9778
9779
15288
9717
9780
9718
9781
9719
9782
9720
9783
9721
9784
9722
9785
9723
9786
9724
9787
9725
9788
9726
9789
9727
9790
9728
9791
9729
9792
9730
9793
9731
9794
9732
9795
9733
9796
9734
9797
9735
9798
9736
9799
9737
9800
9738
9801
9739
9802
9740
9803
9741
9804
9742
9805
9743
9806
9744
9807
9745
9808
9746
9809
9747
9810
9748
9811
9749
9812
9750
9813
9751
9814
9752
9815
9753
9816
9754
9817
9755
9818
9756
9819
9757
9820
9758
9821
9759
9822
9760
9823
9761
9824
9762
9825
9763
9826
9764
9827
9765
9828
9766
9829
9767
9830
9768
9831
9769
9832
9770
9833
9771
9834
9772
9835
9773
9836
9774
9837
9775
9838
9776
9839
9777
9840
9778
9841
9779
9842
9843
15380
9781
9844
9782
9845
9783
9846
9784
9847
9785
9848
9786
9849
9787
9850
9788
9851
9789
9852
9790
9853
9791
9854
9792
9855
9793
9856
9794
9857
9795
9858
9796
9859
9797
9860
9798
9861
9799
9862
9800
9863
9801
9864
9802
9865
9803
9866
9804
9867
9805
9868
9806
9869
9807
9870
9808
9871
9809
9872
9810
9873
9811
9874
9812
9875
9813
9876
9814
9877
9815
9878
9816
9879
9817
9880
9818
9881
9819
9882
9820
9883
9821
9884
9822
9885
9823
9886
9824
9887
9825
9888
9826
9889
9827
9890
9828
9891
9829
9892
9830
9893
9831
9894
9832
9895
9833
9896
9834
9897
9835
9898
9836
9899
9837
9900
9838
9901
9839
9902
9840
9903
9841
9904
9842
9905
9843
9906
9907
15472
9845
9908
9846
9909
9847
9910
9848
9911
9849
9912
9850
9913
9851
9914
9852
9915
9853
9916
9854
9917
9855
9918
9856
9919
9857
9920
9858
9921
9859
9922
9860
9923
9861
9924
9862
9925
9863
9926
9864
9927
9865
9928
9866
9929
9867
9930
9868
9931
9869
9932
9870
9933
9871
9934
9872
9935
9873
9936
9874
9937
9875
9938
9876
9939
9877
9940
9878
9941
9879
9942
9880
9943
9881
9944
9882
9945
9883
9946
9884
9947
9885
9948
9886
9949
9887
9950
9888
9951
9889
9952
9890
9953
9891
9954
9892
9955
9893
9956
9894
9957
9895
9958
9896
9959
9897
9960
9898
9961
9899
9962
9900
9963
9901
9964
9902
9965
9903
9966
9904
9967
9905
9968
9906
9969
9907
9970
9971
15564
9909
9972
9910
9973
9911
9974
9912
9975
9913
9976
9914
9977
9915
9978
9916
9979
9917
9980
9918
9981
9919
9982
9920
9983
9921
9984
9922
9985
9923
9986
9924
9987
9925
9988
9926
9989
9927
9990
9928
9991
9929
9992
9930
9993
9931
9994
9932
9995
9933
9996
9934
9997
9935
9998
9936
9999
9937
10000
9938
10001
9939
10002
9940
10003
9941
10004
9942
10005
9943
10006
9944
10007
9945
10008
9946
10009
9947
10010
9948
10011
9949
10012
9950
10013
9951
10014
9952
10015
9953
10016
9954
10017
9955
10018
9956
10019
9957
10020
9958
10021
9959
10022
9960
10023
9961
10024
9962
10025
9963
10026
9964
10027
9965
10028
9966
10029
9967
10030
9968
10031
9969
10032
9970
10033
9971
10034
10035
15656
9973
10036
9974
10037
9975
10038
9976
10039
9977
10040
9978
10041
9979
10042
9980
10043
9981
10044
9982
10045
9983
10046
9984
10047
9985
10048
9986
10049
9987
10050
9988
10051
9989
10052
9990
10053
9991
10054
9992
10055
9993
10056
9994
10057
9995
10058
9996
10059
9997
10060
9998
10061
9999
10062
10000
10063
10001
10064
10002
10065
10003
10066
10004
10067
10005
10068
10006
10069
10007
10070
10008
10071
10009
10072
10010
10073
10011
10074
10012
10075
10013
10076
10014
10077
10015
10078
10016
10079
10017
10080
10018
10081
10019
10082
10020
10083
10021
10084
10022
10085
10023
10086
10024
10087
10025
10088
10026
10089
10027
10090
10028
10091
10029
10092
10030
10093
10031
10094
10032
10095
10033
10096
10034
10097
10035
10098
10099
15748
10037
10100
10038
10101
10039
10102
10040
10103
10041
10104
10042
10105
10043
10106
10044
10107
10045
10108
10046
10109
10047
10110
10048
10111
10049
10112
10050
10113
10051
10114
10052
10115
10053
10116
10054
10117
10055
10118
10056
10119
10057
10120
10058
10121
10059
10122
10060
10123
10061
10124
10062
10125
10063
10126
10064
10127
10065
10128
10066
10129
10067
10130
10068
10131
10069
10132
10070
10133
10071
10134
10072
10135
10073
10136
10074
10137
10075
10138
10076
10139
10077
10140
10078
10141
10079
10142
10080
10143
10081
10144
10082
10145
10083
10146
10084
10147
10085
10148
10086
10149
10087
10150
10088
10151
10089
10152
10090
10153
10091
10154
10092
10155
10093
10156
10094
10157
10095
10158
10096
10159
10097
10160
10098
10161
10099
10162
10163
15840
10101
10164
10102
10165
10103
10166
10104
10167
10105
10168
10106
10169
10107
10170
10108
10171
10109
10172
10110
10173
10111
10174
10112
10175
10113
10176
10114
10177
10115
10178
10116
10179
10117
10180
10118
10181
10119
10182
10120
10183
10121
10184
10122
10185
10123
10186
10124
10187
10125
10188
10126
10189
10127
10190
10128
10191
10129
10192
10130
10193
10131
10194
10132
10195
10133
10196
10134
10197
10135
10198
10136
10199
10137
10200
10138
10201
10139
10202
10140
10203
10141
10204
10142
10205
10143
10206
10144
10207
10145
10208
10146
10209
10147
10210
10148
10211
10149
10212
10150
10213
10151
10214
10152
10215
10153
10216
10154
10217
10155
10218
10156
10219
10157
10220
10158
10221
10159
10222
10160
10223
10161
10224
10162
10225
10163
10226
10227
15932
10165
16900
10166
16901
10167
16902
10168
16903
10169
16904
10170
16905
10171
16906
10172
16907
10173
16908
10174
16909
10175
16910
10176
16911
10177
16912
10178
16913
10179
16914
10180
16915
10181
16916
10182
16917
10183
16918
10184
16919
10185
16920
10186
16921
10187
16922
10188
16923
10189
16924
10190
16925
10191
16926
10192
16927
10193
16928
10194
16929
10195
16930
10196
16931
10197
16932
10198
16933
10199
16934
10200
16935
10201
16936
10202
16937
10203
16938
10204
16939
10205
16940
10206
16941
10207
16942
10208
16943
10209
16944
10210
16945
10211
16946
10212
16947
10213
16948
10214
16949
10215
16950
10216
16951
10217
16952
10218
16953
10219
16954
10220
16955
10221
16956
10222
16957
10223
16958
10224
16959
10225
16960
10226
16961
10227
16962
16024
16963
10229
10320
10230
10321
10231
10322
10232
10323
10233
10324
10234
10325
10235
10326
10236
10327
10237
10328
10238
10329
10239
10330
10240
10331
10241
10332
10242
10333
10243
10334
10244
10335
10245
10336
10246
10337
10247
10338
10248
10339
10249
10340
10250
10341
10251
10342
10252
10343
10253
10344
10254
10345
10255
10346
10256
10347
10257
10348
10258
10349
10259
10350
10260
10351
10261
10352
10262
10353
10263
10354
10264
10355
10265
10356
10266
10357
10267
10358
10268
10359
10269
10360
10270
10361
10271
10362
10272
10363
10273
10364
10274
10365
10275
10366
10276
10367
10277
10368
10278
10369
10279
10370
10280
10371
10281
10372
10282
10373
10283
10374
10284
10375
10285
10376
10286
10377
10287
10378
10288
10379
10289
10380
10290
10381
10291
10382
10292
10383
10293
10384
10294
10385
10295
10386
10296
10387
10297
10388
10298
10389
10299
10390
10300
10391
10301
10392
10302
10393
10303
10394
10304
10395
10305
10396
10306
10397
10307
10398
10308
10399
10309
10400
10310
10401
10311
10402
10312
10403
10313
10404
10314
10405
10315
10406
10316
10407
10317
10408
10318
10409
10319
10410
10411
10321
10412
10322
10413
10323
10414
10324
10415
10325
10416
10326
10417
10327
10418
10328
10419
10329
10420
10330
10421
10331
10422
10332
10423
10333
10424
10334
10425
10335
10426
10336
10427
10337
10428
10338
10429
10339
10430
10340
10431
10341
10432
10342
10433
10343
10434
10344
10435
10345
10436
10346
10437
10347
10438
10348
10439
10349
10440
10350
10441
10351
10442
10352
10443
10353
10444
10354
10445
10355
10446
10356
10447
10357
10448
10358
10449
10359
10450
10360
10451
10361
10452
10362
10453
10363
10454
10364
10455
10365
10456
10366
10457
10367
10458
10368
10459
10369
10460
10370
10461
10371
10462
10372
10463
10373
10464
10374
10465
10375
10466
10376
10467
10377
10468
10378
10469
10379
10470
10380
10471
10381
10472
10382
10473
10383
10474
10384
10475
10385
10476
10386
10477
10387
10478
10388
10479
10389
10480
10390
10481
10391
10482
10392
10483
10393
10484
10394
10485
10395
10486
10396
10487
10397
10488
10398
10489
10399
10490
10400
10491
10401
10492
10402
10493
10403
10494
10404
10495
10405
10496
10406
10497
10407
10498
10408
10499
10409
10500
10410
10501
10411
10502
10503
10413
10504
10414
10505
10415
10506
10416
10507
10417
10508
10418
10509
10419
10510
10420
10511
10421
10512
10422
10513
10423
10514
10424
10515
10425
10516
10426
10517
10427
10518
10428
10519
10429
10520
10430
10521
10431
10522
10432
10523
10433
10524
10434
10525
10435
10526
10436
10527
10437
10528
10438
10529
10439
10530
10440
10531
10441
10532
10442
10533
10443
10534
10444
10535
10445
10536
10446
10537
10447
10538
10448
10539
10449
10540
10450
10541
10451
10542
10452
10543
10453
10544
10454
10545
10455
10546
10456
10547
10457
10548
10458
10549
10459
10550
10460
10551
10461
10552
10462
10553
10463
10554
10464
10555
10465
10556
10466
10557
10467
10558
10468
10559
10469
10560
10470
10561
10471
10562
10472
10563
10473
10564
10474
10565
10475
10566
10476
10567
10477
10568
10478
10569
10479
10570
10480
10571
10481
10572
10482
10573
10483
10574
10484
10575
10485
10576
10486
10577
10487
10578
10488
10579
10489
10580
10490
10581
10491
10582
10492
10583
10493
10584
10494
10585
10495
10586
10496
10587
10497
10588
10498
10589
10499
10590
10500
10591
10501
10592
10502
10593
10503
10594
10595
10505
10596
10506
10597
10507
10598
10508
10599
10509
10600
10510
10601
10511
10602
10512
10603
10513
10604
10514
10605
10515
10606
10516
10607
10517
10608
10518
10609
10519
10610
10520
10611
10521
10612
10522
10613
10523
10614
10524
10615
10525
10616
10526
10617
10527
10618
10528
10619
10529
10620
10530
10621
10531
10622
10532
10623
10533
10624
10534
10625
10535
10626
10536
10627
10537
10628
10538
10629
10539
10630
10540
10631
10541
10632
10542
10633
10543
10634
10544
10635
10545
10636
10546
10637
10547
10638
10548
10639
10549
10640
10550
10641
10551
10642
10552
10643
10553
10644
10554
10645
10555
10646
10556
10647
10557
10648
10558
10649
10559
10650
10560
10651
10561
10652
10562
10653
10563
10654
10564
10655
10565
10656
10566
10657
10567
10658
10568
10659
10569
10660
10570
10661
10571
10662
10572
10663
10573
10664
10574
10665
10575
10666
10576
10667
10577
10668
10578
10669
10579
10670
10580
10671
10581
10672
10582
10673
10583
10674
10584
10675
10585
10676
10586
10677
10587
10678
10588
10679
10589
10680
10590
10681
10591
10682
10592
10683
10593
10684
10594
10685
10595
10686
10687
10597
10688
10598
10689
10599
10690
10600
10691
10601
10692
10602
10693
10603
10694
10604
10695
10605
10696
10606
10697
10607
10698
10608
10699
10609
10700
10610
10701
10611
10702
10612
10703
10613
10704
10614
10705
10615
10706
10616
10707
10617
10708
10618
10709
10619
10710
10620
10711
10621
10712
10622
10713
10623
10714
10624
10715
10625
10716
10626
10717
10627
10718
10628
10719
10629
10720
10630
10721
10631
10722
10632
10723
10633
10724
10634
10725
10635
10726
10636
10727
10637
10728
10638
10729
10639
10730
10640
10731
10641
10732
10642
10733
10643
10734
10644
10735
10645
10736
10646
10737
10647
10738
10648
10739
10649
10740
10650
10741
10651
10742
10652
10743
10653
10744
10654
10745
10655
10746
10656
10747
10657
10748
10658
10749
10659
10750
10660
10751
10661
10752
10662
10753
10663
10754
10664
10755
10665
10756
10666
10757
10667
10758
10668
10759
10669
10760
10670
10761
10671
10762
10672
10763
10673
10764
10674
10765
10675
10766
10676
10767
10677
10768
10678
10769
10679
10770
10680
10771
10681
10772
10682
10773
10683
10774
10684
10775
10685
10776
10686
10777
10687
10778
10779
10689
10780
10690
10781
10691
10782
10692
10783
10693
10784
10694
10785
10695
10786
10696
10787
10697
10788
10698
10789
10699
10790
10700
10791
10701
10792
10702
10793
10703
10794
10704
10795
10705
10796
10706
10797
10707
10798
10708
10799
10709
10800
10710
10801
10711
10802
10712
10803
10713
10804
10714
10805
10715
10806
10716
10807
10717
10808
10718
10809
10719
10810
10720
10811
10721
10812
10722
10813
10723
10814
10724
10815
10725
10816
10726
10817
10727
10818
10728
10819
10729
10820
10730
10821
10731
10822
10732
10823
10733
10824
10734
10825
10735
10826
10736
10827
10737
10828
10738
10829
10739
10830
10740
10831
10741
10832
10742
10833
10743
10834
10744
10835
10745
10836
10746
10837
10747
10838
10748
10839
10749
10840
10750
10841
10751
10842
10752
10843
10753
10844
10754
10845
10755
10846
10756
10847
10757
10848
10758
10849
10759
10850
10760
10851
10761
10852
10762
10853
10763
10854
10764
10855
10765
10856
10766
10857
10767
10858
10768
10859
10769
10860
10770
10861
10771
10862
10772
10863
10773
10864
10774
10865
10775
10866
10776
10867
10777
10868
10778
10869
10779
10870
10871
10781
10872
10782
10873
10783
10874
10784
10875
10785
10876
10786
10877
10787
10878
10788
10879
10789
10880
10790
10881
10791
10882
10792
10883
10793
10884
10794
10885
10795
10886
10796
10887
10797
10888
10798
10889
10799
10890
10800
10891
10801
10892
10802
10893
10803
10894
10804
10895
10805
10896
10806
10897
10807
10898
10808
10899
10809
10900
10810
10901
10811
10902
10812
10903
10813
10904
10814
10905
10815
10906
10816
10907
10817
10908
10818
10909
10819
10910
10820
10911
10821
10912
10822
10913
10823
10914
10824
10915
10825
10916
10826
10917
10827
10918
10828
10919
10829
10920
10830
10921
10831
10922
10832
10923
10833
10924
10834
10925
10835
10926
10836
10927
10837
10928
10838
10929
10839
10930
10840
10931
10841
10932
10842
10933
10843
10934
10844
10935
10845
10936
10846
10937
10847
10938
10848
10939
10849
10940
10850
10941
10851
10942
10852
10943
10853
10944
10854
10945
10855
10946
10856
10947
10857
10948
10858
10949
10859
10950
10860
10951
10861
10952
10862
10953
10863
10954
10864
10955
10865
10956
10866
10957
10867
10958
10868
10959
10869
10960
10870
10961
10871
10962
10963
10873
10964
10874
10965
10875
10966
10876
10967
10877
10968
10878
10969
10879
10970
10880
10971
10881
10972
10882
10973
10883
10974
10884
10975
10885
10976
10886
10977
10887
10978
10888
10979
10889
10980
10890
10981
10891
10982
10892
10983
10893
10984
10894
10985
10895
10986
10896
10987
10897
10988
10898
10989
10899
10990
10900
10991
10901
10992
10902
10993
10903
10994
10904
10995
10905
10996
10906
10997
10907
10998
10908
10999
10909
11000
10910
11001
10911
11002
10912
11003
10913
11004
10914
11005
10915
11006
10916
11007
10917
11008
10918
11009
10919
11010
10920
11011
10921
11012
10922
11013
10923
11014
10924
11015
10925
11016
10926
11017
10927
11018
10928
11019
10929
11020
10930
11021
10931
11022
10932
11023
10933
11024
10934
11025
10935
11026
10936
11027
10937
11028
10938
11029
10939
11030
10940
11031
10941
11032
10942
11033
10943
11034
10944
11035
10945
11036
10946
11037
10947
11038
10948
11039
10949
11040
10950
11041
10951
11042
10952
11043
10953
11044
10954
11045
10955
11046
10956
11047
10957
11048
10958
11049
10959
11050
10960
11051
10961
11052
10962
11053
10963
11054
11055
10965
11056
10966
11057
10967
11058
10968
11059
10969
11060
10970
11061
10971
11062
10972
11063
10973
11064
10974
11065
10975
11066
10976
11067
10977
11068
10978
11069
10979
11070
10980
11071
10981
11072
10982
11073
10983
11074
10984
11075
10985
11076
10986
11077
10987
11078
10988
11079
10989
11080
10990
11081
10991
11082
10992
11083
10993
11084
10994
11085
10995
11086
10996
11087
10997
11088
10998
11089
10999
11090
11000
11091
11001
11092
11002
11093
11003
11094
11004
11095
11005
11096
11006
11097
11007
11098
11008
11099
11009
11100
11010
11101
11011
11102
11012
11103
11013
11104
11014
11105
11015
11106
11016
11107
11017
11108
11018
11109
11019
11110
11020
11111
11021
11112
11022
11113
11023
11114
11024
11115
11025
11116
11026
11117
11027
11118
11028
11119
11029
11120
11030
11121
11031
11122
11032
11123
11033
11124
11034
11125
11035
11126
11036
11127
11037
11128
11038
11129
11039
11130
11040
11131
11041
11132
11042
11133
11043
11134
11044
11135
11045
11136
11046
11137
11047
11138
11048
11139
11049
11140
11050
11141
11051
11142
11052
11143
11053
11144
11054
11145
11055
11146
11147
11057
11148
11058
11149
11059
11150
11060
11151
11061
11152
11062
11153
11063
11154
11064
11155
11065
11156
11066
11157
11067
11158
11068
11159
11069
11160
11070
11161
11071
11162
11072
11163
11073
11164
11074
11165
11075
11166
11076
11167
11077
11168
11078
11169
11079
11170
11080
11171
11081
11172
11082
11173
11083
11174
11084
11175
11085
11176
11086
11177
11087
11178
11088
11179
11089
11180
11090
11181
11091
11182
11092
11183
11093
11184
11094
11185
11095
11186
11096
11187
11097
11188
11098
11189
11099
11190
11100
11191
11101
11192
11102
11193
11103
11194
11104
11195
11105
11196
11106
11197
11107
11198
11108
11199
11109
11200
11110
11201
11111
11202
11112
11203
11113
11204
11114
11205
11115
11206
11116
11207
11117
11208
11118
11209
11119
11210
11120
11211
11121
11212
11122
11213
11123
11214
11124
11215
11125
11216
11126
11217
11127
11218
11128
11219
11129
11220
11130
11221
11131
11222
11132
11223
11133
11224
11134
11225
11135
11226
11136
11227
11137
11228
11138
11229
11139
11230
11140
11231
11141
11232
11142
11233
11143
11234
11144
11235
11145
11236
11146
11237
11147
11238
11239
11149
11240
11150
11241
11151
11242
11152
11243
11153
11244
11154
11245
11155
11246
11156
11247
11157
11248
11158
11249
11159
11250
11160
11251
11161
11252
11162
11253
11163
11254
11164
11255
11165
11256
11166
11257
11167
11258
11168
11259
11169
11260
11170
11261
11171
11262
11172
11263
11173
11264
11174
11265
11175
11266
11176
11267
11177
11268
11178
11269
11179
11270
11180
11271
11181
11272
11182
11273
11183
11274
11184
11275
11185
11276
11186
11277
11187
11278
11188
11279
11189
11280
11190
11281
11191
11282
11192
11283
11193
11284
11194
11285
11195
11286
11196
11287
11197
11288
11198
11289
11199
11290
11200
11291
11201
11292
11202
11293
11203
11294
11204
11295
11205
11296
11206
11297
11207
11298
11208
11299
11209
11300
11210
11301
11211
11302
11212
11303
11213
11304
11214
11305
11215
11306
11216
11307
11217
11308
11218
11309
11219
11310
11220
11311
11221
11312
11222
11313
11223
11314
11224
11315
11225
11316
11226
11317
11227
11318
11228
11319
11229
11320
11230
11321
11231
11322
11232
11323
11233
11324
11234
11325
11235
11326
11236
11327
11237
11328
11238
11329
11239
11330
11331
11241
11332
11242
11333
11243
11334
11244
11335
11245
11336
11246
11337
11247
11338
11248
11339
11249
11340
11250
11341
11251
11342
11252
11343
11253
11344
11254
11345
11255
11346
11256
11347
11257
11348
11258
11349
11259
11350
11260
11351
11261
11352
11262
11353
11263
11354
11264
11355
11265
11356
11266
11357
11267
11358
11268
11359
11269
11360
11270
11361
11271
11362
11272
11363
11273
11364
11274
11365
11275
11366
11276
11367
11277
11368
11278
11369
11279
11370
11280
11371
11281
11372
11282
11373
11283
11374
11284
11375
11285
11376
11286
11377
11287
11378
11288
11379
11289
11380
11290
11381
11291
11382
11292
11383
11293
11384
11294
11385
11295
11386
11296
11387
11297
11388
11298
11389
11299
11390
11300
11391
11301
11392
11302
11393
11303
11394
11304
11395
11305
11396
11306
11397
11307
11398
11308
11399
11309
11400
11310
11401
11311
11402
11312
11403
11313
11404
11314
11405
11315
11406
11316
11407
11317
11408
11318
11409
11319
11410
11320
11411
11321
11412
11322
11413
11323
11414
11324
11415
11325
11416
11326
11417
11327
11418
11328
11419
11329
11420
11330
11421
11331
11422
11423
11333
11424
11334
11425
11335
11426
11336
11427
11337
11428
11338
11429
11339
11430
11340
11431
11341
11432
11342
11433
11343
11434
11344
11435
11345
11436
11346
11437
11347
11438
11348
11439
11349
11440
11350
11441
11351
11442
11352
11443
11353
11444
11354
11445
11355
11446
11356
11447
11357
11448
11358
11449
11359
11450
11360
11451
11361
11452
11362
11453
11363
11454
11364
11455
11365
11456
11366
11457
11367
11458
11368
11459
11369
11460
11370
11461
11371
11462
11372
11463
11373
11464
11374
11465
11375
11466
11376
11467
11377
11468
11378
11469
11379
11470
11380
11471
11381
11472
11382
11473
11383
11474
11384
11475
11385
11476
11386
11477
11387
11478
11388
11479
11389
11480
11390
11481
11391
11482
11392
11483
11393
11484
11394
11485
11395
11486
11396
11487
11397
11488
11398
11489
11399
11490
11400
11491
11401
11492
11402
11493
11403
11494
11404
11495
11405
11496
11406
11497
11407
11498
11408
11499
11409
11500
11410
11501
11411
11502
11412
11503
11413
11504
11414
11505
11415
11506
11416
11507
11417
11508
11418
11509
11419
11510
11420
11511
11421
11512
11422
11513
11423
11514
11515
11425
11516
11426
11517
11427
11518
11428
11519
11429
11520
11430
11521
11431
11522
11432
11523
11433
11524
11434
11525
11435
11526
11436
11527
11437
11528
11438
11529
11439
11530
11440
11531
11441
11532
11442
11533
11443
11534
11444
11535
11445
11536
11446
11537
11447
11538
11448
11539
11449
11540
11450
11541
11451
11542
11452
11543
11453
11544
11454
11545
11455
11546
11456
11547
11457
11548
11458
11549
11459
11550
11460
11551
11461
11552
11462
11553
11463
11554
11464
11555
11465
11556
11466
11557
11467
11558
11468
11559
11469
11560
11470
11561
11471
11562
11472
11563
11473
11564
11474
11565
11475
11566
11476
11567
11477
11568
11478
11569
11479
11570
11480
11571
11481
11572
11482
11573
11483
11574
11484
11575
11485
11576
11486
11577
11487
11578
11488
11579
11489
11580
11490
11581
11491
11582
11492
11583
11493
11584
11494
11585
11495
11586
11496
11587
11497
11588
11498
11589
11499
11590
11500
11591
11501
11592
11502
11593
11503
11594
11504
11595
11505
11596
11506
11597
11507
11598
11508
11599
11509
11600
11510
11601
11511
11602
11512
11603
11513
11604
11514
11605
11515
11606
11607
11517
11608
11518
11609
11519
11610
11520
11611
11521
11612
11522
11613
11523
11614
11524
11615
11525
11616
11526
11617
11527
11618
11528
11619
11529
11620
11530
11621
11531
11622
11532
11623
11533
11624
11534
11625
11535
11626
11536
11627
11537
11628
11538
11629
11539
11630
11540
11631
11541
11632
11542
11633
11543
11634
11544
11635
11545
11636
11546
11637
11547
11638
11548
11639
11549
11640
11550
11641
11551
11642
11552
11643
11553
11644
11554
11645
11555
11646
11556
11647
11557
11648
11558
11649
11559
11650
11560
11651
11561
11652
11562
11653
11563
11654
11564
11655
11565
11656
11566
11657
11567
11658
11568
11659
11569
11660
11570
11661
11571
11662
11572
11663
11573
11664
11574
11665
11575
11666
11576
11667
11577
11668
11578
11669
11579
11670
11580
11671
11581
11672
11582
11673
11583
11674
11584
11675
11585
11676
11586
11677
11587
11678
11588
11679
11589
11680
11590
11681
11591
11682
11592
11683
11593
11684
11594
11685
11595
11686
11596
11687
11597
11688
11598
11689
11599
11690
11600
11691
11601
11692
11602
11693
11603
11694
11604
11695
11605
11696
11606
11697
11607
11698
11699
11609
11700
11610
11701
11611
11702
11612
11703
11613
11704
11614
11705
11615
11706
11616
11707
11617
11708
11618
11709
11619
11710
11620
11711
11621
11712
11622
11713
11623
11714
11624
11715
11625
11716
11626
11717
11627
11718
11628
11719
11629
11720
11630
11721
11631
11722
11632
11723
11633
11724
11634
11725
11635
11726
11636
11727
11637
11728
11638
11729
11639
11730
11640
11731
11641
11732
11642
11733
11643
11734
11644
11735
11645
11736
11646
11737
11647
11738
11648
11739
11649
11740
11650
11741
11651
11742
11652
11743
11653
11744
11654
11745
11655
11746
11656
11747
11657
11748
11658
11749
11659
11750
11660
11751
11661
11752
11662
11753
11663
11754
11664
11755
11665
11756
11666
11757
11667
11758
11668
11759
11669
11760
11670
11761
11671
11762
11672
11763
11673
11764
11674
11765
11675
11766
11676
11767
11677
11768
11678
11769
11679
11770
11680
11771
11681
11772
11682
11773
11683
11774
11684
11775
11685
11776
11686
11777
11687
11778
11688
11779
11689
11780
11690
11781
11691
11782
11692
11783
11693
11784
11694
11785
11695
11786
11696
11787
11697
11788
11698
11789
11699
11790
11791
11701
11792
11702
11793
11703
11794
11704
11795
11705
11796
11706
11797
11707
11798
11708
11799
11709
11800
11710
11801
11711
11802
11712
11803
11713
11804
11714
11805
11715
11806
11716
11807
11717
11808
11718
11809
11719
11810
11720
11811
11721
11812
11722
11813
11723
11814
11724
11815
11725
11816
11726
11817
11727
11818
11728
11819
11729
11820
11730
11821
11731
11822
11732
11823
11733
11824
11734
11825
11735
11826
11736
11827
11737
11828
11738
11829
11739
11830
11740
11831
11741
11832
11742
11833
11743
11834
11744
11835
11745
11836
11746
11837
11747
11838
11748
11839
11749
11840
11750
11841
11751
11842
11752
11843
11753
11844
11754
11845
11755
11846
11756
11847
11757
11848
11758
11849
11759
11850
11760
11851
11761
11852
11762
11853
11763
11854
11764
11855
11765
11856
11766
11857
11767
11858
11768
11859
11769
11860
11770
11861
11771
11862
11772
11863
11773
11864
11774
11865
11775
11866
11776
11867
11777
11868
11778
11869
11779
11870
11780
11871
11781
11872
11782
11873
11783
11874
11784
11875
11785
11876
11786
11877
11787
11878
11788
11879
11789
11880
11790
11881
11791
11882
11883
11793
11884
11794
11885
11795
11886
11796
11887
11797
11888
11798
11889
11799
11890
11800
11891
11801
11892
11802
11893
11803
11894
11804
11895
11805
11896
11806
11897
11807
11898
11808
11899
11809
11900
11810
11901
11811
11902
11812
11903
11813
11904
11814
11905
11815
11906
11816
11907
11817
11908
11818
11909
11819
11910
11820
11911
11821
11912
11822
11913
11823
11914
11824
11915
11825
11916
11826
11917
11827
11918
11828
11919
11829
11920
11830
11921
11831
11922
11832
11923
11833
11924
11834
11925
11835
11926
11836
11927
11837
11928
11838
11929
11839
11930
11840
11931
11841
11932
11842
11933
11843
11934
11844
11935
11845
11936
11846
11937
11847
11938
11848
11939
11849
11940
11850
11941
11851
11942
11852
11943
11853
11944
11854
11945
11855
11946
11856
11947
11857
11948
11858
11949
11859
11950
11860
11951
11861
11952
11862
11953
11863
11954
11864
11955
11865
11956
11866
11957
11867
11958
11868
11959
11869
11960
11870
11961
11871
11962
11872
11963
11873
11964
11874
11965
11875
11966
11876
11967
11877
11968
11878
11969
11879
11970
11880
11971
11881
11972
11882
11973
11883
11974
11975
11885
11976
11886
11977
11887
11978
11888
11979
11889
11980
11890
11981
11891
11982
11892
11983
11893
11984
11894
11985
11895
11986
11896
11987
11897
11988
11898
11989
11899
11990
11900
11991
11901
11992
11902
11993
11903
11994
11904
11995
11905
11996
11906
11997
11907
11998
11908
11999
11909
12000
11910
12001
11911
12002
11912
12003
11913
12004
11914
12005
11915
12006
11916
12007
11917
12008
11918
12009
11919
12010
11920
12011
11921
12012
11922
12013
11923
12014
11924
12015
11925
12016
11926
12017
11927
12018
11928
12019
11929
12020
11930
12021
11931
12022
11932
12023
11933
12024
11934
12025
11935
12026
11936
12027
11937
12028
11938
12029
11939
12030
11940
12031
11941
12032
11942
12033
11943
12034
11944
12035
11945
12036
11946
12037
11947
12038
11948
12039
11949
12040
11950
12041
11951
12042
11952
12043
11953
12044
11954
12045
11955
12046
11956
12047
11957
12048
11958
12049
11959
12050
11960
12051
11961
12052
11962
12053
11963
12054
11964
12055
11965
12056
11966
12057
11967
12058
11968
12059
11969
12060
11970
12061
11971
12062
11972
12063
11973
12064
11974
12065
11975
12066
12067
11977
12068
11978
12069
11979
12070
11980
12071
11981
12072
11982
12073
11983
12074
11984
12075
11985
12076
11986
12077
11987
12078
11988
12079
11989
12080
11990
12081
11991
12082
11992
12083
11993
12084
11994
12085
11995
12086
11996
12087
11997
12088
11998
12089
11999
12090
12000
12091
12001
12092
12002
12093
12003
12094
12004
12095
12005
12096
12006
12097
12007
12098
12008
12099
12009
12100
12010
12101
12011
12102
12012
12103
12013
12104
12014
12105
12015
12106
12016
12107
12017
12108
12018
12109
12019
12110
12020
12111
12021
12112
12022
12113
12023
12114
12024
12115
12025
12116
12026
12117
12027
12118
12028
12119
12029
12120
12030
12121
12031
12122
12032
12123
12033
12124
12034
12125
12035
12126
12036
12127
12037
12128
12038
12129
12039
12130
12040
12131
12041
12132
12042
12133
12043
12134
12044
12135
12045
12136
12046
12137
12047
12138
12048
12139
12049
12140
12050
12141
12051
12142
12052
12143
12053
12144
12054
12145
12055
12146
12056
12147
12057
12148
12058
12149
12059
12150
12060
12151
12061
12152
12062
12153
12063
12154
12064
12155
12065
12156
12066
12157
12067
12158
12159
12069
12160
12070
12161
12071
12162
12072
12163
12073
12164
12074
12165
12075
12166
12076
12167
12077
12168
12078
12169
12079
12170
12080
12171
12081
12172
12082
12173
12083
12174
12084
12175
12085
12176
12086
12177
12087
12178
12088
12179
12089
12180
12090
12181
12091
12182
12092
12183
12093
12184
12094
12185
12095
12186
12096
12187
12097
12188
12098
12189
12099
12190
12100
12191
12101
12192
12102
12193
12103
12194
12104
12195
12105
12196
12106
12197
12107
12198
12108
12199
12109
12200
12110
12201
12111
12202
12112
12203
12113
12204
12114
12205
12115
12206
12116
12207
12117
12208
12118
12209
12119
12210
12120
12211
12121
12212
12122
12213
12123
12214
12124
12215
12125
12216
12126
12217
12127
12218
12128
12219
12129
12220
12130
12221
12131
12222
12132
12223
12133
12224
12134
12225
12135
12226
12136
12227
12137
12228
12138
12229
12139
12230
12140
12231
12141
12232
12142
12233
12143
12234
12144
12235
12145
12236
12146
12237
12147
12238
12148
12239
12149
12240
12150
12241
12151
12242
12152
12243
12153
12244
12154
12245
12155
12246
12156
12247
12157
12248
12158
12249
12159
12250
12251
12161
12252
12162
12253
12163
12254
12164
12255
12165
12256
12166
12257
12167
12258
12168
12259
12169
12260
12170
12261
12171
12262
12172
12263
12173
12264
12174
12265
12175
12266
12176
12267
12177
12268
12178
12269
12179
12270
12180
12271
12181
12272
12182
12273
12183
12274
12184
12275
12185
12276
12186
12277
12187
12278
12188
12279
12189
12280
12190
12281
12191
12282
12192
12283
12193
12284
12194
12285
12195
12286
12196
12287
12197
12288
12198
12289
12199
12290
12200
12291
12201
12292
12202
12293
12203
12294
12204
12295
12205
12296
12206
12297
12207
12298
12208
12299
12209
12300
12210
12301
12211
12302
12212
12303
12213
12304
12214
12305
12215
12306
12216
12307
12217
12308
12218
12309
12219
12310
12220
12311
12221
12312
12222
12313
12223
12314
12224
12315
12225
12316
12226
12317
12227
12318
12228
12319
12229
12320
12230
12321
12231
12322
12232
12323
12233
12324
12234
12325
12235
12326
12236
12327
12237
12328
12238
12329
12239
12330
12240
12331
12241
12332
12242
12333
12243
12334
12244
12335
12245
12336
12246
12337
12247
12338
12248
12339
12249
12340
12250
12341
12251
12342
12343
12253
12344
12254
12345
12255
12346
12256
12347
12257
12348
12258
12349
12259
12350
12260
12351
12261
12352
12262
12353
12263
12354
12264
12355
12265
12356
12266
12357
12267
12358
12268
12359
12269
12360
12270
12361
12271
12362
12272
12363
12273
12364
12274
12365
12275
12366
12276
12367
12277
12368
12278
12369
12279
12370
12280
12371
12281
12372
12282
12373
12283
12374
12284
12375
12285
12376
12286
12377
12287
12378
12288
12379
12289
12380
12290
12381
12291
12382
12292
12383
12293
12384
12294
12385
12295
12386
12296
12387
12297
12388
12298
12389
12299
12390
12300
12391
12301
12392
12302
12393
12303
12394
12304
12395
12305
12396
12306
12397
12307
12398
12308
12399
12309
12400
12310
12401
12311
12402
12312
12403
12313
12404
12314
12405
12315
12406
12316
12407
12317
12408
12318
12409
12319
12410
12320
12411
12321
12412
12322
12413
12323
12414
12324
12415
12325
12416
12326
12417
12327
12418
12328
12419
12329
12420
12330
12421
12331
12422
12332
12423
12333
12424
12334
12425
12335
12426
12336
12427
12337
12428
12338
12429
12339
12430
12340
12431
12341
12432
12342
12433
12343
12434
12435
12345
12436
12346
12437
12347
12438
12348
12439
12349
12440
12350
12441
12351
12442
12352
12443
12353
12444
12354
12445
12355
12446
12356
12447
12357
12448
12358
12449
12359
12450
12360
12451
12361
12452
12362
12453
12363
12454
12364
12455
12365
12456
12366
12457
12367
12458
12368
12459
12369
12460
12370
12461
12371
12462
12372
12463
12373
12464
12374
12465
12375
12466
12376
12467
12377
12468
12378
12469
12379
12470
12380
12471
12381
12472
12382
12473
12383
12474
12384
12475
12385
12476
12386
12477
12387
12478
12388
12479
12389
12480
12390
12481
12391
12482
12392
12483
12393
12484
12394
12485
12395
12486
12396
12487
12397
12488
12398
12489
12399
12490
12400
12491
12401
12492
12402
12493
12403
12494
12404
12495
12405
12496
12406
12497
12407
12498
12408
12499
12409
12500
12410
12501
12411
12502
12412
12503
12413
12504
12414
12505
12415
12506
12416
12507
12417
12508
12418
12509
12419
12510
12420
12511
12421
12512
12422
12513
12423
12514
12424
12515
12425
12516
12426
12517
12427
12518
12428
12519
12429
12520
12430
12521
12431
12522
12432
12523
12433
12524
12434
12525
12435
12526
12527
12437
12528
12438
12529
12439
12530
12440
12531
12441
12532
12442
12533
12443
12534
12444
12535
12445
12536
12446
12537
12447
12538
12448
12539
12449
12540
12450
12541
12451
12542
12452
12543
12453
12544
12454
12545
12455
12546
12456
12547
12457
12548
12458
12549
12459
12550
12460
12551
12461
12552
12462
12553
12463
12554
12464
12555
12465
12556
12466
12557
12467
12558
12468
12559
12469
12560
12470
12561
12471
12562
12472
12563
12473
12564
12474
12565
12475
12566
12476
12567
12477
12568
12478
12569
12479
12570
12480
12571
12481
12572
12482
12573
12483
12574
12484
12575
12485
12576
12486
12577
12487
12578
12488
12579
12489
12580
12490
12581
12491
12582
12492
12583
12493
12584
12494
12585
12495
12586
12496
12587
12497
12588
12498
12589
12499
12590
12500
12591
12501
12592
12502
12593
12503
12594
12504
12595
12505
12596
12506
12597
12507
12598
12508
12599
12509
12600
12510
12601
12511
12602
12512
12603
12513
12604
12514
12605
12515
12606
12516
12607
12517
12608
12518
12609
12519
12610
12520
12611
12521
12612
12522
12613
12523
12614
12524
12615
12525
12616
12526
12617
12527
12618
12619
12529
12620
12530
12621
12531
12622
12532
12623
12533
12624
12534
12625
12535
12626
12536
12627
12537
12628
12538
12629
12539
12630
12540
12631
12541
12632
12542
12633
12543
12634
12544
12635
12545
12636
12546
12637
12547
12638
12548
12639
12549
12640
12550
12641
12551
12642
12552
12643
12553
12644
12554
12645
12555
12646
12556
12647
12557
12648
12558
12649
12559
12650
12560
12651
12561
12652
12562
12653
12563
12654
12564
12655
12565
12656
12566
12657
12567
12658
12568
12659
12569
12660
12570
12661
12571
12662
12572
12663
12573
12664
12574
12665
12575
12666
12576
12667
12577
12668
12578
12669
12579
12670
12580
12671
12581
12672
12582
12673
12583
12674
12584
12675
12585
12676
12586
12677
12587
12678
12588
12679
12589
12680
12590
12681
12591
12682
12592
12683
12593
12684
12594
12685
12595
12686
12596
12687
12597
12688
12598
12689
12599
12690
12600
12691
12601
12692
12602
12693
12603
12694
12604
12695
12605
12696
12606
12697
12607
12698
12608
12699
12609
12700
12610
12701
12611
12702
12612
12703
12613
12704
12614
12705
12615
12706
12616
12707
12617
12708
12618
12709
12619
12710
12711
12621
12712
12622
12713
12623
12714
12624
12715
12625
12716
12626
12717
12627
12718
12628
12719
12629
12720
12630
12721
12631
12722
12632
12723
12633
12724
12634
12725
12635
12726
12636
12727
12637
12728
12638
12729
12639
12730
12640
12731
12641
12732
12642
12733
12643
12734
12644
12735
12645
12736
12646
12737
12647
12738
12648
12739
12649
12740
12650
12741
12651
12742
12652
12743
12653
12744
12654
12745
12655
12746
12656
12747
12657
12748
12658
12749
12659
12750
12660
12751
12661
12752
12662
12753
12663
12754
12664
12755
12665
12756
12666
12757
12667
12758
12668
12759
12669
12760
12670
12761
12671
12762
12672
12763
12673
12764
12674
12765
12675
12766
12676
12767
12677
12768
12678
12769
12679
12770
12680
12771
12681
12772
12682
12773
12683
12774
12684
12775
12685
12776
12686
12777
12687
12778
12688
12779
12689
12780
12690
12781
12691
12782
12692
12783
12693
12784
12694
12785
12695
12786
12696
12787
12697
12788
12698
12789
12699
12790
12700
12791
12701
12792
12702
12793
12703
12794
12704
12795
12705
12796
12706
12797
12707
12798
12708
12799
12709
12800
12710
12801
12711
12802
12803
12713
12804
12714
12805
12715
12806
12716
12807
12717
12808
12718
12809
12719
12810
12720
12811
12721
12812
12722
12813
12723
12814
12724
12815
12725
12816
12726
12817
12727
12818
12728
12819
12729
12820
12730
12821
12731
12822
12732
12823
12733
12824
12734
12825
12735
12826
12736
12827
12737
12828
12738
12829
12739
12830
12740
12831
12741
12832
12742
12833
12743
12834
12744
12835
12745
12836
12746
12837
12747
12838
12748
12839
12749
12840
12750
12841
12751
12842
12752
12843
12753
12844
12754
12845
12755
12846
12756
12847
12757
12848
12758
12849
12759
12850
12760
12851
12761
12852
12762
12853
12763
12854
12764
12855
12765
12856
12766
12857
12767
12858
12768
12859
12769
12860
12770
12861
12771
12862
12772
12863
12773
12864
12774
12865
12775
12866
12776
12867
12777
12868
12778
12869
12779
12870
12780
12871
12781
12872
12782
12873
12783
12874
12784
12875
12785
12876
12786
12877
12787
12878
12788
12879
12789
12880
12790
12881
12791
12882
12792
12883
12793
12884
12794
12885
12795
12886
12796
12887
12797
12888
12798
12889
12799
12890
12800
12891
12801
12892
12802
12893
12803
12894
12895
12805
12896
12806
12897
12807
12898
12808
12899
12809
12900
12810
12901
12811
12902
12812
12903
12813
12904
12814
12905
12815
12906
12816
12907
12817
12908
12818
12909
12819
12910
12820
12911
12821
12912
12822
12913
12823
12914
12824
12915
12825
12916
12826
12917
12827
12918
12828
12919
12829
12920
12830
12921
12831
12922
12832
12923
12833
12924
12834
12925
12835
12926
12836
12927
12837
12928
12838
12929
12839
12930
12840
12931
12841
12932
12842
12933
12843
12934
12844
12935
12845
12936
12846
12937
12847
12938
12848
12939
12849
12940
12850
12941
12851
12942
12852
12943
12853
12944
12854
12945
12855
12946
12856
12947
12857
12948
12858
12949
12859
12950
12860
12951
12861
12952
12862
12953
12863
12954
12864
12955
12865
12956
12866
12957
12867
12958
12868
12959
12869
12960
12870
12961
12871
12962
12872
12963
12873
12964
12874
12965
12875
12966
12876
12967
12877
12968
12878
12969
12879
12970
12880
12971
12881
12972
12882
12973
12883
12974
12884
12975
12885
12976
12886
12977
12887
12978
12888
12979
12889
12980
12890
12981
12891
12982
12892
12983
12893
12984
12894
12985
12895
12986
12987
12897
12988
12898
12989
12899
12990
12900
12991
12901
12992
12902
12993
12903
12994
12904
12995
12905
12996
12906
12997
12907
12998
12908
12999
12909
13000
12910
13001
12911
13002
12912
13003
12913
13004
12914
13005
12915
13006
12916
13007
12917
13008
12918
13009
12919
13010
12920
13011
12921
13012
12922
13013
12923
13014
12924
13015
12925
13016
12926
13017
12927
13018
12928
13019
12929
13020
12930
13021
12931
13022
12932
13023
12933
13024
12934
13025
12935
13026
12936
13027
12937
13028
12938
13029
12939
13030
12940
13031
12941
13032
12942
13033
12943
13034
12944
13035
12945
13036
12946
13037
12947
13038
12948
13039
12949
13040
12950
13041
12951
13042
12952
13043
12953
13044
12954
13045
12955
13046
12956
13047
12957
13048
12958
13049
12959
13050
12960
13051
12961
13052
12962
13053
12963
13054
12964
13055
12965
13056
12966
13057
12967
13058
12968
13059
12969
13060
12970
13061
12971
13062
12972
13063
12973
13064
12974
13065
12975
13066
12976
13067
12977
13068
12978
13069
12979
13070
12980
13071
12981
13072
12982
13073
12983
13074
12984
13075
12985
13076
12986
13077
12987
13078
13079
12989
13080
12990
13081
12991
13082
12992
13083
12993
13084
12994
13085
12995
13086
12996
13087
12997
13088
12998
13089
12999
13090
13000
13091
13001
13092
13002
13093
13003
13094
13004
13095
13005
13096
13006
13097
13007
13098
13008
13099
13009
13100
13010
13101
13011
13102
13012
13103
13013
13104
13014
13105
13015
13106
13016
13107
13017
13108
13018
13109
13019
13110
13020
13111
13021
13112
13022
13113
13023
13114
13024
13115
13025
13116
13026
13117
13027
13118
13028
13119
13029
13120
13030
13121
13031
13122
13032
13123
13033
13124
13034
13125
13035
13126
13036
13127
13037
13128
13038
13129
13039
13130
13040
13131
13041
13132
13042
13133
13043
13134
13044
13135
13045
13136
13046
13137
13047
13138
13048
13139
13049
13140
13050
13141
13051
13142
13052
13143
13053
13144
13054
13145
13055
13146
13056
13147
13057
13148
13058
13149
13059
13150
13060
13151
13061
13152
13062
13153
13063
13154
13064
13155
13065
13156
13066
13157
13067
13158
13068
13159
13069
13160
13070
13161
13071
13162
13072
13163
13073
13164
13074
13165
13075
13166
13076
13167
13077
13168
13078
13169
13079
13170
13171
13081
13172
13082
13173
13083
13174
13084
13175
13085
13176
13086
13177
13087
13178
13088
13179
13089
13180
13090
13181
13091
13182
13092
13183
13093
13184
13094
13185
13095
13186
13096
13187
13097
13188
13098
13189
13099
13190
13100
13191
13101
13192
13102
13193
13103
13194
13104
13195
13105
13196
13106
13197
13107
13198
13108
13199
13109
13200
13110
13201
13111
13202
13112
13203
13113
13204
13114
13205
13115
13206
13116
13207
13117
13208
13118
13209
13119
13210
13120
13211
13121
13212
13122
13213
13123
13214
13124
13215
13125
13216
13126
13217
13127
13218
13128
13219
13129
13220
13130
13221
13131
13222
13132
13223
13133
13224
13134
13225
13135
13226
13136
13227
13137
13228
13138
13229
13139
13230
13140
13231
13141
13232
13142
13233
13143
13234
13144
13235
13145
13236
13146
13237
13147
13238
13148
13239
13149
13240
13150
13241
13151
13242
13152
13243
13153
13244
13154
13245
13155
13246
13156
13247
13157
13248
13158
13249
13159
13250
13160
13251
13161
13252
13162
13253
13163
13254
13164
13255
13165
13256
13166
13257
13167
13258
13168
13259
13169
13260
13170
13261
13171
13262
13263
13173
13264
13174
13265
13175
13266
13176
13267
13177
13268
13178
13269
13179
13270
13180
13271
13181
13272
13182
13273
13183
13274
13184
13275
13185
13276
13186
13277
13187
13278
13188
13279
13189
13280
13190
13281
13191
13282
13192
13283
13193
13284
13194
13285
13195
13286
13196
13287
13197
13288
13198
13289
13199
13290
13200
13291
13201
13292
13202
13293
13203
13294
13204
13295
13205
13296
13206
13297
13207
13298
13208
13299
13209
13300
13210
13301
13211
13302
13212
13303
13213
13304
13214
13305
13215
13306
13216
13307
13217
13308
13218
13309
13219
13310
13220
13311
13221
13312
13222
13313
13223
13314
13224
13315
13225
13316
13226
13317
13227
13318
13228
13319
13229
13320
13230
13321
13231
13322
13232
13323
13233
13324
13234
13325
13235
13326
13236
13327
13237
13328
13238
13329
13239
13330
13240
13331
13241
13332
13242
13333
13243
13334
13244
13335
13245
13336
13246
13337
13247
13338
13248
13339
13249
13340
13250
13341
13251
13342
13252
13343
13253
13344
13254
13345
13255
13346
13256
13347
13257
13348
13258
13349
13259
13350
13260
13351
13261
13352
13262
13353
13263
13354
13355
13265
13356
13266
13357
13267
13358
13268
13359
13269
13360
13270
13361
13271
13362
13272
13363
13273
13364
13274
13365
13275
13366
13276
13367
13277
13368
13278
13369
13279
13370
13280
13371
13281
13372
13282
13373
13283
13374
13284
13375
13285
13376
13286
13377
13287
13378
13288
13379
13289
13380
13290
13381
13291
13382
13292
13383
13293
13384
13294
13385
13295
13386
13296
13387
13297
13388
13298
13389
13299
13390
13300
13391
13301
13392
13302
13393
13303
13394
13304
13395
13305
13396
13306
13397
13307
13398
13308
13399
13309
13400
13310
13401
13311
13402
13312
13403
13313
13404
13314
13405
13315
13406
13316
13407
13317
13408
13318
13409
13319
13410
13320
13411
13321
13412
13322
13413
13323
13414
13324
13415
13325
13416
13326
13417
13327
13418
13328
13419
13329
13420
13330
13421
13331
13422
13332
13423
13333
13424
13334
13425
13335
13426
13336
13427
13337
13428
13338
13429
13339
13430
13340
13431
13341
13432
13342
13433
13343
13434
13344
13435
13345
13436
13346
13437
13347
13438
13348
13439
13349
13440
13350
13441
13351
13442
13352
13443
13353
13444
13354
13445
13355
13446
13447
13357
13448
13358
13449
13359
13450
13360
13451
13361
13452
13362
13453
13363
13454
13364
13455
13365
13456
13366
13457
13367
13458
13368
13459
13369
13460
13370
13461
13371
13462
13372
13463
13373
13464
13374
13465
13375
13466
13376
13467
13377
13468
13378
13469
13379
13470
13380
13471
13381
13472
13382
13473
13383
13474
13384
13475
13385
13476
13386
13477
13387
13478
13388
13479
13389
13480
13390
13481
13391
13482
13392
13483
13393
13484
13394
13485
13395
13486
13396
13487
13397
13488
13398
13489
13399
13490
13400
13491
13401
13492
13402
13493
13403
13494
13404
13495
13405
13496
13406
13497
13407
13498
13408
13499
13409
13500
13410
13501
13411
13502
13412
13503
13413
13504
13414
13505
13415
13506
13416
13507
13417
13508
13418
13509
13419
13510
13420
13511
13421
13512
13422
13513
13423
13514
13424
13515
13425
13516
13426
13517
13427
13518
13428
13519
13429
13520
13430
13521
13431
13522
13432
13523
13433
13524
13434
13525
13435
13526
13436
13527
13437
13528
13438
13529
13439
13530
13440
13531
13441
13532
13442
13533
13443
13534
13444
13535
13445
13536
13446
13537
13447
13538
13539
13449
13540
13450
13541
13451
13542
13452
13543
13453
13544
13454
13545
13455
13546
13456
13547
13457
13548
13458
13549
13459
13550
13460
13551
13461
13552
13462
13553
13463
13554
13464
13555
13465
13556
13466
13557
13467
13558
13468
13559
13469
13560
13470
13561
13471
13562
13472
13563
13473
13564
13474
13565
13475
13566
13476
13567
13477
13568
13478
13569
13479
13570
13480
13571
13481
13572
13482
13573
13483
13574
13484
13575
13485
13576
13486
13577
13487
13578
13488
13579
13489
13580
13490
13581
13491
13582
13492
13583
13493
13584
13494
13585
13495
13586
13496
13587
13497
13588
13498
13589
13499
13590
13500
13591
13501
13592
13502
13593
13503
13594
13504
13595
13505
13596
13506
13597
13507
13598
13508
13599
13509
13600
13510
13601
13511
13602
13512
13603
13513
13604
13514
13605
13515
13606
13516
13607
13517
13608
13518
13609
13519
13610
13520
13611
13521
13612
13522
13613
13523
13614
13524
13615
13525
13616
13526
13617
13527
13618
13528
13619
13529
13620
13530
13621
13531
13622
13532
13623
13533
13624
13534
13625
13535
13626
13536
13627
13537
13628
13538
13629
13539
13630
13631
13541
13632
13542
13633
13543
13634
13544
13635
13545
13636
13546
13637
13547
13638
13548
13639
13549
13640
13550
13641
13551
13642
13552
13643
13553
13644
13554
13645
13555
13646
13556
13647
13557
13648
13558
13649
13559
13650
13560
13651
13561
13652
13562
13653
13563
13654
13564
13655
13565
13656
13566
13657
13567
13658
13568
13659
13569
13660
13570
13661
13571
13662
13572
13663
13573
13664
13574
13665
13575
13666
13576
13667
13577
13668
13578
13669
13579
13670
13580
13671
13581
13672
13582
13673
13583
13674
13584
13675
13585
13676
13586
13677
13587
13678
13588
13679
13589
13680
13590
13681
13591
13682
13592
13683
13593
13684
13594
13685
13595
13686
13596
13687
13597
13688
13598
13689
13599
13690
13600
13691
13601
13692
13602
13693
13603
13694
13604
13695
13605
13696
13606
13697
13607
13698
13608
13699
13609
13700
13610
13701
13611
13702
13612
13703
13613
13704
13614
13705
13615
13706
13616
13707
13617
13708
13618
13709
13619
13710
13620
13711
13621
13712
13622
13713
13623
13714
13624
13715
13625
13716
13626
13717
13627
13718
13628
13719
13629
13720
13630
13721
13631
13722
13723
13633
13724
13634
13725
13635
13726
13636
13727
13637
13728
13638
13729
13639
13730
13640
13731
13641
13732
13642
13733
13643
13734
13644
13735
13645
13736
13646
13737
13647
13738
13648
13739
13649
13740
13650
13741
13651
13742
13652
13743
13653
13744
13654
13745
13655
13746
13656
13747
13657
13748
13658
13749
13659
13750
13660
13751
13661
13752
13662
13753
13663
13754
13664
13755
13665
13756
13666
13757
13667
13758
13668
13759
13669
13760
13670
13761
13671
13762
13672
13763
13673
13764
13674
13765
13675
13766
13676
13767
13677
13768
13678
13769
13679
13770
13680
13771
13681
13772
13682
13773
13683
13774
13684
13775
13685
13776
13686
13777
13687
13778
13688
13779
13689
13780
13690
13781
13691
13782
13692
13783
13693
13784
13694
13785
13695
13786
13696
13787
13697
13788
13698
13789
13699
13790
13700
13791
13701
13792
13702
13793
13703
13794
13704
13795
13705
13796
13706
13797
13707
13798
13708
13799
13709
13800
13710
13801
13711
13802
13712
13803
13713
13804
13714
13805
13715
13806
13716
13807
13717
13808
13718
13809
13719
13810
13720
13811
13721
13812
13722
13813
13723
13814
13815
13725
13816
13726
13817
13727
13818
13728
13819
13729
13820
13730
13821
13731
13822
13732
13823
13733
13824
13734
13825
13735
13826
13736
13827
13737
13828
13738
13829
13739
13830
13740
13831
13741
13832
13742
13833
13743
13834
13744
13835
13745
13836
13746
13837
13747
13838
13748
13839
13749
13840
13750
13841
13751
13842
13752
13843
13753
13844
13754
13845
13755
13846
13756
13847
13757
13848
13758
13849
13759
13850
13760
13851
13761
13852
13762
13853
13763
13854
13764
13855
13765
13856
13766
13857
13767
13858
13768
13859
13769
13860
13770
13861
13771
13862
13772
13863
13773
13864
13774
13865
13775
13866
13776
13867
13777
13868
13778
13869
13779
13870
13780
13871
13781
13872
13782
13873
13783
13874
13784
13875
13785
13876
13786
13877
13787
13878
13788
13879
13789
13880
13790
13881
13791
13882
13792
13883
13793
13884
13794
13885
13795
13886
13796
13887
13797
13888
13798
13889
13799
13890
13800
13891
13801
13892
13802
13893
13803
13894
13804
13895
13805
13896
13806
13897
13807
13898
13808
13899
13809
13900
13810
13901
13811
13902
13812
13903
13813
13904
13814
13905
13815
13906
13907
13817
13908
13818
13909
13819
13910
13820
13911
13821
13912
13822
13913
13823
13914
13824
13915
13825
13916
13826
13917
13827
13918
13828
13919
13829
13920
13830
13921
13831
13922
13832
13923
13833
13924
13834
13925
13835
13926
13836
13927
13837
13928
13838
13929
13839
13930
13840
13931
13841
13932
13842
13933
13843
13934
13844
13935
13845
13936
13846
13937
13847
13938
13848
13939
13849
13940
13850
13941
13851
13942
13852
13943
13853
13944
13854
13945
13855
13946
13856
13947
13857
13948
13858
13949
13859
13950
13860
13951
13861
13952
13862
13953
13863
13954
13864
13955
13865
13956
13866
13957
13867
13958
13868
13959
13869
13960
13870
13961
13871
13962
13872
13963
13873
13964
13874
13965
13875
13966
13876
13967
13877
13968
13878
13969
13879
13970
13880
13971
13881
13972
13882
13973
13883
13974
13884
13975
13885
13976
13886
13977
13887
13978
13888
13979
13889
13980
13890
13981
13891
13982
13892
13983
13893
13984
13894
13985
13895
13986
13896
13987
13897
13988
13898
13989
13899
13990
13900
13991
13901
13992
13902
13993
13903
13994
13904
13995
13905
13996
13906
13997
13907
13998
13999
13909
14000
13910
14001
13911
14002
13912
14003
13913
14004
13914
14005
13915
14006
13916
14007
13917
14008
13918
14009
13919
14010
13920
14011
13921
14012
13922
14013
13923
14014
13924
14015
13925
14016
13926
14017
13927
14018
13928
14019
13929
14020
13930
14021
13931
14022
13932
14023
13933
14024
13934
14025
13935
14026
13936
14027
13937
14028
13938
14029
13939
14030
13940
14031
13941
14032
13942
14033
13943
14034
13944
14035
13945
14036
13946
14037
13947
14038
13948
14039
13949
14040
13950
14041
13951
14042
13952
14043
13953
14044
13954
14045
13955
14046
13956
14047
13957
14048
13958
14049
13959
14050
13960
14051
13961
14052
13962
14053
13963
14054
13964
14055
13965
14056
13966
14057
13967
14058
13968
14059
13969
14060
13970
14061
13971
14062
13972
14063
13973
14064
13974
14065
13975
14066
13976
14067
13977
14068
13978
14069
13979
14070
13980
14071
13981
14072
13982
14073
13983
14074
13984
14075
13985
14076
13986
14077
13987
14078
13988
14079
13989
14080
13990
14081
13991
14082
13992
14083
13993
14084
13994
14085
13995
14086
13996
14087
13997
14088
13998
14089
13999
14090
14091
14001
14092
14002
14093
14003
14094
14004
14095
14005
14096
14006
14097
14007
14098
14008
14099
14009
14100
14010
14101
14011
14102
14012
14103
14013
14104
14014
14105
14015
14106
14016
14107
14017
14108
14018
14109
14019
14110
14020
14111
14021
14112
14022
14113
14023
14114
14024
14115
14025
14116
14026
14117
14027
14118
14028
14119
14029
14120
14030
14121
14031
14122
14032
14123
14033
14124
14034
14125
14035
14126
14036
14127
14037
14128
14038
14129
14039
14130
14040
14131
14041
14132
14042
14133
14043
14134
14044
14135
14045
14136
14046
14137
14047
14138
14048
14139
14049
14140
14050
14141
14051
14142
14052
14143
14053
14144
14054
14145
14055
14146
14056
14147
14057
14148
14058
14149
14059
14150
14060
14151
14061
14152
14062
14153
14063
14154
14064
14155
14065
14156
14066
14157
14067
14158
14068
14159
14069
14160
14070
14161
14071
14162
14072
14163
14073
14164
14074
14165
14075
14166
14076
14167
14077
14168
14078
14169
14079
14170
14080
14171
14081
14172
14082
14173
14083
14174
14084
14175
14085
14176
14086
14177
14087
14178
14088
14179
14089
14180
14090
14181
14091
14182
14183
14093
14184
14094
14185
14095
14186
14096
14187
14097
14188
14098
14189
14099
14190
14100
14191
14101
14192
14102
14193
14103
14194
14104
14195
14105
14196
14106
14197
14107
14198
14108
14199
14109
14200
14110
14201
14111
14202
14112
14203
14113
14204
14114
14205
14115
14206
14116
14207
14117
14208
14118
14209
14119
14210
14120
14211
14121
14212
14122
14213
14123
14214
14124
14215
14125
14216
14126
14217
14127
14218
14128
14219
14129
14220
14130
14221
14131
14222
14132
14223
14133
14224
14134
14225
14135
14226
14136
14227
14137
14228
14138
14229
14139
14230
14140
14231
14141
14232
14142
14233
14143
14234
14144
14235
14145
14236
14146
14237
14147
14238
14148
14239
14149
14240
14150
14241
14151
14242
14152
14243
14153
14244
14154
14245
14155
14246
14156
14247
14157
14248
14158
14249
14159
14250
14160
14251
14161
14252
14162
14253
14163
14254
14164
14255
14165
14256
14166
14257
14167
14258
14168
14259
14169
14260
14170
14261
14171
14262
14172
14263
14173
14264
14174
14265
14175
14266
14176
14267
14177
14268
14178
14269
14179
14270
14180
14271
14181
14272
14182
14273
14183
14274
14275
14185
14276
14186
14277
14187
14278
14188
14279
14189
14280
14190
14281
14191
14282
14192
14283
14193
14284
14194
14285
14195
14286
14196
14287
14197
14288
14198
14289
14199
14290
14200
14291
14201
14292
14202
14293
14203
14294
14204
14295
14205
14296
14206
14297
14207
14298
14208
14299
14209
14300
14210
14301
14211
14302
14212
14303
14213
14304
14214
14305
14215
14306
14216
14307
14217
14308
14218
14309
14219
14310
14220
14311
14221
14312
14222
14313
14223
14314
14224
14315
14225
14316
14226
14317
14227
14318
14228
14319
14229
14320
14230
14321
14231
14322
14232
14323
14233
14324
14234
14325
14235
14326
14236
14327
14237
14328
14238
14329
14239
14330
14240
14331
14241
14332
14242
14333
14243
14334
14244
14335
14245
14336
14246
14337
14247
14338
14248
14339
14249
14340
14250
14341
14251
14342
14252
14343
14253
14344
14254
14345
14255
14346
14256
14347
14257
14348
14258
14349
14259
14350
14260
14351
14261
14352
14262
14353
14263
14354
14264
14355
14265
14356
14266
14357
14267
14358
14268
14359
14269
14360
14270
14361
14271
14362
14272
14363
14273
14364
14274
14365
14275
14366
14367
14277
14368
14278
14369
14279
14370
14280
14371
14281
14372
14282
14373
14283
14374
14284
14375
14285
14376
14286
14377
14287
14378
14288
14379
14289
14380
14290
14381
14291
14382
14292
14383
14293
14384
14294
14385
14295
14386
14296
14387
14297
14388
14298
14389
14299
14390
14300
14391
14301
14392
14302
14393
14303
14394
14304
14395
14305
14396
14306
14397
14307
14398
14308
14399
14309
14400
14310
14401
14311
14402
14312
14403
14313
14404
14314
14405
14315
14406
14316
14407
14317
14408
14318
14409
14319
14410
14320
14411
14321
14412
14322
14413
14323
14414
14324
14415
14325
14416
14326
14417
14327
14418
14328
14419
14329
14420
14330
14421
14331
14422
14332
14423
14333
14424
14334
14425
14335
14426
14336
14427
14337
14428
14338
14429
14339
14430
14340
14431
14341
14432
14342
14433
14343
14434
14344
14435
14345
14436
14346
14437
14347
14438
14348
14439
14349
14440
14350
14441
14351
14442
14352
14443
14353
14444
14354
14445
14355
14446
14356
14447
14357
14448
14358
14449
14359
14450
14360
14451
14361
14452
14362
14453
14363
14454
14364
14455
14365
14456
14366
14457
14367
14458
14459
14369
14460
14370
14461
14371
14462
14372
14463
14373
14464
14374
14465
14375
14466
14376
14467
14377
14468
14378
14469
14379
14470
14380
14471
14381
14472
14382
14473
14383
14474
14384
14475
14385
14476
14386
14477
14387
14478
14388
14479
14389
14480
14390
14481
14391
14482
14392
14483
14393
14484
14394
14485
14395
14486
14396
14487
14397
14488
14398
14489
14399
14490
14400
14491
14401
14492
14402
14493
14403
14494
14404
14495
14405
14496
14406
14497
14407
14498
14408
14499
14409
14500
14410
14501
14411
14502
14412
14503
14413
14504
14414
14505
14415
14506
14416
14507
14417
14508
14418
14509
14419
14510
14420
14511
14421
14512
14422
14513
14423
14514
14424
14515
14425
14516
14426
14517
14427
14518
14428
14519
14429
14520
14430
14521
14431
14522
14432
14523
14433
14524
14434
14525
14435
14526
14436
14527
14437
14528
14438
14529
14439
14530
14440
14531
14441
14532
14442
14533
14443
14534
14444
14535
14445
14536
14446
14537
14447
14538
14448
14539
14449
14540
14450
14541
14451
14542
14452
14543
14453
14544
14454
14545
14455
14546
14456
14547
14457
14548
14458
14549
14459
14550
14551
14461
14552
14462
14553
14463
14554
14464
14555
14465
14556
14466
14557
14467
14558
14468
14559
14469
14560
14470
14561
14471
14562
14472
14563
14473
14564
14474
14565
14475
14566
14476
14567
14477
14568
14478
14569
14479
14570
14480
14571
14481
14572
14482
14573
14483
14574
14484
14575
14485
14576
14486
14577
14487
14578
14488
14579
14489
14580
14490
14581
14491
14582
14492
14583
14493
14584
14494
14585
14495
14586
14496
14587
14497
14588
14498
14589
14499
14590
14500
14591
14501
14592
14502
14593
14503
14594
14504
14595
14505
14596
14506
14597
14507
14598
14508
14599
14509
14600
14510
14601
14511
14602
14512
14603
14513
14604
14514
14605
14515
14606
14516
14607
14517
14608
14518
14609
14519
14610
14520
14611
14521
14612
14522
14613
14523
14614
14524
14615
14525
14616
14526
14617
14527
14618
14528
14619
14529
14620
14530
14621
14531
14622
14532
14623
14533
14624
14534
14625
14535
14626
14536
14627
14537
14628
14538
14629
14539
14630
14540
14631
14541
14632
14542
14633
14543
14634
14544
14635
14545
14636
14546
14637
14547
14638
14548
14639
14549
14640
14550
14641
14551
14642
14643
14553
14644
14554
14645
14555
14646
14556
14647
14557
14648
14558
14649
14559
14650
14560
14651
14561
14652
14562
14653
14563
14654
14564
14655
14565
14656
14566
14657
14567
14658
14568
14659
14569
14660
14570
14661
14571
14662
14572
14663
14573
14664
14574
14665
14575
14666
14576
14667
14577
14668
14578
14669
14579
14670
14580
14671
14581
14672
14582
14673
14583
14674
14584
14675
14585
14676
14586
14677
14587
14678
14588
14679
14589
14680
14590
14681
14591
14682
14592
14683
14593
14684
14594
14685
14595
14686
14596
14687
14597
14688
14598
14689
14599
14690
14600
14691
14601
14692
14602
14693
14603
14694
14604
14695
14605
14696
14606
14697
14607
14698
14608
14699
14609
14700
14610
14701
14611
14702
14612
14703
14613
14704
14614
14705
14615
14706
14616
14707
14617
14708
14618
14709
14619
14710
14620
14711
14621
14712
14622
14713
14623
14714
14624
14715
14625
14716
14626
14717
14627
14718
14628
14719
14629
14720
14630
14721
14631
14722
14632
14723
14633
14724
14634
14725
14635
14726
14636
14727
14637
14728
14638
14729
14639
14730
14640
14731
14641
14732
14642
14733
14643
14734
14735
14645
14736
14646
14737
14647
14738
14648
14739
14649
14740
14650
14741
14651
14742
14652
14743
14653
14744
14654
14745
14655
14746
14656
14747
14657
14748
14658
14749
14659
14750
14660
14751
14661
14752
14662
14753
14663
14754
14664
14755
14665
14756
14666
14757
14667
14758
14668
14759
14669
14760
14670
14761
14671
14762
14672
14763
14673
14764
14674
14765
14675
14766
14676
14767
14677
14768
14678
14769
14679
14770
14680
14771
14681
14772
14682
14773
14683
14774
14684
14775
14685
14776
14686
14777
14687
14778
14688
14779
14689
14780
14690
14781
14691
14782
14692
14783
14693
14784
14694
14785
14695
14786
14696
14787
14697
14788
14698
14789
14699
14790
14700
14791
14701
14792
14702
14793
14703
14794
14704
14795
14705
14796
14706
14797
14707
14798
14708
14799
14709
14800
14710
14801
14711
14802
14712
14803
14713
14804
14714
14805
14715
14806
14716
14807
14717
14808
14718
14809
14719
14810
14720
14811
14721
14812
14722
14813
14723
14814
14724
14815
14725
14816
14726
14817
14727
14818
14728
14819
14729
14820
14730
14821
14731
14822
14732
14823
14733
14824
14734
14825
14735
14826
14827
14737
14828
14738
14829
14739
14830
14740
14831
14741
14832
14742
14833
14743
14834
14744
14835
14745
14836
14746
14837
14747
14838
14748
14839
14749
14840
14750
14841
14751
14842
14752
14843
14753
14844
14754
14845
14755
14846
14756
14847
14757
14848
14758
14849
14759
14850
14760
14851
14761
14852
14762
14853
14763
14854
14764
14855
14765
14856
14766
14857
14767
14858
14768
14859
14769
14860
14770
14861
14771
14862
14772
14863
14773
14864
14774
14865
14775
14866
14776
14867
14777
14868
14778
14869
14779
14870
14780
14871
14781
14872
14782
14873
14783
14874
14784
14875
14785
14876
14786
14877
14787
14878
14788
14879
14789
14880
14790
14881
14791
14882
14792
14883
14793
14884
14794
14885
14795
14886
14796
14887
14797
14888
14798
14889
14799
14890
14800
14891
14801
14892
14802
14893
14803
14894
14804
14895
14805
14896
14806
14897
14807
14898
14808
14899
14809
14900
14810
14901
14811
14902
14812
14903
14813
14904
14814
14905
14815
14906
14816
14907
14817
14908
14818
14909
14819
14910
14820
14911
14821
14912
14822
14913
14823
14914
14824
14915
14825
14916
14826
14917
14827
14918
14919
14829
14920
14830
14921
14831
14922
14832
14923
14833
14924
14834
14925
14835
14926
14836
14927
14837
14928
14838
14929
14839
14930
14840
14931
14841
14932
14842
14933
14843
14934
14844
14935
14845
14936
14846
14937
14847
14938
14848
14939
14849
14940
14850
14941
14851
14942
14852
14943
14853
14944
14854
14945
14855
14946
14856
14947
14857
14948
14858
14949
14859
14950
14860
14951
14861
14952
14862
14953
14863
14954
14864
14955
14865
14956
14866
14957
14867
14958
14868
14959
14869
14960
14870
14961
14871
14962
14872
14963
14873
14964
14874
14965
14875
14966
14876
14967
14877
14968
14878
14969
14879
14970
14880
14971
14881
14972
14882
14973
14883
14974
14884
14975
14885
14976
14886
14977
14887
14978
14888
14979
14889
14980
14890
14981
14891
14982
14892
14983
14893
14984
14894
14985
14895
14986
14896
14987
14897
14988
14898
14989
14899
14990
14900
14991
14901
14992
14902
14993
14903
14994
14904
14995
14905
14996
14906
14997
14907
14998
14908
14999
14909
15000
14910
15001
14911
15002
14912
15003
14913
15004
14914
15005
14915
15006
14916
15007
14917
15008
14918
15009
14919
15010
15011
14921
15012
14922
15013
14923
15014
14924
15015
14925
15016
14926
15017
14927
15018
14928
15019
14929
15020
14930
15021
14931
15022
14932
15023
14933
15024
14934
15025
14935
15026
14936
15027
14937
15028
14938
15029
14939
15030
14940
15031
14941
15032
14942
15033
14943
15034
14944
15035
14945
15036
14946
15037
14947
15038
14948
15039
14949
15040
14950
15041
14951
15042
14952
15043
14953
15044
14954
15045
14955
15046
14956
15047
14957
15048
14958
15049
14959
15050
14960
15051
14961
15052
14962
15053
14963
15054
14964
15055
14965
15056
14966
15057
14967
15058
14968
15059
14969
15060
14970
15061
14971
15062
14972
15063
14973
15064
14974
15065
14975
15066
14976
15067
14977
15068
14978
15069
14979
15070
14980
15071
14981
15072
14982
15073
14983
15074
14984
15075
14985
15076
14986
15077
14987
15078
14988
15079
14989
15080
14990
15081
14991
15082
14992
15083
14993
15084
14994
15085
14995
15086
14996
15087
14997
15088
14998
15089
14999
15090
15000
15091
15001
15092
15002
15093
15003
15094
15004
15095
15005
15096
15006
15097
15007
15098
15008
15099
15009
15100
15010
15101
15011
15102
15103
15013
15104
15014
15105
15015
15106
15016
15107
15017
15108
15018
15109
15019
15110
15020
15111
15021
15112
15022
15113
15023
15114
15024
15115
15025
15116
15026
15117
15027
15118
15028
15119
15029
15120
15030
15121
15031
15122
15032
15123
15033
15124
15034
15125
15035
15126
15036
15127
15037
15128
15038
15129
15039
15130
15040
15131
15041
15132
15042
15133
15043
15134
15044
15135
15045
15136
15046
15137
15047
15138
15048
15139
15049
15140
15050
15141
15051
15142
15052
15143
15053
15144
15054
15145
15055
15146
15056
15147
15057
15148
15058
15149
15059
15150
15060
15151
15061
15152
15062
15153
15063
15154
15064
15155
15065
15156
15066
15157
15067
15158
15068
15159
15069
15160
15070
15161
15071
15162
15072
15163
15073
15164
15074
15165
15075
15166
15076
15167
15077
15168
15078
15169
15079
15170
15080
15171
15081
15172
15082
15173
15083
15174
15084
15175
15085
15176
15086
15177
15087
15178
15088
15179
15089
15180
15090
15181
15091
15182
15092
15183
15093
15184
15094
15185
15095
15186
15096
15187
15097
15188
15098
15189
15099
15190
15100
15191
15101
15192
15102
15193
15103
15194
15195
15105
15196
15106
15197
15107
15198
15108
15199
15109
15200
15110
15201
15111
15202
15112
15203
15113
15204
15114
15205
15115
15206
15116
15207
15117
15208
15118
15209
15119
15210
15120
15211
15121
15212
15122
15213
15123
15214
15124
15215
15125
15216
15126
15217
15127
15218
15128
15219
15129
15220
15130
15221
15131
15222
15132
15223
15133
15224
15134
15225
15135
15226
15136
15227
15137
15228
15138
15229
15139
15230
15140
15231
15141
15232
15142
15233
15143
15234
15144
15235
15145
15236
15146
15237
15147
15238
15148
15239
15149
15240
15150
15241
15151
15242
15152
15243
15153
15244
15154
15245
15155
15246
15156
15247
15157
15248
15158
15249
15159
15250
15160
15251
15161
15252
15162
15253
15163
15254
15164
15255
15165
15256
15166
15257
15167
15258
15168
15259
15169
15260
15170
15261
15171
15262
15172
15263
15173
15264
15174
15265
15175
15266
15176
15267
15177
15268
15178
15269
15179
15270
15180
15271
15181
15272
15182
15273
15183
15274
15184
15275
15185
15276
15186
15277
15187
15278
15188
15279
15189
15280
15190
15281
15191
15282
15192
15283
15193
15284
15194
15285
15195
15286
15287
15197
15288
15198
15289
15199
15290
15200
15291
15201
15292
15202
15293
15203
15294
15204
15295
15205
15296
15206
15297
15207
15298
15208
15299
15209
15300
15210
15301
15211
15302
15212
15303
15213
15304
15214
15305
15215
15306
15216
15307
15217
15308
15218
15309
15219
15310
15220
15311
15221
15312
15222
15313
15223
15314
15224
15315
15225
15316
15226
15317
15227
15318
15228
15319
15229
15320
15230
15321
15231
15322
15232
15323
15233
15324
15234
15325
15235
15326
15236
15327
15237
15328
15238
15329
15239
15330
15240
15331
15241
15332
15242
15333
15243
15334
15244
15335
15245
15336
15246
15337
15247
15338
15248
15339
15249
15340
15250
15341
15251
15342
15252
15343
15253
15344
15254
15345
15255
15346
15256
15347
15257
15348
15258
15349
15259
15350
15260
15351
15261
15352
15262
15353
15263
15354
15264
15355
15265
15356
15266
15357
15267
15358
15268
15359
15269
15360
15270
15361
15271
15362
15272
15363
15273
15364
15274
15365
15275
15366
15276
15367
15277
15368
15278
15369
15279
15370
15280
15371
15281
15372
15282
15373
15283
15374
15284
15375
15285
15376
15286
15377
15287
15378
15379
15289
15380
15290
15381
15291
15382
15292
15383
15293
15384
15294
15385
15295
15386
15296
15387
15297
15388
15298
15389
15299
15390
15300
15391
15301
15392
15302
15393
15303
15394
15304
15395
15305
15396
15306
15397
15307
15398
15308
15399
15309
15400
15310
15401
15311
15402
15312
15403
15313
15404
15314
15405
15315
15406
15316
15407
15317
15408
15318
15409
15319
15410
15320
15411
15321
15412
15322
15413
15323
15414
15324
15415
15325
15416
15326
15417
15327
15418
15328
15419
15329
15420
15330
15421
15331
15422
15332
15423
15333
15424
15334
15425
15335
15426
15336
15427
15337
15428
15338
15429
15339
15430
15340
15431
15341
15432
15342
15433
15343
15434
15344
15435
15345
15436
15346
15437
15347
15438
15348
15439
15349
15440
15350
15441
15351
15442
15352
15443
15353
15444
15354
15445
15355
15446
15356
15447
15357
15448
15358
15449
15359
15450
15360
15451
15361
15452
15362
15453
15363
15454
15364
15455
15365
15456
15366
15457
15367
15458
15368
15459
15369
15460
15370
15461
15371
15462
15372
15463
15373
15464
15374
15465
15375
15466
15376
15467
15377
15468
15378
15469
15379
15470
15471
15381
15472
15382
15473
15383
15474
15384
15475
15385
15476
15386
15477
15387
15478
15388
15479
15389
15480
15390
15481
15391
15482
15392
15483
15393
15484
15394
15485
15395
15486
15396
15487
15397
15488
15398
15489
15399
15490
15400
15491
15401
15492
15402
15493
15403
15494
15404
15495
15405
15496
15406
15497
15407
15498
15408
15499
15409
15500
15410
15501
15411
15502
15412
15503
15413
15504
15414
15505
15415
15506
15416
15507
15417
15508
15418
15509
15419
15510
15420
15511
15421
15512
15422
15513
15423
15514
15424
15515
15425
15516
15426
15517
15427
15518
15428
15519
15429
15520
15430
15521
15431
15522
15432
15523
15433
15524
15434
15525
15435
15526
15436
15527
15437
15528
15438
15529
15439
15530
15440
15531
15441
15532
15442
15533
15443
15534
15444
15535
15445
15536
15446
15537
15447
15538
15448
15539
15449
15540
15450
15541
15451
15542
15452
15543
15453
15544
15454
15545
15455
15546
15456
15547
15457
15548
15458
15549
15459
15550
15460
15551
15461
15552
15462
15553
15463
15554
15464
15555
15465
15556
15466
15557
15467
15558
15468
15559
15469
15560
15470
15561
15471
15562
15563
15473
15564
15474
15565
15475
15566
15476
15567
15477
15568
15478
15569
15479
15570
15480
15571
15481
15572
15482
15573
15483
15574
15484
15575
15485
15576
15486
15577
15487
15578
15488
15579
15489
15580
15490
15581
15491
15582
15492
15583
15493
15584
15494
15585
15495
15586
15496
15587
15497
15588
15498
15589
15499
15590
15500
15591
15501
15592
15502
15593
15503
15594
15504
15595
15505
15596
15506
15597
15507
15598
15508
15599
15509
15600
15510
15601
15511
15602
15512
15603
15513
15604
15514
15605
15515
15606
15516
15607
15517
15608
15518
15609
15519
15610
15520
15611
15521
15612
15522
15613
15523
15614
15524
15615
15525
15616
15526
15617
15527
15618
15528
15619
15529
15620
15530
15621
15531
15622
15532
15623
15533
15624
15534
15625
15535
15626
15536
15627
15537
15628
15538
15629
15539
15630
15540
15631
15541
15632
15542
15633
15543
15634
15544
15635
15545
15636
15546
15637
15547
15638
15548
15639
15549
15640
15550
15641
15551
15642
15552
15643
15553
15644
15554
15645
15555
15646
15556
15647
15557
15648
15558
15649
15559
15650
15560
15651
15561
15652
15562
15653
15563
15654
15655
15565
15656
15566
15657
15567
15658
15568
15659
15569
15660
15570
15661
15571
15662
15572
15663
15573
15664
15574
15665
15575
15666
15576
15667
15577
15668
15578
15669
15579
15670
15580
15671
15581
15672
15582
15673
15583
15674
15584
15675
15585
15676
15586
15677
15587
15678
15588
15679
15589
15680
15590
15681
15591
15682
15592
15683
15593
15684
15594
15685
15595
15686
15596
15687
15597
15688
15598
15689
15599
15690
15600
15691
15601
15692
15602
15693
15603
15694
15604
15695
15605
15696
15606
15697
15607
15698
15608
15699
15609
15700
15610
15701
15611
15702
15612
15703
15613
15704
15614
15705
15615
15706
15616
15707
15617
15708
15618
15709
15619
15710
15620
15711
15621
15712
15622
15713
15623
15714
15624
15715
15625
15716
15626
15717
15627
15718
15628
15719
15629
15720
15630
15721
15631
15722
15632
15723
15633
15724
15634
15725
15635
15726
15636
15727
15637
15728
15638
15729
15639
15730
15640
15731
15641
15732
15642
15733
15643
15734
15644
15735
15645
15736
15646
15737
15647
15738
15648
15739
15649
15740
15650
15741
15651
15742
15652
15743
15653
15744
15654
15745
15655
15746
15747
15657
15748
15658
15749
15659
15750
15660
15751
15661
15752
15662
15753
15663
15754
15664
15755
15665
15756
15666
15757
15667
15758
15668
15759
15669
15760
15670
15761
15671
15762
15672
15763
15673
15764
15674
15765
15675
15766
15676
15767
15677
15768
15678
15769
15679
15770
15680
15771
15681
15772
15682
15773
15683
15774
15684
15775
15685
15776
15686
15777
15687
15778
15688
15779
15689
15780
15690
15781
15691
15782
15692
15783
15693
15784
15694
15785
15695
15786
15696
15787
15697
15788
15698
15789
15699
15790
15700
15791
15701
15792
15702
15793
15703
15794
15704
15795
15705
15796
15706
15797
15707
15798
15708
15799
15709
15800
15710
15801
15711
15802
15712
15803
15713
15804
15714
15805
15715
15806
15716
15807
15717
15808
15718
15809
15719
15810
15720
15811
15721
15812
15722
15813
15723
15814
15724
15815
15725
15816
15726
15817
15727
15818
15728
15819
15729
15820
15730
15821
15731
15822
15732
15823
15733
15824
15734
15825
15735
15826
15736
15827
15737
15828
15738
15829
15739
15830
15740
15831
15741
15832
15742
15833
15743
15834
15744
15835
15745
15836
15746
15837
15747
15838
15839
15749
15840
15750
15841
15751
15842
15752
15843
15753
15844
15754
15845
15755
15846
15756
15847
15757
15848
15758
15849
15759
15850
15760
15851
15761
15852
15762
15853
15763
15854
15764
15855
15765
15856
15766
15857
15767
15858
15768
15859
15769
15860
15770
15861
15771
15862
15772
15863
15773
15864
15774
15865
15775
15866
15776
15867
15777
15868
15778
15869
15779
15870
15780
15871
15781
15872
15782
15873
15783
15874
15784
15875
15785
15876
15786
15877
15787
15878
15788
15879
15789
15880
15790
15881
15791
15882
15792
15883
15793
15884
15794
15885
15795
15886
15796
15887
15797
15888
15798
15889
15799
15890
15800
15891
15801
15892
15802
15893
15803
15894
15804
15895
15805
15896
15806
15897
15807
15898
15808
15899
15809
15900
15810
15901
15811
15902
15812
15903
15813
15904
15814
15905
15815
15906
15816
15907
15817
15908
15818
15909
15819
15910
15820
15911
15821
15912
15822
15913
15823
15914
15824
15915
15825
15916
15826
15917
15827
15918
15828
15919
15829
15920
15830
15921
15831
15922
15832
15923
15833
15924
15834
15925
15835
15926
15836
15927
15837
15928
15838
15929
15839
15930
15931
15841
15932
15842
15933
15843
15934
15844
15935
15845
15936
15846
15937
15847
15938
15848
15939
15849
15940
15850
15941
15851
15942
15852
15943
15853
15944
15854
15945
15855
15946
15856
15947
15857
15948
15858
15949
15859
15950
15860
15951
15861
15952
15862
15953
15863
15954
15864
15955
15865
15956
15866
15957
15867
15958
15868
15959
15869
15960
15870
15961
15871
15962
15872
15963
15873
15964
15874
15965
15875
15966
15876
15967
15877
15968
15878
15969
15879
15970
15880
15971
15881
15972
15882
15973
15883
15974
15884
15975
15885
15976
15886
15977
15887
15978
15888
15979
15889
15980
15890
15981
15891
15982
15892
15983
15893
15984
15894
15985
15895
15986
15896
15987
15897
15988
15898
15989
15899
15990
15900
15991
15901
15992
15902
15993
15903
15994
15904
15995
15905
15996
15906
15997
15907
15998
15908
15999
15909
16000
15910
16001
15911
16002
15912
16003
15913
16004
15914
16005
15915
16006
15916
16007
15917
16008
15918
16009
15919
16010
15920
16011
15921
16012
15922
16013
15923
16014
15924
16015
15925
16016
15926
16017
15927
16018
15928
16019
15929
16020
15930
16021
15931
16022
16023
15933
16024
15934
16025
15935
16026
15936
16027
15937
16028
15938
16029
15939
16030
15940
16031
15941
16032
15942
16033
15943
16034
15944
16035
15945
16036
15946
16037
15947
16038
15948
16039
15949
16040
15950
16041
15951
16042
15952
16043
15953
16044
15954
16045
15955
16046
15956
16047
15957
16048
15958
16049
15959
16050
15960
16051
15961
16052
15962
16053
15963
16054
15964
16055
15965
16056
15966
16057
15967
16058
15968
16059
15969
16060
15970
16061
15971
16062
15972
16063
15973
16064
15974
16065
15975
16066
15976
16067
15977
16068
15978
16069
15979
16070
15980
16071
15981
16072
15982
16073
15983
16074
15984
16075
15985
16076
15986
16077
15987
16078
15988
16079
15989
16080
15990
16081
15991
16082
15992
16083
15993
16084
15994
16085
15995
16086
15996
16087
15997
16088
15998
16089
15999
16090
16000
16091
16001
16092
16002
16093
16003
16094
16004
16095
16005
16096
16006
16097
16007
16098
16008
16099
16009
16100
16010
16101
16011
16102
16012
16103
16013
16104
16014
16105
16015
16106
16016
16107
16017
16108
16018
16109
16019
16110
16020
16111
16021
16112
16022
16113
16023
16114
16115
16025
18692
16026
18693
16027
18694
16028
18695
16029
18696
16030
18697
16031
18698
16032
18699
16033
18700
16034
18701
16035
18702
16036
18703
16037
18704
16038
18705
16039
18706
16040
18707
16041
18708
16042
18709
16043
18710
16044
18711
16045
18712
16046
18713
16047
18714
16048
18715
16049
18716
16050
18717
16051
18718
16052
18719
16053
18720
16054
18721
16055
18722
16056
18723
16057
18724
16058
18725
16059
18726
16060
18727
16061
18728
16062
18729
16063
18730
16064
18731
16065
18732
16066
18733
16067
18734
16068
18735
16069
18736
16070
18737
16071
18738
16072
18739
16073
18740
16074
18741
16075
18742
16076
18743
16077
18744
16078
18745
16079
18746
16080
18747
16081
18748
16082
18749
16083
18750
16084
18751
16085
18752
16086
18753
16087
18754
16088
18755
16089
18756
16090
18757
16091
18758
16092
18759
16093
18760
16094
18761
16095
18762
16096
18763
16097
18764
16098
18765
16099
18766
16100
18767
16101
18768
16102
18769
16103
18770
16104
18771
16105
18772
16106
18773
16107
18774
16108
18775
16109
18776
16110
18777
16111
18778
16112
18779
16113
18780
16114
18781
16115
18782
18783
16117
16144
16118
16145
16119
16146
16120
16147
16121
16148
16122
16149
16123
16150
16124
16151
16125
16152
16126
16153
16127
16154
16128
16155
16129
16156
16130
16157
16131
16158
16132
16159
16133
16160
16134
16161
16135
16162
16136
16163
16137
16164
16138
16165
16139
16166
16140
16167
16141
16168
16142
16169
16143
16170
16171
16900
16145
16172
16146
16173
16147
16174
16148
16175
16149
16176
16150
16177
16151
16178
16152
16179
16153
16180
16154
16181
16155
16182
16156
16183
16157
16184
16158
16185
16159
16186
16160
16187
16161
16188
16162
16189
16163
16190
16164
16191
16165
16192
16166
16193
16167
16194
16168
16195
16169
16196
16170
16197
16171
16198
16199
16964
16173
16200
16174
16201
16175
16202
16176
16203
16177
16204
16178
16205
16179
16206
16180
16207
16181
16208
16182
16209
16183
16210
16184
16211
16185
16212
16186
16213
16187
16214
16188
16215
16189
16216
16190
16217
16191
16218
16192
16219
16193
16220
16194
16221
16195
16222
16196
16223
16197
16224
16198
16225
16199
16226
16227
17028
16201
16228
16202
16229
16203
16230
16204
16231
16205
16232
16206
16233
16207
16234
16208
16235
16209
16236
16210
16237
16211
16238
16212
16239
16213
16240
16214
16241
16215
16242
16216
16243
16217
16244
16218
16245
16219
16246
16220
16247
16221
16248
16222
16249
16223
16250
16224
16251
16225
16252
16226
16253
16227
16254
16255
17092
16229
16256
16230
16257
16231
16258
16232
16259
16233
16260
16234
16261
16235
16262
16236
16263
16237
16264
16238
16265
16239
16266
16240
16267
16241
16268
16242
16269
16243
16270
16244
16271
16245
16272
16246
16273
16247
16274
16248
16275
16249
16276
16250
16277
16251
16278
16252
16279
16253
16280
16254
16281
16255
16282
16283
17156
16257
16284
16258
16285
16259
16286
16260
16287
16261
16288
16262
16289
16263
16290
16264
16291
16265
16292
16266
16293
16267
16294
16268
16295
16269
16296
16270
16297
16271
16298
16272
16299
16273
16300
16274
16301
16275
16302
16276
16303
16277
16304
16278
16305
16279
16306
16280
16307
16281
16308
16282
16309
16283
16310
16311
17220
16285
16312
16286
16313
16287
16314
16288
16315
16289
16316
16290
16317
16291
16318
16292
16319
16293
16320
16294
16321
16295
16322
16296
16323
16297
16324
16298
16325
16299
16326
16300
16327
16301
16328
16302
16329
16303
16330
16304
16331
16305
16332
16306
16333
16307
16334
16308
16335
16309
16336
16310
16337
16311
16338
16339
17284
16313
16340
16314
16341
16315
16342
16316
16343
16317
16344
16318
16345
16319
16346
16320
16347
16321
16348
16322
16349
16323
16350
16324
16351
16325
16352
16326
16353
16327
16354
16328
16355
16329
16356
16330
16357
16331
16358
16332
16359
16333
16360
16334
16361
16335
16362
16336
16363
16337
16364
16338
16365
16339
16366
16367
17348
16341
16368
16342
16369
16343
16370
16344
16371
16345
16372
16346
16373
16347
16374
16348
16375
16349
16376
16350
16377
16351
16378
16352
16379
16353
16380
16354
16381
16355
16382
16356
16383
16357
16384
16358
16385
16359
16386
16360
16387
16361
16388
16362
16389
16363
16390
16364
16391
16365
16392
16366
16393
16367
16394
16395
17412
16369
16396
16370
16397
16371
16398
16372
16399
16373
16400
16374
16401
16375
16402
16376
16403
16377
16404
16378
16405
16379
16406
16380
16407
16381
16408
16382
16409
16383
16410
16384
16411
16385
16412
16386
16413
16387
16414
16388
16415
16389
16416
16390
16417
16391
16418
16392
16419
16393
16420
16394
16421
16395
16422
16423
17476
16397
16424
16398
16425
16399
16426
16400
16427
16401
16428
16402
16429
16403
16430
16404
16431
16405
16432
16406
16433
16407
16434
16408
16435
16409
16436
16410
16437
16411
16438
16412
16439
16413
16440
16414
16441
16415
16442
16416
16443
16417
16444
16418
16445
16419
16446
16420
16447
16421
16448
16422
16449
16423
16450
16451
17540
16425
16452
16426
16453
16427
16454
16428
16455
16429
16456
16430
16457
16431
16458
16432
16459
16433
16460
16434
16461
16435
16462
16436
16463
16437
16464
16438
16465
16439
16466
16440
16467
16441
16468
16442
16469
16443
16470
16444
16471
16445
16472
16446
16473
16447
16474
16448
16475
16449
16476
16450
16477
16451
16478
16479
17604
16453
16480
16454
16481
16455
16482
16456
16483
16457
16484
16458
16485
16459
16486
16460
16487
16461
16488
16462
16489
16463
16490
16464
16491
16465
16492
16466
16493
16467
16494
16468
16495
16469
16496
16470
16497
16471
16498
16472
16499
16473
16500
16474
16501
16475
16502
16476
16503
16477
16504
16478
16505
16479
16506
16507
17668
16481
16508
16482
16509
16483
16510
16484
16511
16485
16512
16486
16513
16487
16514
16488
16515
16489
16516
16490
16517
16491
16518
16492
16519
16493
16520
16494
16521
16495
16522
16496
16523
16497
16524
16498
16525
16499
16526
16500
16527
16501
16528
16502
16529
16503
16530
16504
16531
16505
16532
16506
16533
16507
16534
16535
17732
16509
16536
16510
16537
16511
16538
16512
16539
16513
16540
16514
16541
16515
16542
16516
16543
16517
16544
16518
16545
16519
16546
16520
16547
16521
16548
16522
16549
16523
16550
16524
16551
16525
16552
16526
16553
16527
16554
16528
16555
16529
16556
16530
16557
16531
16558
16532
16559
16533
16560
16534
16561
16535
16562
16563
17796
16537
16564
16538
16565
16539
16566
16540
16567
16541
16568
16542
16569
16543
16570
16544
16571
16545
16572
16546
16573
16547
16574
16548
16575
16549
16576
16550
16577
16551
16578
16552
16579
16553
16580
16554
16581
16555
16582
16556
16583
16557
16584
16558
16585
16559
16586
16560
16587
16561
16588
16562
16589
16563
16590
16591
17860
16565
16592
16566
16593
16567
16594
16568
16595
16569
16596
16570
16597
16571
16598
16572
16599
16573
16600
16574
16601
16575
16602
16576
16603
16577
16604
16578
16605
16579
16606
16580
16607
16581
16608
16582
16609
16583
16610
16584
16611
16585
16612
16586
16613
16587
16614
16588
16615
16589
16616
16590
16617
16591
16618
16619
17924
16593
16620
16594
16621
16595
16622
16596
16623
16597
16624
16598
16625
16599
16626
16600
16627
16601
16628
16602
16629
16603
16630
16604
16631
16605
16632
16606
16633
16607
16634
16608
16635
16609
16636
16610
16637
16611
16638
16612
16639
16613
16640
16614
16641
16615
16642
16616
16643
16617
16644
16618
16645
16619
16646
16647
17988
16621
16648
16622
16649
16623
16650
16624
16651
16625
16652
16626
16653
16627
16654
16628
16655
16629
16656
16630
16657
16631
16658
16632
16659
16633
16660
16634
16661
16635
16662
16636
16663
16637
16664
16638
16665
16639
16666
16640
16667
16641
16668
16642
16669
16643
16670
16644
16671
16645
16672
16646
16673
16647
16674
16675
18052
16649
16676
16650
16677
16651
16678
16652
16679
16653
16680
16654
16681
16655
16682
16656
16683
16657
16684
16658
16685
16659
16686
16660
16687
16661
16688
16662
16689
16663
16690
16664
16691
16665
16692
16666
16693
16667
16694
16668
16695
16669
16696
16670
16697
16671
16698
16672
16699
16673
16700
16674
16701
16675
16702
16703
18116
16677
16704
16678
16705
16679
16706
16680
16707
16681
16708
16682
16709
16683
16710
16684
16711
16685
16712
16686
16713
16687
16714
16688
16715
16689
16716
16690
16717
16691
16718
16692
16719
16693
16720
16694
16721
16695
16722
16696
16723
16697
16724
16698
16725
16699
16726
16700
16727
16701
16728
16702
16729
16703
16730
16731
18180
16705
16732
16706
16733
16707
16734
16708
16735
16709
16736
16710
16737
16711
16738
16712
16739
16713
16740
16714
16741
16715
16742
16716
16743
16717
16744
16718
16745
16719
16746
16720
16747
16721
16748
16722
16749
16723
16750
16724
16751
16725
16752
16726
16753
16727
16754
16728
16755
16729
16756
16730
16757
16731
16758
16759
18244
16733
16760
16734
16761
16735
16762
16736
16763
16737
16764
16738
16765
16739
16766
16740
16767
16741
16768
16742
16769
16743
16770
16744
16771
16745
16772
16746
16773
16747
16774
16748
16775
16749
16776
16750
16777
16751
16778
16752
16779
16753
16780
16754
16781
16755
16782
16756
16783
16757
16784
16758
16785
16759
16786
16787
18308
16761
16788
16762
16789
16763
16790
16764
16791
16765
16792
16766
16793
16767
16794
16768
16795
16769
16796
16770
16797
16771
16798
16772
16799
16773
16800
16774
16801
16775
16802
16776
16803
16777
16804
16778
16805
16779
16806
16780
16807
16781
16808
16782
16809
16783
16810
16784
16811
16785
16812
16786
16813
16787
16814
16815
18372
16789
16816
16790
16817
16791
16818
16792
16819
16793
16820
16794
16821
16795
16822
16796
16823
16797
16824
16798
16825
16799
16826
16800
16827
16801
16828
16802
16829
16803
16830
16804
16831
16805
16832
16806
16833
16807
16834
16808
16835
16809
16836
16810
16837
16811
16838
16812
16839
16813
16840
16814
16841
16815
16842
16843
18436
16817
16844
16818
16845
16819
16846
16820
16847
16821
16848
16822
16849
16823
16850
16824
16851
16825
16852
16826
16853
16827
16854
16828
16855
16829
16856
16830
16857
16831
16858
16832
16859
16833
16860
16834
16861
16835
16862
16836
16863
16837
16864
16838
16865
16839
16866
16840
16867
16841
16868
16842
16869
16843
16870
16871
18500
16845
16872
16846
16873
16847
16874
16848
16875
16849
16876
16850
16877
16851
16878
16852
16879
16853
16880
16854
16881
16855
16882
16856
16883
16857
16884
16858
16885
16859
16886
16860
16887
16861
16888
16862
16889
16863
16890
16864
16891
16865
16892
16866
16893
16867
16894
16868
16895
16869
16896
16870
16897
16871
16898
16899
18564
16873
16874
16875
16876
16877
16878
16879
16880
16881
16882
16883
16884
16885
16886
16887
16888
16889
16890
16891
16892
16893
16894
16895
16896
16897
16898
16899
18628
16901
16964
16902
16965
16903
16966
16904
16967
16905
16968
16906
16969
16907
16970
16908
16971
16909
16972
16910
16973
16911
16974
16912
16975
16913
16976
16914
16977
16915
16978
16916
16979
16917
16980
16918
16981
16919
16982
16920
16983
16921
16984
16922
16985
16923
16986
16924
16987
16925
16988
16926
16989
16927
16990
16928
16991
16929
16992
16930
16993
16931
16994
16932
16995
16933
16996
16934
16997
16935
16998
16936
16999
16937
17000
16938
17001
16939
17002
16940
17003
16941
17004
16942
17005
16943
17006
16944
17007
16945
17008
16946
17009
16947
17010
16948
17011
16949
17012
16950
17013
16951
17014
16952
17015
16953
17016
16954
17017
16955
17018
16956
17019
16957
17020
16958
17021
16959
17022
16960
17023
16961
17024
16962
17025
16963
17026
17027
18692
16965
17028
16966
17029
16967
17030
16968
17031
16969
17032
16970
17033
16971
17034
16972
17035
16973
17036
16974
17037
16975
17038
16976
17039
16977
17040
16978
17041
16979
17042
16980
17043
16981
17044
16982
17045
16983
17046
16984
17047
16985
17048
16986
17049
16987
17050
16988
17051
16989
17052
16990
17053
16991
17054
16992
17055
16993
17056
16994
17057
16995
17058
16996
17059
16997
17060
16998
17061
16999
17062
17000
17063
17001
17064
17002
17065
17003
17066
17004
17067
17005
17068
17006
17069
17007
17070
17008
17071
17009
17072
17010
17073
17011
17074
17012
17075
17013
17076
17014
17077
17015
17078
17016
17079
17017
17080
17018
17081
17019
17082
17020
17083
17021
17084
17022
17085
17023
17086
17024
17087
17025
17088
17026
17089
17027
17090
17091
18784
17029
17092
17030
17093
17031
17094
17032
17095
17033
17096
17034
17097
17035
17098
17036
17099
17037
17100
17038
17101
17039
17102
17040
17103
17041
17104
17042
17105
17043
17106
17044
17107
17045
17108
17046
17109
17047
17110
17048
17111
17049
17112
17050
17113
17051
17114
17052
17115
17053
17116
17054
17117
17055
17118
17056
17119
17057
17120
17058
17121
17059
17122
17060
17123
17061
17124
17062
17125
17063
17126
17064
17127
17065
17128
17066
17129
17067
17130
17068
17131
17069
17132
17070
17133
17071
17134
17072
17135
17073
17136
17074
17137
17075
17138
17076
17139
17077
17140
17078
17141
17079
17142
17080
17143
17081
17144
17082
17145
17083
17146
17084
17147
17085
17148
17086
17149
17087
17150
17088
17151
17089
17152
17090
17153
17091
17154
17155
18876
17093
17156
17094
17157
17095
17158
17096
17159
17097
17160
17098
17161
17099
17162
17100
17163
17101
17164
17102
17165
17103
17166
17104
17167
17105
17168
17106
17169
17107
17170
17108
17171
17109
17172
17110
17173
17111
17174
17112
17175
17113
17176
17114
17177
17115
17178
17116
17179
17117
17180
17118
17181
17119
17182
17120
17183
17121
17184
17122
17185
17123
17186
17124
17187
17125
17188
17126
17189
17127
17190
17128
17191
17129
17192
17130
17193
17131
17194
17132
17195
17133
17196
17134
17197
17135
17198
17136
17199
17137
17200
17138
17201
17139
17202
17140
17203
17141
17204
17142
17205
17143
17206
17144
17207
17145
17208
17146
17209
17147
17210
17148
17211
17149
17212
17150
17213
17151
17214
17152
17215
17153
17216
17154
17217
17155
17218
17219
18968
17157
17220
17158
17221
17159
17222
17160
17223
17161
17224
17162
17225
17163
17226
17164
17227
17165
17228
17166
17229
17167
17230
17168
17231
17169
17232
17170
17233
17171
17234
17172
17235
17173
17236
17174
17237
17175
17238
17176
17239
17177
17240
17178
17241
17179
17242
17180
17243
17181
17244
17182
17245
17183
17246
17184
17247
17185
17248
17186
17249
17187
17250
17188
17251
17189
17252
17190
17253
17191
17254
17192
17255
17193
17256
17194
17257
17195
17258
17196
17259
17197
17260
17198
17261
17199
17262
17200
17263
17201
17264
17202
17265
17203
17266
17204
17267
17205
17268
17206
17269
17207
17270
17208
17271
17209
17272
17210
17273
17211
17274
17212
17275
17213
17276
17214
17277
17215
17278
17216
17279
17217
17280
17218
17281
17219
17282
17283
19060
17221
17284
17222
17285
17223
17286
17224
17287
17225
17288
17226
17289
17227
17290
17228
17291
17229
17292
17230
17293
17231
17294
17232
17295
17233
17296
17234
17297
17235
17298
17236
17299
17237
17300
17238
17301
17239
17302
17240
17303
17241
17304
17242
17305
17243
17306
17244
17307
17245
17308
17246
17309
17247
17310
17248
17311
17249
17312
17250
17313
17251
17314
17252
17315
17253
17316
17254
17317
17255
17318
17256
17319
17257
17320
17258
17321
17259
17322
17260
17323
17261
17324
17262
17325
17263
17326
17264
17327
17265
17328
17266
17329
17267
17330
17268
17331
17269
17332
17270
17333
17271
17334
17272
17335
17273
17336
17274
17337
17275
17338
17276
17339
17277
17340
17278
17341
17279
17342
17280
17343
17281
17344
17282
17345
17283
17346
17347
19152
17285
17348
17286
17349
17287
17350
17288
17351
17289
17352
17290
17353
17291
17354
17292
17355
17293
17356
17294
17357
17295
17358
17296
17359
17297
17360
17298
17361
17299
17362
17300
17363
17301
17364
17302
17365
17303
17366
17304
17367
17305
17368
17306
17369
17307
17370
17308
17371
17309
17372
17310
17373
17311
17374
17312
17375
17313
17376
17314
17377
17315
17378
17316
17379
17317
17380
17318
17381
17319
17382
17320
17383
17321
17384
17322
17385
17323
17386
17324
17387
17325
17388
17326
17389
17327
17390
17328
17391
17329
17392
17330
17393
17331
17394
17332
17395
17333
17396
17334
17397
17335
17398
17336
17399
17337
17400
17338
17401
17339
17402
17340
17403
17341
17404
17342
17405
17343
17406
17344
17407
17345
17408
17346
17409
17347
17410
17411
19244
17349
17412
17350
17413
17351
17414
17352
17415
17353
17416
17354
17417
17355
17418
17356
17419
17357
17420
17358
17421
17359
17422
17360
17423
17361
17424
17362
17425
17363
17426
17364
17427
17365
17428
17366
17429
17367
17430
17368
17431
17369
17432
17370
17433
17371
17434
17372
17435
17373
17436
17374
17437
17375
17438
17376
17439
17377
17440
17378
17441
17379
17442
17380
17443
17381
17444
17382
17445
17383
17446
17384
17447
17385
17448
17386
17449
17387
17450
17388
17451
17389
17452
17390
17453
17391
17454
17392
17455
17393
17456
17394
17457
17395
17458
17396
17459
17397
17460
17398
17461
17399
17462
17400
17463
17401
17464
17402
17465
17403
17466
17404
17467
17405
17468
17406
17469
17407
17470
17408
17471
17409
17472
17410
17473
17411
17474
17475
19336
17413
17476
17414
17477
17415
17478
17416
17479
17417
17480
17418
17481
17419
17482
17420
17483
17421
17484
17422
17485
17423
17486
17424
17487
17425
17488
17426
17489
17427
17490
17428
17491
17429
17492
17430
17493
17431
17494
17432
17495
17433
17496
17434
17497
17435
17498
17436
17499
17437
17500
17438
17501
17439
17502
17440
17503
17441
17504
17442
17505
17443
17506
17444
17507
17445
17508
17446
17509
17447
17510
17448
17511
17449
17512
17450
17513
17451
17514
17452
17515
17453
17516
17454
17517
17455
17518
17456
17519
17457
17520
17458
17521
17459
17522
17460
17523
17461
17524
17462
17525
17463
17526
17464
17527
17465
17528
17466
17529
17467
17530
17468
17531
17469
17532
17470
17533
17471
17534
17472
17535
17473
17536
17474
17537
17475
17538
17539
19428
17477
17540
17478
17541
17479
17542
17480
17543
17481
17544
17482
17545
17483
17546
17484
17547
17485
17548
17486
17549
17487
17550
17488
17551
17489
17552
17490
17553
17491
17554
17492
17555
17493
17556
17494
17557
17495
17558
17496
17559
17497
17560
17498
17561
17499
17562
17500
17563
17501
17564
17502
17565
17503
17566
17504
17567
17505
17568
17506
17569
17507
17570
17508
17571
17509
17572
17510
17573
17511
17574
17512
17575
17513
17576
17514
17577
17515
17578
17516
17579
17517
17580
17518
17581
17519
17582
17520
17583
17521
17584
17522
17585
17523
17586
17524
17587
17525
17588
17526
17589
17527
17590
17528
17591
17529
17592
17530
17593
17531
17594
17532
17595
17533
17596
17534
17597
17535
17598
17536
17599
17537
17600
17538
17601
17539
17602
17603
19520
17541
17604
17542
17605
17543
17606
17544
17607
17545
17608
17546
17609
17547
17610
17548
17611
17549
17612
17550
17613
17551
17614
17552
17615
17553
17616
17554
17617
17555
17618
17556
17619
17557
17620
17558
17621
17559
17622
17560
17623
17561
17624
17562
17625
17563
17626
17564
17627
17565
17628
17566
17629
17567
17630
17568
17631
17569
17632
17570
17633
17571
17634
17572
17635
17573
17636
17574
17637
17575
17638
17576
17639
17577
17640
17578
17641
17579
17642
17580
17643
17581
17644
17582
17645
17583
17646
17584
17647
17585
17648
17586
17649
17587
17650
17588
17651
17589
17652
17590
17653
17591
17654
17592
17655
17593
17656
17594
17657
17595
17658
17596
17659
17597
17660
17598
17661
17599
17662
17600
17663
17601
17664
17602
17665
17603
17666
17667
19612
17605
17668
17606
17669
17607
17670
17608
17671
17609
17672
17610
17673
17611
17674
17612
17675
17613
17676
17614
17677
17615
17678
17616
17679
17617
17680
17618
17681
17619
17682
17620
17683
17621
17684
17622
17685
17623
17686
17624
17687
17625
17688
17626
17689
17627
17690
17628
17691
17629
17692
17630
17693
17631
17694
17632
17695
17633
17696
17634
17697
17635
17698
17636
17699
17637
17700
17638
17701
17639
17702
17640
17703
17641
17704
17642
17705
17643
17706
17644
17707
17645
17708
17646
17709
17647
17710
17648
17711
17649
17712
17650
17713
17651
17714
17652
17715
17653
17716
17654
17717
17655
17718
17656
17719
17657
17720
17658
17721
17659
17722
17660
17723
17661
17724
17662
17725
17663
17726
17664
17727
17665
17728
17666
17729
17667
17730
17731
19704
17669
17732
17670
17733
17671
17734
17672
17735
17673
17736
17674
17737
17675
17738
17676
17739
17677
17740
17678
17741
17679
17742
17680
17743
17681
17744
17682
17745
17683
17746
17684
17747
17685
17748
17686
17749
17687
17750
17688
17751
17689
17752
17690
17753
17691
17754
17692
17755
17693
17756
17694
17757
17695
17758
17696
17759
17697
17760
17698
17761
17699
17762
17700
17763
17701
17764
17702
17765
17703
17766
17704
17767
17705
17768
17706
17769
17707
17770
17708
17771
17709
17772
17710
17773
17711
17774
17712
17775
17713
17776
17714
17777
17715
17778
17716
17779
17717
17780
17718
17781
17719
17782
17720
17783
17721
17784
17722
17785
17723
17786
17724
17787
17725
17788
17726
17789
17727
17790
17728
17791
17729
17792
17730
17793
17731
17794
17795
19796
17733
17796
17734
17797
17735
17798
17736
17799
17737
17800
17738
17801
17739
17802
17740
17803
17741
17804
17742
17805
17743
17806
17744
17807
17745
17808
17746
17809
17747
17810
17748
17811
17749
17812
17750
17813
17751
17814
17752
17815
17753
17816
17754
17817
17755
17818
17756
17819
17757
17820
17758
17821
17759
17822
17760
17823
17761
17824
17762
17825
17763
17826
17764
17827
17765
17828
17766
17829
17767
17830
17768
17831
17769
17832
17770
17833
17771
17834
17772
17835
17773
17836
17774
17837
17775
17838
17776
17839
17777
17840
17778
17841
17779
17842
17780
17843
17781
17844
17782
17845
17783
17846
17784
17847
17785
17848
17786
17849
17787
17850
17788
17851
17789
17852
17790
17853
17791
17854
17792
17855
17793
17856
17794
17857
17795
17858
17859
19888
17797
17860
17798
17861
17799
17862
17800
17863
17801
17864
17802
17865
17803
17866
17804
17867
17805
17868
17806
17869
17807
17870
17808
17871
17809
17872
17810
17873
17811
17874
17812
17875
17813
17876
17814
17877
17815
17878
17816
17879
17817
17880
17818
17881
17819
17882
17820
17883
17821
17884
17822
17885
17823
17886
17824
17887
17825
17888
17826
17889
17827
17890
17828
17891
17829
17892
17830
17893
17831
17894
17832
17895
17833
17896
17834
17897
17835
17898
17836
17899
17837
17900
17838
17901
17839
17902
17840
17903
17841
17904
17842
17905
17843
17906
17844
17907
17845
17908
17846
17909
17847
17910
17848
17911
17849
17912
17850
17913
17851
17914
17852
17915
17853
17916
17854
17917
17855
17918
17856
17919
17857
17920
17858
17921
17859
17922
17923
19980
17861
17924
17862
17925
17863
17926
17864
17927
17865
17928
17866
17929
17867
17930
17868
17931
17869
17932
17870
17933
17871
17934
17872
17935
17873
17936
17874
17937
17875
17938
17876
17939
17877
17940
17878
17941
17879
17942
17880
17943
17881
17944
17882
17945
17883
17946
17884
17947
17885
17948
17886
17949
17887
17950
17888
17951
17889
17952
17890
17953
17891
17954
17892
17955
17893
17956
17894
17957
17895
17958
17896
17959
17897
17960
17898
17961
17899
17962
17900
17963
17901
17964
17902
17965
17903
17966
17904
17967
17905
17968
17906
17969
17907
17970
17908
17971
17909
17972
17910
17973
17911
17974
17912
17975
17913
17976
17914
17977
17915
17978
17916
17979
17917
17980
17918
17981
17919
17982
17920
17983
17921
17984
17922
17985
17923
17986
17987
20072
17925
17988
17926
17989
17927
17990
17928
17991
17929
17992
17930
17993
17931
17994
17932
17995
17933
17996
17934
17997
17935
17998
17936
17999
17937
18000
17938
18001
17939
18002
17940
18003
17941
18004
17942
18005
17943
18006
17944
18007
17945
18008
17946
18009
17947
18010
17948
18011
17949
18012
17950
18013
17951
18014
17952
18015
17953
18016
17954
18017
17955
18018
17956
18019
17957
18020
17958
18021
17959
18022
17960
18023
17961
18024
17962
18025
17963
18026
17964
18027
17965
18028
17966
18029
17967
18030
17968
18031
17969
18032
17970
18033
17971
18034
17972
18035
17973
18036
17974
18037
17975
18038
17976
18039
17977
18040
17978
18041
17979
18042
17980
18043
17981
18044
17982
18045
17983
18046
17984
18047
17985
18048
17986
18049
17987
18050
18051
20164
17989
18052
17990
18053
17991
18054
17992
18055
17993
18056
17994
18057
17995
18058
17996
18059
17997
18060
17998
18061
17999
18062
18000
18063
18001
18064
18002
18065
18003
18066
18004
18067
18005
18068
18006
18069
18007
18070
18008
18071
18009
18072
18010
18073
18011
18074
18012
18075
18013
18076
18014
18077
18015
18078
18016
18079
18017
18080
18018
18081
18019
18082
18020
18083
18021
18084
18022
18085
18023
18086
18024
18087
18025
18088
18026
18089
18027
18090
18028
18091
18029
18092
18030
18093
18031
18094
18032
18095
18033
18096
18034
18097
18035
18098
18036
18099
18037
18100
18038
18101
18039
18102
18040
18103
18041
18104
18042
18105
18043
18106
18044
18107
18045
18108
18046
18109
18047
18110
18048
18111
18049
18112
18050
18113
18051
18114
18115
20256
18053
18116
18054
18117
18055
18118
18056
18119
18057
18120
18058
18121
18059
18122
18060
18123
18061
18124
18062
18125
18063
18126
18064
18127
18065
18128
18066
18129
18067
18130
18068
18131
18069
18132
18070
18133
18071
18134
18072
18135
18073
18136
18074
18137
18075
18138
18076
18139
18077
18140
18078
18141
18079
18142
18080
18143
18081
18144
18082
18145
18083
18146
18084
18147
18085
18148
18086
18149
18087
18150
18088
18151
18089
18152
18090
18153
18091
18154
18092
18155
18093
18156
18094
18157
18095
18158
18096
18159
18097
18160
18098
18161
18099
18162
18100
18163
18101
18164
18102
18165
18103
18166
18104
18167
18105
18168
18106
18169
18107
18170
18108
18171
18109
18172
18110
18173
18111
18174
18112
18175
18113
18176
18114
18177
18115
18178
18179
20348
18117
18180
18118
18181
18119
18182
18120
18183
18121
18184
18122
18185
18123
18186
18124
18187
18125
18188
18126
18189
18127
18190
18128
18191
18129
18192
18130
18193
18131
18194
18132
18195
18133
18196
18134
18197
18135
18198
18136
18199
18137
18200
18138
18201
18139
18202
18140
18203
18141
18204
18142
18205
18143
18206
18144
18207
18145
18208
18146
18209
18147
18210
18148
18211
18149
18212
18150
18213
18151
18214
18152
18215
18153
18216
18154
18217
18155
18218
18156
18219
18157
18220
18158
18221
18159
18222
18160
18223
18161
18224
18162
18225
18163
18226
18164
18227
18165
18228
18166
18229
18167
18230
18168
18231
18169
18232
18170
18233
18171
18234
18172
18235
18173
18236
18174
18237
18175
18238
18176
18239
18177
18240
18178
18241
18179
18242
18243
20440
18181
18244
18182
18245
18183
18246
18184
18247
18185
18248
18186
18249
18187
18250
18188
18251
18189
18252
18190
18253
18191
18254
18192
18255
18193
18256
18194
18257
18195
18258
18196
18259
18197
18260
18198
18261
18199
18262
18200
18263
18201
18264
18202
18265
18203
18266
18204
18267
18205
18268
18206
18269
18207
18270
18208
18271
18209
18272
18210
18273
18211
18274
18212
18275
18213
18276
18214
18277
18215
18278
18216
18279
18217
18280
18218
18281
18219
18282
18220
18283
18221
18284
18222
18285
18223
18286
18224
18287
18225
18288
18226
18289
18227
18290
18228
18291
18229
18292
18230
18293
18231
18294
18232
18295
18233
18296
18234
18297
18235
18298
18236
18299
18237
18300
18238
18301
18239
18302
18240
18303
18241
18304
18242
18305
18243
18306
18307
20532
18245
18308
18246
18309
18247
18310
18248
18311
18249
18312
18250
18313
18251
18314
18252
18315
18253
18316
18254
18317
18255
18318
18256
18319
18257
18320
18258
18321
18259
18322
18260
18323
18261
18324
18262
18325
18263
18326
18264
18327
18265
18328
18266
18329
18267
18330
18268
18331
18269
18332
18270
18333
18271
18334
18272
18335
18273
18336
18274
18337
18275
18338
18276
18339
18277
18340
18278
18341
18279
18342
18280
18343
18281
18344
18282
18345
18283
18346
18284
18347
18285
18348
18286
18349
18287
18350
18288
18351
18289
18352
18290
18353
18291
18354
18292
18355
18293
18356
18294
18357
18295
18358
18296
18359
18297
18360
18298
18361
18299
18362
18300
18363
18301
18364
18302
18365
18303
18366
18304
18367
18305
18368
18306
18369
18307
18370
18371
20624
18309
18372
18310
18373
18311
18374
18312
18375
18313
18376
18314
18377
18315
18378
18316
18379
18317
18380
18318
18381
18319
18382
18320
18383
18321
18384
18322
18385
18323
18386
18324
18387
18325
18388
18326
18389
18327
18390
18328
18391
18329
18392
18330
18393
18331
18394
18332
18395
18333
18396
18334
18397
18335
18398
18336
18399
18337
18400
18338
18401
18339
18402
18340
18403
18341
18404
18342
18405
18343
18406
18344
18407
18345
18408
18346
18409
18347
18410
18348
18411
18349
18412
18350
18413
18351
18414
18352
18415
18353
18416
18354
18417
18355
18418
18356
18419
18357
18420
18358
18421
18359
18422
18360
18423
18361
18424
18362
18425
18363
18426
18364
18427
18365
18428
18366
18429
18367
18430
18368
18431
18369
18432
18370
18433
18371
18434
18435
20716
18373
18436
18374
18437
18375
18438
18376
18439
18377
18440
18378
18441
18379
18442
18380
18443
18381
18444
18382
18445
18383
18446
18384
18447
18385
18448
18386
18449
18387
18450
18388
18451
18389
18452
18390
18453
18391
18454
18392
18455
18393
18456
18394
18457
18395
18458
18396
18459
18397
18460
18398
18461
18399
18462
18400
18463
18401
18464
18402
18465
18403
18466
18404
18467
18405
18468
18406
18469
18407
18470
18408
18471
18409
18472
18410
18473
18411
18474
18412
18475
18413
18476
18414
18477
18415
18478
18416
18479
18417
18480
18418
18481
18419
18482
18420
18483
18421
18484
18422
18485
18423
18486
18424
18487
18425
18488
18426
18489
18427
18490
18428
18491
18429
18492
18430
18493
18431
18494
18432
18495
18433
18496
18434
18497
18435
18498
18499
20808
18437
18500
18438
18501
18439
18502
18440
18503
18441
18504
18442
18505
18443
18506
18444
18507
18445
18508
18446
18509
18447
18510
18448
18511
18449
18512
18450
18513
18451
18514
18452
18515
18453
18516
18454
18517
18455
18518
18456
18519
18457
18520
18458
18521
18459
18522
18460
18523
18461
18524
18462
18525
18463
18526
18464
18527
18465
18528
18466
18529
18467
18530
18468
18531
18469
18532
18470
18533
18471
18534
18472
18535
18473
18536
18474
18537
18475
18538
18476
18539
18477
18540
18478
18541
18479
18542
18480
18543
18481
18544
18482
18545
18483
18546
18484
18547
18485
18548
18486
18549
18487
18550
18488
18551
18489
18552
18490
18553
18491
18554
18492
18555
18493
18556
18494
18557
18495
18558
18496
18559
18497
18560
18498
18561
18499
18562
18563
20900
18501
18564
18502
18565
18503
18566
18504
18567
18505
18568
18506
18569
18507
18570
18508
18571
18509
18572
18510
18573
18511
18574
18512
18575
18513
18576
18514
18577
18515
18578
18516
18579
18517
18580
18518
18581
18519
18582
18520
18583
18521
18584
18522
18585
18523
18586
18524
18587
18525
18588
18526
18589
18527
18590
18528
18591
18529
18592
18530
18593
18531
18594
18532
18595
18533
18596
18534
18597
18535
18598
18536
18599
18537
18600
18538
18601
18539
18602
18540
18603
18541
18604
18542
18605
18543
18606
18544
18607
18545
18608
18546
18609
18547
18610
18548
18611
18549
18612
18550
18613
18551
18614
18552
18615
18553
18616
18554
18617
18555
18618
18556
18619
18557
18620
18558
18621
18559
18622
18560
18623
18561
18624
18562
18625
18563
18626
18627
20992
18565
18628
18566
18629
18567
18630
18568
18631
18569
18632
18570
18633
18571
18634
18572
18635
18573
18636
18574
18637
18575
18638
18576
18639
18577
18640
18578
18641
18579
18642
18580
18643
18581
18644
18582
18645
18583
18646
18584
18647
18585
18648
18586
18649
18587
18650
18588
18651
18589
18652
18590
18653
18591
18654
18592
18655
18593
18656
18594
18657
18595
18658
18596
18659
18597
18660
18598
18661
18599
18662
18600
18663
18601
18664
18602
18665
18603
18666
18604
18667
18605
18668
18606
18669
18607
18670
18608
18671
18609
18672
18610
18673
18611
18674
18612
18675
18613
18676
18614
18677
18615
18678
18616
18679
18617
18680
18618
18681
18619
18682
18620
18683
18621
18684
18622
18685
18623
18686
18624
18687
18625
18688
18626
18689
18627
18690
18691
21084
18629
18630
18631
18632
18633
18634
18635
18636
18637
18638
18639
18640
18641
18642
18643
18644
18645
18646
18647
18648
18649
18650
18651
18652
18653
18654
18655
18656
18657
18658
18659
18660
18661
18662
18663
18664
18665
18666
18667
18668
18669
18670
18671
18672
18673
18674
18675
18676
18677
18678
18679
18680
18681
18682
18683
18684
18685
18686
18687
18688
18689
18690
18691
21176
18693
18784
18694
18785
18695
18786
18696
18787
18697
18788
18698
18789
18699
18790
18700
18791
18701
18792
18702
18793
18703
18794
18704
18795
18705
18796
18706
18797
18707
18798
18708
18799
18709
18800
18710
18801
18711
18802
18712
18803
18713
18804
18714
18805
18715
18806
18716
18807
18717
18808
18718
18809
18719
18810
18720
18811
18721
18812
18722
18813
18723
18814
18724
18815
18725
18816
18726
18817
18727
18818
18728
18819
18729
18820
18730
18821
18731
18822
18732
18823
18733
18824
18734
18825
18735
18826
18736
18827
18737
18828
18738
18829
18739
18830
18740
18831
18741
18832
18742
18833
18743
18834
18744
18835
18745
18836
18746
18837
18747
18838
18748
18839
18749
18840
18750
18841
18751
18842
18752
18843
18753
18844
18754
18845
18755
18846
18756
18847
18757
18848
18758
18849
18759
18850
18760
18851
18761
18852
18762
18853
18763
18854
18764
18855
18765
18856
18766
18857
18767
18858
18768
18859
18769
18860
18770
18861
18771
18862
18772
18863
18773
18864
18774
18865
18775
18866
18776
18867
18777
18868
18778
18869
18779
18870
18780
18871
18781
18872
18782
18873
18783
18874
18875
18785
18876
18786
18877
18787
18878
18788
18879
18789
18880
18790
18881
18791
18882
18792
18883
18793
18884
18794
18885
18795
18886
18796
18887
18797
18888
18798
18889
18799
18890
18800
18891
18801
18892
18802
18893
18803
18894
18804
18895
18805
18896
18806
18897
18807
18898
18808
18899
18809
18900
18810
18901
18811
18902
18812
18903
18813
18904
18814
18905
18815
18906
18816
18907
18817
18908
18818
18909
18819
18910
18820
18911
18821
18912
18822
18913
18823
18914
18824
18915
18825
18916
18826
18917
18827
18918
18828
18919
18829
18920
18830
18921
18831
18922
18832
18923
18833
18924
18834
18925
18835
18926
18836
18927
18837
18928
18838
18929
18839
18930
18840
18931
18841
18932
18842
18933
18843
18934
18844
18935
18845
18936
18846
18937
18847
18938
18848
18939
18849
18940
18850
18941
18851
18942
18852
18943
18853
18944
18854
18945
18855
18946
18856
18947
18857
18948
18858
18949
18859
18950
18860
18951
18861
18952
18862
18953
18863
18954
18864
18955
18865
18956
18866
18957
18867
18958
18868
18959
18869
18960
18870
18961
18871
18962
18872
18963
18873
18964
18874
18965
18875
18966
18967
18877
18968
18878
18969
18879
18970
18880
18971
18881
18972
18882
18973
18883
18974
18884
18975
18885
18976
18886
18977
18887
18978
18888
18979
18889
18980
18890
18981
18891
18982
18892
18983
18893
18984
18894
18985
18895
18986
18896
18987
18897
18988
18898
18989
18899
18990
18900
18991
18901
18992
18902
18993
18903
18994
18904
18995
18905
18996
18906
18997
18907
18998
18908
18999
18909
19000
18910
19001
18911
19002
18912
19003
18913
19004
18914
19005
18915
19006
18916
19007
18917
19008
18918
19009
18919
19010
18920
19011
18921
19012
18922
19013
18923
19014
18924
19015
18925
19016
18926
19017
18927
19018
18928
19019
18929
19020
18930
19021
18931
19022
18932
19023
18933
19024
18934
19025
18935
19026
18936
19027
18937
19028
18938
19029
18939
19030
18940
19031
18941
19032
18942
19033
18943
19034
18944
19035
18945
19036
18946
19037
18947
19038
18948
19039
18949
19040
18950
19041
18951
19042
18952
19043
18953
19044
18954
19045
18955
19046
18956
19047
18957
19048
18958
19049
18959
19050
18960
19051
18961
19052
18962
19053
18963
19054
18964
19055
18965
19056
18966
19057
18967
19058
19059
18969
19060
18970
19061
18971
19062
18972
19063
18973
19064
18974
19065
18975
19066
18976
19067
18977
19068
18978
19069
18979
19070
18980
19071
18981
19072
18982
19073
18983
19074
18984
19075
18985
19076
18986
19077
18987
19078
18988
19079
18989
19080
18990
19081
18991
19082
18992
19083
18993
19084
18994
19085
18995
19086
18996
19087
18997
19088
18998
19089
18999
19090
19000
19091
19001
19092
19002
19093
19003
19094
19004
19095
19005
19096
19006
19097
19007
19098
19008
19099
19009
19100
19010
19101
19011
19102
19012
19103
19013
19104
19014
19105
19015
19106
19016
19107
19017
19108
19018
19109
19019
19110
19020
19111
19021
19112
19022
19113
19023
19114
19024
19115
19025
19116
19026
19117
19027
19118
19028
19119
19029
19120
19030
19121
19031
19122
19032
19123
19033
19124
19034
19125
19035
19126
19036
19127
19037
19128
19038
19129
19039
19130
19040
19131
19041
19132
19042
19133
19043
19134
19044
19135
19045
19136
19046
19137
19047
19138
19048
19139
19049
19140
19050
19141
19051
19142
19052
19143
19053
19144
19054
19145
19055
19146
19056
19147
19057
19148
19058
19149
19059
19150
19151
19061
19152
19062
19153
19063
19154
19064
19155
19065
19156
19066
19157
19067
19158
19068
19159
19069
19160
19070
19161
19071
19162
19072
19163
19073
19164
19074
19165
19075
19166
19076
19167
19077
19168
19078
19169
19079
19170
19080
19171
19081
19172
19082
19173
19083
19174
19084
19175
19085
19176
19086
19177
19087
19178
19088
19179
19089
19180
19090
19181
19091
19182
19092
19183
19093
19184
19094
19185
19095
19186
19096
19187
19097
19188
19098
19189
19099
19190
19100
19191
19101
19192
19102
19193
19103
19194
19104
19195
19105
19196
19106
19197
19107
19198
19108
19199
19109
19200
19110
19201
19111
19202
19112
19203
19113
19204
19114
19205
19115
19206
19116
19207
19117
19208
19118
19209
19119
19210
19120
19211
19121
19212
19122
19213
19123
19214
19124
19215
19125
19216
19126
19217
19127
19218
19128
19219
19129
19220
19130
19221
19131
19222
19132
19223
19133
19224
19134
19225
19135
19226
19136
19227
19137
19228
19138
19229
19139
19230
19140
19231
19141
19232
19142
19233
19143
19234
19144
19235
19145
19236
19146
19237
19147
19238
19148
19239
19149
19240
19150
19241
19151
19242
19243
19153
19244
19154
19245
19155
19246
19156
19247
19157
19248
19158
19249
19159
19250
19160
19251
19161
19252
19162
19253
19163
19254
19164
19255
19165
19256
19166
19257
19167
19258
19168
19259
19169
19260
19170
19261
19171
19262
19172
19263
19173
19264
19174
19265
19175
19266
19176
19267
19177
19268
19178
19269
19179
19270
19180
19271
19181
19272
19182
19273
19183
19274
19184
19275
19185
19276
19186
19277
19187
19278
19188
19279
19189
19280
19190
19281
19191
19282
19192
19283
19193
19284
19194
19285
19195
19286
19196
19287
19197
19288
19198
19289
19199
19290
19200
19291
19201
19292
19202
19293
19203
19294
19204
19295
19205
19296
19206
19297
19207
19298
19208
19299
19209
19300
19210
19301
19211
19302
19212
19303
19213
19304
19214
19305
19215
19306
19216
19307
19217
19308
19218
19309
19219
19310
19220
19311
19221
19312
19222
19313
19223
19314
19224
19315
19225
19316
19226
19317
19227
19318
19228
19319
19229
19320
19230
19321
19231
19322
19232
19323
19233
19324
19234
19325
19235
19326
19236
19327
19237
19328
19238
19329
19239
19330
19240
19331
19241
19332
19242
19333
19243
19334
19335
19245
19336
19246
19337
19247
19338
19248
19339
19249
19340
19250
19341
19251
19342
19252
19343
19253
19344
19254
19345
19255
19346
19256
19347
19257
19348
19258
19349
19259
19350
19260
19351
19261
19352
19262
19353
19263
19354
19264
19355
19265
19356
19266
19357
19267
19358
19268
19359
19269
19360
19270
19361
19271
19362
19272
19363
19273
19364
19274
19365
19275
19366
19276
19367
19277
19368
19278
19369
19279
19370
19280
19371
19281
19372
19282
19373
19283
19374
19284
19375
19285
19376
19286
19377
19287
19378
19288
19379
19289
19380
19290
19381
19291
19382
19292
19383
19293
19384
19294
19385
19295
19386
19296
19387
19297
19388
19298
19389
19299
19390
19300
19391
19301
19392
19302
19393
19303
19394
19304
19395
19305
19396
19306
19397
19307
19398
19308
19399
19309
19400
19310
19401
19311
19402
19312
19403
19313
19404
19314
19405
19315
19406
19316
19407
19317
19408
19318
19409
19319
19410
19320
19411
19321
19412
19322
19413
19323
19414
19324
19415
19325
19416
19326
19417
19327
19418
19328
19419
19329
19420
19330
19421
19331
19422
19332
19423
19333
19424
19334
19425
19335
19426
19427
19337
19428
19338
19429
19339
19430
19340
19431
19341
19432
19342
19433
19343
19434
19344
19435
19345
19436
19346
19437
19347
19438
19348
19439
19349
19440
19350
19441
19351
19442
19352
19443
19353
19444
19354
19445
19355
19446
19356
19447
19357
19448
19358
19449
19359
19450
19360
19451
19361
19452
19362
19453
19363
19454
19364
19455
19365
19456
19366
19457
19367
19458
19368
19459
19369
19460
19370
19461
19371
19462
19372
19463
19373
19464
19374
19465
19375
19466
19376
19467
19377
19468
19378
19469
19379
19470
19380
19471
19381
19472
19382
19473
19383
19474
19384
19475
19385
19476
19386
19477
19387
19478
19388
19479
19389
19480
19390
19481
19391
19482
19392
19483
19393
19484
19394
19485
19395
19486
19396
19487
19397
19488
19398
19489
19399
19490
19400
19491
19401
19492
19402
19493
19403
19494
19404
19495
19405
19496
19406
19497
19407
19498
19408
19499
19409
19500
19410
19501
19411
19502
19412
19503
19413
19504
19414
19505
19415
19506
19416
19507
19417
19508
19418
19509
19419
19510
19420
19511
19421
19512
19422
19513
19423
19514
19424
19515
19425
19516
19426
19517
19427
19518
19519
19429
19520
19430
19521
19431
19522
19432
19523
19433
19524
19434
19525
19435
19526
19436
19527
19437
19528
19438
19529
19439
19530
19440
19531
19441
19532
19442
19533
19443
19534
19444
19535
19445
19536
19446
19537
19447
19538
19448
19539
19449
19540
19450
19541
19451
19542
19452
19543
19453
19544
19454
19545
19455
19546
19456
19547
19457
19548
19458
19549
19459
19550
19460
19551
19461
19552
19462
19553
19463
19554
19464
19555
19465
19556
19466
19557
19467
19558
19468
19559
19469
19560
19470
19561
19471
19562
19472
19563
19473
19564
19474
19565
19475
19566
19476
19567
19477
19568
19478
19569
19479
19570
19480
19571
19481
19572
19482
19573
19483
19574
19484
19575
19485
19576
19486
19577
19487
19578
19488
19579
19489
19580
19490
19581
19491
19582
19492
19583
19493
19584
19494
19585
19495
19586
19496
19587
19497
19588
19498
19589
19499
19590
19500
19591
19501
19592
19502
19593
19503
19594
19504
19595
19505
19596
19506
19597
19507
19598
19508
19599
19509
19600
19510
19601
19511
19602
19512
19603
19513
19604
19514
19605
19515
19606
19516
19607
19517
19608
19518
19609
19519
19610
19611
19521
19612
19522
19613
19523
19614
19524
19615
19525
19616
19526
19617
19527
19618
19528
19619
19529
19620
19530
19621
19531
19622
19532
19623
19533
19624
19534
19625
19535
19626
19536
19627
19537
19628
19538
19629
19539
19630
19540
19631
19541
19632
19542
19633
19543
19634
19544
19635
19545
19636
19546
19637
19547
19638
19548
19639
19549
19640
19550
19641
19551
19642
19552
19643
19553
19644
19554
19645
19555
19646
19556
19647
19557
19648
19558
19649
19559
19650
19560
19651
19561
19652
19562
19653
19563
19654
19564
19655
19565
19656
19566
19657
19567
19658
19568
19659
19569
19660
19570
19661
19571
19662
19572
19663
19573
19664
19574
19665
19575
19666
19576
19667
19577
19668
19578
19669
19579
19670
19580
19671
19581
19672
19582
19673
19583
19674
19584
19675
19585
19676
19586
19677
19587
19678
19588
19679
19589
19680
19590
19681
19591
19682
19592
19683
19593
19684
19594
19685
19595
19686
19596
19687
19597
19688
19598
19689
19599
19690
19600
19691
19601
19692
19602
19693
19603
19694
19604
19695
19605
19696
19606
19697
19607
19698
19608
19699
19609
19700
19610
19701
19611
19702
19703
19613
19704
19614
19705
19615
19706
19616
19707
19617
19708
19618
19709
19619
19710
19620
19711
19621
19712
19622
19713
19623
19714
19624
19715
19625
19716
19626
19717
19627
19718
19628
19719
19629
19720
19630
19721
19631
19722
19632
19723
19633
19724
19634
19725
19635
19726
19636
19727
19637
19728
19638
19729
19639
19730
19640
19731
19641
19732
19642
19733
19643
19734
19644
19735
19645
19736
19646
19737
19647
19738
19648
19739
19649
19740
19650
19741
19651
19742
19652
19743
19653
19744
19654
19745
19655
19746
19656
19747
19657
19748
19658
19749
19659
19750
19660
19751
19661
19752
19662
19753
19663
19754
19664
19755
19665
19756
19666
19757
19667
19758
19668
19759
19669
19760
19670
19761
19671
19762
19672
19763
19673
19764
19674
19765
19675
19766
19676
19767
19677
19768
19678
19769
19679
19770
19680
19771
19681
19772
19682
19773
19683
19774
19684
19775
19685
19776
19686
19777
19687
19778
19688
19779
19689
19780
19690
19781
19691
19782
19692
19783
19693
19784
19694
19785
19695
19786
19696
19787
19697
19788
19698
19789
19699
19790
19700
19791
19701
19792
19702
19793
19703
19794
19795
19705
19796
19706
19797
19707
19798
19708
19799
19709
19800
19710
19801
19711
19802
19712
19803
19713
19804
19714
19805
19715
19806
19716
19807
19717
19808
19718
19809
19719
19810
19720
19811
19721
19812
19722
19813
19723
19814
19724
19815
19725
19816
19726
19817
19727
19818
19728
19819
19729
19820
19730
19821
19731
19822
19732
19823
19733
19824
19734
19825
19735
19826
19736
19827
19737
19828
19738
19829
19739
19830
19740
19831
19741
19832
19742
19833
19743
19834
19744
19835
19745
19836
19746
19837
19747
19838
19748
19839
19749
19840
19750
19841
19751
19842
19752
19843
19753
19844
19754
19845
19755
19846
19756
19847
19757
19848
19758
19849
19759
19850
19760
19851
19761
19852
19762
19853
19763
19854
19764
19855
19765
19856
19766
19857
19767
19858
19768
19859
19769
19860
19770
19861
19771
19862
19772
19863
19773
19864
19774
19865
19775
19866
19776
19867
19777
19868
19778
19869
19779
19870
19780
19871
19781
19872
19782
19873
19783
19874
19784
19875
19785
19876
19786
19877
19787
19878
19788
19879
19789
19880
19790
19881
19791
19882
19792
19883
19793
19884
19794
19885
19795
19886
19887
19797
19888
19798
19889
19799
19890
19800
19891
19801
19892
19802
19893
19803
19894
19804
19895
19805
19896
19806
19897
19807
19898
19808
19899
19809
19900
19810
19901
19811
19902
19812
19903
19813
19904
19814
19905
19815
19906
19816
19907
19817
19908
19818
19909
19819
19910
19820
19911
19821
19912
19822
19913
19823
19914
19824
19915
19825
19916
19826
19917
19827
19918
19828
19919
19829
19920
19830
19921
19831
19922
19832
19923
19833
19924
19834
19925
19835
19926
19836
19927
19837
19928
19838
19929
19839
19930
19840
19931
19841
19932
19842
19933
19843
19934
19844
19935
19845
19936
19846
19937
19847
19938
19848
19939
19849
19940
19850
19941
19851
19942
19852
19943
19853
19944
19854
19945
19855
19946
19856
19947
19857
19948
19858
19949
19859
19950
19860
19951
19861
19952
19862
19953
19863
19954
19864
19955
19865
19956
19866
19957
19867
19958
19868
19959
19869
19960
19870
19961
19871
19962
19872
19963
19873
19964
19874
19965
19875
19966
19876
19967
19877
19968
19878
19969
19879
19970
19880
19971
19881
19972
19882
19973
19883
19974
19884
19975
19885
19976
19886
19977
19887
19978
19979
19889
19980
19890
19981
19891
19982
19892
19983
19893
19984
19894
19985
19895
19986
19896
19987
19897
19988
19898
19989
19899
19990
19900
19991
19901
19992
19902
19993
19903
19994
19904
19995
19905
19996
19906
19997
19907
19998
19908
19999
19909
20000
19910
20001
19911
20002
19912
20003
19913
20004
19914
20005
19915
20006
19916
20007
19917
20008
19918
20009
19919
20010
19920
20011
19921
20012
19922
20013
19923
20014
19924
20015
19925
20016
19926
20017
19927
20018
19928
20019
19929
20020
19930
20021
19931
20022
19932
20023
19933
20024
19934
20025
19935
20026
19936
20027
19937
20028
19938
20029
19939
20030
19940
20031
19941
20032
19942
20033
19943
20034
19944
20035
19945
20036
19946
20037
19947
20038
19948
20039
19949
20040
19950
20041
19951
20042
19952
20043
19953
20044
19954
20045
19955
20046
19956
20047
19957
20048
19958
20049
19959
20050
19960
20051
19961
20052
19962
20053
19963
20054
19964
20055
19965
20056
19966
20057
19967
20058
19968
20059
19969
20060
19970
20061
19971
20062
19972
20063
19973
20064
19974
20065
19975
20066
19976
20067
19977
20068
19978
20069
19979
20070
20071
19981
20072
19982
20073
19983
20074
19984
20075
19985
20076
19986
20077
19987
20078
19988
20079
19989
20080
19990
20081
19991
20082
19992
20083
19993
20084
19994
20085
19995
20086
19996
20087
19997
20088
19998
20089
19999
20090
20000
20091
20001
20092
20002
20093
20003
20094
20004
20095
20005
20096
20006
20097
20007
20098
20008
20099
20009
20100
20010
20101
20011
20102
20012
20103
20013
20104
20014
20105
20015
20106
20016
20107
20017
20108
20018
20109
20019
20110
20020
20111
20021
20112
20022
20113
20023
20114
20024
20115
20025
20116
20026
20117
20027
20118
20028
20119
20029
20120
20030
20121
20031
20122
20032
20123
20033
20124
20034
20125
20035
20126
20036
20127
20037
20128
20038
20129
20039
20130
20040
20131
20041
20132
20042
20133
20043
20134
20044
20135
20045
20136
20046
20137
20047
20138
20048
20139
20049
20140
20050
20141
20051
20142
20052
20143
20053
20144
20054
20145
20055
20146
20056
20147
20057
20148
20058
20149
20059
20150
20060
20151
20061
20152
20062
20153
20063
20154
20064
20155
20065
20156
20066
20157
20067
20158
20068
20159
20069
20160
20070
20161
20071
20162
20163
20073
20164
20074
20165
20075
20166
20076
20167
20077
20168
20078
20169
20079
20170
20080
20171
20081
20172
20082
20173
20083
20174
20084
20175
20085
20176
20086
20177
20087
20178
20088
20179
20089
20180
20090
20181
20091
20182
20092
20183
20093
20184
20094
20185
20095
20186
20096
20187
20097
20188
20098
20189
20099
20190
20100
20191
20101
20192
20102
20193
20103
20194
20104
20195
20105
20196
20106
20197
20107
20198
20108
20199
20109
20200
20110
20201
20111
20202
20112
20203
20113
20204
20114
20205
20115
20206
20116
20207
20117
20208
20118
20209
20119
20210
20120
20211
20121
20212
20122
20213
20123
20214
20124
20215
20125
20216
20126
20217
20127
20218
20128
20219
20129
20220
20130
20221
20131
20222
20132
20223
20133
20224
20134
20225
20135
20226
20136
20227
20137
20228
20138
20229
20139
20230
20140
20231
20141
20232
20142
20233
20143
20234
20144
20235
20145
20236
20146
20237
20147
20238
20148
20239
20149
20240
20150
20241
20151
20242
20152
20243
20153
20244
20154
20245
20155
20246
20156
20247
20157
20248
20158
20249
20159
20250
20160
20251
20161
20252
20162
20253
20163
20254
20255
20165
20256
20166
20257
20167
20258
20168
20259
20169
20260
20170
20261
20171
20262
20172
20263
20173
20264
20174
20265
20175
20266
20176
20267
20177
20268
20178
20269
20179
20270
20180
20271
20181
20272
20182
20273
20183
20274
20184
20275
20185
20276
20186
20277
20187
20278
20188
20279
20189
20280
20190
20281
20191
20282
20192
20283
20193
20284
20194
20285
20195
20286
20196
20287
20197
20288
20198
20289
20199
20290
20200
20291
20201
20292
20202
20293
20203
20294
20204
20295
20205
20296
20206
20297
20207
20298
20208
20299
20209
20300
20210
20301
20211
20302
20212
20303
20213
20304
20214
20305
20215
20306
20216
20307
20217
20308
20218
20309
20219
20310
20220
20311
20221
20312
20222
20313
20223
20314
20224
20315
20225
20316
20226
20317
20227
20318
20228
20319
20229
20320
20230
20321
20231
20322
20232
20323
20233
20324
20234
20325
20235
20326
20236
20327
20237
20328
20238
20329
20239
20330
20240
20331
20241
20332
20242
20333
20243
20334
20244
20335
20245
20336
20246
20337
20247
20338
20248
20339
20249
20340
20250
20341
20251
20342
20252
20343
20253
20344
20254
20345
20255
20346
20347
20257
20348
20258
20349
20259
20350
20260
20351
20261
20352
20262
20353
20263
20354
20264
20355
20265
20356
20266
20357
20267
20358
20268
20359
20269
20360
20270
20361
20271
20362
20272
20363
20273
20364
20274
20365
20275
20366
20276
20367
20277
20368
20278
20369
20279
20370
20280
20371
20281
20372
20282
20373
20283
20374
20284
20375
20285
20376
20286
20377
20287
20378
20288
20379
20289
20380
20290
20381
20291
20382
20292
20383
20293
20384
20294
20385
20295
20386
20296
20387
20297
20388
20298
20389
20299
20390
20300
20391
20301
20392
20302
20393
20303
20394
20304
20395
20305
20396
20306
20397
20307
20398
20308
20399
20309
20400
20310
20401
20311
20402
20312
20403
20313
20404
20314
20405
20315
20406
20316
20407
20317
20408
20318
20409
20319
20410
20320
20411
20321
20412
20322
20413
20323
20414
20324
20415
20325
20416
20326
20417
20327
20418
20328
20419
20329
20420
20330
20421
20331
20422
20332
20423
20333
20424
20334
20425
20335
20426
20336
20427
20337
20428
20338
20429
20339
20430
20340
20431
20341
20432
20342
20433
20343
20434
20344
20435
20345
20436
20346
20437
20347
20438
20439
20349
20440
20350
20441
20351
20442
20352
20443
20353
20444
20354
20445
20355
20446
20356
20447
20357
20448
20358
20449
20359
20450
20360
20451
20361
20452
20362
20453
20363
20454
20364
20455
20365
20456
20366
20457
20367
20458
20368
20459
20369
20460
20370
20461
20371
20462
20372
20463
20373
20464
20374
20465
20375
20466
20376
20467
20377
20468
20378
20469
20379
20470
20380
20471
20381
20472
20382
20473
20383
20474
20384
20475
20385
20476
20386
20477
20387
20478
20388
20479
20389
20480
20390
20481
20391
20482
20392
20483
20393
20484
20394
20485
20395
20486
20396
20487
20397
20488
20398
20489
20399
20490
20400
20491
20401
20492
20402
20493
20403
20494
20404
20495
20405
20496
20406
20497
20407
20498
20408
20499
20409
20500
20410
20501
20411
20502
20412
20503
20413
20504
20414
20505
20415
20506
20416
20507
20417
20508
20418
20509
20419
20510
20420
20511
20421
20512
20422
20513
20423
20514
20424
20515
20425
20516
20426
20517
20427
20518
20428
20519
20429
20520
20430
20521
20431
20522
20432
20523
20433
20524
20434
20525
20435
20526
20436
20527
20437
20528
20438
20529
20439
20530
20531
20441
20532
20442
20533
20443
20534
20444
20535
20445
20536
20446
20537
20447
20538
20448
20539
20449
20540
20450
20541
20451
20542
20452
20543
20453
20544
20454
20545
20455
20546
20456
20547
20457
20548
20458
20549
20459
20550
20460
20551
20461
20552
20462
20553
20463
20554
20464
20555
20465
20556
20466
20557
20467
20558
20468
20559
20469
20560
20470
20561
20471
20562
20472
20563
20473
20564
20474
20565
20475
20566
20476
20567
20477
20568
20478
20569
20479
20570
20480
20571
20481
20572
20482
20573
20483
20574
20484
20575
20485
20576
20486
20577
20487
20578
20488
20579
20489
20580
20490
20581
20491
20582
20492
20583
20493
20584
20494
20585
20495
20586
20496
20587
20497
20588
20498
20589
20499
20590
20500
20591
20501
20592
20502
20593
20503
20594
20504
20595
20505
20596
20506
20597
20507
20598
20508
20599
20509
20600
20510
20601
20511
20602
20512
20603
20513
20604
20514
20605
20515
20606
20516
20607
20517
20608
20518
20609
20519
20610
20520
20611
20521
20612
20522
20613
20523
20614
20524
20615
20525
20616
20526
20617
20527
20618
20528
20619
20529
20620
20530
20621
20531
20622
20623
20533
20624
20534
20625
20535
20626
20536
20627
20537
20628
20538
20629
20539
20630
20540
20631
20541
20632
20542
20633
20543
20634
20544
20635
20545
20636
20546
20637
20547
20638
20548
20639
20549
20640
20550
20641
20551
20642
20552
20643
20553
20644
20554
20645
20555
20646
20556
20647
20557
20648
20558
20649
20559
20650
20560
20651
20561
20652
20562
20653
20563
20654
20564
20655
20565
20656
20566
20657
20567
20658
20568
20659
20569
20660
20570
20661
20571
20662
20572
20663
20573
20664
20574
20665
20575
20666
20576
20667
20577
20668
20578
20669
20579
20670
20580
20671
20581
20672
20582
20673
20583
20674
20584
20675
20585
20676
20586
20677
20587
20678
20588
20679
20589
20680
20590
20681
20591
20682
20592
20683
20593
20684
20594
20685
20595
20686
20596
20687
20597
20688
20598
20689
20599
20690
20600
20691
20601
20692
20602
20693
20603
20694
20604
20695
20605
20696
20606
20697
20607
20698
20608
20699
20609
20700
20610
20701
20611
20702
20612
20703
20613
20704
20614
20705
20615
20706
20616
20707
20617
20708
20618
20709
20619
20710
20620
20711
20621
20712
20622
20713
20623
20714
20715
20625
20716
20626
20717
20627
20718
20628
20719
20629
20720
20630
20721
20631
20722
20632
20723
20633
20724
20634
20725
20635
20726
20636
20727
20637
20728
20638
20729
20639
20730
20640
20731
20641
20732
20642
20733
20643
20734
20644
20735
20645
20736
20646
20737
20647
20738
20648
20739
20649
20740
20650
20741
20651
20742
20652
20743
20653
20744
20654
20745
20655
20746
20656
20747
20657
20748
20658
20749
20659
20750
20660
20751
20661
20752
20662
20753
20663
20754
20664
20755
20665
20756
20666
20757
20667
20758
20668
20759
20669
20760
20670
20761
20671
20762
20672
20763
20673
20764
20674
20765
20675
20766
20676
20767
20677
20768
20678
20769
20679
20770
20680
20771
20681
20772
20682
20773
20683
20774
20684
20775
20685
20776
20686
20777
20687
20778
20688
20779
20689
20780
20690
20781
20691
20782
20692
20783
20693
20784
20694
20785
20695
20786
20696
20787
20697
20788
20698
20789
20699
20790
20700
20791
20701
20792
20702
20793
20703
20794
20704
20795
20705
20796
20706
20797
20707
20798
20708
20799
20709
20800
20710
20801
20711
20802
20712
20803
20713
20804
20714
20805
20715
20806
20807
20717
20808
20718
20809
20719
20810
20720
20811
20721
20812
20722
20813
20723
20814
20724
20815
20725
20816
20726
20817
20727
20818
20728
20819
20729
20820
20730
20821
20731
20822
20732
20823
20733
20824
20734
20825
20735
20826
20736
20827
20737
20828
20738
20829
20739
20830
20740
20831
20741
20832
20742
20833
20743
20834
20744
20835
20745
20836
20746
20837
20747
20838
20748
20839
20749
20840
20750
20841
20751
20842
20752
20843
20753
20844
20754
20845
20755
20846
20756
20847
20757
20848
20758
20849
20759
20850
20760
20851
20761
20852
20762
20853
20763
20854
20764
20855
20765
20856
20766
20857
20767
20858
20768
20859
20769
20860
20770
20861
20771
20862
20772
20863
20773
20864
20774
20865
20775
20866
20776
20867
20777
20868
20778
20869
20779
20870
20780
20871
20781
20872
20782
20873
20783
20874
20784
20875
20785
20876
20786
20877
20787
20878
20788
20879
20789
20880
20790
20881
20791
20882
20792
20883
20793
20884
20794
20885
20795
20886
20796
20887
20797
20888
20798
20889
20799
20890
20800
20891
20801
20892
20802
20893
20803
20894
20804
20895
20805
20896
20806
20897
20807
20898
20899
20809
20900
20810
20901
20811
20902
20812
20903
20813
20904
20814
20905
20815
20906
20816
20907
20817
20908
20818
20909
20819
20910
20820
20911
20821
20912
20822
20913
20823
20914
20824
20915
20825
20916
20826
20917
20827
20918
20828
20919
20829
20920
20830
20921
20831
20922
20832
20923
20833
20924
20834
20925
20835
20926
20836
20927
20837
20928
20838
20929
20839
20930
20840
20931
20841
20932
20842
20933
20843
20934
20844
20935
20845
20936
20846
20937
20847
20938
20848
20939
20849
20940
20850
20941
20851
20942
20852
20943
20853
20944
20854
20945
20855
20946
20856
20947
20857
20948
20858
20949
20859
20950
20860
20951
20861
20952
20862
20953
20863
20954
20864
20955
20865
20956
20866
20957
20867
20958
20868
20959
20869
20960
20870
20961
20871
20962
20872
20963
20873
20964
20874
20965
20875
20966
20876
20967
20877
20968
20878
20969
20879
20970
20880
20971
20881
20972
20882
20973
20883
20974
20884
20975
20885
20976
20886
20977
20887
20978
20888
20979
20889
20980
20890
20981
20891
20982
20892
20983
20893
20984
20894
20985
20895
20986
20896
20987
20897
20988
20898
20989
20899
20990
20991
20901
20992
20902
20993
20903
20994
20904
20995
20905
20996
20906
20997
20907
20998
20908
20999
20909
21000
20910
21001
20911
21002
20912
21003
20913
21004
20914
21005
20915
21006
20916
21007
20917
21008
20918
21009
20919
21010
20920
21011
20921
21012
20922
21013
20923
21014
20924
21015
20925
21016
20926
21017
20927
21018
20928
21019
20929
21020
20930
21021
20931
21022
20932
21023
20933
21024
20934
21025
20935
21026
20936
21027
20937
21028
20938
21029
20939
21030
20940
21031
20941
21032
20942
21033
20943
21034
20944
21035
20945
21036
20946
21037
20947
21038
20948
21039
20949
21040
20950
21041
20951
21042
20952
21043
20953
21044
20954
21045
20955
21046
20956
21047
20957
21048
20958
21049
20959
21050
20960
21051
20961
21052
20962
21053
20963
21054
20964
21055
20965
21056
20966
21057
20967
21058
20968
21059
20969
21060
20970
21061
20971
21062
20972
21063
20973
21064
20974
21065
20975
21066
20976
21067
20977
21068
20978
21069
20979
21070
20980
21071
20981
21072
20982
21073
20983
21074
20984
21075
20985
21076
20986
21077
20987
21078
20988
21079
20989
21080
20990
21081
20991
21082
21083
20993
21084
20994
21085
20995
21086
20996
21087
20997
21088
20998
21089
20999
21090
21000
21091
21001
21092
21002
21093
21003
21094
21004
21095
21005
21096
21006
21097
21007
21098
21008
21099
21009
21100
21010
21101
21011
21102
21012
21103
21013
21104
21014
21105
21015
21106
21016
21107
21017
21108
21018
21109
21019
21110
21020
21111
21021
21112
21022
21113
21023
21114
21024
21115
21025
21116
21026
21117
21027
21118
21028
21119
21029
21120
21030
21121
21031
21122
21032
21123
21033
21124
21034
21125
21035
21126
21036
21127
21037
21128
21038
21129
21039
21130
21040
21131
21041
21132
21042
21133
21043
21134
21044
21135
21045
21136
21046
21137
21047
21138
21048
21139
21049
21140
21050
21141
21051
21142
21052
21143
21053
21144
21054
21145
21055
21146
21056
21147
21057
21148
21058
21149
21059
21150
21060
21151
21061
21152
21062
21153
21063
21154
21064
21155
21065
21156
21066
21157
21067
21158
21068
21159
21069
21160
21070
21161
21071
21162
21072
21163
21073
21164
21074
21165
21075
21166
21076
21167
21077
21168
21078
21169
21079
21170
21080
21171
21081
21172
21082
21173
21083
21174
21175
21085
21176
21086
21177
21087
21178
21088
21179
21089
21180
21090
21181
21091
21182
21092
21183
21093
21184
21094
21185
21095
21186
21096
21187
21097
21188
21098
21189
21099
21190
21100
21191
21101
21192
21102
21193
21103
21194
21104
21195
21105
21196
21106
21197
21107
21198
21108
21199
21109
21200
21110
21201
21111
21202
21112
21203
21113
21204
21114
21205
21115
21206
21116
21207
21117
21208
21118
21209
21119
21210
21120
21211
21121
21212
21122
21213
21123
21214
21124
21215
21125
21216
21126
21217
21127
21218
21128
21219
21129
21220
21130
21221
21131
21222
21132
21223
21133
21224
21134
21225
21135
21226
21136
21227
21137
21228
21138
21229
21139
21230
21140
21231
21141
21232
21142
21233
21143
21234
21144
21235
21145
21236
21146
21237
21147
21238
21148
21239
21149
21240
21150
21241
21151
21242
21152
21243
21153
21244
21154
21245
21155
21246
21156
21247
21157
21248
21158
21249
21159
21250
21160
21251
21161
21252
21162
21253
21163
21254
21164
21255
21165
21256
21166
21257
21167
21258
21168
21259
21169
21260
21170
21261
21171
21262
21172
21263
21173
21264
21174
21265
21175
21266
21267
21177
21178
21179
21180
21181
21182
21183
21184
21185
21186
21187
21188
21189
21190
21191
21192
21193
21194
21195
21196
21197
21198
21199
21200
21201
21202
21203
21204
21205
21206
21207
21208
21209
21210
21211
21212
21213
21214
21215
21216
21217
21218
21219
21220
21221
21222
21223
21224
21225
21226
21227
21228
21229
21230
21231
21232
21233
21234
21235
21236
21237
21238
21239
21240
21241
21242
21243
21244
21245
21246
21247
21248
21249
21250
21251
21252
21253
21254
21255
21256
21257
21258
21259
21260
21261
21262
21263
21264
21265
21266
21267
)


// ************************************************************************* //
