/*--------------------------------*- C++ -*----------------------------------*\
  =========                 |
  \\      /  F ield         | OpenFOAM: The Open Source CFD Toolbox
   \\    /   O peration     | Website:  https://openfoam.org
    \\  /    A nd           | Version:  11
     \\/     M anipulation  |
\*---------------------------------------------------------------------------*/
FoamFile
{
    format      ascii;
    class       faceList;
    location    "constant/polyMesh";
    object      faces;
}
// * * * * * * * * * * * * * * * * * * * * * * * * * * * * * * * * * * * * * //


10894
(
4(1 41 1041 1001)
4(40 1040 1041 41)
4(2 42 1042 1002)
4(41 1041 1042 42)
4(3 43 1043 1003)
4(42 1042 1043 43)
4(4 44 1044 1004)
4(43 1043 1044 44)
4(5 45 1045 1005)
4(44 1044 1045 45)
4(6 46 1046 1006)
4(45 1045 1046 46)
4(7 47 1047 1007)
4(46 1046 1047 47)
4(8 48 1048 1008)
4(47 1047 1048 48)
4(9 49 1049 1009)
4(48 1048 1049 49)
4(10 50 1050 1010)
4(49 1049 1050 50)
4(11 51 1051 1011)
4(50 1050 1051 51)
4(12 52 1052 1012)
4(51 1051 1052 52)
4(13 53 1053 1013)
4(52 1052 1053 53)
4(14 54 1054 1014)
4(53 1053 1054 54)
4(15 55 1055 1015)
4(54 1054 1055 55)
4(16 56 1056 1016)
4(55 1055 1056 56)
4(17 57 1057 1017)
4(56 1056 1057 57)
4(18 58 1058 1018)
4(57 1057 1058 58)
4(19 59 1059 1019)
4(58 1058 1059 59)
4(20 60 1060 1020)
4(59 1059 1060 60)
4(21 61 1061 1021)
4(60 1060 1061 61)
4(22 62 1062 1022)
4(61 1061 1062 62)
4(23 63 1063 1023)
4(62 1062 1063 63)
4(24 64 1064 1024)
4(63 1063 1064 64)
4(25 65 1065 1025)
4(64 1064 1065 65)
4(26 66 1066 1026)
4(65 1065 1066 66)
4(27 67 1067 1027)
4(66 1066 1067 67)
4(28 68 1068 1028)
4(67 1067 1068 68)
4(29 69 1069 1029)
4(68 1068 1069 69)
4(30 70 1070 1030)
4(69 1069 1070 70)
4(31 71 1071 1031)
4(70 1070 1071 71)
4(32 72 1072 1032)
4(71 1071 1072 72)
4(33 73 1073 1033)
4(72 1072 1073 73)
4(34 74 1074 1034)
4(73 1073 1074 74)
4(35 75 1075 1035)
4(74 1074 1075 75)
4(36 76 1076 1036)
4(75 1075 1076 76)
4(37 77 1077 1037)
4(76 1076 1077 77)
4(38 78 1078 1038)
4(77 1077 1078 78)
4(78 1078 1079 79)
4(39 79 1079 1039)
4(41 81 1081 1041)
4(80 1080 1081 81)
4(42 82 1082 1042)
4(81 1081 1082 82)
4(43 83 1083 1043)
4(82 1082 1083 83)
4(44 84 1084 1044)
4(83 1083 1084 84)
4(45 85 1085 1045)
4(84 1084 1085 85)
4(46 86 1086 1046)
4(85 1085 1086 86)
4(47 87 1087 1047)
4(86 1086 1087 87)
4(48 88 1088 1048)
4(87 1087 1088 88)
4(49 89 1089 1049)
4(88 1088 1089 89)
4(50 90 1090 1050)
4(89 1089 1090 90)
4(51 91 1091 1051)
4(90 1090 1091 91)
4(52 92 1092 1052)
4(91 1091 1092 92)
4(53 93 1093 1053)
4(92 1092 1093 93)
4(54 94 1094 1054)
4(93 1093 1094 94)
4(55 95 1095 1055)
4(94 1094 1095 95)
4(56 96 1096 1056)
4(95 1095 1096 96)
4(57 97 1097 1057)
4(96 1096 1097 97)
4(58 98 1098 1058)
4(97 1097 1098 98)
4(59 99 1099 1059)
4(98 1098 1099 99)
4(60 100 1100 1060)
4(99 1099 1100 100)
4(61 101 1101 1061)
4(100 1100 1101 101)
4(62 102 1102 1062)
4(101 1101 1102 102)
4(63 103 1103 1063)
4(102 1102 1103 103)
4(64 104 1104 1064)
4(103 1103 1104 104)
4(65 105 1105 1065)
4(104 1104 1105 105)
4(66 106 1106 1066)
4(105 1105 1106 106)
4(67 107 1107 1067)
4(106 1106 1107 107)
4(68 108 1108 1068)
4(107 1107 1108 108)
4(69 109 1109 1069)
4(108 1108 1109 109)
4(70 110 1110 1070)
4(109 1109 1110 110)
4(71 111 1111 1071)
4(110 1110 1111 111)
4(72 112 1112 1072)
4(111 1111 1112 112)
4(73 113 1113 1073)
4(112 1112 1113 113)
4(74 114 1114 1074)
4(113 1113 1114 114)
4(75 115 1115 1075)
4(114 1114 1115 115)
4(76 116 1116 1076)
4(115 1115 1116 116)
4(77 117 1117 1077)
4(116 1116 1117 117)
4(78 118 1118 1078)
4(117 1117 1118 118)
4(118 1118 1119 119)
4(79 119 1119 1079)
4(81 121 1121 1081)
4(120 1120 1121 121)
4(82 122 1122 1082)
4(121 1121 1122 122)
4(83 123 1123 1083)
4(122 1122 1123 123)
4(84 124 1124 1084)
4(123 1123 1124 124)
4(85 125 1125 1085)
4(124 1124 1125 125)
4(86 126 1126 1086)
4(125 1125 1126 126)
4(87 127 1127 1087)
4(126 1126 1127 127)
4(88 128 1128 1088)
4(127 1127 1128 128)
4(89 129 1129 1089)
4(128 1128 1129 129)
4(90 130 1130 1090)
4(129 1129 1130 130)
4(91 131 1131 1091)
4(130 1130 1131 131)
4(92 132 1132 1092)
4(131 1131 1132 132)
4(93 133 1133 1093)
4(132 1132 1133 133)
4(94 134 1134 1094)
4(133 1133 1134 134)
4(95 135 1135 1095)
4(134 1134 1135 135)
4(96 136 1136 1096)
4(135 1135 1136 136)
4(97 137 1137 1097)
4(136 1136 1137 137)
4(98 138 1138 1098)
4(137 1137 1138 138)
4(99 139 1139 1099)
4(138 1138 1139 139)
4(100 140 1140 1100)
4(139 1139 1140 140)
4(101 141 1141 1101)
4(140 1140 1141 141)
4(102 142 1142 1102)
4(141 1141 1142 142)
4(103 143 1143 1103)
4(142 1142 1143 143)
4(104 144 1144 1104)
4(143 1143 1144 144)
4(105 145 1145 1105)
4(144 1144 1145 145)
4(106 146 1146 1106)
4(145 1145 1146 146)
4(107 147 1147 1107)
4(146 1146 1147 147)
4(108 148 1148 1108)
4(147 1147 1148 148)
4(109 149 1149 1109)
4(148 1148 1149 149)
4(110 150 1150 1110)
4(149 1149 1150 150)
4(111 151 1151 1111)
4(150 1150 1151 151)
4(112 152 1152 1112)
4(151 1151 1152 152)
4(113 153 1153 1113)
4(152 1152 1153 153)
4(114 154 1154 1114)
4(153 1153 1154 154)
4(115 155 1155 1115)
4(154 1154 1155 155)
4(116 156 1156 1116)
4(155 1155 1156 156)
4(117 157 1157 1117)
4(156 1156 1157 157)
4(118 158 1158 1118)
4(157 1157 1158 158)
4(158 1158 1159 159)
4(119 159 1159 1119)
4(121 161 1161 1121)
4(160 1160 1161 161)
4(122 162 1162 1122)
4(161 1161 1162 162)
4(123 163 1163 1123)
4(162 1162 1163 163)
4(124 164 1164 1124)
4(163 1163 1164 164)
4(125 165 1165 1125)
4(164 1164 1165 165)
4(126 166 1166 1126)
4(165 1165 1166 166)
4(127 167 1167 1127)
4(166 1166 1167 167)
4(128 168 1168 1128)
4(167 1167 1168 168)
4(129 169 1169 1129)
4(168 1168 1169 169)
4(130 170 1170 1130)
4(169 1169 1170 170)
4(131 171 1171 1131)
4(170 1170 1171 171)
4(132 172 1172 1132)
4(171 1171 1172 172)
4(133 173 1173 1133)
4(172 1172 1173 173)
4(134 174 1174 1134)
4(173 1173 1174 174)
4(135 175 1175 1135)
4(174 1174 1175 175)
4(136 176 1176 1136)
4(175 1175 1176 176)
4(137 177 1177 1137)
4(176 1176 1177 177)
4(138 178 1178 1138)
4(177 1177 1178 178)
4(139 179 1179 1139)
4(178 1178 1179 179)
4(140 180 1180 1140)
4(179 1179 1180 180)
4(141 181 1181 1141)
4(180 1180 1181 181)
4(142 182 1182 1142)
4(181 1181 1182 182)
4(143 183 1183 1143)
4(182 1182 1183 183)
4(144 184 1184 1144)
4(183 1183 1184 184)
4(145 185 1185 1145)
4(184 1184 1185 185)
4(146 186 1186 1146)
4(185 1185 1186 186)
4(147 187 1187 1147)
4(186 1186 1187 187)
4(148 188 1188 1148)
4(187 1187 1188 188)
4(149 189 1189 1149)
4(188 1188 1189 189)
4(150 190 1190 1150)
4(189 1189 1190 190)
4(151 191 1191 1151)
4(190 1190 1191 191)
4(152 192 1192 1152)
4(191 1191 1192 192)
4(153 193 1193 1153)
4(192 1192 1193 193)
4(154 194 1194 1154)
4(193 1193 1194 194)
4(155 195 1195 1155)
4(194 1194 1195 195)
4(156 196 1196 1156)
4(195 1195 1196 196)
4(157 197 1197 1157)
4(196 1196 1197 197)
4(158 198 1198 1158)
4(197 1197 1198 198)
4(198 1198 1199 199)
4(159 199 1199 1159)
4(161 201 1201 1161)
4(200 1200 1201 201)
4(162 202 1202 1162)
4(201 1201 1202 202)
4(163 203 1203 1163)
4(202 1202 1203 203)
4(164 204 1204 1164)
4(203 1203 1204 204)
4(165 205 1205 1165)
4(204 1204 1205 205)
4(166 206 1206 1166)
4(205 1205 1206 206)
4(167 207 1207 1167)
4(206 1206 1207 207)
4(168 208 1208 1168)
4(207 1207 1208 208)
4(169 209 1209 1169)
4(208 1208 1209 209)
4(170 210 1210 1170)
4(209 1209 1210 210)
4(171 211 1211 1171)
4(210 1210 1211 211)
4(172 212 1212 1172)
4(211 1211 1212 212)
4(173 213 1213 1173)
4(212 1212 1213 213)
4(174 214 1214 1174)
4(213 1213 1214 214)
4(175 215 1215 1175)
4(214 1214 1215 215)
4(176 216 1216 1176)
4(215 1215 1216 216)
4(177 217 1217 1177)
4(216 1216 1217 217)
4(178 218 1218 1178)
4(217 1217 1218 218)
4(179 219 1219 1179)
4(218 1218 1219 219)
4(180 220 1220 1180)
4(219 1219 1220 220)
4(181 221 1221 1181)
4(220 1220 1221 221)
4(182 222 1222 1182)
4(221 1221 1222 222)
4(183 223 1223 1183)
4(222 1222 1223 223)
4(184 224 1224 1184)
4(223 1223 1224 224)
4(185 225 1225 1185)
4(224 1224 1225 225)
4(186 226 1226 1186)
4(225 1225 1226 226)
4(187 227 1227 1187)
4(226 1226 1227 227)
4(188 228 1228 1188)
4(227 1227 1228 228)
4(189 229 1229 1189)
4(228 1228 1229 229)
4(190 230 1230 1190)
4(229 1229 1230 230)
4(191 231 1231 1191)
4(230 1230 1231 231)
4(192 232 1232 1192)
4(231 1231 1232 232)
4(193 233 1233 1193)
4(232 1232 1233 233)
4(194 234 1234 1194)
4(233 1233 1234 234)
4(195 235 1235 1195)
4(234 1234 1235 235)
4(196 236 1236 1196)
4(235 1235 1236 236)
4(197 237 1237 1197)
4(236 1236 1237 237)
4(198 238 1238 1198)
4(237 1237 1238 238)
4(238 1238 1239 239)
4(199 239 1239 1199)
4(201 241 1241 1201)
4(240 1240 1241 241)
4(202 242 1242 1202)
4(241 1241 1242 242)
4(203 243 1243 1203)
4(242 1242 1243 243)
4(204 244 1244 1204)
4(243 1243 1244 244)
4(205 245 1245 1205)
4(244 1244 1245 245)
4(206 246 1246 1206)
4(245 1245 1246 246)
4(207 247 1247 1207)
4(246 1246 1247 247)
4(208 248 1248 1208)
4(247 1247 1248 248)
4(209 249 1249 1209)
4(248 1248 1249 249)
4(210 250 1250 1210)
4(249 1249 1250 250)
4(211 251 1251 1211)
4(250 1250 1251 251)
4(212 252 1252 1212)
4(251 1251 1252 252)
4(213 253 1253 1213)
4(252 1252 1253 253)
4(214 254 1254 1214)
4(253 1253 1254 254)
4(215 255 1255 1215)
4(254 1254 1255 255)
4(216 256 1256 1216)
4(255 1255 1256 256)
4(217 257 1257 1217)
4(256 1256 1257 257)
4(218 258 1258 1218)
4(257 1257 1258 258)
4(219 259 1259 1219)
4(258 1258 1259 259)
4(220 260 1260 1220)
4(259 1259 1260 260)
4(221 261 1261 1221)
4(260 1260 1261 261)
4(222 262 1262 1222)
4(261 1261 1262 262)
4(223 263 1263 1223)
4(262 1262 1263 263)
4(224 264 1264 1224)
4(263 1263 1264 264)
4(225 265 1265 1225)
4(264 1264 1265 265)
4(226 266 1266 1226)
4(265 1265 1266 266)
4(227 267 1267 1227)
4(266 1266 1267 267)
4(228 268 1268 1228)
4(267 1267 1268 268)
4(229 269 1269 1229)
4(268 1268 1269 269)
4(230 270 1270 1230)
4(269 1269 1270 270)
4(231 271 1271 1231)
4(270 1270 1271 271)
4(232 272 1272 1232)
4(271 1271 1272 272)
4(233 273 1273 1233)
4(272 1272 1273 273)
4(234 274 1274 1234)
4(273 1273 1274 274)
4(235 275 1275 1235)
4(274 1274 1275 275)
4(236 276 1276 1236)
4(275 1275 1276 276)
4(237 277 1277 1237)
4(276 1276 1277 277)
4(238 278 1278 1238)
4(277 1277 1278 278)
4(278 1278 1279 279)
4(239 279 1279 1239)
4(241 281 1281 1241)
4(280 1280 1281 281)
4(242 282 1282 1242)
4(281 1281 1282 282)
4(243 283 1283 1243)
4(282 1282 1283 283)
4(244 284 1284 1244)
4(283 1283 1284 284)
4(245 285 1285 1245)
4(284 1284 1285 285)
4(246 286 1286 1246)
4(285 1285 1286 286)
4(247 287 1287 1247)
4(286 1286 1287 287)
4(248 288 1288 1248)
4(287 1287 1288 288)
4(249 289 1289 1249)
4(288 1288 1289 289)
4(250 290 1290 1250)
4(289 1289 1290 290)
4(251 291 1291 1251)
4(290 1290 1291 291)
4(252 292 1292 1252)
4(291 1291 1292 292)
4(253 293 1293 1253)
4(292 1292 1293 293)
4(254 294 1294 1254)
4(293 1293 1294 294)
4(255 295 1295 1255)
4(294 1294 1295 295)
4(256 296 1296 1256)
4(295 1295 1296 296)
4(257 297 1297 1257)
4(296 1296 1297 297)
4(258 298 1298 1258)
4(297 1297 1298 298)
4(259 299 1299 1259)
4(298 1298 1299 299)
4(260 300 1300 1260)
4(299 1299 1300 300)
4(261 301 1301 1261)
4(300 1300 1301 301)
4(262 302 1302 1262)
4(301 1301 1302 302)
4(263 303 1303 1263)
4(302 1302 1303 303)
4(264 304 1304 1264)
4(303 1303 1304 304)
4(265 305 1305 1265)
4(304 1304 1305 305)
4(266 306 1306 1266)
4(305 1305 1306 306)
4(267 307 1307 1267)
4(306 1306 1307 307)
4(268 308 1308 1268)
4(307 1307 1308 308)
4(269 309 1309 1269)
4(308 1308 1309 309)
4(270 310 1310 1270)
4(309 1309 1310 310)
4(271 311 1311 1271)
4(310 1310 1311 311)
4(272 312 1312 1272)
4(311 1311 1312 312)
4(273 313 1313 1273)
4(312 1312 1313 313)
4(274 314 1314 1274)
4(313 1313 1314 314)
4(275 315 1315 1275)
4(314 1314 1315 315)
4(276 316 1316 1276)
4(315 1315 1316 316)
4(277 317 1317 1277)
4(316 1316 1317 317)
4(278 318 1318 1278)
4(317 1317 1318 318)
4(318 1318 1319 319)
4(279 319 1319 1279)
4(281 321 1321 1281)
4(320 1320 1321 321)
4(282 322 1322 1282)
4(321 1321 1322 322)
4(283 323 1323 1283)
4(322 1322 1323 323)
4(284 324 1324 1284)
4(323 1323 1324 324)
4(285 325 1325 1285)
4(324 1324 1325 325)
4(286 326 1326 1286)
4(325 1325 1326 326)
4(287 327 1327 1287)
4(326 1326 1327 327)
4(288 328 1328 1288)
4(327 1327 1328 328)
4(289 329 1329 1289)
4(328 1328 1329 329)
4(290 330 1330 1290)
4(329 1329 1330 330)
4(291 331 1331 1291)
4(330 1330 1331 331)
4(292 332 1332 1292)
4(331 1331 1332 332)
4(293 333 1333 1293)
4(332 1332 1333 333)
4(294 334 1334 1294)
4(333 1333 1334 334)
4(295 335 1335 1295)
4(334 1334 1335 335)
4(296 336 1336 1296)
4(335 1335 1336 336)
4(297 337 1337 1297)
4(336 1336 1337 337)
4(298 338 1338 1298)
4(337 1337 1338 338)
4(299 339 1339 1299)
4(338 1338 1339 339)
4(300 340 1340 1300)
4(339 1339 1340 340)
4(301 341 1341 1301)
4(340 1340 1341 341)
4(302 342 1342 1302)
4(341 1341 1342 342)
4(303 343 1343 1303)
4(342 1342 1343 343)
4(304 344 1344 1304)
4(343 1343 1344 344)
4(305 345 1345 1305)
4(344 1344 1345 345)
4(306 346 1346 1306)
4(345 1345 1346 346)
4(307 347 1347 1307)
4(346 1346 1347 347)
4(308 348 1348 1308)
4(347 1347 1348 348)
4(309 349 1349 1309)
4(348 1348 1349 349)
4(310 350 1350 1310)
4(349 1349 1350 350)
4(311 351 1351 1311)
4(350 1350 1351 351)
4(312 352 1352 1312)
4(351 1351 1352 352)
4(313 353 1353 1313)
4(352 1352 1353 353)
4(314 354 1354 1314)
4(353 1353 1354 354)
4(315 355 1355 1315)
4(354 1354 1355 355)
4(316 356 1356 1316)
4(355 1355 1356 356)
4(317 357 1357 1317)
4(356 1356 1357 357)
4(318 358 1358 1318)
4(357 1357 1358 358)
4(358 1358 1359 359)
4(319 359 1359 1319)
4(321 361 1361 1321)
4(360 1360 1361 361)
4(322 362 1362 1322)
4(361 1361 1362 362)
4(323 363 1363 1323)
4(362 1362 1363 363)
4(324 364 1364 1324)
4(363 1363 1364 364)
4(325 365 1365 1325)
4(364 1364 1365 365)
4(326 366 1366 1326)
4(365 1365 1366 366)
4(327 367 1367 1327)
4(366 1366 1367 367)
4(328 368 1368 1328)
4(367 1367 1368 368)
4(329 369 1369 1329)
4(368 1368 1369 369)
4(330 370 1370 1330)
4(369 1369 1370 370)
4(331 371 1371 1331)
4(370 1370 1371 371)
4(332 372 1372 1332)
4(371 1371 1372 372)
4(333 373 1373 1333)
4(372 1372 1373 373)
4(334 374 1374 1334)
4(373 1373 1374 374)
4(335 375 1375 1335)
4(374 1374 1375 375)
4(336 376 1376 1336)
4(375 1375 1376 376)
4(337 377 1377 1337)
4(376 1376 1377 377)
4(338 378 1378 1338)
4(377 1377 1378 378)
4(339 379 1379 1339)
4(378 1378 1379 379)
4(340 380 1380 1340)
4(379 1379 1380 380)
4(341 381 1381 1341)
4(380 1380 1381 381)
4(342 382 1382 1342)
4(381 1381 1382 382)
4(343 383 1383 1343)
4(382 1382 1383 383)
4(344 384 1384 1344)
4(383 1383 1384 384)
4(345 385 1385 1345)
4(384 1384 1385 385)
4(346 386 1386 1346)
4(385 1385 1386 386)
4(347 387 1387 1347)
4(386 1386 1387 387)
4(348 388 1388 1348)
4(387 1387 1388 388)
4(349 389 1389 1349)
4(388 1388 1389 389)
4(350 390 1390 1350)
4(389 1389 1390 390)
4(351 391 1391 1351)
4(390 1390 1391 391)
4(352 392 1392 1352)
4(391 1391 1392 392)
4(353 393 1393 1353)
4(392 1392 1393 393)
4(354 394 1394 1354)
4(393 1393 1394 394)
4(355 395 1395 1355)
4(394 1394 1395 395)
4(356 396 1396 1356)
4(395 1395 1396 396)
4(357 397 1397 1357)
4(396 1396 1397 397)
4(358 398 1398 1358)
4(397 1397 1398 398)
4(398 1398 1399 399)
4(359 399 1399 1359)
4(361 401 1401 1361)
4(400 1400 1401 401)
4(362 402 1402 1362)
4(401 1401 1402 402)
4(363 403 1403 1363)
4(402 1402 1403 403)
4(364 404 1404 1364)
4(403 1403 1404 404)
4(365 405 1405 1365)
4(404 1404 1405 405)
4(366 406 1406 1366)
4(405 1405 1406 406)
4(367 407 1407 1367)
4(406 1406 1407 407)
4(368 408 1408 1368)
4(407 1407 1408 408)
4(369 409 1409 1369)
4(408 1408 1409 409)
4(370 410 1410 1370)
4(409 1409 1410 410)
4(371 411 1411 1371)
4(410 1410 1411 411)
4(372 412 1412 1372)
4(411 1411 1412 412)
4(373 413 1413 1373)
4(412 1412 1413 413)
4(374 414 1414 1374)
4(413 1413 1414 414)
4(375 415 1415 1375)
4(414 1414 1415 415)
4(376 416 1416 1376)
4(415 1415 1416 416)
4(377 417 1417 1377)
4(416 1416 1417 417)
4(378 418 1418 1378)
4(417 1417 1418 418)
4(379 419 1419 1379)
4(418 1418 1419 419)
4(380 420 1420 1380)
4(419 1419 1420 420)
4(381 421 1421 1381)
4(420 1420 1421 421)
4(382 422 1422 1382)
4(421 1421 1422 422)
4(383 423 1423 1383)
4(422 1422 1423 423)
4(384 424 1424 1384)
4(423 1423 1424 424)
4(385 425 1425 1385)
4(424 1424 1425 425)
4(386 426 1426 1386)
4(425 1425 1426 426)
4(387 427 1427 1387)
4(426 1426 1427 427)
4(388 428 1428 1388)
4(427 1427 1428 428)
4(389 429 1429 1389)
4(428 1428 1429 429)
4(390 430 1430 1390)
4(429 1429 1430 430)
4(391 431 1431 1391)
4(430 1430 1431 431)
4(392 432 1432 1392)
4(431 1431 1432 432)
4(393 433 1433 1393)
4(432 1432 1433 433)
4(394 434 1434 1394)
4(433 1433 1434 434)
4(395 435 1435 1395)
4(434 1434 1435 435)
4(396 436 1436 1396)
4(435 1435 1436 436)
4(397 437 1437 1397)
4(436 1436 1437 437)
4(398 438 1438 1398)
4(437 1437 1438 438)
4(438 1438 1439 439)
4(399 439 1439 1399)
4(401 441 1441 1401)
4(440 1440 1441 441)
4(402 442 1442 1402)
4(441 1441 1442 442)
4(403 443 1443 1403)
4(442 1442 1443 443)
4(404 444 1444 1404)
4(443 1443 1444 444)
4(405 445 1445 1405)
4(444 1444 1445 445)
4(406 446 1446 1406)
4(445 1445 1446 446)
4(407 447 1447 1407)
4(446 1446 1447 447)
4(408 448 1448 1408)
4(447 1447 1448 448)
4(409 449 1449 1409)
4(448 1448 1449 449)
4(410 450 1450 1410)
4(449 1449 1450 450)
4(411 451 1451 1411)
4(450 1450 1451 451)
4(412 452 1452 1412)
4(451 1451 1452 452)
4(413 453 1453 1413)
4(452 1452 1453 453)
4(414 454 1454 1414)
4(453 1453 1454 454)
4(415 455 1455 1415)
4(454 1454 1455 455)
4(416 456 1456 1416)
4(455 1455 1456 456)
4(417 457 1457 1417)
4(456 1456 1457 457)
4(418 458 1458 1418)
4(457 1457 1458 458)
4(419 459 1459 1419)
4(458 1458 1459 459)
4(420 460 1460 1420)
4(459 1459 1460 460)
4(421 461 1461 1421)
4(460 1460 1461 461)
4(422 462 1462 1422)
4(461 1461 1462 462)
4(423 463 1463 1423)
4(462 1462 1463 463)
4(424 464 1464 1424)
4(463 1463 1464 464)
4(425 465 1465 1425)
4(464 1464 1465 465)
4(426 466 1466 1426)
4(465 1465 1466 466)
4(427 467 1467 1427)
4(466 1466 1467 467)
4(428 468 1468 1428)
4(467 1467 1468 468)
4(429 469 1469 1429)
4(468 1468 1469 469)
4(430 470 1470 1430)
4(469 1469 1470 470)
4(431 471 1471 1431)
4(470 1470 1471 471)
4(432 472 1472 1432)
4(471 1471 1472 472)
4(433 473 1473 1433)
4(472 1472 1473 473)
4(434 474 1474 1434)
4(473 1473 1474 474)
4(435 475 1475 1435)
4(474 1474 1475 475)
4(436 476 1476 1436)
4(475 1475 1476 476)
4(437 477 1477 1437)
4(476 1476 1477 477)
4(438 478 1478 1438)
4(477 1477 1478 478)
4(478 1478 1479 479)
4(439 479 1479 1439)
4(441 481 1481 1441)
4(480 1480 1481 481)
4(442 482 1482 1442)
4(481 1481 1482 482)
4(443 483 1483 1443)
4(482 1482 1483 483)
4(444 484 1484 1444)
4(483 1483 1484 484)
4(445 485 1485 1445)
4(484 1484 1485 485)
4(446 486 1486 1446)
4(485 1485 1486 486)
4(447 487 1487 1447)
4(486 1486 1487 487)
4(448 488 1488 1448)
4(487 1487 1488 488)
4(449 489 1489 1449)
4(488 1488 1489 489)
4(450 490 1490 1450)
4(489 1489 1490 490)
4(451 491 1491 1451)
4(490 1490 1491 491)
4(452 492 1492 1452)
4(491 1491 1492 492)
4(453 493 1493 1453)
4(492 1492 1493 493)
4(454 494 1494 1454)
4(493 1493 1494 494)
4(455 495 1495 1455)
4(494 1494 1495 495)
4(456 496 1496 1456)
4(495 1495 1496 496)
4(457 497 1497 1457)
4(496 1496 1497 497)
4(458 498 1498 1458)
4(497 1497 1498 498)
4(459 499 1499 1459)
4(498 1498 1499 499)
4(460 500 1500 1460)
4(499 1499 1500 500)
4(461 501 1501 1461)
4(500 1500 1501 501)
4(462 502 1502 1462)
4(501 1501 1502 502)
4(463 503 1503 1463)
4(502 1502 1503 503)
4(464 504 1504 1464)
4(503 1503 1504 504)
4(465 505 1505 1465)
4(504 1504 1505 505)
4(466 506 1506 1466)
4(505 1505 1506 506)
4(467 507 1507 1467)
4(506 1506 1507 507)
4(468 508 1508 1468)
4(507 1507 1508 508)
4(469 509 1509 1469)
4(508 1508 1509 509)
4(470 510 1510 1470)
4(509 1509 1510 510)
4(471 511 1511 1471)
4(510 1510 1511 511)
4(472 512 1512 1472)
4(511 1511 1512 512)
4(473 513 1513 1473)
4(512 1512 1513 513)
4(474 514 1514 1474)
4(513 1513 1514 514)
4(475 515 1515 1475)
4(514 1514 1515 515)
4(476 516 1516 1476)
4(515 1515 1516 516)
4(477 517 1517 1477)
4(516 1516 1517 517)
4(478 518 1518 1478)
4(517 1517 1518 518)
4(518 1518 1519 519)
4(479 519 1519 1479)
4(481 521 1521 1481)
4(520 1520 1521 521)
4(482 522 1522 1482)
4(521 1521 1522 522)
4(483 523 1523 1483)
4(522 1522 1523 523)
4(484 524 1524 1484)
4(523 1523 1524 524)
4(485 525 1525 1485)
4(524 1524 1525 525)
4(486 526 1526 1486)
4(525 1525 1526 526)
4(487 527 1527 1487)
4(526 1526 1527 527)
4(488 528 1528 1488)
4(527 1527 1528 528)
4(489 529 1529 1489)
4(528 1528 1529 529)
4(490 530 1530 1490)
4(529 1529 1530 530)
4(491 531 1531 1491)
4(530 1530 1531 531)
4(492 532 1532 1492)
4(531 1531 1532 532)
4(493 533 1533 1493)
4(532 1532 1533 533)
4(494 534 1534 1494)
4(533 1533 1534 534)
4(495 535 1535 1495)
4(534 1534 1535 535)
4(496 536 1536 1496)
4(535 1535 1536 536)
4(497 537 1537 1497)
4(536 1536 1537 537)
4(498 538 1538 1498)
4(537 1537 1538 538)
4(499 539 1539 1499)
4(538 1538 1539 539)
4(500 540 1540 1500)
4(539 1539 1540 540)
4(501 541 1541 1501)
4(540 1540 1541 541)
4(502 542 1542 1502)
4(541 1541 1542 542)
4(503 543 1543 1503)
4(542 1542 1543 543)
4(504 544 1544 1504)
4(543 1543 1544 544)
4(505 545 1545 1505)
4(544 1544 1545 545)
4(506 546 1546 1506)
4(545 1545 1546 546)
4(507 547 1547 1507)
4(546 1546 1547 547)
4(508 548 1548 1508)
4(547 1547 1548 548)
4(509 549 1549 1509)
4(548 1548 1549 549)
4(510 550 1550 1510)
4(549 1549 1550 550)
4(511 551 1551 1511)
4(550 1550 1551 551)
4(512 552 1552 1512)
4(551 1551 1552 552)
4(513 553 1553 1513)
4(552 1552 1553 553)
4(514 554 1554 1514)
4(553 1553 1554 554)
4(515 555 1555 1515)
4(554 1554 1555 555)
4(516 556 1556 1516)
4(555 1555 1556 556)
4(517 557 1557 1517)
4(556 1556 1557 557)
4(518 558 1558 1518)
4(557 1557 1558 558)
4(558 1558 1559 559)
4(519 559 1559 1519)
4(521 561 1561 1521)
4(560 1560 1561 561)
4(522 562 1562 1522)
4(561 1561 1562 562)
4(523 563 1563 1523)
4(562 1562 1563 563)
4(524 564 1564 1524)
4(563 1563 1564 564)
4(525 565 1565 1525)
4(564 1564 1565 565)
4(526 566 1566 1526)
4(565 1565 1566 566)
4(527 567 1567 1527)
4(566 1566 1567 567)
4(528 568 1568 1528)
4(567 1567 1568 568)
4(529 569 1569 1529)
4(568 1568 1569 569)
4(530 570 1570 1530)
4(569 1569 1570 570)
4(531 571 1571 1531)
4(570 1570 1571 571)
4(532 572 1572 1532)
4(571 1571 1572 572)
4(533 573 1573 1533)
4(572 1572 1573 573)
4(534 574 1574 1534)
4(573 1573 1574 574)
4(535 575 1575 1535)
4(574 1574 1575 575)
4(536 576 1576 1536)
4(575 1575 1576 576)
4(537 577 1577 1537)
4(576 1576 1577 577)
4(538 578 1578 1538)
4(577 1577 1578 578)
4(539 579 1579 1539)
4(578 1578 1579 579)
4(540 580 1580 1540)
4(579 1579 1580 580)
4(541 581 1581 1541)
4(580 1580 1581 581)
4(542 582 1582 1542)
4(581 1581 1582 582)
4(543 583 1583 1543)
4(582 1582 1583 583)
4(544 584 1584 1544)
4(583 1583 1584 584)
4(545 585 1585 1545)
4(584 1584 1585 585)
4(546 586 1586 1546)
4(585 1585 1586 586)
4(547 587 1587 1547)
4(586 1586 1587 587)
4(548 588 1588 1548)
4(587 1587 1588 588)
4(549 589 1589 1549)
4(588 1588 1589 589)
4(550 590 1590 1550)
4(589 1589 1590 590)
4(551 591 1591 1551)
4(590 1590 1591 591)
4(552 592 1592 1552)
4(591 1591 1592 592)
4(553 593 1593 1553)
4(592 1592 1593 593)
4(554 594 1594 1554)
4(593 1593 1594 594)
4(555 595 1595 1555)
4(594 1594 1595 595)
4(556 596 1596 1556)
4(595 1595 1596 596)
4(557 597 1597 1557)
4(596 1596 1597 597)
4(558 598 1598 1558)
4(597 1597 1598 598)
4(598 1598 1599 599)
4(559 599 1599 1559)
4(561 601 1601 1561)
4(600 1600 1601 601)
4(562 602 1602 1562)
4(601 1601 1602 602)
4(563 603 1603 1563)
4(602 1602 1603 603)
4(564 604 1604 1564)
4(603 1603 1604 604)
4(565 605 1605 1565)
4(604 1604 1605 605)
4(566 606 1606 1566)
4(605 1605 1606 606)
4(567 607 1607 1567)
4(606 1606 1607 607)
4(568 608 1608 1568)
4(607 1607 1608 608)
4(569 609 1609 1569)
4(608 1608 1609 609)
4(570 610 1610 1570)
4(609 1609 1610 610)
4(571 611 1611 1571)
4(610 1610 1611 611)
4(572 612 1612 1572)
4(611 1611 1612 612)
4(573 613 1613 1573)
4(612 1612 1613 613)
4(574 614 1614 1574)
4(613 1613 1614 614)
4(575 615 1615 1575)
4(614 1614 1615 615)
4(576 616 1616 1576)
4(615 1615 1616 616)
4(577 617 1617 1577)
4(616 1616 1617 617)
4(578 618 1618 1578)
4(617 1617 1618 618)
4(579 619 1619 1579)
4(618 1618 1619 619)
4(580 620 1620 1580)
4(619 1619 1620 620)
4(581 621 1621 1581)
4(620 1620 1621 621)
4(582 622 1622 1582)
4(621 1621 1622 622)
4(583 623 1623 1583)
4(622 1622 1623 623)
4(584 624 1624 1584)
4(623 1623 1624 624)
4(585 625 1625 1585)
4(624 1624 1625 625)
4(586 626 1626 1586)
4(625 1625 1626 626)
4(587 627 1627 1587)
4(626 1626 1627 627)
4(588 628 1628 1588)
4(627 1627 1628 628)
4(589 629 1629 1589)
4(628 1628 1629 629)
4(590 630 1630 1590)
4(629 1629 1630 630)
4(591 631 1631 1591)
4(630 1630 1631 631)
4(592 632 1632 1592)
4(631 1631 1632 632)
4(593 633 1633 1593)
4(632 1632 1633 633)
4(594 634 1634 1594)
4(633 1633 1634 634)
4(595 635 1635 1595)
4(634 1634 1635 635)
4(596 636 1636 1596)
4(635 1635 1636 636)
4(597 637 1637 1597)
4(636 1636 1637 637)
4(598 638 1638 1598)
4(637 1637 1638 638)
4(638 1638 1639 639)
4(599 639 1639 1599)
4(601 641 1641 1601)
4(640 1640 1641 641)
4(602 642 1642 1602)
4(641 1641 1642 642)
4(603 643 1643 1603)
4(642 1642 1643 643)
4(604 644 1644 1604)
4(643 1643 1644 644)
4(605 645 1645 1605)
4(644 1644 1645 645)
4(606 646 1646 1606)
4(645 1645 1646 646)
4(607 647 1647 1607)
4(646 1646 1647 647)
4(608 648 1648 1608)
4(647 1647 1648 648)
4(609 649 1649 1609)
4(648 1648 1649 649)
4(610 650 1650 1610)
4(649 1649 1650 650)
4(611 651 1651 1611)
4(650 1650 1651 651)
4(612 652 1652 1612)
4(651 1651 1652 652)
4(613 653 1653 1613)
4(652 1652 1653 653)
4(614 654 1654 1614)
4(653 1653 1654 654)
4(615 655 1655 1615)
4(654 1654 1655 655)
4(616 656 1656 1616)
4(655 1655 1656 656)
4(617 657 1657 1617)
4(656 1656 1657 657)
4(618 658 1658 1618)
4(657 1657 1658 658)
4(619 659 1659 1619)
4(658 1658 1659 659)
4(620 660 1660 1620)
4(659 1659 1660 660)
4(621 661 1661 1621)
4(660 1660 1661 661)
4(622 662 1662 1622)
4(661 1661 1662 662)
4(623 663 1663 1623)
4(662 1662 1663 663)
4(624 664 1664 1624)
4(663 1663 1664 664)
4(625 665 1665 1625)
4(664 1664 1665 665)
4(626 666 1666 1626)
4(665 1665 1666 666)
4(627 667 1667 1627)
4(666 1666 1667 667)
4(628 668 1668 1628)
4(667 1667 1668 668)
4(629 669 1669 1629)
4(668 1668 1669 669)
4(630 670 1670 1630)
4(669 1669 1670 670)
4(631 671 1671 1631)
4(670 1670 1671 671)
4(632 672 1672 1632)
4(671 1671 1672 672)
4(633 673 1673 1633)
4(672 1672 1673 673)
4(634 674 1674 1634)
4(673 1673 1674 674)
4(635 675 1675 1635)
4(674 1674 1675 675)
4(636 676 1676 1636)
4(675 1675 1676 676)
4(637 677 1677 1637)
4(676 1676 1677 677)
4(638 678 1678 1638)
4(677 1677 1678 678)
4(678 1678 1679 679)
4(639 679 1679 1639)
4(641 681 1681 1641)
4(680 1680 1681 681)
4(642 682 1682 1642)
4(681 1681 1682 682)
4(643 683 1683 1643)
4(682 1682 1683 683)
4(644 684 1684 1644)
4(683 1683 1684 684)
4(645 685 1685 1645)
4(684 1684 1685 685)
4(646 686 1686 1646)
4(685 1685 1686 686)
4(647 687 1687 1647)
4(686 1686 1687 687)
4(648 688 1688 1648)
4(687 1687 1688 688)
4(649 689 1689 1649)
4(688 1688 1689 689)
4(650 690 1690 1650)
4(689 1689 1690 690)
4(651 691 1691 1651)
4(690 1690 1691 691)
4(652 692 1692 1652)
4(691 1691 1692 692)
4(653 693 1693 1653)
4(692 1692 1693 693)
4(654 694 1694 1654)
4(693 1693 1694 694)
4(655 695 1695 1655)
4(694 1694 1695 695)
4(656 696 1696 1656)
4(695 1695 1696 696)
4(657 697 1697 1657)
4(696 1696 1697 697)
4(658 698 1698 1658)
4(697 1697 1698 698)
4(659 699 1699 1659)
4(698 1698 1699 699)
4(660 700 1700 1660)
4(699 1699 1700 700)
4(661 701 1701 1661)
4(700 1700 1701 701)
4(662 702 1702 1662)
4(701 1701 1702 702)
4(663 703 1703 1663)
4(702 1702 1703 703)
4(664 704 1704 1664)
4(703 1703 1704 704)
4(665 705 1705 1665)
4(704 1704 1705 705)
4(666 706 1706 1666)
4(705 1705 1706 706)
4(667 707 1707 1667)
4(706 1706 1707 707)
4(668 708 1708 1668)
4(707 1707 1708 708)
4(669 709 1709 1669)
4(708 1708 1709 709)
4(670 710 1710 1670)
4(709 1709 1710 710)
4(671 711 1711 1671)
4(710 1710 1711 711)
4(672 712 1712 1672)
4(711 1711 1712 712)
4(673 713 1713 1673)
4(712 1712 1713 713)
4(674 714 1714 1674)
4(713 1713 1714 714)
4(675 715 1715 1675)
4(714 1714 1715 715)
4(676 716 1716 1676)
4(715 1715 1716 716)
4(677 717 1717 1677)
4(716 1716 1717 717)
4(678 718 1718 1678)
4(717 1717 1718 718)
4(718 1718 1719 719)
4(679 719 1719 1679)
4(681 721 1721 1681)
4(720 1720 1721 721)
4(682 722 1722 1682)
4(721 1721 1722 722)
4(683 723 1723 1683)
4(722 1722 1723 723)
4(684 724 1724 1684)
4(723 1723 1724 724)
4(685 725 1725 1685)
4(724 1724 1725 725)
4(686 726 1726 1686)
4(725 1725 1726 726)
4(687 727 1727 1687)
4(726 1726 1727 727)
4(688 728 1728 1688)
4(727 1727 1728 728)
4(689 729 1729 1689)
4(728 1728 1729 729)
4(690 730 1730 1690)
4(729 1729 1730 730)
4(691 731 1731 1691)
4(730 1730 1731 731)
4(692 732 1732 1692)
4(731 1731 1732 732)
4(693 733 1733 1693)
4(732 1732 1733 733)
4(694 734 1734 1694)
4(733 1733 1734 734)
4(695 735 1735 1695)
4(734 1734 1735 735)
4(696 736 1736 1696)
4(735 1735 1736 736)
4(697 737 1737 1697)
4(736 1736 1737 737)
4(698 738 1738 1698)
4(737 1737 1738 738)
4(699 739 1739 1699)
4(738 1738 1739 739)
4(700 740 1740 1700)
4(739 1739 1740 740)
4(701 741 1741 1701)
4(740 1740 1741 741)
4(702 742 1742 1702)
4(741 1741 1742 742)
4(703 743 1743 1703)
4(742 1742 1743 743)
4(704 744 1744 1704)
4(743 1743 1744 744)
4(705 745 1745 1705)
4(744 1744 1745 745)
4(706 746 1746 1706)
4(745 1745 1746 746)
4(707 747 1747 1707)
4(746 1746 1747 747)
4(708 748 1748 1708)
4(747 1747 1748 748)
4(709 749 1749 1709)
4(748 1748 1749 749)
4(710 750 1750 1710)
4(749 1749 1750 750)
4(711 751 1751 1711)
4(750 1750 1751 751)
4(712 752 1752 1712)
4(751 1751 1752 752)
4(713 753 1753 1713)
4(752 1752 1753 753)
4(714 754 1754 1714)
4(753 1753 1754 754)
4(715 755 1755 1715)
4(754 1754 1755 755)
4(716 756 1756 1716)
4(755 1755 1756 756)
4(717 757 1757 1717)
4(756 1756 1757 757)
4(718 758 1758 1718)
4(757 1757 1758 758)
4(758 1758 1759 759)
4(719 759 1759 1719)
4(721 761 1761 1721)
4(760 1760 1761 761)
4(722 762 1762 1722)
4(761 1761 1762 762)
4(723 763 1763 1723)
4(762 1762 1763 763)
4(724 764 1764 1724)
4(763 1763 1764 764)
4(725 765 1765 1725)
4(764 1764 1765 765)
4(726 766 1766 1726)
4(765 1765 1766 766)
4(727 767 1767 1727)
4(766 1766 1767 767)
4(728 768 1768 1728)
4(767 1767 1768 768)
4(729 769 1769 1729)
4(768 1768 1769 769)
4(730 770 1770 1730)
4(769 1769 1770 770)
4(731 771 1771 1731)
4(770 1770 1771 771)
4(732 772 1772 1732)
4(771 1771 1772 772)
4(733 773 1773 1733)
4(772 1772 1773 773)
4(734 774 1774 1734)
4(773 1773 1774 774)
4(735 775 1775 1735)
4(774 1774 1775 775)
4(736 776 1776 1736)
4(775 1775 1776 776)
4(737 777 1777 1737)
4(776 1776 1777 777)
4(738 778 1778 1738)
4(777 1777 1778 778)
4(739 779 1779 1739)
4(778 1778 1779 779)
4(740 780 1780 1740)
4(779 1779 1780 780)
4(741 781 1781 1741)
4(780 1780 1781 781)
4(742 782 1782 1742)
4(781 1781 1782 782)
4(743 783 1783 1743)
4(782 1782 1783 783)
4(744 784 1784 1744)
4(783 1783 1784 784)
4(745 785 1785 1745)
4(784 1784 1785 785)
4(746 786 1786 1746)
4(785 1785 1786 786)
4(747 787 1787 1747)
4(786 1786 1787 787)
4(748 788 1788 1748)
4(787 1787 1788 788)
4(749 789 1789 1749)
4(788 1788 1789 789)
4(750 790 1790 1750)
4(789 1789 1790 790)
4(751 791 1791 1751)
4(790 1790 1791 791)
4(752 792 1792 1752)
4(791 1791 1792 792)
4(753 793 1793 1753)
4(792 1792 1793 793)
4(754 794 1794 1754)
4(793 1793 1794 794)
4(755 795 1795 1755)
4(794 1794 1795 795)
4(756 796 1796 1756)
4(795 1795 1796 796)
4(757 797 1797 1757)
4(796 1796 1797 797)
4(758 798 1798 1758)
4(797 1797 1798 798)
4(798 1798 1799 799)
4(759 799 1799 1759)
4(761 801 1801 1761)
4(800 1800 1801 801)
4(762 802 1802 1762)
4(801 1801 1802 802)
4(763 803 1803 1763)
4(802 1802 1803 803)
4(764 804 1804 1764)
4(803 1803 1804 804)
4(765 805 1805 1765)
4(804 1804 1805 805)
4(766 806 1806 1766)
4(805 1805 1806 806)
4(767 807 1807 1767)
4(806 1806 1807 807)
4(768 808 1808 1768)
4(807 1807 1808 808)
4(769 809 1809 1769)
4(808 1808 1809 809)
4(770 810 1810 1770)
4(809 1809 1810 810)
4(771 811 1811 1771)
4(810 1810 1811 811)
4(772 812 1812 1772)
4(811 1811 1812 812)
4(773 813 1813 1773)
4(812 1812 1813 813)
4(774 814 1814 1774)
4(813 1813 1814 814)
4(775 815 1815 1775)
4(814 1814 1815 815)
4(776 816 1816 1776)
4(815 1815 1816 816)
4(777 817 1817 1777)
4(816 1816 1817 817)
4(778 818 1818 1778)
4(817 1817 1818 818)
4(779 819 1819 1779)
4(818 1818 1819 819)
4(780 820 1820 1780)
4(819 1819 1820 820)
4(781 821 1821 1781)
4(820 1820 1821 821)
4(782 822 1822 1782)
4(821 1821 1822 822)
4(783 823 1823 1783)
4(822 1822 1823 823)
4(784 824 1824 1784)
4(823 1823 1824 824)
4(785 825 1825 1785)
4(824 1824 1825 825)
4(786 826 1826 1786)
4(825 1825 1826 826)
4(787 827 1827 1787)
4(826 1826 1827 827)
4(788 828 1828 1788)
4(827 1827 1828 828)
4(789 829 1829 1789)
4(828 1828 1829 829)
4(790 830 1830 1790)
4(829 1829 1830 830)
4(791 831 1831 1791)
4(830 1830 1831 831)
4(792 832 1832 1792)
4(831 1831 1832 832)
4(793 833 1833 1793)
4(832 1832 1833 833)
4(794 834 1834 1794)
4(833 1833 1834 834)
4(795 835 1835 1795)
4(834 1834 1835 835)
4(796 836 1836 1796)
4(835 1835 1836 836)
4(797 837 1837 1797)
4(836 1836 1837 837)
4(798 838 1838 1798)
4(837 1837 1838 838)
4(838 1838 1839 839)
4(799 839 1839 1799)
4(801 841 1841 1801)
4(840 1840 1841 841)
4(802 842 1842 1802)
4(841 1841 1842 842)
4(803 843 1843 1803)
4(842 1842 1843 843)
4(804 844 1844 1804)
4(843 1843 1844 844)
4(805 845 1845 1805)
4(844 1844 1845 845)
4(806 846 1846 1806)
4(845 1845 1846 846)
4(807 847 1847 1807)
4(846 1846 1847 847)
4(808 848 1848 1808)
4(847 1847 1848 848)
4(809 849 1849 1809)
4(848 1848 1849 849)
4(810 850 1850 1810)
4(849 1849 1850 850)
4(811 851 1851 1811)
4(850 1850 1851 851)
4(812 852 1852 1812)
4(851 1851 1852 852)
4(813 853 1853 1813)
4(852 1852 1853 853)
4(814 854 1854 1814)
4(853 1853 1854 854)
4(815 855 1855 1815)
4(854 1854 1855 855)
4(816 856 1856 1816)
4(855 1855 1856 856)
4(817 857 1857 1817)
4(856 1856 1857 857)
4(818 858 1858 1818)
4(857 1857 1858 858)
4(819 859 1859 1819)
4(858 1858 1859 859)
4(820 860 1860 1820)
4(859 1859 1860 860)
4(821 861 1861 1821)
4(860 1860 1861 861)
4(822 862 1862 1822)
4(861 1861 1862 862)
4(823 863 1863 1823)
4(862 1862 1863 863)
4(824 864 1864 1824)
4(863 1863 1864 864)
4(825 865 1865 1825)
4(864 1864 1865 865)
4(826 866 1866 1826)
4(865 1865 1866 866)
4(827 867 1867 1827)
4(866 1866 1867 867)
4(828 868 1868 1828)
4(867 1867 1868 868)
4(829 869 1869 1829)
4(868 1868 1869 869)
4(830 870 1870 1830)
4(869 1869 1870 870)
4(831 871 1871 1831)
4(870 1870 1871 871)
4(832 872 1872 1832)
4(871 1871 1872 872)
4(833 873 1873 1833)
4(872 1872 1873 873)
4(834 874 1874 1834)
4(873 1873 1874 874)
4(835 875 1875 1835)
4(874 1874 1875 875)
4(836 876 1876 1836)
4(875 1875 1876 876)
4(837 877 1877 1837)
4(876 1876 1877 877)
4(838 878 1878 1838)
4(877 1877 1878 878)
4(878 1878 1879 879)
4(839 879 1879 1839)
4(841 881 1881 1841)
4(880 1880 1881 881)
4(842 882 1882 1842)
4(881 1881 1882 882)
4(843 883 1883 1843)
4(882 1882 1883 883)
4(844 884 1884 1844)
4(883 1883 1884 884)
4(845 885 1885 1845)
4(884 1884 1885 885)
4(846 886 1886 1846)
4(885 1885 1886 886)
4(847 887 1887 1847)
4(886 1886 1887 887)
4(848 888 1888 1848)
4(887 1887 1888 888)
4(849 889 1889 1849)
4(888 1888 1889 889)
4(850 890 1890 1850)
4(889 1889 1890 890)
4(851 891 1891 1851)
4(890 1890 1891 891)
4(852 892 1892 1852)
4(891 1891 1892 892)
4(853 893 1893 1853)
4(892 1892 1893 893)
4(854 894 1894 1854)
4(893 1893 1894 894)
4(855 895 1895 1855)
4(894 1894 1895 895)
4(856 896 1896 1856)
4(895 1895 1896 896)
4(857 897 1897 1857)
4(896 1896 1897 897)
4(858 898 1898 1858)
4(897 1897 1898 898)
4(859 899 1899 1859)
4(898 1898 1899 899)
4(860 900 1900 1860)
4(899 1899 1900 900)
4(861 901 1901 1861)
4(900 1900 1901 901)
4(862 902 1902 1862)
4(901 1901 1902 902)
4(863 903 1903 1863)
4(902 1902 1903 903)
4(864 904 1904 1864)
4(903 1903 1904 904)
4(865 905 1905 1865)
4(904 1904 1905 905)
4(866 906 1906 1866)
4(905 1905 1906 906)
4(867 907 1907 1867)
4(906 1906 1907 907)
4(868 908 1908 1868)
4(907 1907 1908 908)
4(869 909 1909 1869)
4(908 1908 1909 909)
4(870 910 1910 1870)
4(909 1909 1910 910)
4(871 911 1911 1871)
4(910 1910 1911 911)
4(872 912 1912 1872)
4(911 1911 1912 912)
4(873 913 1913 1873)
4(912 1912 1913 913)
4(874 914 1914 1874)
4(913 1913 1914 914)
4(875 915 1915 1875)
4(914 1914 1915 915)
4(876 916 1916 1876)
4(915 1915 1916 916)
4(877 917 1917 1877)
4(916 1916 1917 917)
4(878 918 1918 1878)
4(917 1917 1918 918)
4(918 1918 1919 919)
4(879 919 1919 1879)
4(881 921 1921 1881)
4(920 1920 1921 921)
4(882 922 1922 1882)
4(921 1921 1922 922)
4(883 923 1923 1883)
4(922 1922 1923 923)
4(884 924 1924 1884)
4(923 1923 1924 924)
4(885 925 1925 1885)
4(924 1924 1925 925)
4(886 926 1926 1886)
4(925 1925 1926 926)
4(887 927 1927 1887)
4(926 1926 1927 927)
4(888 928 1928 1888)
4(927 1927 1928 928)
4(889 929 1929 1889)
4(928 1928 1929 929)
4(890 930 1930 1890)
4(929 1929 1930 930)
4(891 931 1931 1891)
4(930 1930 1931 931)
4(892 932 1932 1892)
4(931 1931 1932 932)
4(893 933 1933 1893)
4(932 1932 1933 933)
4(894 934 1934 1894)
4(933 1933 1934 934)
4(895 935 1935 1895)
4(934 1934 1935 935)
4(896 936 1936 1896)
4(935 1935 1936 936)
4(897 937 1937 1897)
4(936 1936 1937 937)
4(898 938 1938 1898)
4(937 1937 1938 938)
4(899 939 1939 1899)
4(938 1938 1939 939)
4(900 940 1940 1900)
4(939 1939 1940 940)
4(901 941 1941 1901)
4(940 1940 1941 941)
4(902 942 1942 1902)
4(941 1941 1942 942)
4(903 943 1943 1903)
4(942 1942 1943 943)
4(904 944 1944 1904)
4(943 1943 1944 944)
4(905 945 1945 1905)
4(944 1944 1945 945)
4(906 946 1946 1906)
4(945 1945 1946 946)
4(907 947 1947 1907)
4(946 1946 1947 947)
4(908 948 1948 1908)
4(947 1947 1948 948)
4(909 949 1949 1909)
4(948 1948 1949 949)
4(910 950 1950 1910)
4(949 1949 1950 950)
4(911 951 1951 1911)
4(950 1950 1951 951)
4(912 952 1952 1912)
4(951 1951 1952 952)
4(913 953 1953 1913)
4(952 1952 1953 953)
4(914 954 1954 1914)
4(953 1953 1954 954)
4(915 955 1955 1915)
4(954 1954 1955 955)
4(916 956 1956 1916)
4(955 1955 1956 956)
4(917 957 1957 1917)
4(956 1956 1957 957)
4(918 958 1958 1918)
4(957 1957 1958 958)
4(958 1958 1959 959)
4(919 959 1959 1919)
4(921 961 1961 1921)
4(960 1960 1961 961)
4(922 962 1962 1922)
4(961 1961 1962 962)
4(923 963 1963 1923)
4(962 1962 1963 963)
4(924 964 1964 1924)
4(963 1963 1964 964)
4(925 965 1965 1925)
4(964 1964 1965 965)
4(926 966 1966 1926)
4(965 1965 1966 966)
4(927 967 1967 1927)
4(966 1966 1967 967)
4(928 968 1968 1928)
4(967 1967 1968 968)
4(929 969 1969 1929)
4(968 1968 1969 969)
4(930 970 1970 1930)
4(969 1969 1970 970)
4(931 971 1971 1931)
4(970 1970 1971 971)
4(932 972 1972 1932)
4(971 1971 1972 972)
4(933 973 1973 1933)
4(972 1972 1973 973)
4(934 974 1974 1934)
4(973 1973 1974 974)
4(935 975 1975 1935)
4(974 1974 1975 975)
4(936 976 1976 1936)
4(975 1975 1976 976)
4(937 977 1977 1937)
4(976 1976 1977 977)
4(938 978 1978 1938)
4(977 1977 1978 978)
4(939 979 1979 1939)
4(978 1978 1979 979)
4(940 980 1980 1940)
4(979 1979 1980 980)
4(941 981 1981 1941)
4(980 1980 1981 981)
4(942 982 1982 1942)
4(981 1981 1982 982)
4(943 983 1983 1943)
4(982 1982 1983 983)
4(944 984 1984 1944)
4(983 1983 1984 984)
4(945 985 1985 1945)
4(984 1984 1985 985)
4(946 986 1986 1946)
4(985 1985 1986 986)
4(947 987 1987 1947)
4(986 1986 1987 987)
4(948 988 1988 1948)
4(987 1987 1988 988)
4(949 989 1989 1949)
4(988 1988 1989 989)
4(950 990 1990 1950)
4(989 1989 1990 990)
4(951 991 1991 1951)
4(990 1990 1991 991)
4(952 992 1992 1952)
4(991 1991 1992 992)
4(953 993 1993 1953)
4(992 1992 1993 993)
4(954 994 1994 1954)
4(993 1993 1994 994)
4(955 995 1995 1955)
4(994 1994 1995 995)
4(956 996 1996 1956)
4(995 1995 1996 996)
4(957 997 1997 1957)
4(996 1996 1997 997)
4(958 998 1998 1958)
4(997 1997 1998 998)
4(998 1998 1999 999)
4(959 999 1999 1959)
4(961 2001 2641 1961)
4(2000 2640 2641 2001)
4(962 2002 2642 1962)
4(2001 2641 2642 2002)
4(963 2003 2643 1963)
4(2002 2642 2643 2003)
4(964 2004 2644 1964)
4(2003 2643 2644 2004)
4(965 2005 2645 1965)
4(2004 2644 2645 2005)
4(966 2006 2646 1966)
4(2005 2645 2646 2006)
4(967 2007 2647 1967)
4(2006 2646 2647 2007)
4(968 2008 2648 1968)
4(2007 2647 2648 2008)
4(969 2009 2649 1969)
4(2008 2648 2649 2009)
4(970 2010 2650 1970)
4(2009 2649 2650 2010)
4(971 2011 2651 1971)
4(2010 2650 2651 2011)
4(972 2012 2652 1972)
4(2011 2651 2652 2012)
4(973 2013 2653 1973)
4(2012 2652 2653 2013)
4(974 2014 2654 1974)
4(2013 2653 2654 2014)
4(975 2015 2655 1975)
4(2014 2654 2655 2015)
4(976 2016 2656 1976)
4(2015 2655 2656 2016)
4(977 2017 2657 1977)
4(2016 2656 2657 2017)
4(978 2018 2658 1978)
4(2017 2657 2658 2018)
4(979 2019 2659 1979)
4(2018 2658 2659 2019)
4(980 2020 2660 1980)
4(2019 2659 2660 2020)
4(981 2021 2661 1981)
4(2020 2660 2661 2021)
4(982 2022 2662 1982)
4(2021 2661 2662 2022)
4(983 2023 2663 1983)
4(2022 2662 2663 2023)
4(984 2024 2664 1984)
4(2023 2663 2664 2024)
4(985 2025 2665 1985)
4(2024 2664 2665 2025)
4(986 2026 2666 1986)
4(2025 2665 2666 2026)
4(987 2027 2667 1987)
4(2026 2666 2667 2027)
4(988 2028 2668 1988)
4(2027 2667 2668 2028)
4(989 2029 2669 1989)
4(2028 2668 2669 2029)
4(990 2030 2670 1990)
4(2029 2669 2670 2030)
4(991 2031 2671 1991)
4(2030 2670 2671 2031)
4(992 2032 2672 1992)
4(2031 2671 2672 2032)
4(993 2033 2673 1993)
4(2032 2672 2673 2033)
4(994 2034 2674 1994)
4(2033 2673 2674 2034)
4(995 2035 2675 1995)
4(2034 2674 2675 2035)
4(996 2036 2676 1996)
4(2035 2675 2676 2036)
4(997 2037 2677 1997)
4(2036 2676 2677 2037)
4(998 2038 2678 1998)
4(2037 2677 2678 2038)
4(2038 2678 2679 2039)
4(999 2039 2679 1999)
4(2001 2041 2681 2641)
4(2040 2680 2681 2041)
4(2002 2042 2682 2642)
4(2041 2681 2682 2042)
4(2003 2043 2683 2643)
4(2042 2682 2683 2043)
4(2004 2044 2684 2644)
4(2043 2683 2684 2044)
4(2005 2045 2685 2645)
4(2044 2684 2685 2045)
4(2006 2046 2686 2646)
4(2045 2685 2686 2046)
4(2007 2047 2687 2647)
4(2046 2686 2687 2047)
4(2008 2048 2688 2648)
4(2047 2687 2688 2048)
4(2009 2049 2689 2649)
4(2048 2688 2689 2049)
4(2010 2050 2690 2650)
4(2049 2689 2690 2050)
4(2011 2051 2691 2651)
4(2050 2690 2691 2051)
4(2012 2052 2692 2652)
4(2051 2691 2692 2052)
4(2013 2053 2693 2653)
4(2052 2692 2693 2053)
4(2014 2054 2694 2654)
4(2053 2693 2694 2054)
4(2015 2055 2695 2655)
4(2054 2694 2695 2055)
4(2016 2056 2696 2656)
4(2055 2695 2696 2056)
4(2017 2057 2697 2657)
4(2056 2696 2697 2057)
4(2018 2058 2698 2658)
4(2057 2697 2698 2058)
4(2019 2059 2699 2659)
4(2058 2698 2699 2059)
4(2020 2060 2700 2660)
4(2059 2699 2700 2060)
4(2021 2061 2701 2661)
4(2060 2700 2701 2061)
4(2022 2062 2702 2662)
4(2061 2701 2702 2062)
4(2023 2063 2703 2663)
4(2062 2702 2703 2063)
4(2024 2064 2704 2664)
4(2063 2703 2704 2064)
4(2025 2065 2705 2665)
4(2064 2704 2705 2065)
4(2026 2066 2706 2666)
4(2065 2705 2706 2066)
4(2027 2067 2707 2667)
4(2066 2706 2707 2067)
4(2028 2068 2708 2668)
4(2067 2707 2708 2068)
4(2029 2069 2709 2669)
4(2068 2708 2709 2069)
4(2030 2070 2710 2670)
4(2069 2709 2710 2070)
4(2031 2071 2711 2671)
4(2070 2710 2711 2071)
4(2032 2072 2712 2672)
4(2071 2711 2712 2072)
4(2033 2073 2713 2673)
4(2072 2712 2713 2073)
4(2034 2074 2714 2674)
4(2073 2713 2714 2074)
4(2035 2075 2715 2675)
4(2074 2714 2715 2075)
4(2036 2076 2716 2676)
4(2075 2715 2716 2076)
4(2037 2077 2717 2677)
4(2076 2716 2717 2077)
4(2038 2078 2718 2678)
4(2077 2717 2718 2078)
4(2078 2718 2719 2079)
4(2039 2079 2719 2679)
4(2041 2081 2721 2681)
4(2080 2720 2721 2081)
4(2042 2082 2722 2682)
4(2081 2721 2722 2082)
4(2043 2083 2723 2683)
4(2082 2722 2723 2083)
4(2044 2084 2724 2684)
4(2083 2723 2724 2084)
4(2045 2085 2725 2685)
4(2084 2724 2725 2085)
4(2046 2086 2726 2686)
4(2085 2725 2726 2086)
4(2047 2087 2727 2687)
4(2086 2726 2727 2087)
4(2048 2088 2728 2688)
4(2087 2727 2728 2088)
4(2049 2089 2729 2689)
4(2088 2728 2729 2089)
4(2050 2090 2730 2690)
4(2089 2729 2730 2090)
4(2051 2091 2731 2691)
4(2090 2730 2731 2091)
4(2052 2092 2732 2692)
4(2091 2731 2732 2092)
4(2053 2093 2733 2693)
4(2092 2732 2733 2093)
4(2054 2094 2734 2694)
4(2093 2733 2734 2094)
4(2055 2095 2735 2695)
4(2094 2734 2735 2095)
4(2056 2096 2736 2696)
4(2095 2735 2736 2096)
4(2057 2097 2737 2697)
4(2096 2736 2737 2097)
4(2058 2098 2738 2698)
4(2097 2737 2738 2098)
4(2059 2099 2739 2699)
4(2098 2738 2739 2099)
4(2060 2100 2740 2700)
4(2099 2739 2740 2100)
4(2061 2101 2741 2701)
4(2100 2740 2741 2101)
4(2062 2102 2742 2702)
4(2101 2741 2742 2102)
4(2063 2103 2743 2703)
4(2102 2742 2743 2103)
4(2064 2104 2744 2704)
4(2103 2743 2744 2104)
4(2065 2105 2745 2705)
4(2104 2744 2745 2105)
4(2066 2106 2746 2706)
4(2105 2745 2746 2106)
4(2067 2107 2747 2707)
4(2106 2746 2747 2107)
4(2068 2108 2748 2708)
4(2107 2747 2748 2108)
4(2069 2109 2749 2709)
4(2108 2748 2749 2109)
4(2070 2110 2750 2710)
4(2109 2749 2750 2110)
4(2071 2111 2751 2711)
4(2110 2750 2751 2111)
4(2072 2112 2752 2712)
4(2111 2751 2752 2112)
4(2073 2113 2753 2713)
4(2112 2752 2753 2113)
4(2074 2114 2754 2714)
4(2113 2753 2754 2114)
4(2075 2115 2755 2715)
4(2114 2754 2755 2115)
4(2076 2116 2756 2716)
4(2115 2755 2756 2116)
4(2077 2117 2757 2717)
4(2116 2756 2757 2117)
4(2078 2118 2758 2718)
4(2117 2757 2758 2118)
4(2118 2758 2759 2119)
4(2079 2119 2759 2719)
4(2081 2121 2761 2721)
4(2120 2760 2761 2121)
4(2082 2122 2762 2722)
4(2121 2761 2762 2122)
4(2083 2123 2763 2723)
4(2122 2762 2763 2123)
4(2084 2124 2764 2724)
4(2123 2763 2764 2124)
4(2085 2125 2765 2725)
4(2124 2764 2765 2125)
4(2086 2126 2766 2726)
4(2125 2765 2766 2126)
4(2087 2127 2767 2727)
4(2126 2766 2767 2127)
4(2088 2128 2768 2728)
4(2127 2767 2768 2128)
4(2089 2129 2769 2729)
4(2128 2768 2769 2129)
4(2090 2130 2770 2730)
4(2129 2769 2770 2130)
4(2091 2131 2771 2731)
4(2130 2770 2771 2131)
4(2092 2132 2772 2732)
4(2131 2771 2772 2132)
4(2093 2133 2773 2733)
4(2132 2772 2773 2133)
4(2094 2134 2774 2734)
4(2133 2773 2774 2134)
4(2095 2135 2775 2735)
4(2134 2774 2775 2135)
4(2096 2136 2776 2736)
4(2135 2775 2776 2136)
4(2097 2137 2777 2737)
4(2136 2776 2777 2137)
4(2098 2138 2778 2738)
4(2137 2777 2778 2138)
4(2099 2139 2779 2739)
4(2138 2778 2779 2139)
4(2100 2140 2780 2740)
4(2139 2779 2780 2140)
4(2101 2141 2781 2741)
4(2140 2780 2781 2141)
4(2102 2142 2782 2742)
4(2141 2781 2782 2142)
4(2103 2143 2783 2743)
4(2142 2782 2783 2143)
4(2104 2144 2784 2744)
4(2143 2783 2784 2144)
4(2105 2145 2785 2745)
4(2144 2784 2785 2145)
4(2106 2146 2786 2746)
4(2145 2785 2786 2146)
4(2107 2147 2787 2747)
4(2146 2786 2787 2147)
4(2108 2148 2788 2748)
4(2147 2787 2788 2148)
4(2109 2149 2789 2749)
4(2148 2788 2789 2149)
4(2110 2150 2790 2750)
4(2149 2789 2790 2150)
4(2111 2151 2791 2751)
4(2150 2790 2791 2151)
4(2112 2152 2792 2752)
4(2151 2791 2792 2152)
4(2113 2153 2793 2753)
4(2152 2792 2793 2153)
4(2114 2154 2794 2754)
4(2153 2793 2794 2154)
4(2115 2155 2795 2755)
4(2154 2794 2795 2155)
4(2116 2156 2796 2756)
4(2155 2795 2796 2156)
4(2117 2157 2797 2757)
4(2156 2796 2797 2157)
4(2118 2158 2798 2758)
4(2157 2797 2798 2158)
4(2158 2798 2799 2159)
4(2119 2159 2799 2759)
4(2121 2161 2801 2761)
4(2160 2800 2801 2161)
4(2122 2162 2802 2762)
4(2161 2801 2802 2162)
4(2123 2163 2803 2763)
4(2162 2802 2803 2163)
4(2124 2164 2804 2764)
4(2163 2803 2804 2164)
4(2125 2165 2805 2765)
4(2164 2804 2805 2165)
4(2126 2166 2806 2766)
4(2165 2805 2806 2166)
4(2127 2167 2807 2767)
4(2166 2806 2807 2167)
4(2128 2168 2808 2768)
4(2167 2807 2808 2168)
4(2129 2169 2809 2769)
4(2168 2808 2809 2169)
4(2130 2170 2810 2770)
4(2169 2809 2810 2170)
4(2131 2171 2811 2771)
4(2170 2810 2811 2171)
4(2132 2172 2812 2772)
4(2171 2811 2812 2172)
4(2133 2173 2813 2773)
4(2172 2812 2813 2173)
4(2134 2174 2814 2774)
4(2173 2813 2814 2174)
4(2135 2175 2815 2775)
4(2174 2814 2815 2175)
4(2136 2176 2816 2776)
4(2175 2815 2816 2176)
4(2137 2177 2817 2777)
4(2176 2816 2817 2177)
4(2138 2178 2818 2778)
4(2177 2817 2818 2178)
4(2139 2179 2819 2779)
4(2178 2818 2819 2179)
4(2140 2180 2820 2780)
4(2179 2819 2820 2180)
4(2141 2181 2821 2781)
4(2180 2820 2821 2181)
4(2142 2182 2822 2782)
4(2181 2821 2822 2182)
4(2143 2183 2823 2783)
4(2182 2822 2823 2183)
4(2144 2184 2824 2784)
4(2183 2823 2824 2184)
4(2145 2185 2825 2785)
4(2184 2824 2825 2185)
4(2146 2186 2826 2786)
4(2185 2825 2826 2186)
4(2147 2187 2827 2787)
4(2186 2826 2827 2187)
4(2148 2188 2828 2788)
4(2187 2827 2828 2188)
4(2149 2189 2829 2789)
4(2188 2828 2829 2189)
4(2150 2190 2830 2790)
4(2189 2829 2830 2190)
4(2151 2191 2831 2791)
4(2190 2830 2831 2191)
4(2152 2192 2832 2792)
4(2191 2831 2832 2192)
4(2153 2193 2833 2793)
4(2192 2832 2833 2193)
4(2154 2194 2834 2794)
4(2193 2833 2834 2194)
4(2155 2195 2835 2795)
4(2194 2834 2835 2195)
4(2156 2196 2836 2796)
4(2195 2835 2836 2196)
4(2157 2197 2837 2797)
4(2196 2836 2837 2197)
4(2158 2198 2838 2798)
4(2197 2837 2838 2198)
4(2198 2838 2839 2199)
4(2159 2199 2839 2799)
4(2161 2201 2841 2801)
4(2200 2840 2841 2201)
4(2162 2202 2842 2802)
4(2201 2841 2842 2202)
4(2163 2203 2843 2803)
4(2202 2842 2843 2203)
4(2164 2204 2844 2804)
4(2203 2843 2844 2204)
4(2165 2205 2845 2805)
4(2204 2844 2845 2205)
4(2166 2206 2846 2806)
4(2205 2845 2846 2206)
4(2167 2207 2847 2807)
4(2206 2846 2847 2207)
4(2168 2208 2848 2808)
4(2207 2847 2848 2208)
4(2169 2209 2849 2809)
4(2208 2848 2849 2209)
4(2170 2210 2850 2810)
4(2209 2849 2850 2210)
4(2171 2211 2851 2811)
4(2210 2850 2851 2211)
4(2172 2212 2852 2812)
4(2211 2851 2852 2212)
4(2173 2213 2853 2813)
4(2212 2852 2853 2213)
4(2174 2214 2854 2814)
4(2213 2853 2854 2214)
4(2175 2215 2855 2815)
4(2214 2854 2855 2215)
4(2176 2216 2856 2816)
4(2215 2855 2856 2216)
4(2177 2217 2857 2817)
4(2216 2856 2857 2217)
4(2178 2218 2858 2818)
4(2217 2857 2858 2218)
4(2179 2219 2859 2819)
4(2218 2858 2859 2219)
4(2180 2220 2860 2820)
4(2219 2859 2860 2220)
4(2181 2221 2861 2821)
4(2220 2860 2861 2221)
4(2182 2222 2862 2822)
4(2221 2861 2862 2222)
4(2183 2223 2863 2823)
4(2222 2862 2863 2223)
4(2184 2224 2864 2824)
4(2223 2863 2864 2224)
4(2185 2225 2865 2825)
4(2224 2864 2865 2225)
4(2186 2226 2866 2826)
4(2225 2865 2866 2226)
4(2187 2227 2867 2827)
4(2226 2866 2867 2227)
4(2188 2228 2868 2828)
4(2227 2867 2868 2228)
4(2189 2229 2869 2829)
4(2228 2868 2869 2229)
4(2190 2230 2870 2830)
4(2229 2869 2870 2230)
4(2191 2231 2871 2831)
4(2230 2870 2871 2231)
4(2192 2232 2872 2832)
4(2231 2871 2872 2232)
4(2193 2233 2873 2833)
4(2232 2872 2873 2233)
4(2194 2234 2874 2834)
4(2233 2873 2874 2234)
4(2195 2235 2875 2835)
4(2234 2874 2875 2235)
4(2196 2236 2876 2836)
4(2235 2875 2876 2236)
4(2197 2237 2877 2837)
4(2236 2876 2877 2237)
4(2198 2238 2878 2838)
4(2237 2877 2878 2238)
4(2238 2878 2879 2239)
4(2199 2239 2879 2839)
4(2201 2241 2881 2841)
4(2240 2880 2881 2241)
4(2202 2242 2882 2842)
4(2241 2881 2882 2242)
4(2203 2243 2883 2843)
4(2242 2882 2883 2243)
4(2204 2244 2884 2844)
4(2243 2883 2884 2244)
4(2205 2245 2885 2845)
4(2244 2884 2885 2245)
4(2206 2246 2886 2846)
4(2245 2885 2886 2246)
4(2207 2247 2887 2847)
4(2246 2886 2887 2247)
4(2208 2248 2888 2848)
4(2247 2887 2888 2248)
4(2209 2249 2889 2849)
4(2248 2888 2889 2249)
4(2210 2250 2890 2850)
4(2249 2889 2890 2250)
4(2211 2251 2891 2851)
4(2250 2890 2891 2251)
4(2212 2252 2892 2852)
4(2251 2891 2892 2252)
4(2213 2253 2893 2853)
4(2252 2892 2893 2253)
4(2214 2254 2894 2854)
4(2253 2893 2894 2254)
4(2215 2255 2895 2855)
4(2254 2894 2895 2255)
4(2216 2256 2896 2856)
4(2255 2895 2896 2256)
4(2217 2257 2897 2857)
4(2256 2896 2897 2257)
4(2218 2258 2898 2858)
4(2257 2897 2898 2258)
4(2219 2259 2899 2859)
4(2258 2898 2899 2259)
4(2220 2260 2900 2860)
4(2259 2899 2900 2260)
4(2221 2261 2901 2861)
4(2260 2900 2901 2261)
4(2222 2262 2902 2862)
4(2261 2901 2902 2262)
4(2223 2263 2903 2863)
4(2262 2902 2903 2263)
4(2224 2264 2904 2864)
4(2263 2903 2904 2264)
4(2225 2265 2905 2865)
4(2264 2904 2905 2265)
4(2226 2266 2906 2866)
4(2265 2905 2906 2266)
4(2227 2267 2907 2867)
4(2266 2906 2907 2267)
4(2228 2268 2908 2868)
4(2267 2907 2908 2268)
4(2229 2269 2909 2869)
4(2268 2908 2909 2269)
4(2230 2270 2910 2870)
4(2269 2909 2910 2270)
4(2231 2271 2911 2871)
4(2270 2910 2911 2271)
4(2232 2272 2912 2872)
4(2271 2911 2912 2272)
4(2233 2273 2913 2873)
4(2272 2912 2913 2273)
4(2234 2274 2914 2874)
4(2273 2913 2914 2274)
4(2235 2275 2915 2875)
4(2274 2914 2915 2275)
4(2236 2276 2916 2876)
4(2275 2915 2916 2276)
4(2237 2277 2917 2877)
4(2276 2916 2917 2277)
4(2238 2278 2918 2878)
4(2277 2917 2918 2278)
4(2278 2918 2919 2279)
4(2239 2279 2919 2879)
4(2241 2281 2921 2881)
4(2280 2920 2921 2281)
4(2242 2282 2922 2882)
4(2281 2921 2922 2282)
4(2243 2283 2923 2883)
4(2282 2922 2923 2283)
4(2244 2284 2924 2884)
4(2283 2923 2924 2284)
4(2245 2285 2925 2885)
4(2284 2924 2925 2285)
4(2246 2286 2926 2886)
4(2285 2925 2926 2286)
4(2247 2287 2927 2887)
4(2286 2926 2927 2287)
4(2248 2288 2928 2888)
4(2287 2927 2928 2288)
4(2249 2289 2929 2889)
4(2288 2928 2929 2289)
4(2250 2290 2930 2890)
4(2289 2929 2930 2290)
4(2251 2291 2931 2891)
4(2290 2930 2931 2291)
4(2252 2292 2932 2892)
4(2291 2931 2932 2292)
4(2253 2293 2933 2893)
4(2292 2932 2933 2293)
4(2254 2294 2934 2894)
4(2293 2933 2934 2294)
4(2255 2295 2935 2895)
4(2294 2934 2935 2295)
4(2256 2296 2936 2896)
4(2295 2935 2936 2296)
4(2257 2297 2937 2897)
4(2296 2936 2937 2297)
4(2258 2298 2938 2898)
4(2297 2937 2938 2298)
4(2259 2299 2939 2899)
4(2298 2938 2939 2299)
4(2260 2300 2940 2900)
4(2299 2939 2940 2300)
4(2261 2301 2941 2901)
4(2300 2940 2941 2301)
4(2262 2302 2942 2902)
4(2301 2941 2942 2302)
4(2263 2303 2943 2903)
4(2302 2942 2943 2303)
4(2264 2304 2944 2904)
4(2303 2943 2944 2304)
4(2265 2305 2945 2905)
4(2304 2944 2945 2305)
4(2266 2306 2946 2906)
4(2305 2945 2946 2306)
4(2267 2307 2947 2907)
4(2306 2946 2947 2307)
4(2268 2308 2948 2908)
4(2307 2947 2948 2308)
4(2269 2309 2949 2909)
4(2308 2948 2949 2309)
4(2270 2310 2950 2910)
4(2309 2949 2950 2310)
4(2271 2311 2951 2911)
4(2310 2950 2951 2311)
4(2272 2312 2952 2912)
4(2311 2951 2952 2312)
4(2273 2313 2953 2913)
4(2312 2952 2953 2313)
4(2274 2314 2954 2914)
4(2313 2953 2954 2314)
4(2275 2315 2955 2915)
4(2314 2954 2955 2315)
4(2276 2316 2956 2916)
4(2315 2955 2956 2316)
4(2277 2317 2957 2917)
4(2316 2956 2957 2317)
4(2278 2318 2958 2918)
4(2317 2957 2958 2318)
4(2318 2958 2959 2319)
4(2279 2319 2959 2919)
4(2281 2321 2961 2921)
4(2320 2960 2961 2321)
4(2282 2322 2962 2922)
4(2321 2961 2962 2322)
4(2283 2323 2963 2923)
4(2322 2962 2963 2323)
4(2284 2324 2964 2924)
4(2323 2963 2964 2324)
4(2285 2325 2965 2925)
4(2324 2964 2965 2325)
4(2286 2326 2966 2926)
4(2325 2965 2966 2326)
4(2287 2327 2967 2927)
4(2326 2966 2967 2327)
4(2288 2328 2968 2928)
4(2327 2967 2968 2328)
4(2289 2329 2969 2929)
4(2328 2968 2969 2329)
4(2290 2330 2970 2930)
4(2329 2969 2970 2330)
4(2291 2331 2971 2931)
4(2330 2970 2971 2331)
4(2292 2332 2972 2932)
4(2331 2971 2972 2332)
4(2293 2333 2973 2933)
4(2332 2972 2973 2333)
4(2294 2334 2974 2934)
4(2333 2973 2974 2334)
4(2295 2335 2975 2935)
4(2334 2974 2975 2335)
4(2296 2336 2976 2936)
4(2335 2975 2976 2336)
4(2297 2337 2977 2937)
4(2336 2976 2977 2337)
4(2298 2338 2978 2938)
4(2337 2977 2978 2338)
4(2299 2339 2979 2939)
4(2338 2978 2979 2339)
4(2300 2340 2980 2940)
4(2339 2979 2980 2340)
4(2301 2341 2981 2941)
4(2340 2980 2981 2341)
4(2302 2342 2982 2942)
4(2341 2981 2982 2342)
4(2303 2343 2983 2943)
4(2342 2982 2983 2343)
4(2304 2344 2984 2944)
4(2343 2983 2984 2344)
4(2305 2345 2985 2945)
4(2344 2984 2985 2345)
4(2306 2346 2986 2946)
4(2345 2985 2986 2346)
4(2307 2347 2987 2947)
4(2346 2986 2987 2347)
4(2308 2348 2988 2948)
4(2347 2987 2988 2348)
4(2309 2349 2989 2949)
4(2348 2988 2989 2349)
4(2310 2350 2990 2950)
4(2349 2989 2990 2350)
4(2311 2351 2991 2951)
4(2350 2990 2991 2351)
4(2312 2352 2992 2952)
4(2351 2991 2992 2352)
4(2313 2353 2993 2953)
4(2352 2992 2993 2353)
4(2314 2354 2994 2954)
4(2353 2993 2994 2354)
4(2315 2355 2995 2955)
4(2354 2994 2995 2355)
4(2316 2356 2996 2956)
4(2355 2995 2996 2356)
4(2317 2357 2997 2957)
4(2356 2996 2997 2357)
4(2318 2358 2998 2958)
4(2357 2997 2998 2358)
4(2358 2998 2999 2359)
4(2319 2359 2999 2959)
4(2321 2361 3001 2961)
4(2360 3000 3001 2361)
4(2322 2362 3002 2962)
4(2361 3001 3002 2362)
4(2323 2363 3003 2963)
4(2362 3002 3003 2363)
4(2324 2364 3004 2964)
4(2363 3003 3004 2364)
4(2325 2365 3005 2965)
4(2364 3004 3005 2365)
4(2326 2366 3006 2966)
4(2365 3005 3006 2366)
4(2327 2367 3007 2967)
4(2366 3006 3007 2367)
4(2328 2368 3008 2968)
4(2367 3007 3008 2368)
4(2329 2369 3009 2969)
4(2368 3008 3009 2369)
4(2330 2370 3010 2970)
4(2369 3009 3010 2370)
4(2331 2371 3011 2971)
4(2370 3010 3011 2371)
4(2332 2372 3012 2972)
4(2371 3011 3012 2372)
4(2333 2373 3013 2973)
4(2372 3012 3013 2373)
4(2334 2374 3014 2974)
4(2373 3013 3014 2374)
4(2335 2375 3015 2975)
4(2374 3014 3015 2375)
4(2336 2376 3016 2976)
4(2375 3015 3016 2376)
4(2337 2377 3017 2977)
4(2376 3016 3017 2377)
4(2338 2378 3018 2978)
4(2377 3017 3018 2378)
4(2339 2379 3019 2979)
4(2378 3018 3019 2379)
4(2340 2380 3020 2980)
4(2379 3019 3020 2380)
4(2341 2381 3021 2981)
4(2380 3020 3021 2381)
4(2342 2382 3022 2982)
4(2381 3021 3022 2382)
4(2343 2383 3023 2983)
4(2382 3022 3023 2383)
4(2344 2384 3024 2984)
4(2383 3023 3024 2384)
4(2345 2385 3025 2985)
4(2384 3024 3025 2385)
4(2346 2386 3026 2986)
4(2385 3025 3026 2386)
4(2347 2387 3027 2987)
4(2386 3026 3027 2387)
4(2348 2388 3028 2988)
4(2387 3027 3028 2388)
4(2349 2389 3029 2989)
4(2388 3028 3029 2389)
4(2350 2390 3030 2990)
4(2389 3029 3030 2390)
4(2351 2391 3031 2991)
4(2390 3030 3031 2391)
4(2352 2392 3032 2992)
4(2391 3031 3032 2392)
4(2353 2393 3033 2993)
4(2392 3032 3033 2393)
4(2354 2394 3034 2994)
4(2393 3033 3034 2394)
4(2355 2395 3035 2995)
4(2394 3034 3035 2395)
4(2356 2396 3036 2996)
4(2395 3035 3036 2396)
4(2357 2397 3037 2997)
4(2396 3036 3037 2397)
4(2358 2398 3038 2998)
4(2397 3037 3038 2398)
4(2398 3038 3039 2399)
4(2359 2399 3039 2999)
4(2361 2401 3041 3001)
4(2400 3040 3041 2401)
4(2362 2402 3042 3002)
4(2401 3041 3042 2402)
4(2363 2403 3043 3003)
4(2402 3042 3043 2403)
4(2364 2404 3044 3004)
4(2403 3043 3044 2404)
4(2365 2405 3045 3005)
4(2404 3044 3045 2405)
4(2366 2406 3046 3006)
4(2405 3045 3046 2406)
4(2367 2407 3047 3007)
4(2406 3046 3047 2407)
4(2368 2408 3048 3008)
4(2407 3047 3048 2408)
4(2369 2409 3049 3009)
4(2408 3048 3049 2409)
4(2370 2410 3050 3010)
4(2409 3049 3050 2410)
4(2371 2411 3051 3011)
4(2410 3050 3051 2411)
4(2372 2412 3052 3012)
4(2411 3051 3052 2412)
4(2373 2413 3053 3013)
4(2412 3052 3053 2413)
4(2374 2414 3054 3014)
4(2413 3053 3054 2414)
4(2375 2415 3055 3015)
4(2414 3054 3055 2415)
4(2376 2416 3056 3016)
4(2415 3055 3056 2416)
4(2377 2417 3057 3017)
4(2416 3056 3057 2417)
4(2378 2418 3058 3018)
4(2417 3057 3058 2418)
4(2379 2419 3059 3019)
4(2418 3058 3059 2419)
4(2380 2420 3060 3020)
4(2419 3059 3060 2420)
4(2381 2421 3061 3021)
4(2420 3060 3061 2421)
4(2382 2422 3062 3022)
4(2421 3061 3062 2422)
4(2383 2423 3063 3023)
4(2422 3062 3063 2423)
4(2384 2424 3064 3024)
4(2423 3063 3064 2424)
4(2385 2425 3065 3025)
4(2424 3064 3065 2425)
4(2386 2426 3066 3026)
4(2425 3065 3066 2426)
4(2387 2427 3067 3027)
4(2426 3066 3067 2427)
4(2388 2428 3068 3028)
4(2427 3067 3068 2428)
4(2389 2429 3069 3029)
4(2428 3068 3069 2429)
4(2390 2430 3070 3030)
4(2429 3069 3070 2430)
4(2391 2431 3071 3031)
4(2430 3070 3071 2431)
4(2392 2432 3072 3032)
4(2431 3071 3072 2432)
4(2393 2433 3073 3033)
4(2432 3072 3073 2433)
4(2394 2434 3074 3034)
4(2433 3073 3074 2434)
4(2395 2435 3075 3035)
4(2434 3074 3075 2435)
4(2396 2436 3076 3036)
4(2435 3075 3076 2436)
4(2397 2437 3077 3037)
4(2436 3076 3077 2437)
4(2398 2438 3078 3038)
4(2437 3077 3078 2438)
4(2438 3078 3079 2439)
4(2399 2439 3079 3039)
4(2401 2441 3081 3041)
4(2440 3080 3081 2441)
4(2402 2442 3082 3042)
4(2441 3081 3082 2442)
4(2403 2443 3083 3043)
4(2442 3082 3083 2443)
4(2404 2444 3084 3044)
4(2443 3083 3084 2444)
4(2405 2445 3085 3045)
4(2444 3084 3085 2445)
4(2406 2446 3086 3046)
4(2445 3085 3086 2446)
4(2407 2447 3087 3047)
4(2446 3086 3087 2447)
4(2408 2448 3088 3048)
4(2447 3087 3088 2448)
4(2409 2449 3089 3049)
4(2448 3088 3089 2449)
4(2410 2450 3090 3050)
4(2449 3089 3090 2450)
4(2411 2451 3091 3051)
4(2450 3090 3091 2451)
4(2412 2452 3092 3052)
4(2451 3091 3092 2452)
4(2413 2453 3093 3053)
4(2452 3092 3093 2453)
4(2414 2454 3094 3054)
4(2453 3093 3094 2454)
4(2415 2455 3095 3055)
4(2454 3094 3095 2455)
4(2416 2456 3096 3056)
4(2455 3095 3096 2456)
4(2417 2457 3097 3057)
4(2456 3096 3097 2457)
4(2418 2458 3098 3058)
4(2457 3097 3098 2458)
4(2419 2459 3099 3059)
4(2458 3098 3099 2459)
4(2420 2460 3100 3060)
4(2459 3099 3100 2460)
4(2421 2461 3101 3061)
4(2460 3100 3101 2461)
4(2422 2462 3102 3062)
4(2461 3101 3102 2462)
4(2423 2463 3103 3063)
4(2462 3102 3103 2463)
4(2424 2464 3104 3064)
4(2463 3103 3104 2464)
4(2425 2465 3105 3065)
4(2464 3104 3105 2465)
4(2426 2466 3106 3066)
4(2465 3105 3106 2466)
4(2427 2467 3107 3067)
4(2466 3106 3107 2467)
4(2428 2468 3108 3068)
4(2467 3107 3108 2468)
4(2429 2469 3109 3069)
4(2468 3108 3109 2469)
4(2430 2470 3110 3070)
4(2469 3109 3110 2470)
4(2431 2471 3111 3071)
4(2470 3110 3111 2471)
4(2432 2472 3112 3072)
4(2471 3111 3112 2472)
4(2433 2473 3113 3073)
4(2472 3112 3113 2473)
4(2434 2474 3114 3074)
4(2473 3113 3114 2474)
4(2435 2475 3115 3075)
4(2474 3114 3115 2475)
4(2436 2476 3116 3076)
4(2475 3115 3116 2476)
4(2437 2477 3117 3077)
4(2476 3116 3117 2477)
4(2438 2478 3118 3078)
4(2477 3117 3118 2478)
4(2478 3118 3119 2479)
4(2439 2479 3119 3079)
4(2441 2481 3121 3081)
4(2480 3120 3121 2481)
4(2442 2482 3122 3082)
4(2481 3121 3122 2482)
4(2443 2483 3123 3083)
4(2482 3122 3123 2483)
4(2444 2484 3124 3084)
4(2483 3123 3124 2484)
4(2445 2485 3125 3085)
4(2484 3124 3125 2485)
4(2446 2486 3126 3086)
4(2485 3125 3126 2486)
4(2447 2487 3127 3087)
4(2486 3126 3127 2487)
4(2448 2488 3128 3088)
4(2487 3127 3128 2488)
4(2449 2489 3129 3089)
4(2488 3128 3129 2489)
4(2450 2490 3130 3090)
4(2489 3129 3130 2490)
4(2451 2491 3131 3091)
4(2490 3130 3131 2491)
4(2452 2492 3132 3092)
4(2491 3131 3132 2492)
4(2453 2493 3133 3093)
4(2492 3132 3133 2493)
4(2454 2494 3134 3094)
4(2493 3133 3134 2494)
4(2455 2495 3135 3095)
4(2494 3134 3135 2495)
4(2456 2496 3136 3096)
4(2495 3135 3136 2496)
4(2457 2497 3137 3097)
4(2496 3136 3137 2497)
4(2458 2498 3138 3098)
4(2497 3137 3138 2498)
4(2459 2499 3139 3099)
4(2498 3138 3139 2499)
4(2460 2500 3140 3100)
4(2499 3139 3140 2500)
4(2461 2501 3141 3101)
4(2500 3140 3141 2501)
4(2462 2502 3142 3102)
4(2501 3141 3142 2502)
4(2463 2503 3143 3103)
4(2502 3142 3143 2503)
4(2464 2504 3144 3104)
4(2503 3143 3144 2504)
4(2465 2505 3145 3105)
4(2504 3144 3145 2505)
4(2466 2506 3146 3106)
4(2505 3145 3146 2506)
4(2467 2507 3147 3107)
4(2506 3146 3147 2507)
4(2468 2508 3148 3108)
4(2507 3147 3148 2508)
4(2469 2509 3149 3109)
4(2508 3148 3149 2509)
4(2470 2510 3150 3110)
4(2509 3149 3150 2510)
4(2471 2511 3151 3111)
4(2510 3150 3151 2511)
4(2472 2512 3152 3112)
4(2511 3151 3152 2512)
4(2473 2513 3153 3113)
4(2512 3152 3153 2513)
4(2474 2514 3154 3114)
4(2513 3153 3154 2514)
4(2475 2515 3155 3115)
4(2514 3154 3155 2515)
4(2476 2516 3156 3116)
4(2515 3155 3156 2516)
4(2477 2517 3157 3117)
4(2516 3156 3157 2517)
4(2478 2518 3158 3118)
4(2517 3157 3158 2518)
4(2518 3158 3159 2519)
4(2479 2519 3159 3119)
4(2481 2521 3161 3121)
4(2520 3160 3161 2521)
4(2482 2522 3162 3122)
4(2521 3161 3162 2522)
4(2483 2523 3163 3123)
4(2522 3162 3163 2523)
4(2484 2524 3164 3124)
4(2523 3163 3164 2524)
4(2485 2525 3165 3125)
4(2524 3164 3165 2525)
4(2486 2526 3166 3126)
4(2525 3165 3166 2526)
4(2487 2527 3167 3127)
4(2526 3166 3167 2527)
4(2488 2528 3168 3128)
4(2527 3167 3168 2528)
4(2489 2529 3169 3129)
4(2528 3168 3169 2529)
4(2490 2530 3170 3130)
4(2529 3169 3170 2530)
4(2491 2531 3171 3131)
4(2530 3170 3171 2531)
4(2492 2532 3172 3132)
4(2531 3171 3172 2532)
4(2493 2533 3173 3133)
4(2532 3172 3173 2533)
4(2494 2534 3174 3134)
4(2533 3173 3174 2534)
4(2495 2535 3175 3135)
4(2534 3174 3175 2535)
4(2496 2536 3176 3136)
4(2535 3175 3176 2536)
4(2497 2537 3177 3137)
4(2536 3176 3177 2537)
4(2498 2538 3178 3138)
4(2537 3177 3178 2538)
4(2499 2539 3179 3139)
4(2538 3178 3179 2539)
4(2500 2540 3180 3140)
4(2539 3179 3180 2540)
4(2501 2541 3181 3141)
4(2540 3180 3181 2541)
4(2502 2542 3182 3142)
4(2541 3181 3182 2542)
4(2503 2543 3183 3143)
4(2542 3182 3183 2543)
4(2504 2544 3184 3144)
4(2543 3183 3184 2544)
4(2505 2545 3185 3145)
4(2544 3184 3185 2545)
4(2506 2546 3186 3146)
4(2545 3185 3186 2546)
4(2507 2547 3187 3147)
4(2546 3186 3187 2547)
4(2508 2548 3188 3148)
4(2547 3187 3188 2548)
4(2509 2549 3189 3149)
4(2548 3188 3189 2549)
4(2510 2550 3190 3150)
4(2549 3189 3190 2550)
4(2511 2551 3191 3151)
4(2550 3190 3191 2551)
4(2512 2552 3192 3152)
4(2551 3191 3192 2552)
4(2513 2553 3193 3153)
4(2552 3192 3193 2553)
4(2514 2554 3194 3154)
4(2553 3193 3194 2554)
4(2515 2555 3195 3155)
4(2554 3194 3195 2555)
4(2516 2556 3196 3156)
4(2555 3195 3196 2556)
4(2517 2557 3197 3157)
4(2556 3196 3197 2557)
4(2518 2558 3198 3158)
4(2557 3197 3198 2558)
4(2558 3198 3199 2559)
4(2519 2559 3199 3159)
4(2521 2561 3201 3161)
4(2560 3200 3201 2561)
4(2522 2562 3202 3162)
4(2561 3201 3202 2562)
4(2523 2563 3203 3163)
4(2562 3202 3203 2563)
4(2524 2564 3204 3164)
4(2563 3203 3204 2564)
4(2525 2565 3205 3165)
4(2564 3204 3205 2565)
4(2526 2566 3206 3166)
4(2565 3205 3206 2566)
4(2527 2567 3207 3167)
4(2566 3206 3207 2567)
4(2528 2568 3208 3168)
4(2567 3207 3208 2568)
4(2529 2569 3209 3169)
4(2568 3208 3209 2569)
4(2530 2570 3210 3170)
4(2569 3209 3210 2570)
4(2531 2571 3211 3171)
4(2570 3210 3211 2571)
4(2532 2572 3212 3172)
4(2571 3211 3212 2572)
4(2533 2573 3213 3173)
4(2572 3212 3213 2573)
4(2534 2574 3214 3174)
4(2573 3213 3214 2574)
4(2535 2575 3215 3175)
4(2574 3214 3215 2575)
4(2536 2576 3216 3176)
4(2575 3215 3216 2576)
4(2537 2577 3217 3177)
4(2576 3216 3217 2577)
4(2538 2578 3218 3178)
4(2577 3217 3218 2578)
4(2539 2579 3219 3179)
4(2578 3218 3219 2579)
4(2540 2580 3220 3180)
4(2579 3219 3220 2580)
4(2541 2581 3221 3181)
4(2580 3220 3221 2581)
4(2542 2582 3222 3182)
4(2581 3221 3222 2582)
4(2543 2583 3223 3183)
4(2582 3222 3223 2583)
4(2544 2584 3224 3184)
4(2583 3223 3224 2584)
4(2545 2585 3225 3185)
4(2584 3224 3225 2585)
4(2546 2586 3226 3186)
4(2585 3225 3226 2586)
4(2547 2587 3227 3187)
4(2586 3226 3227 2587)
4(2548 2588 3228 3188)
4(2587 3227 3228 2588)
4(2549 2589 3229 3189)
4(2588 3228 3229 2589)
4(2550 2590 3230 3190)
4(2589 3229 3230 2590)
4(2551 2591 3231 3191)
4(2590 3230 3231 2591)
4(2552 2592 3232 3192)
4(2591 3231 3232 2592)
4(2553 2593 3233 3193)
4(2592 3232 3233 2593)
4(2554 2594 3234 3194)
4(2593 3233 3234 2594)
4(2555 2595 3235 3195)
4(2594 3234 3235 2595)
4(2556 2596 3236 3196)
4(2595 3235 3236 2596)
4(2557 2597 3237 3197)
4(2596 3236 3237 2597)
4(2558 2598 3238 3198)
4(2597 3237 3238 2598)
4(2598 3238 3239 2599)
4(2559 2599 3239 3199)
4(2561 2601 3241 3201)
4(2562 2602 3242 3202)
4(2563 2603 3243 3203)
4(2564 2604 3244 3204)
4(2565 2605 3245 3205)
4(2566 2606 3246 3206)
4(2567 2607 3247 3207)
4(2568 2608 3248 3208)
4(2569 2609 3249 3209)
4(2570 2610 3250 3210)
4(2571 2611 3251 3211)
4(2572 2612 3252 3212)
4(2573 2613 3253 3213)
4(2574 2614 3254 3214)
4(2575 2615 3255 3215)
4(2576 2616 3256 3216)
4(2577 2617 3257 3217)
4(2578 2618 3258 3218)
4(2579 2619 3259 3219)
4(2580 2620 3260 3220)
4(2581 2621 3261 3221)
4(2582 2622 3262 3222)
4(2583 2623 3263 3223)
4(2584 2624 3264 3224)
4(2585 2625 3265 3225)
4(2586 2626 3266 3226)
4(2587 2627 3267 3227)
4(2588 2628 3268 3228)
4(2589 2629 3269 3229)
4(2590 2630 3270 3230)
4(2591 2631 3271 3231)
4(2592 2632 3272 3232)
4(2593 2633 3273 3233)
4(2594 2634 3274 3234)
4(2595 2635 3275 3235)
4(2596 2636 3276 3236)
4(2597 2637 3277 3237)
4(2598 2638 3278 3238)
4(2599 2639 3279 3239)
4(3280 3295 3670 3655)
4(79 1079 3670 3295)
4(3281 3296 3671 3656)
4(3295 3670 3671 3296)
4(3282 3297 3672 3657)
4(3296 3671 3672 3297)
4(3283 3298 3673 3658)
4(3297 3672 3673 3298)
4(3284 3299 3674 3659)
4(3298 3673 3674 3299)
4(3285 3300 3675 3660)
4(3299 3674 3675 3300)
4(3286 3301 3676 3661)
4(3300 3675 3676 3301)
4(3287 3302 3677 3662)
4(3301 3676 3677 3302)
4(3288 3303 3678 3663)
4(3302 3677 3678 3303)
4(3289 3304 3679 3664)
4(3303 3678 3679 3304)
4(3290 3305 3680 3665)
4(3304 3679 3680 3305)
4(3291 3306 3681 3666)
4(3305 3680 3681 3306)
4(3292 3307 3682 3667)
4(3306 3681 3682 3307)
4(3293 3308 3683 3668)
4(3307 3682 3683 3308)
4(3308 3683 3684 3309)
4(3294 3309 3684 3669)
4(3295 3310 3685 3670)
4(119 1119 3685 3310)
4(3296 3311 3686 3671)
4(3310 3685 3686 3311)
4(3297 3312 3687 3672)
4(3311 3686 3687 3312)
4(3298 3313 3688 3673)
4(3312 3687 3688 3313)
4(3299 3314 3689 3674)
4(3313 3688 3689 3314)
4(3300 3315 3690 3675)
4(3314 3689 3690 3315)
4(3301 3316 3691 3676)
4(3315 3690 3691 3316)
4(3302 3317 3692 3677)
4(3316 3691 3692 3317)
4(3303 3318 3693 3678)
4(3317 3692 3693 3318)
4(3304 3319 3694 3679)
4(3318 3693 3694 3319)
4(3305 3320 3695 3680)
4(3319 3694 3695 3320)
4(3306 3321 3696 3681)
4(3320 3695 3696 3321)
4(3307 3322 3697 3682)
4(3321 3696 3697 3322)
4(3308 3323 3698 3683)
4(3322 3697 3698 3323)
4(3323 3698 3699 3324)
4(3309 3324 3699 3684)
4(3310 3325 3700 3685)
4(159 1159 3700 3325)
4(3311 3326 3701 3686)
4(3325 3700 3701 3326)
4(3312 3327 3702 3687)
4(3326 3701 3702 3327)
4(3313 3328 3703 3688)
4(3327 3702 3703 3328)
4(3314 3329 3704 3689)
4(3328 3703 3704 3329)
4(3315 3330 3705 3690)
4(3329 3704 3705 3330)
4(3316 3331 3706 3691)
4(3330 3705 3706 3331)
4(3317 3332 3707 3692)
4(3331 3706 3707 3332)
4(3318 3333 3708 3693)
4(3332 3707 3708 3333)
4(3319 3334 3709 3694)
4(3333 3708 3709 3334)
4(3320 3335 3710 3695)
4(3334 3709 3710 3335)
4(3321 3336 3711 3696)
4(3335 3710 3711 3336)
4(3322 3337 3712 3697)
4(3336 3711 3712 3337)
4(3323 3338 3713 3698)
4(3337 3712 3713 3338)
4(3338 3713 3714 3339)
4(3324 3339 3714 3699)
4(3325 3340 3715 3700)
4(199 1199 3715 3340)
4(3326 3341 3716 3701)
4(3340 3715 3716 3341)
4(3327 3342 3717 3702)
4(3341 3716 3717 3342)
4(3328 3343 3718 3703)
4(3342 3717 3718 3343)
4(3329 3344 3719 3704)
4(3343 3718 3719 3344)
4(3330 3345 3720 3705)
4(3344 3719 3720 3345)
4(3331 3346 3721 3706)
4(3345 3720 3721 3346)
4(3332 3347 3722 3707)
4(3346 3721 3722 3347)
4(3333 3348 3723 3708)
4(3347 3722 3723 3348)
4(3334 3349 3724 3709)
4(3348 3723 3724 3349)
4(3335 3350 3725 3710)
4(3349 3724 3725 3350)
4(3336 3351 3726 3711)
4(3350 3725 3726 3351)
4(3337 3352 3727 3712)
4(3351 3726 3727 3352)
4(3338 3353 3728 3713)
4(3352 3727 3728 3353)
4(3353 3728 3729 3354)
4(3339 3354 3729 3714)
4(3340 3355 3730 3715)
4(239 1239 3730 3355)
4(3341 3356 3731 3716)
4(3355 3730 3731 3356)
4(3342 3357 3732 3717)
4(3356 3731 3732 3357)
4(3343 3358 3733 3718)
4(3357 3732 3733 3358)
4(3344 3359 3734 3719)
4(3358 3733 3734 3359)
4(3345 3360 3735 3720)
4(3359 3734 3735 3360)
4(3346 3361 3736 3721)
4(3360 3735 3736 3361)
4(3347 3362 3737 3722)
4(3361 3736 3737 3362)
4(3348 3363 3738 3723)
4(3362 3737 3738 3363)
4(3349 3364 3739 3724)
4(3363 3738 3739 3364)
4(3350 3365 3740 3725)
4(3364 3739 3740 3365)
4(3351 3366 3741 3726)
4(3365 3740 3741 3366)
4(3352 3367 3742 3727)
4(3366 3741 3742 3367)
4(3353 3368 3743 3728)
4(3367 3742 3743 3368)
4(3368 3743 3744 3369)
4(3354 3369 3744 3729)
4(3355 3370 3745 3730)
4(279 1279 3745 3370)
4(3356 3371 3746 3731)
4(3370 3745 3746 3371)
4(3357 3372 3747 3732)
4(3371 3746 3747 3372)
4(3358 3373 3748 3733)
4(3372 3747 3748 3373)
4(3359 3374 3749 3734)
4(3373 3748 3749 3374)
4(3360 3375 3750 3735)
4(3374 3749 3750 3375)
4(3361 3376 3751 3736)
4(3375 3750 3751 3376)
4(3362 3377 3752 3737)
4(3376 3751 3752 3377)
4(3363 3378 3753 3738)
4(3377 3752 3753 3378)
4(3364 3379 3754 3739)
4(3378 3753 3754 3379)
4(3365 3380 3755 3740)
4(3379 3754 3755 3380)
4(3366 3381 3756 3741)
4(3380 3755 3756 3381)
4(3367 3382 3757 3742)
4(3381 3756 3757 3382)
4(3368 3383 3758 3743)
4(3382 3757 3758 3383)
4(3383 3758 3759 3384)
4(3369 3384 3759 3744)
4(3370 3385 3760 3745)
4(319 1319 3760 3385)
4(3371 3386 3761 3746)
4(3385 3760 3761 3386)
4(3372 3387 3762 3747)
4(3386 3761 3762 3387)
4(3373 3388 3763 3748)
4(3387 3762 3763 3388)
4(3374 3389 3764 3749)
4(3388 3763 3764 3389)
4(3375 3390 3765 3750)
4(3389 3764 3765 3390)
4(3376 3391 3766 3751)
4(3390 3765 3766 3391)
4(3377 3392 3767 3752)
4(3391 3766 3767 3392)
4(3378 3393 3768 3753)
4(3392 3767 3768 3393)
4(3379 3394 3769 3754)
4(3393 3768 3769 3394)
4(3380 3395 3770 3755)
4(3394 3769 3770 3395)
4(3381 3396 3771 3756)
4(3395 3770 3771 3396)
4(3382 3397 3772 3757)
4(3396 3771 3772 3397)
4(3383 3398 3773 3758)
4(3397 3772 3773 3398)
4(3398 3773 3774 3399)
4(3384 3399 3774 3759)
4(3385 3400 3775 3760)
4(359 1359 3775 3400)
4(3386 3401 3776 3761)
4(3400 3775 3776 3401)
4(3387 3402 3777 3762)
4(3401 3776 3777 3402)
4(3388 3403 3778 3763)
4(3402 3777 3778 3403)
4(3389 3404 3779 3764)
4(3403 3778 3779 3404)
4(3390 3405 3780 3765)
4(3404 3779 3780 3405)
4(3391 3406 3781 3766)
4(3405 3780 3781 3406)
4(3392 3407 3782 3767)
4(3406 3781 3782 3407)
4(3393 3408 3783 3768)
4(3407 3782 3783 3408)
4(3394 3409 3784 3769)
4(3408 3783 3784 3409)
4(3395 3410 3785 3770)
4(3409 3784 3785 3410)
4(3396 3411 3786 3771)
4(3410 3785 3786 3411)
4(3397 3412 3787 3772)
4(3411 3786 3787 3412)
4(3398 3413 3788 3773)
4(3412 3787 3788 3413)
4(3413 3788 3789 3414)
4(3399 3414 3789 3774)
4(3400 3415 3790 3775)
4(399 1399 3790 3415)
4(3401 3416 3791 3776)
4(3415 3790 3791 3416)
4(3402 3417 3792 3777)
4(3416 3791 3792 3417)
4(3403 3418 3793 3778)
4(3417 3792 3793 3418)
4(3404 3419 3794 3779)
4(3418 3793 3794 3419)
4(3405 3420 3795 3780)
4(3419 3794 3795 3420)
4(3406 3421 3796 3781)
4(3420 3795 3796 3421)
4(3407 3422 3797 3782)
4(3421 3796 3797 3422)
4(3408 3423 3798 3783)
4(3422 3797 3798 3423)
4(3409 3424 3799 3784)
4(3423 3798 3799 3424)
4(3410 3425 3800 3785)
4(3424 3799 3800 3425)
4(3411 3426 3801 3786)
4(3425 3800 3801 3426)
4(3412 3427 3802 3787)
4(3426 3801 3802 3427)
4(3413 3428 3803 3788)
4(3427 3802 3803 3428)
4(3428 3803 3804 3429)
4(3414 3429 3804 3789)
4(3415 3430 3805 3790)
4(439 1439 3805 3430)
4(3416 3431 3806 3791)
4(3430 3805 3806 3431)
4(3417 3432 3807 3792)
4(3431 3806 3807 3432)
4(3418 3433 3808 3793)
4(3432 3807 3808 3433)
4(3419 3434 3809 3794)
4(3433 3808 3809 3434)
4(3420 3435 3810 3795)
4(3434 3809 3810 3435)
4(3421 3436 3811 3796)
4(3435 3810 3811 3436)
4(3422 3437 3812 3797)
4(3436 3811 3812 3437)
4(3423 3438 3813 3798)
4(3437 3812 3813 3438)
4(3424 3439 3814 3799)
4(3438 3813 3814 3439)
4(3425 3440 3815 3800)
4(3439 3814 3815 3440)
4(3426 3441 3816 3801)
4(3440 3815 3816 3441)
4(3427 3442 3817 3802)
4(3441 3816 3817 3442)
4(3428 3443 3818 3803)
4(3442 3817 3818 3443)
4(3443 3818 3819 3444)
4(3429 3444 3819 3804)
4(3430 3445 3820 3805)
4(479 1479 3820 3445)
4(3431 3446 3821 3806)
4(3445 3820 3821 3446)
4(3432 3447 3822 3807)
4(3446 3821 3822 3447)
4(3433 3448 3823 3808)
4(3447 3822 3823 3448)
4(3434 3449 3824 3809)
4(3448 3823 3824 3449)
4(3435 3450 3825 3810)
4(3449 3824 3825 3450)
4(3436 3451 3826 3811)
4(3450 3825 3826 3451)
4(3437 3452 3827 3812)
4(3451 3826 3827 3452)
4(3438 3453 3828 3813)
4(3452 3827 3828 3453)
4(3439 3454 3829 3814)
4(3453 3828 3829 3454)
4(3440 3455 3830 3815)
4(3454 3829 3830 3455)
4(3441 3456 3831 3816)
4(3455 3830 3831 3456)
4(3442 3457 3832 3817)
4(3456 3831 3832 3457)
4(3443 3458 3833 3818)
4(3457 3832 3833 3458)
4(3458 3833 3834 3459)
4(3444 3459 3834 3819)
4(3445 3460 3835 3820)
4(519 1519 3835 3460)
4(3446 3461 3836 3821)
4(3460 3835 3836 3461)
4(3447 3462 3837 3822)
4(3461 3836 3837 3462)
4(3448 3463 3838 3823)
4(3462 3837 3838 3463)
4(3449 3464 3839 3824)
4(3463 3838 3839 3464)
4(3450 3465 3840 3825)
4(3464 3839 3840 3465)
4(3451 3466 3841 3826)
4(3465 3840 3841 3466)
4(3452 3467 3842 3827)
4(3466 3841 3842 3467)
4(3453 3468 3843 3828)
4(3467 3842 3843 3468)
4(3454 3469 3844 3829)
4(3468 3843 3844 3469)
4(3455 3470 3845 3830)
4(3469 3844 3845 3470)
4(3456 3471 3846 3831)
4(3470 3845 3846 3471)
4(3457 3472 3847 3832)
4(3471 3846 3847 3472)
4(3458 3473 3848 3833)
4(3472 3847 3848 3473)
4(3473 3848 3849 3474)
4(3459 3474 3849 3834)
4(3460 3475 3850 3835)
4(559 1559 3850 3475)
4(3461 3476 3851 3836)
4(3475 3850 3851 3476)
4(3462 3477 3852 3837)
4(3476 3851 3852 3477)
4(3463 3478 3853 3838)
4(3477 3852 3853 3478)
4(3464 3479 3854 3839)
4(3478 3853 3854 3479)
4(3465 3480 3855 3840)
4(3479 3854 3855 3480)
4(3466 3481 3856 3841)
4(3480 3855 3856 3481)
4(3467 3482 3857 3842)
4(3481 3856 3857 3482)
4(3468 3483 3858 3843)
4(3482 3857 3858 3483)
4(3469 3484 3859 3844)
4(3483 3858 3859 3484)
4(3470 3485 3860 3845)
4(3484 3859 3860 3485)
4(3471 3486 3861 3846)
4(3485 3860 3861 3486)
4(3472 3487 3862 3847)
4(3486 3861 3862 3487)
4(3473 3488 3863 3848)
4(3487 3862 3863 3488)
4(3488 3863 3864 3489)
4(3474 3489 3864 3849)
4(3475 3490 3865 3850)
4(599 1599 3865 3490)
4(3476 3491 3866 3851)
4(3490 3865 3866 3491)
4(3477 3492 3867 3852)
4(3491 3866 3867 3492)
4(3478 3493 3868 3853)
4(3492 3867 3868 3493)
4(3479 3494 3869 3854)
4(3493 3868 3869 3494)
4(3480 3495 3870 3855)
4(3494 3869 3870 3495)
4(3481 3496 3871 3856)
4(3495 3870 3871 3496)
4(3482 3497 3872 3857)
4(3496 3871 3872 3497)
4(3483 3498 3873 3858)
4(3497 3872 3873 3498)
4(3484 3499 3874 3859)
4(3498 3873 3874 3499)
4(3485 3500 3875 3860)
4(3499 3874 3875 3500)
4(3486 3501 3876 3861)
4(3500 3875 3876 3501)
4(3487 3502 3877 3862)
4(3501 3876 3877 3502)
4(3488 3503 3878 3863)
4(3502 3877 3878 3503)
4(3503 3878 3879 3504)
4(3489 3504 3879 3864)
4(3490 3505 3880 3865)
4(639 1639 3880 3505)
4(3491 3506 3881 3866)
4(3505 3880 3881 3506)
4(3492 3507 3882 3867)
4(3506 3881 3882 3507)
4(3493 3508 3883 3868)
4(3507 3882 3883 3508)
4(3494 3509 3884 3869)
4(3508 3883 3884 3509)
4(3495 3510 3885 3870)
4(3509 3884 3885 3510)
4(3496 3511 3886 3871)
4(3510 3885 3886 3511)
4(3497 3512 3887 3872)
4(3511 3886 3887 3512)
4(3498 3513 3888 3873)
4(3512 3887 3888 3513)
4(3499 3514 3889 3874)
4(3513 3888 3889 3514)
4(3500 3515 3890 3875)
4(3514 3889 3890 3515)
4(3501 3516 3891 3876)
4(3515 3890 3891 3516)
4(3502 3517 3892 3877)
4(3516 3891 3892 3517)
4(3503 3518 3893 3878)
4(3517 3892 3893 3518)
4(3518 3893 3894 3519)
4(3504 3519 3894 3879)
4(3505 3520 3895 3880)
4(679 1679 3895 3520)
4(3506 3521 3896 3881)
4(3520 3895 3896 3521)
4(3507 3522 3897 3882)
4(3521 3896 3897 3522)
4(3508 3523 3898 3883)
4(3522 3897 3898 3523)
4(3509 3524 3899 3884)
4(3523 3898 3899 3524)
4(3510 3525 3900 3885)
4(3524 3899 3900 3525)
4(3511 3526 3901 3886)
4(3525 3900 3901 3526)
4(3512 3527 3902 3887)
4(3526 3901 3902 3527)
4(3513 3528 3903 3888)
4(3527 3902 3903 3528)
4(3514 3529 3904 3889)
4(3528 3903 3904 3529)
4(3515 3530 3905 3890)
4(3529 3904 3905 3530)
4(3516 3531 3906 3891)
4(3530 3905 3906 3531)
4(3517 3532 3907 3892)
4(3531 3906 3907 3532)
4(3518 3533 3908 3893)
4(3532 3907 3908 3533)
4(3533 3908 3909 3534)
4(3519 3534 3909 3894)
4(3520 3535 3910 3895)
4(719 1719 3910 3535)
4(3521 3536 3911 3896)
4(3535 3910 3911 3536)
4(3522 3537 3912 3897)
4(3536 3911 3912 3537)
4(3523 3538 3913 3898)
4(3537 3912 3913 3538)
4(3524 3539 3914 3899)
4(3538 3913 3914 3539)
4(3525 3540 3915 3900)
4(3539 3914 3915 3540)
4(3526 3541 3916 3901)
4(3540 3915 3916 3541)
4(3527 3542 3917 3902)
4(3541 3916 3917 3542)
4(3528 3543 3918 3903)
4(3542 3917 3918 3543)
4(3529 3544 3919 3904)
4(3543 3918 3919 3544)
4(3530 3545 3920 3905)
4(3544 3919 3920 3545)
4(3531 3546 3921 3906)
4(3545 3920 3921 3546)
4(3532 3547 3922 3907)
4(3546 3921 3922 3547)
4(3533 3548 3923 3908)
4(3547 3922 3923 3548)
4(3548 3923 3924 3549)
4(3534 3549 3924 3909)
4(3535 3550 3925 3910)
4(759 1759 3925 3550)
4(3536 3551 3926 3911)
4(3550 3925 3926 3551)
4(3537 3552 3927 3912)
4(3551 3926 3927 3552)
4(3538 3553 3928 3913)
4(3552 3927 3928 3553)
4(3539 3554 3929 3914)
4(3553 3928 3929 3554)
4(3540 3555 3930 3915)
4(3554 3929 3930 3555)
4(3541 3556 3931 3916)
4(3555 3930 3931 3556)
4(3542 3557 3932 3917)
4(3556 3931 3932 3557)
4(3543 3558 3933 3918)
4(3557 3932 3933 3558)
4(3544 3559 3934 3919)
4(3558 3933 3934 3559)
4(3545 3560 3935 3920)
4(3559 3934 3935 3560)
4(3546 3561 3936 3921)
4(3560 3935 3936 3561)
4(3547 3562 3937 3922)
4(3561 3936 3937 3562)
4(3548 3563 3938 3923)
4(3562 3937 3938 3563)
4(3563 3938 3939 3564)
4(3549 3564 3939 3924)
4(3550 3565 3940 3925)
4(799 1799 3940 3565)
4(3551 3566 3941 3926)
4(3565 3940 3941 3566)
4(3552 3567 3942 3927)
4(3566 3941 3942 3567)
4(3553 3568 3943 3928)
4(3567 3942 3943 3568)
4(3554 3569 3944 3929)
4(3568 3943 3944 3569)
4(3555 3570 3945 3930)
4(3569 3944 3945 3570)
4(3556 3571 3946 3931)
4(3570 3945 3946 3571)
4(3557 3572 3947 3932)
4(3571 3946 3947 3572)
4(3558 3573 3948 3933)
4(3572 3947 3948 3573)
4(3559 3574 3949 3934)
4(3573 3948 3949 3574)
4(3560 3575 3950 3935)
4(3574 3949 3950 3575)
4(3561 3576 3951 3936)
4(3575 3950 3951 3576)
4(3562 3577 3952 3937)
4(3576 3951 3952 3577)
4(3563 3578 3953 3938)
4(3577 3952 3953 3578)
4(3578 3953 3954 3579)
4(3564 3579 3954 3939)
4(3565 3580 3955 3940)
4(839 1839 3955 3580)
4(3566 3581 3956 3941)
4(3580 3955 3956 3581)
4(3567 3582 3957 3942)
4(3581 3956 3957 3582)
4(3568 3583 3958 3943)
4(3582 3957 3958 3583)
4(3569 3584 3959 3944)
4(3583 3958 3959 3584)
4(3570 3585 3960 3945)
4(3584 3959 3960 3585)
4(3571 3586 3961 3946)
4(3585 3960 3961 3586)
4(3572 3587 3962 3947)
4(3586 3961 3962 3587)
4(3573 3588 3963 3948)
4(3587 3962 3963 3588)
4(3574 3589 3964 3949)
4(3588 3963 3964 3589)
4(3575 3590 3965 3950)
4(3589 3964 3965 3590)
4(3576 3591 3966 3951)
4(3590 3965 3966 3591)
4(3577 3592 3967 3952)
4(3591 3966 3967 3592)
4(3578 3593 3968 3953)
4(3592 3967 3968 3593)
4(3593 3968 3969 3594)
4(3579 3594 3969 3954)
4(3580 3595 3970 3955)
4(879 1879 3970 3595)
4(3581 3596 3971 3956)
4(3595 3970 3971 3596)
4(3582 3597 3972 3957)
4(3596 3971 3972 3597)
4(3583 3598 3973 3958)
4(3597 3972 3973 3598)
4(3584 3599 3974 3959)
4(3598 3973 3974 3599)
4(3585 3600 3975 3960)
4(3599 3974 3975 3600)
4(3586 3601 3976 3961)
4(3600 3975 3976 3601)
4(3587 3602 3977 3962)
4(3601 3976 3977 3602)
4(3588 3603 3978 3963)
4(3602 3977 3978 3603)
4(3589 3604 3979 3964)
4(3603 3978 3979 3604)
4(3590 3605 3980 3965)
4(3604 3979 3980 3605)
4(3591 3606 3981 3966)
4(3605 3980 3981 3606)
4(3592 3607 3982 3967)
4(3606 3981 3982 3607)
4(3593 3608 3983 3968)
4(3607 3982 3983 3608)
4(3608 3983 3984 3609)
4(3594 3609 3984 3969)
4(3595 3610 3985 3970)
4(919 1919 3985 3610)
4(3596 3611 3986 3971)
4(3610 3985 3986 3611)
4(3597 3612 3987 3972)
4(3611 3986 3987 3612)
4(3598 3613 3988 3973)
4(3612 3987 3988 3613)
4(3599 3614 3989 3974)
4(3613 3988 3989 3614)
4(3600 3615 3990 3975)
4(3614 3989 3990 3615)
4(3601 3616 3991 3976)
4(3615 3990 3991 3616)
4(3602 3617 3992 3977)
4(3616 3991 3992 3617)
4(3603 3618 3993 3978)
4(3617 3992 3993 3618)
4(3604 3619 3994 3979)
4(3618 3993 3994 3619)
4(3605 3620 3995 3980)
4(3619 3994 3995 3620)
4(3606 3621 3996 3981)
4(3620 3995 3996 3621)
4(3607 3622 3997 3982)
4(3621 3996 3997 3622)
4(3608 3623 3998 3983)
4(3622 3997 3998 3623)
4(3623 3998 3999 3624)
4(3609 3624 3999 3984)
4(3610 3625 4000 3985)
4(959 1959 4000 3625)
4(3611 3626 4001 3986)
4(3625 4000 4001 3626)
4(3612 3627 4002 3987)
4(3626 4001 4002 3627)
4(3613 3628 4003 3988)
4(3627 4002 4003 3628)
4(3614 3629 4004 3989)
4(3628 4003 4004 3629)
4(3615 3630 4005 3990)
4(3629 4004 4005 3630)
4(3616 3631 4006 3991)
4(3630 4005 4006 3631)
4(3617 3632 4007 3992)
4(3631 4006 4007 3632)
4(3618 3633 4008 3993)
4(3632 4007 4008 3633)
4(3619 3634 4009 3994)
4(3633 4008 4009 3634)
4(3620 3635 4010 3995)
4(3634 4009 4010 3635)
4(3621 3636 4011 3996)
4(3635 4010 4011 3636)
4(3622 3637 4012 3997)
4(3636 4011 4012 3637)
4(3623 3638 4013 3998)
4(3637 4012 4013 3638)
4(3638 4013 4014 3639)
4(3624 3639 4014 3999)
4(3625 3640 4015 4000)
4(999 1999 4015 3640)
4(3626 3641 4016 4001)
4(3640 4015 4016 3641)
4(3627 3642 4017 4002)
4(3641 4016 4017 3642)
4(3628 3643 4018 4003)
4(3642 4017 4018 3643)
4(3629 3644 4019 4004)
4(3643 4018 4019 3644)
4(3630 3645 4020 4005)
4(3644 4019 4020 3645)
4(3631 3646 4021 4006)
4(3645 4020 4021 3646)
4(3632 3647 4022 4007)
4(3646 4021 4022 3647)
4(3633 3648 4023 4008)
4(3647 4022 4023 3648)
4(3634 3649 4024 4009)
4(3648 4023 4024 3649)
4(3635 3650 4025 4010)
4(3649 4024 4025 3650)
4(3636 3651 4026 4011)
4(3650 4025 4026 3651)
4(3637 3652 4027 4012)
4(3651 4026 4027 3652)
4(3638 3653 4028 4013)
4(3652 4027 4028 3653)
4(3639 3654 4029 4014)
4(3653 4028 4029 3654)
4(4030 4045 4420 4405)
4(3309 3684 4420 4045)
4(4031 4046 4421 4406)
4(4045 4420 4421 4046)
4(4032 4047 4422 4407)
4(4046 4421 4422 4047)
4(4033 4048 4423 4408)
4(4047 4422 4423 4048)
4(4034 4049 4424 4409)
4(4048 4423 4424 4049)
4(4035 4050 4425 4410)
4(4049 4424 4425 4050)
4(4036 4051 4426 4411)
4(4050 4425 4426 4051)
4(4037 4052 4427 4412)
4(4051 4426 4427 4052)
4(4038 4053 4428 4413)
4(4052 4427 4428 4053)
4(4039 4054 4429 4414)
4(4053 4428 4429 4054)
4(4040 4055 4430 4415)
4(4054 4429 4430 4055)
4(4041 4056 4431 4416)
4(4055 4430 4431 4056)
4(4042 4057 4432 4417)
4(4056 4431 4432 4057)
4(4043 4058 4433 4418)
4(4057 4432 4433 4058)
4(4058 4433 4434 4059)
4(4045 4060 4435 4420)
4(3324 3699 4435 4060)
4(4046 4061 4436 4421)
4(4060 4435 4436 4061)
4(4047 4062 4437 4422)
4(4061 4436 4437 4062)
4(4048 4063 4438 4423)
4(4062 4437 4438 4063)
4(4049 4064 4439 4424)
4(4063 4438 4439 4064)
4(4050 4065 4440 4425)
4(4064 4439 4440 4065)
4(4051 4066 4441 4426)
4(4065 4440 4441 4066)
4(4052 4067 4442 4427)
4(4066 4441 4442 4067)
4(4053 4068 4443 4428)
4(4067 4442 4443 4068)
4(4054 4069 4444 4429)
4(4068 4443 4444 4069)
4(4055 4070 4445 4430)
4(4069 4444 4445 4070)
4(4056 4071 4446 4431)
4(4070 4445 4446 4071)
4(4057 4072 4447 4432)
4(4071 4446 4447 4072)
4(4058 4073 4448 4433)
4(4072 4447 4448 4073)
4(4073 4448 4449 4074)
4(4060 4075 4450 4435)
4(3339 3714 4450 4075)
4(4061 4076 4451 4436)
4(4075 4450 4451 4076)
4(4062 4077 4452 4437)
4(4076 4451 4452 4077)
4(4063 4078 4453 4438)
4(4077 4452 4453 4078)
4(4064 4079 4454 4439)
4(4078 4453 4454 4079)
4(4065 4080 4455 4440)
4(4079 4454 4455 4080)
4(4066 4081 4456 4441)
4(4080 4455 4456 4081)
4(4067 4082 4457 4442)
4(4081 4456 4457 4082)
4(4068 4083 4458 4443)
4(4082 4457 4458 4083)
4(4069 4084 4459 4444)
4(4083 4458 4459 4084)
4(4070 4085 4460 4445)
4(4084 4459 4460 4085)
4(4071 4086 4461 4446)
4(4085 4460 4461 4086)
4(4072 4087 4462 4447)
4(4086 4461 4462 4087)
4(4073 4088 4463 4448)
4(4087 4462 4463 4088)
4(4088 4463 4464 4089)
4(4075 4090 4465 4450)
4(3354 3729 4465 4090)
4(4076 4091 4466 4451)
4(4090 4465 4466 4091)
4(4077 4092 4467 4452)
4(4091 4466 4467 4092)
4(4078 4093 4468 4453)
4(4092 4467 4468 4093)
4(4079 4094 4469 4454)
4(4093 4468 4469 4094)
4(4080 4095 4470 4455)
4(4094 4469 4470 4095)
4(4081 4096 4471 4456)
4(4095 4470 4471 4096)
4(4082 4097 4472 4457)
4(4096 4471 4472 4097)
4(4083 4098 4473 4458)
4(4097 4472 4473 4098)
4(4084 4099 4474 4459)
4(4098 4473 4474 4099)
4(4085 4100 4475 4460)
4(4099 4474 4475 4100)
4(4086 4101 4476 4461)
4(4100 4475 4476 4101)
4(4087 4102 4477 4462)
4(4101 4476 4477 4102)
4(4088 4103 4478 4463)
4(4102 4477 4478 4103)
4(4103 4478 4479 4104)
4(4090 4105 4480 4465)
4(3369 3744 4480 4105)
4(4091 4106 4481 4466)
4(4105 4480 4481 4106)
4(4092 4107 4482 4467)
4(4106 4481 4482 4107)
4(4093 4108 4483 4468)
4(4107 4482 4483 4108)
4(4094 4109 4484 4469)
4(4108 4483 4484 4109)
4(4095 4110 4485 4470)
4(4109 4484 4485 4110)
4(4096 4111 4486 4471)
4(4110 4485 4486 4111)
4(4097 4112 4487 4472)
4(4111 4486 4487 4112)
4(4098 4113 4488 4473)
4(4112 4487 4488 4113)
4(4099 4114 4489 4474)
4(4113 4488 4489 4114)
4(4100 4115 4490 4475)
4(4114 4489 4490 4115)
4(4101 4116 4491 4476)
4(4115 4490 4491 4116)
4(4102 4117 4492 4477)
4(4116 4491 4492 4117)
4(4103 4118 4493 4478)
4(4117 4492 4493 4118)
4(4118 4493 4494 4119)
4(4105 4120 4495 4480)
4(3384 3759 4495 4120)
4(4106 4121 4496 4481)
4(4120 4495 4496 4121)
4(4107 4122 4497 4482)
4(4121 4496 4497 4122)
4(4108 4123 4498 4483)
4(4122 4497 4498 4123)
4(4109 4124 4499 4484)
4(4123 4498 4499 4124)
4(4110 4125 4500 4485)
4(4124 4499 4500 4125)
4(4111 4126 4501 4486)
4(4125 4500 4501 4126)
4(4112 4127 4502 4487)
4(4126 4501 4502 4127)
4(4113 4128 4503 4488)
4(4127 4502 4503 4128)
4(4114 4129 4504 4489)
4(4128 4503 4504 4129)
4(4115 4130 4505 4490)
4(4129 4504 4505 4130)
4(4116 4131 4506 4491)
4(4130 4505 4506 4131)
4(4117 4132 4507 4492)
4(4131 4506 4507 4132)
4(4118 4133 4508 4493)
4(4132 4507 4508 4133)
4(4133 4508 4509 4134)
4(4120 4135 4510 4495)
4(3399 3774 4510 4135)
4(4121 4136 4511 4496)
4(4135 4510 4511 4136)
4(4122 4137 4512 4497)
4(4136 4511 4512 4137)
4(4123 4138 4513 4498)
4(4137 4512 4513 4138)
4(4124 4139 4514 4499)
4(4138 4513 4514 4139)
4(4125 4140 4515 4500)
4(4139 4514 4515 4140)
4(4126 4141 4516 4501)
4(4140 4515 4516 4141)
4(4127 4142 4517 4502)
4(4141 4516 4517 4142)
4(4128 4143 4518 4503)
4(4142 4517 4518 4143)
4(4129 4144 4519 4504)
4(4143 4518 4519 4144)
4(4130 4145 4520 4505)
4(4144 4519 4520 4145)
4(4131 4146 4521 4506)
4(4145 4520 4521 4146)
4(4132 4147 4522 4507)
4(4146 4521 4522 4147)
4(4133 4148 4523 4508)
4(4147 4522 4523 4148)
4(4148 4523 4524 4149)
4(4135 4150 4525 4510)
4(3414 3789 4525 4150)
4(4136 4151 4526 4511)
4(4150 4525 4526 4151)
4(4137 4152 4527 4512)
4(4151 4526 4527 4152)
4(4138 4153 4528 4513)
4(4152 4527 4528 4153)
4(4139 4154 4529 4514)
4(4153 4528 4529 4154)
4(4140 4155 4530 4515)
4(4154 4529 4530 4155)
4(4141 4156 4531 4516)
4(4155 4530 4531 4156)
4(4142 4157 4532 4517)
4(4156 4531 4532 4157)
4(4143 4158 4533 4518)
4(4157 4532 4533 4158)
4(4144 4159 4534 4519)
4(4158 4533 4534 4159)
4(4145 4160 4535 4520)
4(4159 4534 4535 4160)
4(4146 4161 4536 4521)
4(4160 4535 4536 4161)
4(4147 4162 4537 4522)
4(4161 4536 4537 4162)
4(4148 4163 4538 4523)
4(4162 4537 4538 4163)
4(4163 4538 4539 4164)
4(4150 4165 4540 4525)
4(3429 3804 4540 4165)
4(4151 4166 4541 4526)
4(4165 4540 4541 4166)
4(4152 4167 4542 4527)
4(4166 4541 4542 4167)
4(4153 4168 4543 4528)
4(4167 4542 4543 4168)
4(4154 4169 4544 4529)
4(4168 4543 4544 4169)
4(4155 4170 4545 4530)
4(4169 4544 4545 4170)
4(4156 4171 4546 4531)
4(4170 4545 4546 4171)
4(4157 4172 4547 4532)
4(4171 4546 4547 4172)
4(4158 4173 4548 4533)
4(4172 4547 4548 4173)
4(4159 4174 4549 4534)
4(4173 4548 4549 4174)
4(4160 4175 4550 4535)
4(4174 4549 4550 4175)
4(4161 4176 4551 4536)
4(4175 4550 4551 4176)
4(4162 4177 4552 4537)
4(4176 4551 4552 4177)
4(4163 4178 4553 4538)
4(4177 4552 4553 4178)
4(4178 4553 4554 4179)
4(4165 4180 4555 4540)
4(3444 3819 4555 4180)
4(4166 4181 4556 4541)
4(4180 4555 4556 4181)
4(4167 4182 4557 4542)
4(4181 4556 4557 4182)
4(4168 4183 4558 4543)
4(4182 4557 4558 4183)
4(4169 4184 4559 4544)
4(4183 4558 4559 4184)
4(4170 4185 4560 4545)
4(4184 4559 4560 4185)
4(4171 4186 4561 4546)
4(4185 4560 4561 4186)
4(4172 4187 4562 4547)
4(4186 4561 4562 4187)
4(4173 4188 4563 4548)
4(4187 4562 4563 4188)
4(4174 4189 4564 4549)
4(4188 4563 4564 4189)
4(4175 4190 4565 4550)
4(4189 4564 4565 4190)
4(4176 4191 4566 4551)
4(4190 4565 4566 4191)
4(4177 4192 4567 4552)
4(4191 4566 4567 4192)
4(4178 4193 4568 4553)
4(4192 4567 4568 4193)
4(4193 4568 4569 4194)
4(4180 4195 4570 4555)
4(3459 3834 4570 4195)
4(4181 4196 4571 4556)
4(4195 4570 4571 4196)
4(4182 4197 4572 4557)
4(4196 4571 4572 4197)
4(4183 4198 4573 4558)
4(4197 4572 4573 4198)
4(4184 4199 4574 4559)
4(4198 4573 4574 4199)
4(4185 4200 4575 4560)
4(4199 4574 4575 4200)
4(4186 4201 4576 4561)
4(4200 4575 4576 4201)
4(4187 4202 4577 4562)
4(4201 4576 4577 4202)
4(4188 4203 4578 4563)
4(4202 4577 4578 4203)
4(4189 4204 4579 4564)
4(4203 4578 4579 4204)
4(4190 4205 4580 4565)
4(4204 4579 4580 4205)
4(4191 4206 4581 4566)
4(4205 4580 4581 4206)
4(4192 4207 4582 4567)
4(4206 4581 4582 4207)
4(4193 4208 4583 4568)
4(4207 4582 4583 4208)
4(4208 4583 4584 4209)
4(4195 4210 4585 4570)
4(3474 3849 4585 4210)
4(4196 4211 4586 4571)
4(4210 4585 4586 4211)
4(4197 4212 4587 4572)
4(4211 4586 4587 4212)
4(4198 4213 4588 4573)
4(4212 4587 4588 4213)
4(4199 4214 4589 4574)
4(4213 4588 4589 4214)
4(4200 4215 4590 4575)
4(4214 4589 4590 4215)
4(4201 4216 4591 4576)
4(4215 4590 4591 4216)
4(4202 4217 4592 4577)
4(4216 4591 4592 4217)
4(4203 4218 4593 4578)
4(4217 4592 4593 4218)
4(4204 4219 4594 4579)
4(4218 4593 4594 4219)
4(4205 4220 4595 4580)
4(4219 4594 4595 4220)
4(4206 4221 4596 4581)
4(4220 4595 4596 4221)
4(4207 4222 4597 4582)
4(4221 4596 4597 4222)
4(4208 4223 4598 4583)
4(4222 4597 4598 4223)
4(4223 4598 4599 4224)
4(4210 4225 4600 4585)
4(3489 3864 4600 4225)
4(4211 4226 4601 4586)
4(4225 4600 4601 4226)
4(4212 4227 4602 4587)
4(4226 4601 4602 4227)
4(4213 4228 4603 4588)
4(4227 4602 4603 4228)
4(4214 4229 4604 4589)
4(4228 4603 4604 4229)
4(4215 4230 4605 4590)
4(4229 4604 4605 4230)
4(4216 4231 4606 4591)
4(4230 4605 4606 4231)
4(4217 4232 4607 4592)
4(4231 4606 4607 4232)
4(4218 4233 4608 4593)
4(4232 4607 4608 4233)
4(4219 4234 4609 4594)
4(4233 4608 4609 4234)
4(4220 4235 4610 4595)
4(4234 4609 4610 4235)
4(4221 4236 4611 4596)
4(4235 4610 4611 4236)
4(4222 4237 4612 4597)
4(4236 4611 4612 4237)
4(4223 4238 4613 4598)
4(4237 4612 4613 4238)
4(4238 4613 4614 4239)
4(4225 4240 4615 4600)
4(3504 3879 4615 4240)
4(4226 4241 4616 4601)
4(4240 4615 4616 4241)
4(4227 4242 4617 4602)
4(4241 4616 4617 4242)
4(4228 4243 4618 4603)
4(4242 4617 4618 4243)
4(4229 4244 4619 4604)
4(4243 4618 4619 4244)
4(4230 4245 4620 4605)
4(4244 4619 4620 4245)
4(4231 4246 4621 4606)
4(4245 4620 4621 4246)
4(4232 4247 4622 4607)
4(4246 4621 4622 4247)
4(4233 4248 4623 4608)
4(4247 4622 4623 4248)
4(4234 4249 4624 4609)
4(4248 4623 4624 4249)
4(4235 4250 4625 4610)
4(4249 4624 4625 4250)
4(4236 4251 4626 4611)
4(4250 4625 4626 4251)
4(4237 4252 4627 4612)
4(4251 4626 4627 4252)
4(4238 4253 4628 4613)
4(4252 4627 4628 4253)
4(4253 4628 4629 4254)
4(4240 4255 4630 4615)
4(3519 3894 4630 4255)
4(4241 4256 4631 4616)
4(4255 4630 4631 4256)
4(4242 4257 4632 4617)
4(4256 4631 4632 4257)
4(4243 4258 4633 4618)
4(4257 4632 4633 4258)
4(4244 4259 4634 4619)
4(4258 4633 4634 4259)
4(4245 4260 4635 4620)
4(4259 4634 4635 4260)
4(4246 4261 4636 4621)
4(4260 4635 4636 4261)
4(4247 4262 4637 4622)
4(4261 4636 4637 4262)
4(4248 4263 4638 4623)
4(4262 4637 4638 4263)
4(4249 4264 4639 4624)
4(4263 4638 4639 4264)
4(4250 4265 4640 4625)
4(4264 4639 4640 4265)
4(4251 4266 4641 4626)
4(4265 4640 4641 4266)
4(4252 4267 4642 4627)
4(4266 4641 4642 4267)
4(4253 4268 4643 4628)
4(4267 4642 4643 4268)
4(4268 4643 4644 4269)
4(4255 4270 4645 4630)
4(3534 3909 4645 4270)
4(4256 4271 4646 4631)
4(4270 4645 4646 4271)
4(4257 4272 4647 4632)
4(4271 4646 4647 4272)
4(4258 4273 4648 4633)
4(4272 4647 4648 4273)
4(4259 4274 4649 4634)
4(4273 4648 4649 4274)
4(4260 4275 4650 4635)
4(4274 4649 4650 4275)
4(4261 4276 4651 4636)
4(4275 4650 4651 4276)
4(4262 4277 4652 4637)
4(4276 4651 4652 4277)
4(4263 4278 4653 4638)
4(4277 4652 4653 4278)
4(4264 4279 4654 4639)
4(4278 4653 4654 4279)
4(4265 4280 4655 4640)
4(4279 4654 4655 4280)
4(4266 4281 4656 4641)
4(4280 4655 4656 4281)
4(4267 4282 4657 4642)
4(4281 4656 4657 4282)
4(4268 4283 4658 4643)
4(4282 4657 4658 4283)
4(4283 4658 4659 4284)
4(4270 4285 4660 4645)
4(3549 3924 4660 4285)
4(4271 4286 4661 4646)
4(4285 4660 4661 4286)
4(4272 4287 4662 4647)
4(4286 4661 4662 4287)
4(4273 4288 4663 4648)
4(4287 4662 4663 4288)
4(4274 4289 4664 4649)
4(4288 4663 4664 4289)
4(4275 4290 4665 4650)
4(4289 4664 4665 4290)
4(4276 4291 4666 4651)
4(4290 4665 4666 4291)
4(4277 4292 4667 4652)
4(4291 4666 4667 4292)
4(4278 4293 4668 4653)
4(4292 4667 4668 4293)
4(4279 4294 4669 4654)
4(4293 4668 4669 4294)
4(4280 4295 4670 4655)
4(4294 4669 4670 4295)
4(4281 4296 4671 4656)
4(4295 4670 4671 4296)
4(4282 4297 4672 4657)
4(4296 4671 4672 4297)
4(4283 4298 4673 4658)
4(4297 4672 4673 4298)
4(4298 4673 4674 4299)
4(4285 4300 4675 4660)
4(3564 3939 4675 4300)
4(4286 4301 4676 4661)
4(4300 4675 4676 4301)
4(4287 4302 4677 4662)
4(4301 4676 4677 4302)
4(4288 4303 4678 4663)
4(4302 4677 4678 4303)
4(4289 4304 4679 4664)
4(4303 4678 4679 4304)
4(4290 4305 4680 4665)
4(4304 4679 4680 4305)
4(4291 4306 4681 4666)
4(4305 4680 4681 4306)
4(4292 4307 4682 4667)
4(4306 4681 4682 4307)
4(4293 4308 4683 4668)
4(4307 4682 4683 4308)
4(4294 4309 4684 4669)
4(4308 4683 4684 4309)
4(4295 4310 4685 4670)
4(4309 4684 4685 4310)
4(4296 4311 4686 4671)
4(4310 4685 4686 4311)
4(4297 4312 4687 4672)
4(4311 4686 4687 4312)
4(4298 4313 4688 4673)
4(4312 4687 4688 4313)
4(4313 4688 4689 4314)
4(4300 4315 4690 4675)
4(3579 3954 4690 4315)
4(4301 4316 4691 4676)
4(4315 4690 4691 4316)
4(4302 4317 4692 4677)
4(4316 4691 4692 4317)
4(4303 4318 4693 4678)
4(4317 4692 4693 4318)
4(4304 4319 4694 4679)
4(4318 4693 4694 4319)
4(4305 4320 4695 4680)
4(4319 4694 4695 4320)
4(4306 4321 4696 4681)
4(4320 4695 4696 4321)
4(4307 4322 4697 4682)
4(4321 4696 4697 4322)
4(4308 4323 4698 4683)
4(4322 4697 4698 4323)
4(4309 4324 4699 4684)
4(4323 4698 4699 4324)
4(4310 4325 4700 4685)
4(4324 4699 4700 4325)
4(4311 4326 4701 4686)
4(4325 4700 4701 4326)
4(4312 4327 4702 4687)
4(4326 4701 4702 4327)
4(4313 4328 4703 4688)
4(4327 4702 4703 4328)
4(4328 4703 4704 4329)
4(4315 4330 4705 4690)
4(3594 3969 4705 4330)
4(4316 4331 4706 4691)
4(4330 4705 4706 4331)
4(4317 4332 4707 4692)
4(4331 4706 4707 4332)
4(4318 4333 4708 4693)
4(4332 4707 4708 4333)
4(4319 4334 4709 4694)
4(4333 4708 4709 4334)
4(4320 4335 4710 4695)
4(4334 4709 4710 4335)
4(4321 4336 4711 4696)
4(4335 4710 4711 4336)
4(4322 4337 4712 4697)
4(4336 4711 4712 4337)
4(4323 4338 4713 4698)
4(4337 4712 4713 4338)
4(4324 4339 4714 4699)
4(4338 4713 4714 4339)
4(4325 4340 4715 4700)
4(4339 4714 4715 4340)
4(4326 4341 4716 4701)
4(4340 4715 4716 4341)
4(4327 4342 4717 4702)
4(4341 4716 4717 4342)
4(4328 4343 4718 4703)
4(4342 4717 4718 4343)
4(4343 4718 4719 4344)
4(4330 4345 4720 4705)
4(3609 3984 4720 4345)
4(4331 4346 4721 4706)
4(4345 4720 4721 4346)
4(4332 4347 4722 4707)
4(4346 4721 4722 4347)
4(4333 4348 4723 4708)
4(4347 4722 4723 4348)
4(4334 4349 4724 4709)
4(4348 4723 4724 4349)
4(4335 4350 4725 4710)
4(4349 4724 4725 4350)
4(4336 4351 4726 4711)
4(4350 4725 4726 4351)
4(4337 4352 4727 4712)
4(4351 4726 4727 4352)
4(4338 4353 4728 4713)
4(4352 4727 4728 4353)
4(4339 4354 4729 4714)
4(4353 4728 4729 4354)
4(4340 4355 4730 4715)
4(4354 4729 4730 4355)
4(4341 4356 4731 4716)
4(4355 4730 4731 4356)
4(4342 4357 4732 4717)
4(4356 4731 4732 4357)
4(4343 4358 4733 4718)
4(4357 4732 4733 4358)
4(4358 4733 4734 4359)
4(4345 4360 4735 4720)
4(3624 3999 4735 4360)
4(4346 4361 4736 4721)
4(4360 4735 4736 4361)
4(4347 4362 4737 4722)
4(4361 4736 4737 4362)
4(4348 4363 4738 4723)
4(4362 4737 4738 4363)
4(4349 4364 4739 4724)
4(4363 4738 4739 4364)
4(4350 4365 4740 4725)
4(4364 4739 4740 4365)
4(4351 4366 4741 4726)
4(4365 4740 4741 4366)
4(4352 4367 4742 4727)
4(4366 4741 4742 4367)
4(4353 4368 4743 4728)
4(4367 4742 4743 4368)
4(4354 4369 4744 4729)
4(4368 4743 4744 4369)
4(4355 4370 4745 4730)
4(4369 4744 4745 4370)
4(4356 4371 4746 4731)
4(4370 4745 4746 4371)
4(4357 4372 4747 4732)
4(4371 4746 4747 4372)
4(4358 4373 4748 4733)
4(4372 4747 4748 4373)
4(4373 4748 4749 4374)
4(4360 4375 4750 4735)
4(3639 4014 4750 4375)
4(4361 4376 4751 4736)
4(4375 4750 4751 4376)
4(4362 4377 4752 4737)
4(4376 4751 4752 4377)
4(4363 4378 4753 4738)
4(4377 4752 4753 4378)
4(4364 4379 4754 4739)
4(4378 4753 4754 4379)
4(4365 4380 4755 4740)
4(4379 4754 4755 4380)
4(4366 4381 4756 4741)
4(4380 4755 4756 4381)
4(4367 4382 4757 4742)
4(4381 4756 4757 4382)
4(4368 4383 4758 4743)
4(4382 4757 4758 4383)
4(4369 4384 4759 4744)
4(4383 4758 4759 4384)
4(4370 4385 4760 4745)
4(4384 4759 4760 4385)
4(4371 4386 4761 4746)
4(4385 4760 4761 4386)
4(4372 4387 4762 4747)
4(4386 4761 4762 4387)
4(4373 4388 4763 4748)
4(4387 4762 4763 4388)
4(4388 4763 4764 4389)
4(4375 4390 4765 4750)
4(3654 4029 4765 4390)
4(4376 4391 4766 4751)
4(4390 4765 4766 4391)
4(4377 4392 4767 4752)
4(4391 4766 4767 4392)
4(4378 4393 4768 4753)
4(4392 4767 4768 4393)
4(4379 4394 4769 4754)
4(4393 4768 4769 4394)
4(4380 4395 4770 4755)
4(4394 4769 4770 4395)
4(4381 4396 4771 4756)
4(4395 4770 4771 4396)
4(4382 4397 4772 4757)
4(4396 4771 4772 4397)
4(4383 4398 4773 4758)
4(4397 4772 4773 4398)
4(4384 4399 4774 4759)
4(4398 4773 4774 4399)
4(4385 4400 4775 4760)
4(4399 4774 4775 4400)
4(4386 4401 4776 4761)
4(4400 4775 4776 4401)
4(4387 4402 4777 4762)
4(4401 4776 4777 4402)
4(4388 4403 4778 4763)
4(4402 4777 4778 4403)
4(4403 4778 4779 4404)
4(4780 4789 4942 4933)
4(2039 2679 4942 4789)
4(999 4780 4933 1999)
4(4781 4790 4943 4934)
4(4789 4942 4943 4790)
4(4780 4781 4934 4933)
4(4782 4791 4944 4935)
4(4790 4943 4944 4791)
4(4781 4782 4935 4934)
4(4783 4792 4945 4936)
4(4791 4944 4945 4792)
4(4782 4783 4936 4935)
4(4784 4793 4946 4937)
4(4792 4945 4946 4793)
4(4783 4784 4937 4936)
4(4785 4794 4947 4938)
4(4793 4946 4947 4794)
4(4784 4785 4938 4937)
4(4786 4795 4948 4939)
4(4794 4947 4948 4795)
4(4785 4786 4939 4938)
4(4787 4796 4949 4940)
4(4795 4948 4949 4796)
4(4786 4787 4940 4939)
4(4796 4949 4950 4797)
4(4787 4788 4941 4940)
4(4789 4798 4951 4942)
4(2079 2719 4951 4798)
4(4790 4799 4952 4943)
4(4798 4951 4952 4799)
4(4791 4800 4953 4944)
4(4799 4952 4953 4800)
4(4792 4801 4954 4945)
4(4800 4953 4954 4801)
4(4793 4802 4955 4946)
4(4801 4954 4955 4802)
4(4794 4803 4956 4947)
4(4802 4955 4956 4803)
4(4795 4804 4957 4948)
4(4803 4956 4957 4804)
4(4796 4805 4958 4949)
4(4804 4957 4958 4805)
4(4805 4958 4959 4806)
4(4798 4807 4960 4951)
4(2119 2759 4960 4807)
4(4799 4808 4961 4952)
4(4807 4960 4961 4808)
4(4800 4809 4962 4953)
4(4808 4961 4962 4809)
4(4801 4810 4963 4954)
4(4809 4962 4963 4810)
4(4802 4811 4964 4955)
4(4810 4963 4964 4811)
4(4803 4812 4965 4956)
4(4811 4964 4965 4812)
4(4804 4813 4966 4957)
4(4812 4965 4966 4813)
4(4805 4814 4967 4958)
4(4813 4966 4967 4814)
4(4814 4967 4968 4815)
4(4807 4816 4969 4960)
4(2159 2799 4969 4816)
4(4808 4817 4970 4961)
4(4816 4969 4970 4817)
4(4809 4818 4971 4962)
4(4817 4970 4971 4818)
4(4810 4819 4972 4963)
4(4818 4971 4972 4819)
4(4811 4820 4973 4964)
4(4819 4972 4973 4820)
4(4812 4821 4974 4965)
4(4820 4973 4974 4821)
4(4813 4822 4975 4966)
4(4821 4974 4975 4822)
4(4814 4823 4976 4967)
4(4822 4975 4976 4823)
4(4823 4976 4977 4824)
4(4816 4825 4978 4969)
4(2199 2839 4978 4825)
4(4817 4826 4979 4970)
4(4825 4978 4979 4826)
4(4818 4827 4980 4971)
4(4826 4979 4980 4827)
4(4819 4828 4981 4972)
4(4827 4980 4981 4828)
4(4820 4829 4982 4973)
4(4828 4981 4982 4829)
4(4821 4830 4983 4974)
4(4829 4982 4983 4830)
4(4822 4831 4984 4975)
4(4830 4983 4984 4831)
4(4823 4832 4985 4976)
4(4831 4984 4985 4832)
4(4832 4985 4986 4833)
4(4825 4834 4987 4978)
4(2239 2879 4987 4834)
4(4826 4835 4988 4979)
4(4834 4987 4988 4835)
4(4827 4836 4989 4980)
4(4835 4988 4989 4836)
4(4828 4837 4990 4981)
4(4836 4989 4990 4837)
4(4829 4838 4991 4982)
4(4837 4990 4991 4838)
4(4830 4839 4992 4983)
4(4838 4991 4992 4839)
4(4831 4840 4993 4984)
4(4839 4992 4993 4840)
4(4832 4841 4994 4985)
4(4840 4993 4994 4841)
4(4841 4994 4995 4842)
4(4834 4843 4996 4987)
4(2279 2919 4996 4843)
4(4835 4844 4997 4988)
4(4843 4996 4997 4844)
4(4836 4845 4998 4989)
4(4844 4997 4998 4845)
4(4837 4846 4999 4990)
4(4845 4998 4999 4846)
4(4838 4847 5000 4991)
4(4846 4999 5000 4847)
4(4839 4848 5001 4992)
4(4847 5000 5001 4848)
4(4840 4849 5002 4993)
4(4848 5001 5002 4849)
4(4841 4850 5003 4994)
4(4849 5002 5003 4850)
4(4850 5003 5004 4851)
4(4843 4852 5005 4996)
4(2319 2959 5005 4852)
4(4844 4853 5006 4997)
4(4852 5005 5006 4853)
4(4845 4854 5007 4998)
4(4853 5006 5007 4854)
4(4846 4855 5008 4999)
4(4854 5007 5008 4855)
4(4847 4856 5009 5000)
4(4855 5008 5009 4856)
4(4848 4857 5010 5001)
4(4856 5009 5010 4857)
4(4849 4858 5011 5002)
4(4857 5010 5011 4858)
4(4850 4859 5012 5003)
4(4858 5011 5012 4859)
4(4859 5012 5013 4860)
4(4852 4861 5014 5005)
4(2359 2999 5014 4861)
4(4853 4862 5015 5006)
4(4861 5014 5015 4862)
4(4854 4863 5016 5007)
4(4862 5015 5016 4863)
4(4855 4864 5017 5008)
4(4863 5016 5017 4864)
4(4856 4865 5018 5009)
4(4864 5017 5018 4865)
4(4857 4866 5019 5010)
4(4865 5018 5019 4866)
4(4858 4867 5020 5011)
4(4866 5019 5020 4867)
4(4859 4868 5021 5012)
4(4867 5020 5021 4868)
4(4868 5021 5022 4869)
4(4861 4870 5023 5014)
4(2399 3039 5023 4870)
4(4862 4871 5024 5015)
4(4870 5023 5024 4871)
4(4863 4872 5025 5016)
4(4871 5024 5025 4872)
4(4864 4873 5026 5017)
4(4872 5025 5026 4873)
4(4865 4874 5027 5018)
4(4873 5026 5027 4874)
4(4866 4875 5028 5019)
4(4874 5027 5028 4875)
4(4867 4876 5029 5020)
4(4875 5028 5029 4876)
4(4868 4877 5030 5021)
4(4876 5029 5030 4877)
4(4877 5030 5031 4878)
4(4870 4879 5032 5023)
4(2439 3079 5032 4879)
4(4871 4880 5033 5024)
4(4879 5032 5033 4880)
4(4872 4881 5034 5025)
4(4880 5033 5034 4881)
4(4873 4882 5035 5026)
4(4881 5034 5035 4882)
4(4874 4883 5036 5027)
4(4882 5035 5036 4883)
4(4875 4884 5037 5028)
4(4883 5036 5037 4884)
4(4876 4885 5038 5029)
4(4884 5037 5038 4885)
4(4877 4886 5039 5030)
4(4885 5038 5039 4886)
4(4886 5039 5040 4887)
4(4879 4888 5041 5032)
4(2479 3119 5041 4888)
4(4880 4889 5042 5033)
4(4888 5041 5042 4889)
4(4881 4890 5043 5034)
4(4889 5042 5043 4890)
4(4882 4891 5044 5035)
4(4890 5043 5044 4891)
4(4883 4892 5045 5036)
4(4891 5044 5045 4892)
4(4884 4893 5046 5037)
4(4892 5045 5046 4893)
4(4885 4894 5047 5038)
4(4893 5046 5047 4894)
4(4886 4895 5048 5039)
4(4894 5047 5048 4895)
4(4895 5048 5049 4896)
4(4888 4897 5050 5041)
4(2519 3159 5050 4897)
4(4889 4898 5051 5042)
4(4897 5050 5051 4898)
4(4890 4899 5052 5043)
4(4898 5051 5052 4899)
4(4891 4900 5053 5044)
4(4899 5052 5053 4900)
4(4892 4901 5054 5045)
4(4900 5053 5054 4901)
4(4893 4902 5055 5046)
4(4901 5054 5055 4902)
4(4894 4903 5056 5047)
4(4902 5055 5056 4903)
4(4895 4904 5057 5048)
4(4903 5056 5057 4904)
4(4904 5057 5058 4905)
4(4897 4906 5059 5050)
4(2559 3199 5059 4906)
4(4898 4907 5060 5051)
4(4906 5059 5060 4907)
4(4899 4908 5061 5052)
4(4907 5060 5061 4908)
4(4900 4909 5062 5053)
4(4908 5061 5062 4909)
4(4901 4910 5063 5054)
4(4909 5062 5063 4910)
4(4902 4911 5064 5055)
4(4910 5063 5064 4911)
4(4903 4912 5065 5056)
4(4911 5064 5065 4912)
4(4904 4913 5066 5057)
4(4912 5065 5066 4913)
4(4913 5066 5067 4914)
4(4906 4915 5068 5059)
4(2599 3239 5068 4915)
4(4907 4916 5069 5060)
4(4915 5068 5069 4916)
4(4908 4917 5070 5061)
4(4916 5069 5070 4917)
4(4909 4918 5071 5062)
4(4917 5070 5071 4918)
4(4910 4919 5072 5063)
4(4918 5071 5072 4919)
4(4911 4920 5073 5064)
4(4919 5072 5073 4920)
4(4912 4921 5074 5065)
4(4920 5073 5074 4921)
4(4913 4922 5075 5066)
4(4921 5074 5075 4922)
4(4922 5075 5076 4923)
4(4915 4924 5077 5068)
4(4916 4925 5078 5069)
4(4917 4926 5079 5070)
4(4918 4927 5080 5071)
4(4919 4928 5081 5072)
4(4920 4929 5082 5073)
4(4921 4930 5083 5074)
4(4922 4931 5084 5075)
4(3640 5086 5221 4015)
4(4780 4933 5221 5086)
4(3641 5087 5222 4016)
4(5086 5221 5222 5087)
4(3642 5088 5223 4017)
4(5087 5222 5223 5088)
4(3643 5089 5224 4018)
4(5088 5223 5224 5089)
4(3644 5090 5225 4019)
4(5089 5224 5225 5090)
4(3645 5091 5226 4020)
4(5090 5225 5226 5091)
4(3646 5092 5227 4021)
4(5091 5226 5227 5092)
4(3647 5093 5228 4022)
4(5092 5227 5228 5093)
4(3648 5094 5229 4023)
4(5093 5228 5229 5094)
4(3649 5095 5230 4024)
4(5094 5229 5230 5095)
4(3650 5096 5231 4025)
4(5095 5230 5231 5096)
4(3651 5097 5232 4026)
4(5096 5231 5232 5097)
4(3652 5098 5233 4027)
4(5097 5232 5233 5098)
4(3653 5099 5234 4028)
4(5098 5233 5234 5099)
4(5099 5234 5235 5100)
4(3654 5100 5235 4029)
4(5086 5101 5236 5221)
4(4781 4934 5236 5101)
4(5087 5102 5237 5222)
4(5101 5236 5237 5102)
4(5088 5103 5238 5223)
4(5102 5237 5238 5103)
4(5089 5104 5239 5224)
4(5103 5238 5239 5104)
4(5090 5105 5240 5225)
4(5104 5239 5240 5105)
4(5091 5106 5241 5226)
4(5105 5240 5241 5106)
4(5092 5107 5242 5227)
4(5106 5241 5242 5107)
4(5093 5108 5243 5228)
4(5107 5242 5243 5108)
4(5094 5109 5244 5229)
4(5108 5243 5244 5109)
4(5095 5110 5245 5230)
4(5109 5244 5245 5110)
4(5096 5111 5246 5231)
4(5110 5245 5246 5111)
4(5097 5112 5247 5232)
4(5111 5246 5247 5112)
4(5098 5113 5248 5233)
4(5112 5247 5248 5113)
4(5099 5114 5249 5234)
4(5113 5248 5249 5114)
4(5114 5249 5250 5115)
4(5100 5115 5250 5235)
4(5101 5116 5251 5236)
4(4782 4935 5251 5116)
4(5102 5117 5252 5237)
4(5116 5251 5252 5117)
4(5103 5118 5253 5238)
4(5117 5252 5253 5118)
4(5104 5119 5254 5239)
4(5118 5253 5254 5119)
4(5105 5120 5255 5240)
4(5119 5254 5255 5120)
4(5106 5121 5256 5241)
4(5120 5255 5256 5121)
4(5107 5122 5257 5242)
4(5121 5256 5257 5122)
4(5108 5123 5258 5243)
4(5122 5257 5258 5123)
4(5109 5124 5259 5244)
4(5123 5258 5259 5124)
4(5110 5125 5260 5245)
4(5124 5259 5260 5125)
4(5111 5126 5261 5246)
4(5125 5260 5261 5126)
4(5112 5127 5262 5247)
4(5126 5261 5262 5127)
4(5113 5128 5263 5248)
4(5127 5262 5263 5128)
4(5114 5129 5264 5249)
4(5128 5263 5264 5129)
4(5129 5264 5265 5130)
4(5115 5130 5265 5250)
4(5116 5131 5266 5251)
4(4783 4936 5266 5131)
4(5117 5132 5267 5252)
4(5131 5266 5267 5132)
4(5118 5133 5268 5253)
4(5132 5267 5268 5133)
4(5119 5134 5269 5254)
4(5133 5268 5269 5134)
4(5120 5135 5270 5255)
4(5134 5269 5270 5135)
4(5121 5136 5271 5256)
4(5135 5270 5271 5136)
4(5122 5137 5272 5257)
4(5136 5271 5272 5137)
4(5123 5138 5273 5258)
4(5137 5272 5273 5138)
4(5124 5139 5274 5259)
4(5138 5273 5274 5139)
4(5125 5140 5275 5260)
4(5139 5274 5275 5140)
4(5126 5141 5276 5261)
4(5140 5275 5276 5141)
4(5127 5142 5277 5262)
4(5141 5276 5277 5142)
4(5128 5143 5278 5263)
4(5142 5277 5278 5143)
4(5129 5144 5279 5264)
4(5143 5278 5279 5144)
4(5144 5279 5280 5145)
4(5130 5145 5280 5265)
4(5131 5146 5281 5266)
4(4784 4937 5281 5146)
4(5132 5147 5282 5267)
4(5146 5281 5282 5147)
4(5133 5148 5283 5268)
4(5147 5282 5283 5148)
4(5134 5149 5284 5269)
4(5148 5283 5284 5149)
4(5135 5150 5285 5270)
4(5149 5284 5285 5150)
4(5136 5151 5286 5271)
4(5150 5285 5286 5151)
4(5137 5152 5287 5272)
4(5151 5286 5287 5152)
4(5138 5153 5288 5273)
4(5152 5287 5288 5153)
4(5139 5154 5289 5274)
4(5153 5288 5289 5154)
4(5140 5155 5290 5275)
4(5154 5289 5290 5155)
4(5141 5156 5291 5276)
4(5155 5290 5291 5156)
4(5142 5157 5292 5277)
4(5156 5291 5292 5157)
4(5143 5158 5293 5278)
4(5157 5292 5293 5158)
4(5144 5159 5294 5279)
4(5158 5293 5294 5159)
4(5159 5294 5295 5160)
4(5145 5160 5295 5280)
4(5146 5161 5296 5281)
4(4785 4938 5296 5161)
4(5147 5162 5297 5282)
4(5161 5296 5297 5162)
4(5148 5163 5298 5283)
4(5162 5297 5298 5163)
4(5149 5164 5299 5284)
4(5163 5298 5299 5164)
4(5150 5165 5300 5285)
4(5164 5299 5300 5165)
4(5151 5166 5301 5286)
4(5165 5300 5301 5166)
4(5152 5167 5302 5287)
4(5166 5301 5302 5167)
4(5153 5168 5303 5288)
4(5167 5302 5303 5168)
4(5154 5169 5304 5289)
4(5168 5303 5304 5169)
4(5155 5170 5305 5290)
4(5169 5304 5305 5170)
4(5156 5171 5306 5291)
4(5170 5305 5306 5171)
4(5157 5172 5307 5292)
4(5171 5306 5307 5172)
4(5158 5173 5308 5293)
4(5172 5307 5308 5173)
4(5159 5174 5309 5294)
4(5173 5308 5309 5174)
4(5174 5309 5310 5175)
4(5160 5175 5310 5295)
4(5161 5176 5311 5296)
4(4786 4939 5311 5176)
4(5162 5177 5312 5297)
4(5176 5311 5312 5177)
4(5163 5178 5313 5298)
4(5177 5312 5313 5178)
4(5164 5179 5314 5299)
4(5178 5313 5314 5179)
4(5165 5180 5315 5300)
4(5179 5314 5315 5180)
4(5166 5181 5316 5301)
4(5180 5315 5316 5181)
4(5167 5182 5317 5302)
4(5181 5316 5317 5182)
4(5168 5183 5318 5303)
4(5182 5317 5318 5183)
4(5169 5184 5319 5304)
4(5183 5318 5319 5184)
4(5170 5185 5320 5305)
4(5184 5319 5320 5185)
4(5171 5186 5321 5306)
4(5185 5320 5321 5186)
4(5172 5187 5322 5307)
4(5186 5321 5322 5187)
4(5173 5188 5323 5308)
4(5187 5322 5323 5188)
4(5174 5189 5324 5309)
4(5188 5323 5324 5189)
4(5189 5324 5325 5190)
4(5175 5190 5325 5310)
4(5176 5191 5326 5311)
4(4787 4940 5326 5191)
4(5177 5192 5327 5312)
4(5191 5326 5327 5192)
4(5178 5193 5328 5313)
4(5192 5327 5328 5193)
4(5179 5194 5329 5314)
4(5193 5328 5329 5194)
4(5180 5195 5330 5315)
4(5194 5329 5330 5195)
4(5181 5196 5331 5316)
4(5195 5330 5331 5196)
4(5182 5197 5332 5317)
4(5196 5331 5332 5197)
4(5183 5198 5333 5318)
4(5197 5332 5333 5198)
4(5184 5199 5334 5319)
4(5198 5333 5334 5199)
4(5185 5200 5335 5320)
4(5199 5334 5335 5200)
4(5186 5201 5336 5321)
4(5200 5335 5336 5201)
4(5187 5202 5337 5322)
4(5201 5336 5337 5202)
4(5188 5203 5338 5323)
4(5202 5337 5338 5203)
4(5189 5204 5339 5324)
4(5203 5338 5339 5204)
4(5204 5339 5340 5205)
4(5190 5205 5340 5325)
4(5191 5206 5341 5326)
4(5192 5207 5342 5327)
4(5193 5208 5343 5328)
4(5194 5209 5344 5329)
4(5195 5210 5345 5330)
4(5196 5211 5346 5331)
4(5197 5212 5347 5332)
4(5198 5213 5348 5333)
4(5199 5214 5349 5334)
4(5200 5215 5350 5335)
4(5201 5216 5351 5336)
4(5202 5217 5352 5337)
4(5203 5218 5353 5338)
4(5204 5219 5354 5339)
4(5205 5220 5355 5340)
4(4390 5356 5491 4765)
4(5100 5235 5491 5356)
4(4391 5357 5492 4766)
4(5356 5491 5492 5357)
4(4392 5358 5493 4767)
4(5357 5492 5493 5358)
4(4393 5359 5494 4768)
4(5358 5493 5494 5359)
4(4394 5360 5495 4769)
4(5359 5494 5495 5360)
4(4395 5361 5496 4770)
4(5360 5495 5496 5361)
4(4396 5362 5497 4771)
4(5361 5496 5497 5362)
4(4397 5363 5498 4772)
4(5362 5497 5498 5363)
4(4398 5364 5499 4773)
4(5363 5498 5499 5364)
4(4399 5365 5500 4774)
4(5364 5499 5500 5365)
4(4400 5366 5501 4775)
4(5365 5500 5501 5366)
4(4401 5367 5502 4776)
4(5366 5501 5502 5367)
4(4402 5368 5503 4777)
4(5367 5502 5503 5368)
4(4403 5369 5504 4778)
4(5368 5503 5504 5369)
4(5369 5504 5505 5370)
4(5356 5371 5506 5491)
4(5115 5250 5506 5371)
4(5357 5372 5507 5492)
4(5371 5506 5507 5372)
4(5358 5373 5508 5493)
4(5372 5507 5508 5373)
4(5359 5374 5509 5494)
4(5373 5508 5509 5374)
4(5360 5375 5510 5495)
4(5374 5509 5510 5375)
4(5361 5376 5511 5496)
4(5375 5510 5511 5376)
4(5362 5377 5512 5497)
4(5376 5511 5512 5377)
4(5363 5378 5513 5498)
4(5377 5512 5513 5378)
4(5364 5379 5514 5499)
4(5378 5513 5514 5379)
4(5365 5380 5515 5500)
4(5379 5514 5515 5380)
4(5366 5381 5516 5501)
4(5380 5515 5516 5381)
4(5367 5382 5517 5502)
4(5381 5516 5517 5382)
4(5368 5383 5518 5503)
4(5382 5517 5518 5383)
4(5369 5384 5519 5504)
4(5383 5518 5519 5384)
4(5384 5519 5520 5385)
4(5371 5386 5521 5506)
4(5130 5265 5521 5386)
4(5372 5387 5522 5507)
4(5386 5521 5522 5387)
4(5373 5388 5523 5508)
4(5387 5522 5523 5388)
4(5374 5389 5524 5509)
4(5388 5523 5524 5389)
4(5375 5390 5525 5510)
4(5389 5524 5525 5390)
4(5376 5391 5526 5511)
4(5390 5525 5526 5391)
4(5377 5392 5527 5512)
4(5391 5526 5527 5392)
4(5378 5393 5528 5513)
4(5392 5527 5528 5393)
4(5379 5394 5529 5514)
4(5393 5528 5529 5394)
4(5380 5395 5530 5515)
4(5394 5529 5530 5395)
4(5381 5396 5531 5516)
4(5395 5530 5531 5396)
4(5382 5397 5532 5517)
4(5396 5531 5532 5397)
4(5383 5398 5533 5518)
4(5397 5532 5533 5398)
4(5384 5399 5534 5519)
4(5398 5533 5534 5399)
4(5399 5534 5535 5400)
4(5386 5401 5536 5521)
4(5145 5280 5536 5401)
4(5387 5402 5537 5522)
4(5401 5536 5537 5402)
4(5388 5403 5538 5523)
4(5402 5537 5538 5403)
4(5389 5404 5539 5524)
4(5403 5538 5539 5404)
4(5390 5405 5540 5525)
4(5404 5539 5540 5405)
4(5391 5406 5541 5526)
4(5405 5540 5541 5406)
4(5392 5407 5542 5527)
4(5406 5541 5542 5407)
4(5393 5408 5543 5528)
4(5407 5542 5543 5408)
4(5394 5409 5544 5529)
4(5408 5543 5544 5409)
4(5395 5410 5545 5530)
4(5409 5544 5545 5410)
4(5396 5411 5546 5531)
4(5410 5545 5546 5411)
4(5397 5412 5547 5532)
4(5411 5546 5547 5412)
4(5398 5413 5548 5533)
4(5412 5547 5548 5413)
4(5399 5414 5549 5534)
4(5413 5548 5549 5414)
4(5414 5549 5550 5415)
4(5401 5416 5551 5536)
4(5160 5295 5551 5416)
4(5402 5417 5552 5537)
4(5416 5551 5552 5417)
4(5403 5418 5553 5538)
4(5417 5552 5553 5418)
4(5404 5419 5554 5539)
4(5418 5553 5554 5419)
4(5405 5420 5555 5540)
4(5419 5554 5555 5420)
4(5406 5421 5556 5541)
4(5420 5555 5556 5421)
4(5407 5422 5557 5542)
4(5421 5556 5557 5422)
4(5408 5423 5558 5543)
4(5422 5557 5558 5423)
4(5409 5424 5559 5544)
4(5423 5558 5559 5424)
4(5410 5425 5560 5545)
4(5424 5559 5560 5425)
4(5411 5426 5561 5546)
4(5425 5560 5561 5426)
4(5412 5427 5562 5547)
4(5426 5561 5562 5427)
4(5413 5428 5563 5548)
4(5427 5562 5563 5428)
4(5414 5429 5564 5549)
4(5428 5563 5564 5429)
4(5429 5564 5565 5430)
4(5416 5431 5566 5551)
4(5175 5310 5566 5431)
4(5417 5432 5567 5552)
4(5431 5566 5567 5432)
4(5418 5433 5568 5553)
4(5432 5567 5568 5433)
4(5419 5434 5569 5554)
4(5433 5568 5569 5434)
4(5420 5435 5570 5555)
4(5434 5569 5570 5435)
4(5421 5436 5571 5556)
4(5435 5570 5571 5436)
4(5422 5437 5572 5557)
4(5436 5571 5572 5437)
4(5423 5438 5573 5558)
4(5437 5572 5573 5438)
4(5424 5439 5574 5559)
4(5438 5573 5574 5439)
4(5425 5440 5575 5560)
4(5439 5574 5575 5440)
4(5426 5441 5576 5561)
4(5440 5575 5576 5441)
4(5427 5442 5577 5562)
4(5441 5576 5577 5442)
4(5428 5443 5578 5563)
4(5442 5577 5578 5443)
4(5429 5444 5579 5564)
4(5443 5578 5579 5444)
4(5444 5579 5580 5445)
4(5431 5446 5581 5566)
4(5190 5325 5581 5446)
4(5432 5447 5582 5567)
4(5446 5581 5582 5447)
4(5433 5448 5583 5568)
4(5447 5582 5583 5448)
4(5434 5449 5584 5569)
4(5448 5583 5584 5449)
4(5435 5450 5585 5570)
4(5449 5584 5585 5450)
4(5436 5451 5586 5571)
4(5450 5585 5586 5451)
4(5437 5452 5587 5572)
4(5451 5586 5587 5452)
4(5438 5453 5588 5573)
4(5452 5587 5588 5453)
4(5439 5454 5589 5574)
4(5453 5588 5589 5454)
4(5440 5455 5590 5575)
4(5454 5589 5590 5455)
4(5441 5456 5591 5576)
4(5455 5590 5591 5456)
4(5442 5457 5592 5577)
4(5456 5591 5592 5457)
4(5443 5458 5593 5578)
4(5457 5592 5593 5458)
4(5444 5459 5594 5579)
4(5458 5593 5594 5459)
4(5459 5594 5595 5460)
4(5446 5461 5596 5581)
4(5205 5340 5596 5461)
4(5447 5462 5597 5582)
4(5461 5596 5597 5462)
4(5448 5463 5598 5583)
4(5462 5597 5598 5463)
4(5449 5464 5599 5584)
4(5463 5598 5599 5464)
4(5450 5465 5600 5585)
4(5464 5599 5600 5465)
4(5451 5466 5601 5586)
4(5465 5600 5601 5466)
4(5452 5467 5602 5587)
4(5466 5601 5602 5467)
4(5453 5468 5603 5588)
4(5467 5602 5603 5468)
4(5454 5469 5604 5589)
4(5468 5603 5604 5469)
4(5455 5470 5605 5590)
4(5469 5604 5605 5470)
4(5456 5471 5606 5591)
4(5470 5605 5606 5471)
4(5457 5472 5607 5592)
4(5471 5606 5607 5472)
4(5458 5473 5608 5593)
4(5472 5607 5608 5473)
4(5459 5474 5609 5594)
4(5473 5608 5609 5474)
4(5474 5609 5610 5475)
4(5461 5476 5611 5596)
4(5462 5477 5612 5597)
4(5463 5478 5613 5598)
4(5464 5479 5614 5599)
4(5465 5480 5615 5600)
4(5466 5481 5616 5601)
4(5467 5482 5617 5602)
4(5468 5483 5618 5603)
4(5469 5484 5619 5604)
4(5470 5485 5620 5605)
4(5471 5486 5621 5606)
4(5472 5487 5622 5607)
4(5473 5488 5623 5608)
4(5474 5489 5624 5609)
4(4788 4797 4950 4941)
4(4797 4806 4959 4950)
4(4806 4815 4968 4959)
4(4815 4824 4977 4968)
4(4824 4833 4986 4977)
4(4833 4842 4995 4986)
4(4842 4851 5004 4995)
4(4851 4860 5013 5004)
4(4860 4869 5022 5013)
4(4869 4878 5031 5022)
4(4878 4887 5040 5031)
4(4887 4896 5049 5040)
4(4896 4905 5058 5049)
4(4905 4914 5067 5058)
4(4914 4923 5076 5067)
4(4923 4932 5085 5076)
4(4788 4941 5341 5206)
4(5206 5341 5342 5207)
4(5207 5342 5343 5208)
4(5208 5343 5344 5209)
4(5209 5344 5345 5210)
4(5210 5345 5346 5211)
4(5211 5346 5347 5212)
4(5212 5347 5348 5213)
4(5213 5348 5349 5214)
4(5214 5349 5350 5215)
4(5215 5350 5351 5216)
4(5216 5351 5352 5217)
4(5217 5352 5353 5218)
4(5218 5353 5354 5219)
4(5219 5354 5355 5220)
4(5220 5355 5611 5476)
4(5476 5611 5612 5477)
4(5477 5612 5613 5478)
4(5478 5613 5614 5479)
4(5479 5614 5615 5480)
4(5480 5615 5616 5481)
4(5481 5616 5617 5482)
4(5482 5617 5618 5483)
4(5483 5618 5619 5484)
4(5484 5619 5620 5485)
4(5485 5620 5621 5486)
4(5486 5621 5622 5487)
4(5487 5622 5623 5488)
4(5488 5623 5624 5489)
4(5489 5624 5625 5490)
4(4044 4059 4434 4419)
4(4059 4074 4449 4434)
4(4074 4089 4464 4449)
4(4089 4104 4479 4464)
4(4104 4119 4494 4479)
4(4119 4134 4509 4494)
4(4134 4149 4524 4509)
4(4149 4164 4539 4524)
4(4164 4179 4554 4539)
4(4179 4194 4569 4554)
4(4194 4209 4584 4569)
4(4209 4224 4599 4584)
4(4224 4239 4614 4599)
4(4239 4254 4629 4614)
4(4254 4269 4644 4629)
4(4269 4284 4659 4644)
4(4284 4299 4674 4659)
4(4299 4314 4689 4674)
4(4314 4329 4704 4689)
4(4329 4344 4719 4704)
4(4344 4359 4734 4719)
4(4359 4374 4749 4734)
4(4374 4389 4764 4749)
4(4389 4404 4779 4764)
4(4404 5370 5505 4779)
4(5370 5385 5520 5505)
4(5385 5400 5535 5520)
4(5400 5415 5550 5535)
4(5415 5430 5565 5550)
4(5430 5445 5580 5565)
4(5445 5460 5595 5580)
4(5460 5475 5610 5595)
4(5475 5490 5625 5610)
4(0 1000 1040 40)
4(40 1040 1080 80)
4(80 1080 1120 120)
4(120 1120 1160 160)
4(160 1160 1200 200)
4(200 1200 1240 240)
4(240 1240 1280 280)
4(280 1280 1320 320)
4(320 1320 1360 360)
4(360 1360 1400 400)
4(400 1400 1440 440)
4(440 1440 1480 480)
4(480 1480 1520 520)
4(520 1520 1560 560)
4(560 1560 1600 600)
4(600 1600 1640 640)
4(640 1640 1680 680)
4(680 1680 1720 720)
4(720 1720 1760 760)
4(760 1760 1800 800)
4(800 1800 1840 840)
4(840 1840 1880 880)
4(880 1880 1920 920)
4(920 1920 1960 960)
4(960 1960 2640 2000)
4(2000 2640 2680 2040)
4(2040 2680 2720 2080)
4(2080 2720 2760 2120)
4(2120 2760 2800 2160)
4(2160 2800 2840 2200)
4(2200 2840 2880 2240)
4(2240 2880 2920 2280)
4(2280 2920 2960 2320)
4(2320 2960 3000 2360)
4(2360 3000 3040 2400)
4(2400 3040 3080 2440)
4(2440 3080 3120 2480)
4(2480 3120 3160 2520)
4(2520 3160 3200 2560)
4(2560 3200 3240 2600)
4(0 1 1001 1000)
4(1 2 1002 1001)
4(2 3 1003 1002)
4(3 4 1004 1003)
4(4 5 1005 1004)
4(5 6 1006 1005)
4(6 7 1007 1006)
4(7 8 1008 1007)
4(8 9 1009 1008)
4(9 10 1010 1009)
4(10 11 1011 1010)
4(11 12 1012 1011)
4(12 13 1013 1012)
4(13 14 1014 1013)
4(14 15 1015 1014)
4(15 16 1016 1015)
4(16 17 1017 1016)
4(17 18 1018 1017)
4(18 19 1019 1018)
4(19 20 1020 1019)
4(20 21 1021 1020)
4(21 22 1022 1021)
4(22 23 1023 1022)
4(23 24 1024 1023)
4(24 25 1025 1024)
4(25 26 1026 1025)
4(26 27 1027 1026)
4(27 28 1028 1027)
4(28 29 1029 1028)
4(29 30 1030 1029)
4(30 31 1031 1030)
4(31 32 1032 1031)
4(32 33 1033 1032)
4(33 34 1034 1033)
4(34 35 1035 1034)
4(35 36 1036 1035)
4(36 37 1037 1036)
4(37 38 1038 1037)
4(38 39 1039 1038)
4(0 40 41 1)
4(40 80 81 41)
4(80 120 121 81)
4(120 160 161 121)
4(160 200 201 161)
4(200 240 241 201)
4(240 280 281 241)
4(280 320 321 281)
4(320 360 361 321)
4(360 400 401 361)
4(400 440 441 401)
4(440 480 481 441)
4(480 520 521 481)
4(520 560 561 521)
4(560 600 601 561)
4(600 640 641 601)
4(640 680 681 641)
4(680 720 721 681)
4(720 760 761 721)
4(760 800 801 761)
4(800 840 841 801)
4(840 880 881 841)
4(880 920 921 881)
4(920 960 961 921)
4(1 41 42 2)
4(41 81 82 42)
4(81 121 122 82)
4(121 161 162 122)
4(161 201 202 162)
4(201 241 242 202)
4(241 281 282 242)
4(281 321 322 282)
4(321 361 362 322)
4(361 401 402 362)
4(401 441 442 402)
4(441 481 482 442)
4(481 521 522 482)
4(521 561 562 522)
4(561 601 602 562)
4(601 641 642 602)
4(641 681 682 642)
4(681 721 722 682)
4(721 761 762 722)
4(761 801 802 762)
4(801 841 842 802)
4(841 881 882 842)
4(881 921 922 882)
4(921 961 962 922)
4(2 42 43 3)
4(42 82 83 43)
4(82 122 123 83)
4(122 162 163 123)
4(162 202 203 163)
4(202 242 243 203)
4(242 282 283 243)
4(282 322 323 283)
4(322 362 363 323)
4(362 402 403 363)
4(402 442 443 403)
4(442 482 483 443)
4(482 522 523 483)
4(522 562 563 523)
4(562 602 603 563)
4(602 642 643 603)
4(642 682 683 643)
4(682 722 723 683)
4(722 762 763 723)
4(762 802 803 763)
4(802 842 843 803)
4(842 882 883 843)
4(882 922 923 883)
4(922 962 963 923)
4(3 43 44 4)
4(43 83 84 44)
4(83 123 124 84)
4(123 163 164 124)
4(163 203 204 164)
4(203 243 244 204)
4(243 283 284 244)
4(283 323 324 284)
4(323 363 364 324)
4(363 403 404 364)
4(403 443 444 404)
4(443 483 484 444)
4(483 523 524 484)
4(523 563 564 524)
4(563 603 604 564)
4(603 643 644 604)
4(643 683 684 644)
4(683 723 724 684)
4(723 763 764 724)
4(763 803 804 764)
4(803 843 844 804)
4(843 883 884 844)
4(883 923 924 884)
4(923 963 964 924)
4(4 44 45 5)
4(44 84 85 45)
4(84 124 125 85)
4(124 164 165 125)
4(164 204 205 165)
4(204 244 245 205)
4(244 284 285 245)
4(284 324 325 285)
4(324 364 365 325)
4(364 404 405 365)
4(404 444 445 405)
4(444 484 485 445)
4(484 524 525 485)
4(524 564 565 525)
4(564 604 605 565)
4(604 644 645 605)
4(644 684 685 645)
4(684 724 725 685)
4(724 764 765 725)
4(764 804 805 765)
4(804 844 845 805)
4(844 884 885 845)
4(884 924 925 885)
4(924 964 965 925)
4(5 45 46 6)
4(45 85 86 46)
4(85 125 126 86)
4(125 165 166 126)
4(165 205 206 166)
4(205 245 246 206)
4(245 285 286 246)
4(285 325 326 286)
4(325 365 366 326)
4(365 405 406 366)
4(405 445 446 406)
4(445 485 486 446)
4(485 525 526 486)
4(525 565 566 526)
4(565 605 606 566)
4(605 645 646 606)
4(645 685 686 646)
4(685 725 726 686)
4(725 765 766 726)
4(765 805 806 766)
4(805 845 846 806)
4(845 885 886 846)
4(885 925 926 886)
4(925 965 966 926)
4(6 46 47 7)
4(46 86 87 47)
4(86 126 127 87)
4(126 166 167 127)
4(166 206 207 167)
4(206 246 247 207)
4(246 286 287 247)
4(286 326 327 287)
4(326 366 367 327)
4(366 406 407 367)
4(406 446 447 407)
4(446 486 487 447)
4(486 526 527 487)
4(526 566 567 527)
4(566 606 607 567)
4(606 646 647 607)
4(646 686 687 647)
4(686 726 727 687)
4(726 766 767 727)
4(766 806 807 767)
4(806 846 847 807)
4(846 886 887 847)
4(886 926 927 887)
4(926 966 967 927)
4(7 47 48 8)
4(47 87 88 48)
4(87 127 128 88)
4(127 167 168 128)
4(167 207 208 168)
4(207 247 248 208)
4(247 287 288 248)
4(287 327 328 288)
4(327 367 368 328)
4(367 407 408 368)
4(407 447 448 408)
4(447 487 488 448)
4(487 527 528 488)
4(527 567 568 528)
4(567 607 608 568)
4(607 647 648 608)
4(647 687 688 648)
4(687 727 728 688)
4(727 767 768 728)
4(767 807 808 768)
4(807 847 848 808)
4(847 887 888 848)
4(887 927 928 888)
4(927 967 968 928)
4(8 48 49 9)
4(48 88 89 49)
4(88 128 129 89)
4(128 168 169 129)
4(168 208 209 169)
4(208 248 249 209)
4(248 288 289 249)
4(288 328 329 289)
4(328 368 369 329)
4(368 408 409 369)
4(408 448 449 409)
4(448 488 489 449)
4(488 528 529 489)
4(528 568 569 529)
4(568 608 609 569)
4(608 648 649 609)
4(648 688 689 649)
4(688 728 729 689)
4(728 768 769 729)
4(768 808 809 769)
4(808 848 849 809)
4(848 888 889 849)
4(888 928 929 889)
4(928 968 969 929)
4(9 49 50 10)
4(49 89 90 50)
4(89 129 130 90)
4(129 169 170 130)
4(169 209 210 170)
4(209 249 250 210)
4(249 289 290 250)
4(289 329 330 290)
4(329 369 370 330)
4(369 409 410 370)
4(409 449 450 410)
4(449 489 490 450)
4(489 529 530 490)
4(529 569 570 530)
4(569 609 610 570)
4(609 649 650 610)
4(649 689 690 650)
4(689 729 730 690)
4(729 769 770 730)
4(769 809 810 770)
4(809 849 850 810)
4(849 889 890 850)
4(889 929 930 890)
4(929 969 970 930)
4(10 50 51 11)
4(50 90 91 51)
4(90 130 131 91)
4(130 170 171 131)
4(170 210 211 171)
4(210 250 251 211)
4(250 290 291 251)
4(290 330 331 291)
4(330 370 371 331)
4(370 410 411 371)
4(410 450 451 411)
4(450 490 491 451)
4(490 530 531 491)
4(530 570 571 531)
4(570 610 611 571)
4(610 650 651 611)
4(650 690 691 651)
4(690 730 731 691)
4(730 770 771 731)
4(770 810 811 771)
4(810 850 851 811)
4(850 890 891 851)
4(890 930 931 891)
4(930 970 971 931)
4(11 51 52 12)
4(51 91 92 52)
4(91 131 132 92)
4(131 171 172 132)
4(171 211 212 172)
4(211 251 252 212)
4(251 291 292 252)
4(291 331 332 292)
4(331 371 372 332)
4(371 411 412 372)
4(411 451 452 412)
4(451 491 492 452)
4(491 531 532 492)
4(531 571 572 532)
4(571 611 612 572)
4(611 651 652 612)
4(651 691 692 652)
4(691 731 732 692)
4(731 771 772 732)
4(771 811 812 772)
4(811 851 852 812)
4(851 891 892 852)
4(891 931 932 892)
4(931 971 972 932)
4(12 52 53 13)
4(52 92 93 53)
4(92 132 133 93)
4(132 172 173 133)
4(172 212 213 173)
4(212 252 253 213)
4(252 292 293 253)
4(292 332 333 293)
4(332 372 373 333)
4(372 412 413 373)
4(412 452 453 413)
4(452 492 493 453)
4(492 532 533 493)
4(532 572 573 533)
4(572 612 613 573)
4(612 652 653 613)
4(652 692 693 653)
4(692 732 733 693)
4(732 772 773 733)
4(772 812 813 773)
4(812 852 853 813)
4(852 892 893 853)
4(892 932 933 893)
4(932 972 973 933)
4(13 53 54 14)
4(53 93 94 54)
4(93 133 134 94)
4(133 173 174 134)
4(173 213 214 174)
4(213 253 254 214)
4(253 293 294 254)
4(293 333 334 294)
4(333 373 374 334)
4(373 413 414 374)
4(413 453 454 414)
4(453 493 494 454)
4(493 533 534 494)
4(533 573 574 534)
4(573 613 614 574)
4(613 653 654 614)
4(653 693 694 654)
4(693 733 734 694)
4(733 773 774 734)
4(773 813 814 774)
4(813 853 854 814)
4(853 893 894 854)
4(893 933 934 894)
4(933 973 974 934)
4(14 54 55 15)
4(54 94 95 55)
4(94 134 135 95)
4(134 174 175 135)
4(174 214 215 175)
4(214 254 255 215)
4(254 294 295 255)
4(294 334 335 295)
4(334 374 375 335)
4(374 414 415 375)
4(414 454 455 415)
4(454 494 495 455)
4(494 534 535 495)
4(534 574 575 535)
4(574 614 615 575)
4(614 654 655 615)
4(654 694 695 655)
4(694 734 735 695)
4(734 774 775 735)
4(774 814 815 775)
4(814 854 855 815)
4(854 894 895 855)
4(894 934 935 895)
4(934 974 975 935)
4(15 55 56 16)
4(55 95 96 56)
4(95 135 136 96)
4(135 175 176 136)
4(175 215 216 176)
4(215 255 256 216)
4(255 295 296 256)
4(295 335 336 296)
4(335 375 376 336)
4(375 415 416 376)
4(415 455 456 416)
4(455 495 496 456)
4(495 535 536 496)
4(535 575 576 536)
4(575 615 616 576)
4(615 655 656 616)
4(655 695 696 656)
4(695 735 736 696)
4(735 775 776 736)
4(775 815 816 776)
4(815 855 856 816)
4(855 895 896 856)
4(895 935 936 896)
4(935 975 976 936)
4(16 56 57 17)
4(56 96 97 57)
4(96 136 137 97)
4(136 176 177 137)
4(176 216 217 177)
4(216 256 257 217)
4(256 296 297 257)
4(296 336 337 297)
4(336 376 377 337)
4(376 416 417 377)
4(416 456 457 417)
4(456 496 497 457)
4(496 536 537 497)
4(536 576 577 537)
4(576 616 617 577)
4(616 656 657 617)
4(656 696 697 657)
4(696 736 737 697)
4(736 776 777 737)
4(776 816 817 777)
4(816 856 857 817)
4(856 896 897 857)
4(896 936 937 897)
4(936 976 977 937)
4(17 57 58 18)
4(57 97 98 58)
4(97 137 138 98)
4(137 177 178 138)
4(177 217 218 178)
4(217 257 258 218)
4(257 297 298 258)
4(297 337 338 298)
4(337 377 378 338)
4(377 417 418 378)
4(417 457 458 418)
4(457 497 498 458)
4(497 537 538 498)
4(537 577 578 538)
4(577 617 618 578)
4(617 657 658 618)
4(657 697 698 658)
4(697 737 738 698)
4(737 777 778 738)
4(777 817 818 778)
4(817 857 858 818)
4(857 897 898 858)
4(897 937 938 898)
4(937 977 978 938)
4(18 58 59 19)
4(58 98 99 59)
4(98 138 139 99)
4(138 178 179 139)
4(178 218 219 179)
4(218 258 259 219)
4(258 298 299 259)
4(298 338 339 299)
4(338 378 379 339)
4(378 418 419 379)
4(418 458 459 419)
4(458 498 499 459)
4(498 538 539 499)
4(538 578 579 539)
4(578 618 619 579)
4(618 658 659 619)
4(658 698 699 659)
4(698 738 739 699)
4(738 778 779 739)
4(778 818 819 779)
4(818 858 859 819)
4(858 898 899 859)
4(898 938 939 899)
4(938 978 979 939)
4(19 59 60 20)
4(59 99 100 60)
4(99 139 140 100)
4(139 179 180 140)
4(179 219 220 180)
4(219 259 260 220)
4(259 299 300 260)
4(299 339 340 300)
4(339 379 380 340)
4(379 419 420 380)
4(419 459 460 420)
4(459 499 500 460)
4(499 539 540 500)
4(539 579 580 540)
4(579 619 620 580)
4(619 659 660 620)
4(659 699 700 660)
4(699 739 740 700)
4(739 779 780 740)
4(779 819 820 780)
4(819 859 860 820)
4(859 899 900 860)
4(899 939 940 900)
4(939 979 980 940)
4(20 60 61 21)
4(60 100 101 61)
4(100 140 141 101)
4(140 180 181 141)
4(180 220 221 181)
4(220 260 261 221)
4(260 300 301 261)
4(300 340 341 301)
4(340 380 381 341)
4(380 420 421 381)
4(420 460 461 421)
4(460 500 501 461)
4(500 540 541 501)
4(540 580 581 541)
4(580 620 621 581)
4(620 660 661 621)
4(660 700 701 661)
4(700 740 741 701)
4(740 780 781 741)
4(780 820 821 781)
4(820 860 861 821)
4(860 900 901 861)
4(900 940 941 901)
4(940 980 981 941)
4(21 61 62 22)
4(61 101 102 62)
4(101 141 142 102)
4(141 181 182 142)
4(181 221 222 182)
4(221 261 262 222)
4(261 301 302 262)
4(301 341 342 302)
4(341 381 382 342)
4(381 421 422 382)
4(421 461 462 422)
4(461 501 502 462)
4(501 541 542 502)
4(541 581 582 542)
4(581 621 622 582)
4(621 661 662 622)
4(661 701 702 662)
4(701 741 742 702)
4(741 781 782 742)
4(781 821 822 782)
4(821 861 862 822)
4(861 901 902 862)
4(901 941 942 902)
4(941 981 982 942)
4(22 62 63 23)
4(62 102 103 63)
4(102 142 143 103)
4(142 182 183 143)
4(182 222 223 183)
4(222 262 263 223)
4(262 302 303 263)
4(302 342 343 303)
4(342 382 383 343)
4(382 422 423 383)
4(422 462 463 423)
4(462 502 503 463)
4(502 542 543 503)
4(542 582 583 543)
4(582 622 623 583)
4(622 662 663 623)
4(662 702 703 663)
4(702 742 743 703)
4(742 782 783 743)
4(782 822 823 783)
4(822 862 863 823)
4(862 902 903 863)
4(902 942 943 903)
4(942 982 983 943)
4(23 63 64 24)
4(63 103 104 64)
4(103 143 144 104)
4(143 183 184 144)
4(183 223 224 184)
4(223 263 264 224)
4(263 303 304 264)
4(303 343 344 304)
4(343 383 384 344)
4(383 423 424 384)
4(423 463 464 424)
4(463 503 504 464)
4(503 543 544 504)
4(543 583 584 544)
4(583 623 624 584)
4(623 663 664 624)
4(663 703 704 664)
4(703 743 744 704)
4(743 783 784 744)
4(783 823 824 784)
4(823 863 864 824)
4(863 903 904 864)
4(903 943 944 904)
4(943 983 984 944)
4(24 64 65 25)
4(64 104 105 65)
4(104 144 145 105)
4(144 184 185 145)
4(184 224 225 185)
4(224 264 265 225)
4(264 304 305 265)
4(304 344 345 305)
4(344 384 385 345)
4(384 424 425 385)
4(424 464 465 425)
4(464 504 505 465)
4(504 544 545 505)
4(544 584 585 545)
4(584 624 625 585)
4(624 664 665 625)
4(664 704 705 665)
4(704 744 745 705)
4(744 784 785 745)
4(784 824 825 785)
4(824 864 865 825)
4(864 904 905 865)
4(904 944 945 905)
4(944 984 985 945)
4(25 65 66 26)
4(65 105 106 66)
4(105 145 146 106)
4(145 185 186 146)
4(185 225 226 186)
4(225 265 266 226)
4(265 305 306 266)
4(305 345 346 306)
4(345 385 386 346)
4(385 425 426 386)
4(425 465 466 426)
4(465 505 506 466)
4(505 545 546 506)
4(545 585 586 546)
4(585 625 626 586)
4(625 665 666 626)
4(665 705 706 666)
4(705 745 746 706)
4(745 785 786 746)
4(785 825 826 786)
4(825 865 866 826)
4(865 905 906 866)
4(905 945 946 906)
4(945 985 986 946)
4(26 66 67 27)
4(66 106 107 67)
4(106 146 147 107)
4(146 186 187 147)
4(186 226 227 187)
4(226 266 267 227)
4(266 306 307 267)
4(306 346 347 307)
4(346 386 387 347)
4(386 426 427 387)
4(426 466 467 427)
4(466 506 507 467)
4(506 546 547 507)
4(546 586 587 547)
4(586 626 627 587)
4(626 666 667 627)
4(666 706 707 667)
4(706 746 747 707)
4(746 786 787 747)
4(786 826 827 787)
4(826 866 867 827)
4(866 906 907 867)
4(906 946 947 907)
4(946 986 987 947)
4(27 67 68 28)
4(67 107 108 68)
4(107 147 148 108)
4(147 187 188 148)
4(187 227 228 188)
4(227 267 268 228)
4(267 307 308 268)
4(307 347 348 308)
4(347 387 388 348)
4(387 427 428 388)
4(427 467 468 428)
4(467 507 508 468)
4(507 547 548 508)
4(547 587 588 548)
4(587 627 628 588)
4(627 667 668 628)
4(667 707 708 668)
4(707 747 748 708)
4(747 787 788 748)
4(787 827 828 788)
4(827 867 868 828)
4(867 907 908 868)
4(907 947 948 908)
4(947 987 988 948)
4(28 68 69 29)
4(68 108 109 69)
4(108 148 149 109)
4(148 188 189 149)
4(188 228 229 189)
4(228 268 269 229)
4(268 308 309 269)
4(308 348 349 309)
4(348 388 389 349)
4(388 428 429 389)
4(428 468 469 429)
4(468 508 509 469)
4(508 548 549 509)
4(548 588 589 549)
4(588 628 629 589)
4(628 668 669 629)
4(668 708 709 669)
4(708 748 749 709)
4(748 788 789 749)
4(788 828 829 789)
4(828 868 869 829)
4(868 908 909 869)
4(908 948 949 909)
4(948 988 989 949)
4(29 69 70 30)
4(69 109 110 70)
4(109 149 150 110)
4(149 189 190 150)
4(189 229 230 190)
4(229 269 270 230)
4(269 309 310 270)
4(309 349 350 310)
4(349 389 390 350)
4(389 429 430 390)
4(429 469 470 430)
4(469 509 510 470)
4(509 549 550 510)
4(549 589 590 550)
4(589 629 630 590)
4(629 669 670 630)
4(669 709 710 670)
4(709 749 750 710)
4(749 789 790 750)
4(789 829 830 790)
4(829 869 870 830)
4(869 909 910 870)
4(909 949 950 910)
4(949 989 990 950)
4(30 70 71 31)
4(70 110 111 71)
4(110 150 151 111)
4(150 190 191 151)
4(190 230 231 191)
4(230 270 271 231)
4(270 310 311 271)
4(310 350 351 311)
4(350 390 391 351)
4(390 430 431 391)
4(430 470 471 431)
4(470 510 511 471)
4(510 550 551 511)
4(550 590 591 551)
4(590 630 631 591)
4(630 670 671 631)
4(670 710 711 671)
4(710 750 751 711)
4(750 790 791 751)
4(790 830 831 791)
4(830 870 871 831)
4(870 910 911 871)
4(910 950 951 911)
4(950 990 991 951)
4(31 71 72 32)
4(71 111 112 72)
4(111 151 152 112)
4(151 191 192 152)
4(191 231 232 192)
4(231 271 272 232)
4(271 311 312 272)
4(311 351 352 312)
4(351 391 392 352)
4(391 431 432 392)
4(431 471 472 432)
4(471 511 512 472)
4(511 551 552 512)
4(551 591 592 552)
4(591 631 632 592)
4(631 671 672 632)
4(671 711 712 672)
4(711 751 752 712)
4(751 791 792 752)
4(791 831 832 792)
4(831 871 872 832)
4(871 911 912 872)
4(911 951 952 912)
4(951 991 992 952)
4(32 72 73 33)
4(72 112 113 73)
4(112 152 153 113)
4(152 192 193 153)
4(192 232 233 193)
4(232 272 273 233)
4(272 312 313 273)
4(312 352 353 313)
4(352 392 393 353)
4(392 432 433 393)
4(432 472 473 433)
4(472 512 513 473)
4(512 552 553 513)
4(552 592 593 553)
4(592 632 633 593)
4(632 672 673 633)
4(672 712 713 673)
4(712 752 753 713)
4(752 792 793 753)
4(792 832 833 793)
4(832 872 873 833)
4(872 912 913 873)
4(912 952 953 913)
4(952 992 993 953)
4(33 73 74 34)
4(73 113 114 74)
4(113 153 154 114)
4(153 193 194 154)
4(193 233 234 194)
4(233 273 274 234)
4(273 313 314 274)
4(313 353 354 314)
4(353 393 394 354)
4(393 433 434 394)
4(433 473 474 434)
4(473 513 514 474)
4(513 553 554 514)
4(553 593 594 554)
4(593 633 634 594)
4(633 673 674 634)
4(673 713 714 674)
4(713 753 754 714)
4(753 793 794 754)
4(793 833 834 794)
4(833 873 874 834)
4(873 913 914 874)
4(913 953 954 914)
4(953 993 994 954)
4(34 74 75 35)
4(74 114 115 75)
4(114 154 155 115)
4(154 194 195 155)
4(194 234 235 195)
4(234 274 275 235)
4(274 314 315 275)
4(314 354 355 315)
4(354 394 395 355)
4(394 434 435 395)
4(434 474 475 435)
4(474 514 515 475)
4(514 554 555 515)
4(554 594 595 555)
4(594 634 635 595)
4(634 674 675 635)
4(674 714 715 675)
4(714 754 755 715)
4(754 794 795 755)
4(794 834 835 795)
4(834 874 875 835)
4(874 914 915 875)
4(914 954 955 915)
4(954 994 995 955)
4(35 75 76 36)
4(75 115 116 76)
4(115 155 156 116)
4(155 195 196 156)
4(195 235 236 196)
4(235 275 276 236)
4(275 315 316 276)
4(315 355 356 316)
4(355 395 396 356)
4(395 435 436 396)
4(435 475 476 436)
4(475 515 516 476)
4(515 555 556 516)
4(555 595 596 556)
4(595 635 636 596)
4(635 675 676 636)
4(675 715 716 676)
4(715 755 756 716)
4(755 795 796 756)
4(795 835 836 796)
4(835 875 876 836)
4(875 915 916 876)
4(915 955 956 916)
4(955 995 996 956)
4(36 76 77 37)
4(76 116 117 77)
4(116 156 157 117)
4(156 196 197 157)
4(196 236 237 197)
4(236 276 277 237)
4(276 316 317 277)
4(316 356 357 317)
4(356 396 397 357)
4(396 436 437 397)
4(436 476 477 437)
4(476 516 517 477)
4(516 556 557 517)
4(556 596 597 557)
4(596 636 637 597)
4(636 676 677 637)
4(676 716 717 677)
4(716 756 757 717)
4(756 796 797 757)
4(796 836 837 797)
4(836 876 877 837)
4(876 916 917 877)
4(916 956 957 917)
4(956 996 997 957)
4(37 77 78 38)
4(77 117 118 78)
4(117 157 158 118)
4(157 197 198 158)
4(197 237 238 198)
4(237 277 278 238)
4(277 317 318 278)
4(317 357 358 318)
4(357 397 398 358)
4(397 437 438 398)
4(437 477 478 438)
4(477 517 518 478)
4(517 557 558 518)
4(557 597 598 558)
4(597 637 638 598)
4(637 677 678 638)
4(677 717 718 678)
4(717 757 758 718)
4(757 797 798 758)
4(797 837 838 798)
4(837 877 878 838)
4(877 917 918 878)
4(917 957 958 918)
4(957 997 998 958)
4(38 78 79 39)
4(78 118 119 79)
4(118 158 159 119)
4(158 198 199 159)
4(198 238 239 199)
4(238 278 279 239)
4(278 318 319 279)
4(318 358 359 319)
4(358 398 399 359)
4(398 438 439 399)
4(438 478 479 439)
4(478 518 519 479)
4(518 558 559 519)
4(558 598 599 559)
4(598 638 639 599)
4(638 678 679 639)
4(678 718 719 679)
4(718 758 759 719)
4(758 798 799 759)
4(798 838 839 799)
4(838 878 879 839)
4(878 918 919 879)
4(918 958 959 919)
4(958 998 999 959)
4(1000 1001 1041 1040)
4(1040 1041 1081 1080)
4(1080 1081 1121 1120)
4(1120 1121 1161 1160)
4(1160 1161 1201 1200)
4(1200 1201 1241 1240)
4(1240 1241 1281 1280)
4(1280 1281 1321 1320)
4(1320 1321 1361 1360)
4(1360 1361 1401 1400)
4(1400 1401 1441 1440)
4(1440 1441 1481 1480)
4(1480 1481 1521 1520)
4(1520 1521 1561 1560)
4(1560 1561 1601 1600)
4(1600 1601 1641 1640)
4(1640 1641 1681 1680)
4(1680 1681 1721 1720)
4(1720 1721 1761 1760)
4(1760 1761 1801 1800)
4(1800 1801 1841 1840)
4(1840 1841 1881 1880)
4(1880 1881 1921 1920)
4(1920 1921 1961 1960)
4(1001 1002 1042 1041)
4(1041 1042 1082 1081)
4(1081 1082 1122 1121)
4(1121 1122 1162 1161)
4(1161 1162 1202 1201)
4(1201 1202 1242 1241)
4(1241 1242 1282 1281)
4(1281 1282 1322 1321)
4(1321 1322 1362 1361)
4(1361 1362 1402 1401)
4(1401 1402 1442 1441)
4(1441 1442 1482 1481)
4(1481 1482 1522 1521)
4(1521 1522 1562 1561)
4(1561 1562 1602 1601)
4(1601 1602 1642 1641)
4(1641 1642 1682 1681)
4(1681 1682 1722 1721)
4(1721 1722 1762 1761)
4(1761 1762 1802 1801)
4(1801 1802 1842 1841)
4(1841 1842 1882 1881)
4(1881 1882 1922 1921)
4(1921 1922 1962 1961)
4(1002 1003 1043 1042)
4(1042 1043 1083 1082)
4(1082 1083 1123 1122)
4(1122 1123 1163 1162)
4(1162 1163 1203 1202)
4(1202 1203 1243 1242)
4(1242 1243 1283 1282)
4(1282 1283 1323 1322)
4(1322 1323 1363 1362)
4(1362 1363 1403 1402)
4(1402 1403 1443 1442)
4(1442 1443 1483 1482)
4(1482 1483 1523 1522)
4(1522 1523 1563 1562)
4(1562 1563 1603 1602)
4(1602 1603 1643 1642)
4(1642 1643 1683 1682)
4(1682 1683 1723 1722)
4(1722 1723 1763 1762)
4(1762 1763 1803 1802)
4(1802 1803 1843 1842)
4(1842 1843 1883 1882)
4(1882 1883 1923 1922)
4(1922 1923 1963 1962)
4(1003 1004 1044 1043)
4(1043 1044 1084 1083)
4(1083 1084 1124 1123)
4(1123 1124 1164 1163)
4(1163 1164 1204 1203)
4(1203 1204 1244 1243)
4(1243 1244 1284 1283)
4(1283 1284 1324 1323)
4(1323 1324 1364 1363)
4(1363 1364 1404 1403)
4(1403 1404 1444 1443)
4(1443 1444 1484 1483)
4(1483 1484 1524 1523)
4(1523 1524 1564 1563)
4(1563 1564 1604 1603)
4(1603 1604 1644 1643)
4(1643 1644 1684 1683)
4(1683 1684 1724 1723)
4(1723 1724 1764 1763)
4(1763 1764 1804 1803)
4(1803 1804 1844 1843)
4(1843 1844 1884 1883)
4(1883 1884 1924 1923)
4(1923 1924 1964 1963)
4(1004 1005 1045 1044)
4(1044 1045 1085 1084)
4(1084 1085 1125 1124)
4(1124 1125 1165 1164)
4(1164 1165 1205 1204)
4(1204 1205 1245 1244)
4(1244 1245 1285 1284)
4(1284 1285 1325 1324)
4(1324 1325 1365 1364)
4(1364 1365 1405 1404)
4(1404 1405 1445 1444)
4(1444 1445 1485 1484)
4(1484 1485 1525 1524)
4(1524 1525 1565 1564)
4(1564 1565 1605 1604)
4(1604 1605 1645 1644)
4(1644 1645 1685 1684)
4(1684 1685 1725 1724)
4(1724 1725 1765 1764)
4(1764 1765 1805 1804)
4(1804 1805 1845 1844)
4(1844 1845 1885 1884)
4(1884 1885 1925 1924)
4(1924 1925 1965 1964)
4(1005 1006 1046 1045)
4(1045 1046 1086 1085)
4(1085 1086 1126 1125)
4(1125 1126 1166 1165)
4(1165 1166 1206 1205)
4(1205 1206 1246 1245)
4(1245 1246 1286 1285)
4(1285 1286 1326 1325)
4(1325 1326 1366 1365)
4(1365 1366 1406 1405)
4(1405 1406 1446 1445)
4(1445 1446 1486 1485)
4(1485 1486 1526 1525)
4(1525 1526 1566 1565)
4(1565 1566 1606 1605)
4(1605 1606 1646 1645)
4(1645 1646 1686 1685)
4(1685 1686 1726 1725)
4(1725 1726 1766 1765)
4(1765 1766 1806 1805)
4(1805 1806 1846 1845)
4(1845 1846 1886 1885)
4(1885 1886 1926 1925)
4(1925 1926 1966 1965)
4(1006 1007 1047 1046)
4(1046 1047 1087 1086)
4(1086 1087 1127 1126)
4(1126 1127 1167 1166)
4(1166 1167 1207 1206)
4(1206 1207 1247 1246)
4(1246 1247 1287 1286)
4(1286 1287 1327 1326)
4(1326 1327 1367 1366)
4(1366 1367 1407 1406)
4(1406 1407 1447 1446)
4(1446 1447 1487 1486)
4(1486 1487 1527 1526)
4(1526 1527 1567 1566)
4(1566 1567 1607 1606)
4(1606 1607 1647 1646)
4(1646 1647 1687 1686)
4(1686 1687 1727 1726)
4(1726 1727 1767 1766)
4(1766 1767 1807 1806)
4(1806 1807 1847 1846)
4(1846 1847 1887 1886)
4(1886 1887 1927 1926)
4(1926 1927 1967 1966)
4(1007 1008 1048 1047)
4(1047 1048 1088 1087)
4(1087 1088 1128 1127)
4(1127 1128 1168 1167)
4(1167 1168 1208 1207)
4(1207 1208 1248 1247)
4(1247 1248 1288 1287)
4(1287 1288 1328 1327)
4(1327 1328 1368 1367)
4(1367 1368 1408 1407)
4(1407 1408 1448 1447)
4(1447 1448 1488 1487)
4(1487 1488 1528 1527)
4(1527 1528 1568 1567)
4(1567 1568 1608 1607)
4(1607 1608 1648 1647)
4(1647 1648 1688 1687)
4(1687 1688 1728 1727)
4(1727 1728 1768 1767)
4(1767 1768 1808 1807)
4(1807 1808 1848 1847)
4(1847 1848 1888 1887)
4(1887 1888 1928 1927)
4(1927 1928 1968 1967)
4(1008 1009 1049 1048)
4(1048 1049 1089 1088)
4(1088 1089 1129 1128)
4(1128 1129 1169 1168)
4(1168 1169 1209 1208)
4(1208 1209 1249 1248)
4(1248 1249 1289 1288)
4(1288 1289 1329 1328)
4(1328 1329 1369 1368)
4(1368 1369 1409 1408)
4(1408 1409 1449 1448)
4(1448 1449 1489 1488)
4(1488 1489 1529 1528)
4(1528 1529 1569 1568)
4(1568 1569 1609 1608)
4(1608 1609 1649 1648)
4(1648 1649 1689 1688)
4(1688 1689 1729 1728)
4(1728 1729 1769 1768)
4(1768 1769 1809 1808)
4(1808 1809 1849 1848)
4(1848 1849 1889 1888)
4(1888 1889 1929 1928)
4(1928 1929 1969 1968)
4(1009 1010 1050 1049)
4(1049 1050 1090 1089)
4(1089 1090 1130 1129)
4(1129 1130 1170 1169)
4(1169 1170 1210 1209)
4(1209 1210 1250 1249)
4(1249 1250 1290 1289)
4(1289 1290 1330 1329)
4(1329 1330 1370 1369)
4(1369 1370 1410 1409)
4(1409 1410 1450 1449)
4(1449 1450 1490 1489)
4(1489 1490 1530 1529)
4(1529 1530 1570 1569)
4(1569 1570 1610 1609)
4(1609 1610 1650 1649)
4(1649 1650 1690 1689)
4(1689 1690 1730 1729)
4(1729 1730 1770 1769)
4(1769 1770 1810 1809)
4(1809 1810 1850 1849)
4(1849 1850 1890 1889)
4(1889 1890 1930 1929)
4(1929 1930 1970 1969)
4(1010 1011 1051 1050)
4(1050 1051 1091 1090)
4(1090 1091 1131 1130)
4(1130 1131 1171 1170)
4(1170 1171 1211 1210)
4(1210 1211 1251 1250)
4(1250 1251 1291 1290)
4(1290 1291 1331 1330)
4(1330 1331 1371 1370)
4(1370 1371 1411 1410)
4(1410 1411 1451 1450)
4(1450 1451 1491 1490)
4(1490 1491 1531 1530)
4(1530 1531 1571 1570)
4(1570 1571 1611 1610)
4(1610 1611 1651 1650)
4(1650 1651 1691 1690)
4(1690 1691 1731 1730)
4(1730 1731 1771 1770)
4(1770 1771 1811 1810)
4(1810 1811 1851 1850)
4(1850 1851 1891 1890)
4(1890 1891 1931 1930)
4(1930 1931 1971 1970)
4(1011 1012 1052 1051)
4(1051 1052 1092 1091)
4(1091 1092 1132 1131)
4(1131 1132 1172 1171)
4(1171 1172 1212 1211)
4(1211 1212 1252 1251)
4(1251 1252 1292 1291)
4(1291 1292 1332 1331)
4(1331 1332 1372 1371)
4(1371 1372 1412 1411)
4(1411 1412 1452 1451)
4(1451 1452 1492 1491)
4(1491 1492 1532 1531)
4(1531 1532 1572 1571)
4(1571 1572 1612 1611)
4(1611 1612 1652 1651)
4(1651 1652 1692 1691)
4(1691 1692 1732 1731)
4(1731 1732 1772 1771)
4(1771 1772 1812 1811)
4(1811 1812 1852 1851)
4(1851 1852 1892 1891)
4(1891 1892 1932 1931)
4(1931 1932 1972 1971)
4(1012 1013 1053 1052)
4(1052 1053 1093 1092)
4(1092 1093 1133 1132)
4(1132 1133 1173 1172)
4(1172 1173 1213 1212)
4(1212 1213 1253 1252)
4(1252 1253 1293 1292)
4(1292 1293 1333 1332)
4(1332 1333 1373 1372)
4(1372 1373 1413 1412)
4(1412 1413 1453 1452)
4(1452 1453 1493 1492)
4(1492 1493 1533 1532)
4(1532 1533 1573 1572)
4(1572 1573 1613 1612)
4(1612 1613 1653 1652)
4(1652 1653 1693 1692)
4(1692 1693 1733 1732)
4(1732 1733 1773 1772)
4(1772 1773 1813 1812)
4(1812 1813 1853 1852)
4(1852 1853 1893 1892)
4(1892 1893 1933 1932)
4(1932 1933 1973 1972)
4(1013 1014 1054 1053)
4(1053 1054 1094 1093)
4(1093 1094 1134 1133)
4(1133 1134 1174 1173)
4(1173 1174 1214 1213)
4(1213 1214 1254 1253)
4(1253 1254 1294 1293)
4(1293 1294 1334 1333)
4(1333 1334 1374 1373)
4(1373 1374 1414 1413)
4(1413 1414 1454 1453)
4(1453 1454 1494 1493)
4(1493 1494 1534 1533)
4(1533 1534 1574 1573)
4(1573 1574 1614 1613)
4(1613 1614 1654 1653)
4(1653 1654 1694 1693)
4(1693 1694 1734 1733)
4(1733 1734 1774 1773)
4(1773 1774 1814 1813)
4(1813 1814 1854 1853)
4(1853 1854 1894 1893)
4(1893 1894 1934 1933)
4(1933 1934 1974 1973)
4(1014 1015 1055 1054)
4(1054 1055 1095 1094)
4(1094 1095 1135 1134)
4(1134 1135 1175 1174)
4(1174 1175 1215 1214)
4(1214 1215 1255 1254)
4(1254 1255 1295 1294)
4(1294 1295 1335 1334)
4(1334 1335 1375 1374)
4(1374 1375 1415 1414)
4(1414 1415 1455 1454)
4(1454 1455 1495 1494)
4(1494 1495 1535 1534)
4(1534 1535 1575 1574)
4(1574 1575 1615 1614)
4(1614 1615 1655 1654)
4(1654 1655 1695 1694)
4(1694 1695 1735 1734)
4(1734 1735 1775 1774)
4(1774 1775 1815 1814)
4(1814 1815 1855 1854)
4(1854 1855 1895 1894)
4(1894 1895 1935 1934)
4(1934 1935 1975 1974)
4(1015 1016 1056 1055)
4(1055 1056 1096 1095)
4(1095 1096 1136 1135)
4(1135 1136 1176 1175)
4(1175 1176 1216 1215)
4(1215 1216 1256 1255)
4(1255 1256 1296 1295)
4(1295 1296 1336 1335)
4(1335 1336 1376 1375)
4(1375 1376 1416 1415)
4(1415 1416 1456 1455)
4(1455 1456 1496 1495)
4(1495 1496 1536 1535)
4(1535 1536 1576 1575)
4(1575 1576 1616 1615)
4(1615 1616 1656 1655)
4(1655 1656 1696 1695)
4(1695 1696 1736 1735)
4(1735 1736 1776 1775)
4(1775 1776 1816 1815)
4(1815 1816 1856 1855)
4(1855 1856 1896 1895)
4(1895 1896 1936 1935)
4(1935 1936 1976 1975)
4(1016 1017 1057 1056)
4(1056 1057 1097 1096)
4(1096 1097 1137 1136)
4(1136 1137 1177 1176)
4(1176 1177 1217 1216)
4(1216 1217 1257 1256)
4(1256 1257 1297 1296)
4(1296 1297 1337 1336)
4(1336 1337 1377 1376)
4(1376 1377 1417 1416)
4(1416 1417 1457 1456)
4(1456 1457 1497 1496)
4(1496 1497 1537 1536)
4(1536 1537 1577 1576)
4(1576 1577 1617 1616)
4(1616 1617 1657 1656)
4(1656 1657 1697 1696)
4(1696 1697 1737 1736)
4(1736 1737 1777 1776)
4(1776 1777 1817 1816)
4(1816 1817 1857 1856)
4(1856 1857 1897 1896)
4(1896 1897 1937 1936)
4(1936 1937 1977 1976)
4(1017 1018 1058 1057)
4(1057 1058 1098 1097)
4(1097 1098 1138 1137)
4(1137 1138 1178 1177)
4(1177 1178 1218 1217)
4(1217 1218 1258 1257)
4(1257 1258 1298 1297)
4(1297 1298 1338 1337)
4(1337 1338 1378 1377)
4(1377 1378 1418 1417)
4(1417 1418 1458 1457)
4(1457 1458 1498 1497)
4(1497 1498 1538 1537)
4(1537 1538 1578 1577)
4(1577 1578 1618 1617)
4(1617 1618 1658 1657)
4(1657 1658 1698 1697)
4(1697 1698 1738 1737)
4(1737 1738 1778 1777)
4(1777 1778 1818 1817)
4(1817 1818 1858 1857)
4(1857 1858 1898 1897)
4(1897 1898 1938 1937)
4(1937 1938 1978 1977)
4(1018 1019 1059 1058)
4(1058 1059 1099 1098)
4(1098 1099 1139 1138)
4(1138 1139 1179 1178)
4(1178 1179 1219 1218)
4(1218 1219 1259 1258)
4(1258 1259 1299 1298)
4(1298 1299 1339 1338)
4(1338 1339 1379 1378)
4(1378 1379 1419 1418)
4(1418 1419 1459 1458)
4(1458 1459 1499 1498)
4(1498 1499 1539 1538)
4(1538 1539 1579 1578)
4(1578 1579 1619 1618)
4(1618 1619 1659 1658)
4(1658 1659 1699 1698)
4(1698 1699 1739 1738)
4(1738 1739 1779 1778)
4(1778 1779 1819 1818)
4(1818 1819 1859 1858)
4(1858 1859 1899 1898)
4(1898 1899 1939 1938)
4(1938 1939 1979 1978)
4(1019 1020 1060 1059)
4(1059 1060 1100 1099)
4(1099 1100 1140 1139)
4(1139 1140 1180 1179)
4(1179 1180 1220 1219)
4(1219 1220 1260 1259)
4(1259 1260 1300 1299)
4(1299 1300 1340 1339)
4(1339 1340 1380 1379)
4(1379 1380 1420 1419)
4(1419 1420 1460 1459)
4(1459 1460 1500 1499)
4(1499 1500 1540 1539)
4(1539 1540 1580 1579)
4(1579 1580 1620 1619)
4(1619 1620 1660 1659)
4(1659 1660 1700 1699)
4(1699 1700 1740 1739)
4(1739 1740 1780 1779)
4(1779 1780 1820 1819)
4(1819 1820 1860 1859)
4(1859 1860 1900 1899)
4(1899 1900 1940 1939)
4(1939 1940 1980 1979)
4(1020 1021 1061 1060)
4(1060 1061 1101 1100)
4(1100 1101 1141 1140)
4(1140 1141 1181 1180)
4(1180 1181 1221 1220)
4(1220 1221 1261 1260)
4(1260 1261 1301 1300)
4(1300 1301 1341 1340)
4(1340 1341 1381 1380)
4(1380 1381 1421 1420)
4(1420 1421 1461 1460)
4(1460 1461 1501 1500)
4(1500 1501 1541 1540)
4(1540 1541 1581 1580)
4(1580 1581 1621 1620)
4(1620 1621 1661 1660)
4(1660 1661 1701 1700)
4(1700 1701 1741 1740)
4(1740 1741 1781 1780)
4(1780 1781 1821 1820)
4(1820 1821 1861 1860)
4(1860 1861 1901 1900)
4(1900 1901 1941 1940)
4(1940 1941 1981 1980)
4(1021 1022 1062 1061)
4(1061 1062 1102 1101)
4(1101 1102 1142 1141)
4(1141 1142 1182 1181)
4(1181 1182 1222 1221)
4(1221 1222 1262 1261)
4(1261 1262 1302 1301)
4(1301 1302 1342 1341)
4(1341 1342 1382 1381)
4(1381 1382 1422 1421)
4(1421 1422 1462 1461)
4(1461 1462 1502 1501)
4(1501 1502 1542 1541)
4(1541 1542 1582 1581)
4(1581 1582 1622 1621)
4(1621 1622 1662 1661)
4(1661 1662 1702 1701)
4(1701 1702 1742 1741)
4(1741 1742 1782 1781)
4(1781 1782 1822 1821)
4(1821 1822 1862 1861)
4(1861 1862 1902 1901)
4(1901 1902 1942 1941)
4(1941 1942 1982 1981)
4(1022 1023 1063 1062)
4(1062 1063 1103 1102)
4(1102 1103 1143 1142)
4(1142 1143 1183 1182)
4(1182 1183 1223 1222)
4(1222 1223 1263 1262)
4(1262 1263 1303 1302)
4(1302 1303 1343 1342)
4(1342 1343 1383 1382)
4(1382 1383 1423 1422)
4(1422 1423 1463 1462)
4(1462 1463 1503 1502)
4(1502 1503 1543 1542)
4(1542 1543 1583 1582)
4(1582 1583 1623 1622)
4(1622 1623 1663 1662)
4(1662 1663 1703 1702)
4(1702 1703 1743 1742)
4(1742 1743 1783 1782)
4(1782 1783 1823 1822)
4(1822 1823 1863 1862)
4(1862 1863 1903 1902)
4(1902 1903 1943 1942)
4(1942 1943 1983 1982)
4(1023 1024 1064 1063)
4(1063 1064 1104 1103)
4(1103 1104 1144 1143)
4(1143 1144 1184 1183)
4(1183 1184 1224 1223)
4(1223 1224 1264 1263)
4(1263 1264 1304 1303)
4(1303 1304 1344 1343)
4(1343 1344 1384 1383)
4(1383 1384 1424 1423)
4(1423 1424 1464 1463)
4(1463 1464 1504 1503)
4(1503 1504 1544 1543)
4(1543 1544 1584 1583)
4(1583 1584 1624 1623)
4(1623 1624 1664 1663)
4(1663 1664 1704 1703)
4(1703 1704 1744 1743)
4(1743 1744 1784 1783)
4(1783 1784 1824 1823)
4(1823 1824 1864 1863)
4(1863 1864 1904 1903)
4(1903 1904 1944 1943)
4(1943 1944 1984 1983)
4(1024 1025 1065 1064)
4(1064 1065 1105 1104)
4(1104 1105 1145 1144)
4(1144 1145 1185 1184)
4(1184 1185 1225 1224)
4(1224 1225 1265 1264)
4(1264 1265 1305 1304)
4(1304 1305 1345 1344)
4(1344 1345 1385 1384)
4(1384 1385 1425 1424)
4(1424 1425 1465 1464)
4(1464 1465 1505 1504)
4(1504 1505 1545 1544)
4(1544 1545 1585 1584)
4(1584 1585 1625 1624)
4(1624 1625 1665 1664)
4(1664 1665 1705 1704)
4(1704 1705 1745 1744)
4(1744 1745 1785 1784)
4(1784 1785 1825 1824)
4(1824 1825 1865 1864)
4(1864 1865 1905 1904)
4(1904 1905 1945 1944)
4(1944 1945 1985 1984)
4(1025 1026 1066 1065)
4(1065 1066 1106 1105)
4(1105 1106 1146 1145)
4(1145 1146 1186 1185)
4(1185 1186 1226 1225)
4(1225 1226 1266 1265)
4(1265 1266 1306 1305)
4(1305 1306 1346 1345)
4(1345 1346 1386 1385)
4(1385 1386 1426 1425)
4(1425 1426 1466 1465)
4(1465 1466 1506 1505)
4(1505 1506 1546 1545)
4(1545 1546 1586 1585)
4(1585 1586 1626 1625)
4(1625 1626 1666 1665)
4(1665 1666 1706 1705)
4(1705 1706 1746 1745)
4(1745 1746 1786 1785)
4(1785 1786 1826 1825)
4(1825 1826 1866 1865)
4(1865 1866 1906 1905)
4(1905 1906 1946 1945)
4(1945 1946 1986 1985)
4(1026 1027 1067 1066)
4(1066 1067 1107 1106)
4(1106 1107 1147 1146)
4(1146 1147 1187 1186)
4(1186 1187 1227 1226)
4(1226 1227 1267 1266)
4(1266 1267 1307 1306)
4(1306 1307 1347 1346)
4(1346 1347 1387 1386)
4(1386 1387 1427 1426)
4(1426 1427 1467 1466)
4(1466 1467 1507 1506)
4(1506 1507 1547 1546)
4(1546 1547 1587 1586)
4(1586 1587 1627 1626)
4(1626 1627 1667 1666)
4(1666 1667 1707 1706)
4(1706 1707 1747 1746)
4(1746 1747 1787 1786)
4(1786 1787 1827 1826)
4(1826 1827 1867 1866)
4(1866 1867 1907 1906)
4(1906 1907 1947 1946)
4(1946 1947 1987 1986)
4(1027 1028 1068 1067)
4(1067 1068 1108 1107)
4(1107 1108 1148 1147)
4(1147 1148 1188 1187)
4(1187 1188 1228 1227)
4(1227 1228 1268 1267)
4(1267 1268 1308 1307)
4(1307 1308 1348 1347)
4(1347 1348 1388 1387)
4(1387 1388 1428 1427)
4(1427 1428 1468 1467)
4(1467 1468 1508 1507)
4(1507 1508 1548 1547)
4(1547 1548 1588 1587)
4(1587 1588 1628 1627)
4(1627 1628 1668 1667)
4(1667 1668 1708 1707)
4(1707 1708 1748 1747)
4(1747 1748 1788 1787)
4(1787 1788 1828 1827)
4(1827 1828 1868 1867)
4(1867 1868 1908 1907)
4(1907 1908 1948 1947)
4(1947 1948 1988 1987)
4(1028 1029 1069 1068)
4(1068 1069 1109 1108)
4(1108 1109 1149 1148)
4(1148 1149 1189 1188)
4(1188 1189 1229 1228)
4(1228 1229 1269 1268)
4(1268 1269 1309 1308)
4(1308 1309 1349 1348)
4(1348 1349 1389 1388)
4(1388 1389 1429 1428)
4(1428 1429 1469 1468)
4(1468 1469 1509 1508)
4(1508 1509 1549 1548)
4(1548 1549 1589 1588)
4(1588 1589 1629 1628)
4(1628 1629 1669 1668)
4(1668 1669 1709 1708)
4(1708 1709 1749 1748)
4(1748 1749 1789 1788)
4(1788 1789 1829 1828)
4(1828 1829 1869 1868)
4(1868 1869 1909 1908)
4(1908 1909 1949 1948)
4(1948 1949 1989 1988)
4(1029 1030 1070 1069)
4(1069 1070 1110 1109)
4(1109 1110 1150 1149)
4(1149 1150 1190 1189)
4(1189 1190 1230 1229)
4(1229 1230 1270 1269)
4(1269 1270 1310 1309)
4(1309 1310 1350 1349)
4(1349 1350 1390 1389)
4(1389 1390 1430 1429)
4(1429 1430 1470 1469)
4(1469 1470 1510 1509)
4(1509 1510 1550 1549)
4(1549 1550 1590 1589)
4(1589 1590 1630 1629)
4(1629 1630 1670 1669)
4(1669 1670 1710 1709)
4(1709 1710 1750 1749)
4(1749 1750 1790 1789)
4(1789 1790 1830 1829)
4(1829 1830 1870 1869)
4(1869 1870 1910 1909)
4(1909 1910 1950 1949)
4(1949 1950 1990 1989)
4(1030 1031 1071 1070)
4(1070 1071 1111 1110)
4(1110 1111 1151 1150)
4(1150 1151 1191 1190)
4(1190 1191 1231 1230)
4(1230 1231 1271 1270)
4(1270 1271 1311 1310)
4(1310 1311 1351 1350)
4(1350 1351 1391 1390)
4(1390 1391 1431 1430)
4(1430 1431 1471 1470)
4(1470 1471 1511 1510)
4(1510 1511 1551 1550)
4(1550 1551 1591 1590)
4(1590 1591 1631 1630)
4(1630 1631 1671 1670)
4(1670 1671 1711 1710)
4(1710 1711 1751 1750)
4(1750 1751 1791 1790)
4(1790 1791 1831 1830)
4(1830 1831 1871 1870)
4(1870 1871 1911 1910)
4(1910 1911 1951 1950)
4(1950 1951 1991 1990)
4(1031 1032 1072 1071)
4(1071 1072 1112 1111)
4(1111 1112 1152 1151)
4(1151 1152 1192 1191)
4(1191 1192 1232 1231)
4(1231 1232 1272 1271)
4(1271 1272 1312 1311)
4(1311 1312 1352 1351)
4(1351 1352 1392 1391)
4(1391 1392 1432 1431)
4(1431 1432 1472 1471)
4(1471 1472 1512 1511)
4(1511 1512 1552 1551)
4(1551 1552 1592 1591)
4(1591 1592 1632 1631)
4(1631 1632 1672 1671)
4(1671 1672 1712 1711)
4(1711 1712 1752 1751)
4(1751 1752 1792 1791)
4(1791 1792 1832 1831)
4(1831 1832 1872 1871)
4(1871 1872 1912 1911)
4(1911 1912 1952 1951)
4(1951 1952 1992 1991)
4(1032 1033 1073 1072)
4(1072 1073 1113 1112)
4(1112 1113 1153 1152)
4(1152 1153 1193 1192)
4(1192 1193 1233 1232)
4(1232 1233 1273 1272)
4(1272 1273 1313 1312)
4(1312 1313 1353 1352)
4(1352 1353 1393 1392)
4(1392 1393 1433 1432)
4(1432 1433 1473 1472)
4(1472 1473 1513 1512)
4(1512 1513 1553 1552)
4(1552 1553 1593 1592)
4(1592 1593 1633 1632)
4(1632 1633 1673 1672)
4(1672 1673 1713 1712)
4(1712 1713 1753 1752)
4(1752 1753 1793 1792)
4(1792 1793 1833 1832)
4(1832 1833 1873 1872)
4(1872 1873 1913 1912)
4(1912 1913 1953 1952)
4(1952 1953 1993 1992)
4(1033 1034 1074 1073)
4(1073 1074 1114 1113)
4(1113 1114 1154 1153)
4(1153 1154 1194 1193)
4(1193 1194 1234 1233)
4(1233 1234 1274 1273)
4(1273 1274 1314 1313)
4(1313 1314 1354 1353)
4(1353 1354 1394 1393)
4(1393 1394 1434 1433)
4(1433 1434 1474 1473)
4(1473 1474 1514 1513)
4(1513 1514 1554 1553)
4(1553 1554 1594 1593)
4(1593 1594 1634 1633)
4(1633 1634 1674 1673)
4(1673 1674 1714 1713)
4(1713 1714 1754 1753)
4(1753 1754 1794 1793)
4(1793 1794 1834 1833)
4(1833 1834 1874 1873)
4(1873 1874 1914 1913)
4(1913 1914 1954 1953)
4(1953 1954 1994 1993)
4(1034 1035 1075 1074)
4(1074 1075 1115 1114)
4(1114 1115 1155 1154)
4(1154 1155 1195 1194)
4(1194 1195 1235 1234)
4(1234 1235 1275 1274)
4(1274 1275 1315 1314)
4(1314 1315 1355 1354)
4(1354 1355 1395 1394)
4(1394 1395 1435 1434)
4(1434 1435 1475 1474)
4(1474 1475 1515 1514)
4(1514 1515 1555 1554)
4(1554 1555 1595 1594)
4(1594 1595 1635 1634)
4(1634 1635 1675 1674)
4(1674 1675 1715 1714)
4(1714 1715 1755 1754)
4(1754 1755 1795 1794)
4(1794 1795 1835 1834)
4(1834 1835 1875 1874)
4(1874 1875 1915 1914)
4(1914 1915 1955 1954)
4(1954 1955 1995 1994)
4(1035 1036 1076 1075)
4(1075 1076 1116 1115)
4(1115 1116 1156 1155)
4(1155 1156 1196 1195)
4(1195 1196 1236 1235)
4(1235 1236 1276 1275)
4(1275 1276 1316 1315)
4(1315 1316 1356 1355)
4(1355 1356 1396 1395)
4(1395 1396 1436 1435)
4(1435 1436 1476 1475)
4(1475 1476 1516 1515)
4(1515 1516 1556 1555)
4(1555 1556 1596 1595)
4(1595 1596 1636 1635)
4(1635 1636 1676 1675)
4(1675 1676 1716 1715)
4(1715 1716 1756 1755)
4(1755 1756 1796 1795)
4(1795 1796 1836 1835)
4(1835 1836 1876 1875)
4(1875 1876 1916 1915)
4(1915 1916 1956 1955)
4(1955 1956 1996 1995)
4(1036 1037 1077 1076)
4(1076 1077 1117 1116)
4(1116 1117 1157 1156)
4(1156 1157 1197 1196)
4(1196 1197 1237 1236)
4(1236 1237 1277 1276)
4(1276 1277 1317 1316)
4(1316 1317 1357 1356)
4(1356 1357 1397 1396)
4(1396 1397 1437 1436)
4(1436 1437 1477 1476)
4(1476 1477 1517 1516)
4(1516 1517 1557 1556)
4(1556 1557 1597 1596)
4(1596 1597 1637 1636)
4(1636 1637 1677 1676)
4(1676 1677 1717 1716)
4(1716 1717 1757 1756)
4(1756 1757 1797 1796)
4(1796 1797 1837 1836)
4(1836 1837 1877 1876)
4(1876 1877 1917 1916)
4(1916 1917 1957 1956)
4(1956 1957 1997 1996)
4(1037 1038 1078 1077)
4(1077 1078 1118 1117)
4(1117 1118 1158 1157)
4(1157 1158 1198 1197)
4(1197 1198 1238 1237)
4(1237 1238 1278 1277)
4(1277 1278 1318 1317)
4(1317 1318 1358 1357)
4(1357 1358 1398 1397)
4(1397 1398 1438 1437)
4(1437 1438 1478 1477)
4(1477 1478 1518 1517)
4(1517 1518 1558 1557)
4(1557 1558 1598 1597)
4(1597 1598 1638 1637)
4(1637 1638 1678 1677)
4(1677 1678 1718 1717)
4(1717 1718 1758 1757)
4(1757 1758 1798 1797)
4(1797 1798 1838 1837)
4(1837 1838 1878 1877)
4(1877 1878 1918 1917)
4(1917 1918 1958 1957)
4(1957 1958 1998 1997)
4(1038 1039 1079 1078)
4(1078 1079 1119 1118)
4(1118 1119 1159 1158)
4(1158 1159 1199 1198)
4(1198 1199 1239 1238)
4(1238 1239 1279 1278)
4(1278 1279 1319 1318)
4(1318 1319 1359 1358)
4(1358 1359 1399 1398)
4(1398 1399 1439 1438)
4(1438 1439 1479 1478)
4(1478 1479 1519 1518)
4(1518 1519 1559 1558)
4(1558 1559 1599 1598)
4(1598 1599 1639 1638)
4(1638 1639 1679 1678)
4(1678 1679 1719 1718)
4(1718 1719 1759 1758)
4(1758 1759 1799 1798)
4(1798 1799 1839 1838)
4(1838 1839 1879 1878)
4(1878 1879 1919 1918)
4(1918 1919 1959 1958)
4(1958 1959 1999 1998)
4(2600 3240 3241 2601)
4(2601 3241 3242 2602)
4(2602 3242 3243 2603)
4(2603 3243 3244 2604)
4(2604 3244 3245 2605)
4(2605 3245 3246 2606)
4(2606 3246 3247 2607)
4(2607 3247 3248 2608)
4(2608 3248 3249 2609)
4(2609 3249 3250 2610)
4(2610 3250 3251 2611)
4(2611 3251 3252 2612)
4(2612 3252 3253 2613)
4(2613 3253 3254 2614)
4(2614 3254 3255 2615)
4(2615 3255 3256 2616)
4(2616 3256 3257 2617)
4(2617 3257 3258 2618)
4(2618 3258 3259 2619)
4(2619 3259 3260 2620)
4(2620 3260 3261 2621)
4(2621 3261 3262 2622)
4(2622 3262 3263 2623)
4(2623 3263 3264 2624)
4(2624 3264 3265 2625)
4(2625 3265 3266 2626)
4(2626 3266 3267 2627)
4(2627 3267 3268 2628)
4(2628 3268 3269 2629)
4(2629 3269 3270 2630)
4(2630 3270 3271 2631)
4(2631 3271 3272 2632)
4(2632 3272 3273 2633)
4(2633 3273 3274 2634)
4(2634 3274 3275 2635)
4(2635 3275 3276 2636)
4(2636 3276 3277 2637)
4(2637 3277 3278 2638)
4(2638 3278 3279 2639)
4(960 2000 2001 961)
4(2000 2040 2041 2001)
4(2040 2080 2081 2041)
4(2080 2120 2121 2081)
4(2120 2160 2161 2121)
4(2160 2200 2201 2161)
4(2200 2240 2241 2201)
4(2240 2280 2281 2241)
4(2280 2320 2321 2281)
4(2320 2360 2361 2321)
4(2360 2400 2401 2361)
4(2400 2440 2441 2401)
4(2440 2480 2481 2441)
4(2480 2520 2521 2481)
4(2520 2560 2561 2521)
4(2560 2600 2601 2561)
4(961 2001 2002 962)
4(2001 2041 2042 2002)
4(2041 2081 2082 2042)
4(2081 2121 2122 2082)
4(2121 2161 2162 2122)
4(2161 2201 2202 2162)
4(2201 2241 2242 2202)
4(2241 2281 2282 2242)
4(2281 2321 2322 2282)
4(2321 2361 2362 2322)
4(2361 2401 2402 2362)
4(2401 2441 2442 2402)
4(2441 2481 2482 2442)
4(2481 2521 2522 2482)
4(2521 2561 2562 2522)
4(2561 2601 2602 2562)
4(962 2002 2003 963)
4(2002 2042 2043 2003)
4(2042 2082 2083 2043)
4(2082 2122 2123 2083)
4(2122 2162 2163 2123)
4(2162 2202 2203 2163)
4(2202 2242 2243 2203)
4(2242 2282 2283 2243)
4(2282 2322 2323 2283)
4(2322 2362 2363 2323)
4(2362 2402 2403 2363)
4(2402 2442 2443 2403)
4(2442 2482 2483 2443)
4(2482 2522 2523 2483)
4(2522 2562 2563 2523)
4(2562 2602 2603 2563)
4(963 2003 2004 964)
4(2003 2043 2044 2004)
4(2043 2083 2084 2044)
4(2083 2123 2124 2084)
4(2123 2163 2164 2124)
4(2163 2203 2204 2164)
4(2203 2243 2244 2204)
4(2243 2283 2284 2244)
4(2283 2323 2324 2284)
4(2323 2363 2364 2324)
4(2363 2403 2404 2364)
4(2403 2443 2444 2404)
4(2443 2483 2484 2444)
4(2483 2523 2524 2484)
4(2523 2563 2564 2524)
4(2563 2603 2604 2564)
4(964 2004 2005 965)
4(2004 2044 2045 2005)
4(2044 2084 2085 2045)
4(2084 2124 2125 2085)
4(2124 2164 2165 2125)
4(2164 2204 2205 2165)
4(2204 2244 2245 2205)
4(2244 2284 2285 2245)
4(2284 2324 2325 2285)
4(2324 2364 2365 2325)
4(2364 2404 2405 2365)
4(2404 2444 2445 2405)
4(2444 2484 2485 2445)
4(2484 2524 2525 2485)
4(2524 2564 2565 2525)
4(2564 2604 2605 2565)
4(965 2005 2006 966)
4(2005 2045 2046 2006)
4(2045 2085 2086 2046)
4(2085 2125 2126 2086)
4(2125 2165 2166 2126)
4(2165 2205 2206 2166)
4(2205 2245 2246 2206)
4(2245 2285 2286 2246)
4(2285 2325 2326 2286)
4(2325 2365 2366 2326)
4(2365 2405 2406 2366)
4(2405 2445 2446 2406)
4(2445 2485 2486 2446)
4(2485 2525 2526 2486)
4(2525 2565 2566 2526)
4(2565 2605 2606 2566)
4(966 2006 2007 967)
4(2006 2046 2047 2007)
4(2046 2086 2087 2047)
4(2086 2126 2127 2087)
4(2126 2166 2167 2127)
4(2166 2206 2207 2167)
4(2206 2246 2247 2207)
4(2246 2286 2287 2247)
4(2286 2326 2327 2287)
4(2326 2366 2367 2327)
4(2366 2406 2407 2367)
4(2406 2446 2447 2407)
4(2446 2486 2487 2447)
4(2486 2526 2527 2487)
4(2526 2566 2567 2527)
4(2566 2606 2607 2567)
4(967 2007 2008 968)
4(2007 2047 2048 2008)
4(2047 2087 2088 2048)
4(2087 2127 2128 2088)
4(2127 2167 2168 2128)
4(2167 2207 2208 2168)
4(2207 2247 2248 2208)
4(2247 2287 2288 2248)
4(2287 2327 2328 2288)
4(2327 2367 2368 2328)
4(2367 2407 2408 2368)
4(2407 2447 2448 2408)
4(2447 2487 2488 2448)
4(2487 2527 2528 2488)
4(2527 2567 2568 2528)
4(2567 2607 2608 2568)
4(968 2008 2009 969)
4(2008 2048 2049 2009)
4(2048 2088 2089 2049)
4(2088 2128 2129 2089)
4(2128 2168 2169 2129)
4(2168 2208 2209 2169)
4(2208 2248 2249 2209)
4(2248 2288 2289 2249)
4(2288 2328 2329 2289)
4(2328 2368 2369 2329)
4(2368 2408 2409 2369)
4(2408 2448 2449 2409)
4(2448 2488 2489 2449)
4(2488 2528 2529 2489)
4(2528 2568 2569 2529)
4(2568 2608 2609 2569)
4(969 2009 2010 970)
4(2009 2049 2050 2010)
4(2049 2089 2090 2050)
4(2089 2129 2130 2090)
4(2129 2169 2170 2130)
4(2169 2209 2210 2170)
4(2209 2249 2250 2210)
4(2249 2289 2290 2250)
4(2289 2329 2330 2290)
4(2329 2369 2370 2330)
4(2369 2409 2410 2370)
4(2409 2449 2450 2410)
4(2449 2489 2490 2450)
4(2489 2529 2530 2490)
4(2529 2569 2570 2530)
4(2569 2609 2610 2570)
4(970 2010 2011 971)
4(2010 2050 2051 2011)
4(2050 2090 2091 2051)
4(2090 2130 2131 2091)
4(2130 2170 2171 2131)
4(2170 2210 2211 2171)
4(2210 2250 2251 2211)
4(2250 2290 2291 2251)
4(2290 2330 2331 2291)
4(2330 2370 2371 2331)
4(2370 2410 2411 2371)
4(2410 2450 2451 2411)
4(2450 2490 2491 2451)
4(2490 2530 2531 2491)
4(2530 2570 2571 2531)
4(2570 2610 2611 2571)
4(971 2011 2012 972)
4(2011 2051 2052 2012)
4(2051 2091 2092 2052)
4(2091 2131 2132 2092)
4(2131 2171 2172 2132)
4(2171 2211 2212 2172)
4(2211 2251 2252 2212)
4(2251 2291 2292 2252)
4(2291 2331 2332 2292)
4(2331 2371 2372 2332)
4(2371 2411 2412 2372)
4(2411 2451 2452 2412)
4(2451 2491 2492 2452)
4(2491 2531 2532 2492)
4(2531 2571 2572 2532)
4(2571 2611 2612 2572)
4(972 2012 2013 973)
4(2012 2052 2053 2013)
4(2052 2092 2093 2053)
4(2092 2132 2133 2093)
4(2132 2172 2173 2133)
4(2172 2212 2213 2173)
4(2212 2252 2253 2213)
4(2252 2292 2293 2253)
4(2292 2332 2333 2293)
4(2332 2372 2373 2333)
4(2372 2412 2413 2373)
4(2412 2452 2453 2413)
4(2452 2492 2493 2453)
4(2492 2532 2533 2493)
4(2532 2572 2573 2533)
4(2572 2612 2613 2573)
4(973 2013 2014 974)
4(2013 2053 2054 2014)
4(2053 2093 2094 2054)
4(2093 2133 2134 2094)
4(2133 2173 2174 2134)
4(2173 2213 2214 2174)
4(2213 2253 2254 2214)
4(2253 2293 2294 2254)
4(2293 2333 2334 2294)
4(2333 2373 2374 2334)
4(2373 2413 2414 2374)
4(2413 2453 2454 2414)
4(2453 2493 2494 2454)
4(2493 2533 2534 2494)
4(2533 2573 2574 2534)
4(2573 2613 2614 2574)
4(974 2014 2015 975)
4(2014 2054 2055 2015)
4(2054 2094 2095 2055)
4(2094 2134 2135 2095)
4(2134 2174 2175 2135)
4(2174 2214 2215 2175)
4(2214 2254 2255 2215)
4(2254 2294 2295 2255)
4(2294 2334 2335 2295)
4(2334 2374 2375 2335)
4(2374 2414 2415 2375)
4(2414 2454 2455 2415)
4(2454 2494 2495 2455)
4(2494 2534 2535 2495)
4(2534 2574 2575 2535)
4(2574 2614 2615 2575)
4(975 2015 2016 976)
4(2015 2055 2056 2016)
4(2055 2095 2096 2056)
4(2095 2135 2136 2096)
4(2135 2175 2176 2136)
4(2175 2215 2216 2176)
4(2215 2255 2256 2216)
4(2255 2295 2296 2256)
4(2295 2335 2336 2296)
4(2335 2375 2376 2336)
4(2375 2415 2416 2376)
4(2415 2455 2456 2416)
4(2455 2495 2496 2456)
4(2495 2535 2536 2496)
4(2535 2575 2576 2536)
4(2575 2615 2616 2576)
4(976 2016 2017 977)
4(2016 2056 2057 2017)
4(2056 2096 2097 2057)
4(2096 2136 2137 2097)
4(2136 2176 2177 2137)
4(2176 2216 2217 2177)
4(2216 2256 2257 2217)
4(2256 2296 2297 2257)
4(2296 2336 2337 2297)
4(2336 2376 2377 2337)
4(2376 2416 2417 2377)
4(2416 2456 2457 2417)
4(2456 2496 2497 2457)
4(2496 2536 2537 2497)
4(2536 2576 2577 2537)
4(2576 2616 2617 2577)
4(977 2017 2018 978)
4(2017 2057 2058 2018)
4(2057 2097 2098 2058)
4(2097 2137 2138 2098)
4(2137 2177 2178 2138)
4(2177 2217 2218 2178)
4(2217 2257 2258 2218)
4(2257 2297 2298 2258)
4(2297 2337 2338 2298)
4(2337 2377 2378 2338)
4(2377 2417 2418 2378)
4(2417 2457 2458 2418)
4(2457 2497 2498 2458)
4(2497 2537 2538 2498)
4(2537 2577 2578 2538)
4(2577 2617 2618 2578)
4(978 2018 2019 979)
4(2018 2058 2059 2019)
4(2058 2098 2099 2059)
4(2098 2138 2139 2099)
4(2138 2178 2179 2139)
4(2178 2218 2219 2179)
4(2218 2258 2259 2219)
4(2258 2298 2299 2259)
4(2298 2338 2339 2299)
4(2338 2378 2379 2339)
4(2378 2418 2419 2379)
4(2418 2458 2459 2419)
4(2458 2498 2499 2459)
4(2498 2538 2539 2499)
4(2538 2578 2579 2539)
4(2578 2618 2619 2579)
4(979 2019 2020 980)
4(2019 2059 2060 2020)
4(2059 2099 2100 2060)
4(2099 2139 2140 2100)
4(2139 2179 2180 2140)
4(2179 2219 2220 2180)
4(2219 2259 2260 2220)
4(2259 2299 2300 2260)
4(2299 2339 2340 2300)
4(2339 2379 2380 2340)
4(2379 2419 2420 2380)
4(2419 2459 2460 2420)
4(2459 2499 2500 2460)
4(2499 2539 2540 2500)
4(2539 2579 2580 2540)
4(2579 2619 2620 2580)
4(980 2020 2021 981)
4(2020 2060 2061 2021)
4(2060 2100 2101 2061)
4(2100 2140 2141 2101)
4(2140 2180 2181 2141)
4(2180 2220 2221 2181)
4(2220 2260 2261 2221)
4(2260 2300 2301 2261)
4(2300 2340 2341 2301)
4(2340 2380 2381 2341)
4(2380 2420 2421 2381)
4(2420 2460 2461 2421)
4(2460 2500 2501 2461)
4(2500 2540 2541 2501)
4(2540 2580 2581 2541)
4(2580 2620 2621 2581)
4(981 2021 2022 982)
4(2021 2061 2062 2022)
4(2061 2101 2102 2062)
4(2101 2141 2142 2102)
4(2141 2181 2182 2142)
4(2181 2221 2222 2182)
4(2221 2261 2262 2222)
4(2261 2301 2302 2262)
4(2301 2341 2342 2302)
4(2341 2381 2382 2342)
4(2381 2421 2422 2382)
4(2421 2461 2462 2422)
4(2461 2501 2502 2462)
4(2501 2541 2542 2502)
4(2541 2581 2582 2542)
4(2581 2621 2622 2582)
4(982 2022 2023 983)
4(2022 2062 2063 2023)
4(2062 2102 2103 2063)
4(2102 2142 2143 2103)
4(2142 2182 2183 2143)
4(2182 2222 2223 2183)
4(2222 2262 2263 2223)
4(2262 2302 2303 2263)
4(2302 2342 2343 2303)
4(2342 2382 2383 2343)
4(2382 2422 2423 2383)
4(2422 2462 2463 2423)
4(2462 2502 2503 2463)
4(2502 2542 2543 2503)
4(2542 2582 2583 2543)
4(2582 2622 2623 2583)
4(983 2023 2024 984)
4(2023 2063 2064 2024)
4(2063 2103 2104 2064)
4(2103 2143 2144 2104)
4(2143 2183 2184 2144)
4(2183 2223 2224 2184)
4(2223 2263 2264 2224)
4(2263 2303 2304 2264)
4(2303 2343 2344 2304)
4(2343 2383 2384 2344)
4(2383 2423 2424 2384)
4(2423 2463 2464 2424)
4(2463 2503 2504 2464)
4(2503 2543 2544 2504)
4(2543 2583 2584 2544)
4(2583 2623 2624 2584)
4(984 2024 2025 985)
4(2024 2064 2065 2025)
4(2064 2104 2105 2065)
4(2104 2144 2145 2105)
4(2144 2184 2185 2145)
4(2184 2224 2225 2185)
4(2224 2264 2265 2225)
4(2264 2304 2305 2265)
4(2304 2344 2345 2305)
4(2344 2384 2385 2345)
4(2384 2424 2425 2385)
4(2424 2464 2465 2425)
4(2464 2504 2505 2465)
4(2504 2544 2545 2505)
4(2544 2584 2585 2545)
4(2584 2624 2625 2585)
4(985 2025 2026 986)
4(2025 2065 2066 2026)
4(2065 2105 2106 2066)
4(2105 2145 2146 2106)
4(2145 2185 2186 2146)
4(2185 2225 2226 2186)
4(2225 2265 2266 2226)
4(2265 2305 2306 2266)
4(2305 2345 2346 2306)
4(2345 2385 2386 2346)
4(2385 2425 2426 2386)
4(2425 2465 2466 2426)
4(2465 2505 2506 2466)
4(2505 2545 2546 2506)
4(2545 2585 2586 2546)
4(2585 2625 2626 2586)
4(986 2026 2027 987)
4(2026 2066 2067 2027)
4(2066 2106 2107 2067)
4(2106 2146 2147 2107)
4(2146 2186 2187 2147)
4(2186 2226 2227 2187)
4(2226 2266 2267 2227)
4(2266 2306 2307 2267)
4(2306 2346 2347 2307)
4(2346 2386 2387 2347)
4(2386 2426 2427 2387)
4(2426 2466 2467 2427)
4(2466 2506 2507 2467)
4(2506 2546 2547 2507)
4(2546 2586 2587 2547)
4(2586 2626 2627 2587)
4(987 2027 2028 988)
4(2027 2067 2068 2028)
4(2067 2107 2108 2068)
4(2107 2147 2148 2108)
4(2147 2187 2188 2148)
4(2187 2227 2228 2188)
4(2227 2267 2268 2228)
4(2267 2307 2308 2268)
4(2307 2347 2348 2308)
4(2347 2387 2388 2348)
4(2387 2427 2428 2388)
4(2427 2467 2468 2428)
4(2467 2507 2508 2468)
4(2507 2547 2548 2508)
4(2547 2587 2588 2548)
4(2587 2627 2628 2588)
4(988 2028 2029 989)
4(2028 2068 2069 2029)
4(2068 2108 2109 2069)
4(2108 2148 2149 2109)
4(2148 2188 2189 2149)
4(2188 2228 2229 2189)
4(2228 2268 2269 2229)
4(2268 2308 2309 2269)
4(2308 2348 2349 2309)
4(2348 2388 2389 2349)
4(2388 2428 2429 2389)
4(2428 2468 2469 2429)
4(2468 2508 2509 2469)
4(2508 2548 2549 2509)
4(2548 2588 2589 2549)
4(2588 2628 2629 2589)
4(989 2029 2030 990)
4(2029 2069 2070 2030)
4(2069 2109 2110 2070)
4(2109 2149 2150 2110)
4(2149 2189 2190 2150)
4(2189 2229 2230 2190)
4(2229 2269 2270 2230)
4(2269 2309 2310 2270)
4(2309 2349 2350 2310)
4(2349 2389 2390 2350)
4(2389 2429 2430 2390)
4(2429 2469 2470 2430)
4(2469 2509 2510 2470)
4(2509 2549 2550 2510)
4(2549 2589 2590 2550)
4(2589 2629 2630 2590)
4(990 2030 2031 991)
4(2030 2070 2071 2031)
4(2070 2110 2111 2071)
4(2110 2150 2151 2111)
4(2150 2190 2191 2151)
4(2190 2230 2231 2191)
4(2230 2270 2271 2231)
4(2270 2310 2311 2271)
4(2310 2350 2351 2311)
4(2350 2390 2391 2351)
4(2390 2430 2431 2391)
4(2430 2470 2471 2431)
4(2470 2510 2511 2471)
4(2510 2550 2551 2511)
4(2550 2590 2591 2551)
4(2590 2630 2631 2591)
4(991 2031 2032 992)
4(2031 2071 2072 2032)
4(2071 2111 2112 2072)
4(2111 2151 2152 2112)
4(2151 2191 2192 2152)
4(2191 2231 2232 2192)
4(2231 2271 2272 2232)
4(2271 2311 2312 2272)
4(2311 2351 2352 2312)
4(2351 2391 2392 2352)
4(2391 2431 2432 2392)
4(2431 2471 2472 2432)
4(2471 2511 2512 2472)
4(2511 2551 2552 2512)
4(2551 2591 2592 2552)
4(2591 2631 2632 2592)
4(992 2032 2033 993)
4(2032 2072 2073 2033)
4(2072 2112 2113 2073)
4(2112 2152 2153 2113)
4(2152 2192 2193 2153)
4(2192 2232 2233 2193)
4(2232 2272 2273 2233)
4(2272 2312 2313 2273)
4(2312 2352 2353 2313)
4(2352 2392 2393 2353)
4(2392 2432 2433 2393)
4(2432 2472 2473 2433)
4(2472 2512 2513 2473)
4(2512 2552 2553 2513)
4(2552 2592 2593 2553)
4(2592 2632 2633 2593)
4(993 2033 2034 994)
4(2033 2073 2074 2034)
4(2073 2113 2114 2074)
4(2113 2153 2154 2114)
4(2153 2193 2194 2154)
4(2193 2233 2234 2194)
4(2233 2273 2274 2234)
4(2273 2313 2314 2274)
4(2313 2353 2354 2314)
4(2353 2393 2394 2354)
4(2393 2433 2434 2394)
4(2433 2473 2474 2434)
4(2473 2513 2514 2474)
4(2513 2553 2554 2514)
4(2553 2593 2594 2554)
4(2593 2633 2634 2594)
4(994 2034 2035 995)
4(2034 2074 2075 2035)
4(2074 2114 2115 2075)
4(2114 2154 2155 2115)
4(2154 2194 2195 2155)
4(2194 2234 2235 2195)
4(2234 2274 2275 2235)
4(2274 2314 2315 2275)
4(2314 2354 2355 2315)
4(2354 2394 2395 2355)
4(2394 2434 2435 2395)
4(2434 2474 2475 2435)
4(2474 2514 2515 2475)
4(2514 2554 2555 2515)
4(2554 2594 2595 2555)
4(2594 2634 2635 2595)
4(995 2035 2036 996)
4(2035 2075 2076 2036)
4(2075 2115 2116 2076)
4(2115 2155 2156 2116)
4(2155 2195 2196 2156)
4(2195 2235 2236 2196)
4(2235 2275 2276 2236)
4(2275 2315 2316 2276)
4(2315 2355 2356 2316)
4(2355 2395 2396 2356)
4(2395 2435 2436 2396)
4(2435 2475 2476 2436)
4(2475 2515 2516 2476)
4(2515 2555 2556 2516)
4(2555 2595 2596 2556)
4(2595 2635 2636 2596)
4(996 2036 2037 997)
4(2036 2076 2077 2037)
4(2076 2116 2117 2077)
4(2116 2156 2157 2117)
4(2156 2196 2197 2157)
4(2196 2236 2237 2197)
4(2236 2276 2277 2237)
4(2276 2316 2317 2277)
4(2316 2356 2357 2317)
4(2356 2396 2397 2357)
4(2396 2436 2437 2397)
4(2436 2476 2477 2437)
4(2476 2516 2517 2477)
4(2516 2556 2557 2517)
4(2556 2596 2597 2557)
4(2596 2636 2637 2597)
4(997 2037 2038 998)
4(2037 2077 2078 2038)
4(2077 2117 2118 2078)
4(2117 2157 2158 2118)
4(2157 2197 2198 2158)
4(2197 2237 2238 2198)
4(2237 2277 2278 2238)
4(2277 2317 2318 2278)
4(2317 2357 2358 2318)
4(2357 2397 2398 2358)
4(2397 2437 2438 2398)
4(2437 2477 2478 2438)
4(2477 2517 2518 2478)
4(2517 2557 2558 2518)
4(2557 2597 2598 2558)
4(2597 2637 2638 2598)
4(998 2038 2039 999)
4(2038 2078 2079 2039)
4(2078 2118 2119 2079)
4(2118 2158 2159 2119)
4(2158 2198 2199 2159)
4(2198 2238 2239 2199)
4(2238 2278 2279 2239)
4(2278 2318 2319 2279)
4(2318 2358 2359 2319)
4(2358 2398 2399 2359)
4(2398 2438 2439 2399)
4(2438 2478 2479 2439)
4(2478 2518 2519 2479)
4(2518 2558 2559 2519)
4(2558 2598 2599 2559)
4(2598 2638 2639 2599)
4(1960 1961 2641 2640)
4(2640 2641 2681 2680)
4(2680 2681 2721 2720)
4(2720 2721 2761 2760)
4(2760 2761 2801 2800)
4(2800 2801 2841 2840)
4(2840 2841 2881 2880)
4(2880 2881 2921 2920)
4(2920 2921 2961 2960)
4(2960 2961 3001 3000)
4(3000 3001 3041 3040)
4(3040 3041 3081 3080)
4(3080 3081 3121 3120)
4(3120 3121 3161 3160)
4(3160 3161 3201 3200)
4(3200 3201 3241 3240)
4(1961 1962 2642 2641)
4(2641 2642 2682 2681)
4(2681 2682 2722 2721)
4(2721 2722 2762 2761)
4(2761 2762 2802 2801)
4(2801 2802 2842 2841)
4(2841 2842 2882 2881)
4(2881 2882 2922 2921)
4(2921 2922 2962 2961)
4(2961 2962 3002 3001)
4(3001 3002 3042 3041)
4(3041 3042 3082 3081)
4(3081 3082 3122 3121)
4(3121 3122 3162 3161)
4(3161 3162 3202 3201)
4(3201 3202 3242 3241)
4(1962 1963 2643 2642)
4(2642 2643 2683 2682)
4(2682 2683 2723 2722)
4(2722 2723 2763 2762)
4(2762 2763 2803 2802)
4(2802 2803 2843 2842)
4(2842 2843 2883 2882)
4(2882 2883 2923 2922)
4(2922 2923 2963 2962)
4(2962 2963 3003 3002)
4(3002 3003 3043 3042)
4(3042 3043 3083 3082)
4(3082 3083 3123 3122)
4(3122 3123 3163 3162)
4(3162 3163 3203 3202)
4(3202 3203 3243 3242)
4(1963 1964 2644 2643)
4(2643 2644 2684 2683)
4(2683 2684 2724 2723)
4(2723 2724 2764 2763)
4(2763 2764 2804 2803)
4(2803 2804 2844 2843)
4(2843 2844 2884 2883)
4(2883 2884 2924 2923)
4(2923 2924 2964 2963)
4(2963 2964 3004 3003)
4(3003 3004 3044 3043)
4(3043 3044 3084 3083)
4(3083 3084 3124 3123)
4(3123 3124 3164 3163)
4(3163 3164 3204 3203)
4(3203 3204 3244 3243)
4(1964 1965 2645 2644)
4(2644 2645 2685 2684)
4(2684 2685 2725 2724)
4(2724 2725 2765 2764)
4(2764 2765 2805 2804)
4(2804 2805 2845 2844)
4(2844 2845 2885 2884)
4(2884 2885 2925 2924)
4(2924 2925 2965 2964)
4(2964 2965 3005 3004)
4(3004 3005 3045 3044)
4(3044 3045 3085 3084)
4(3084 3085 3125 3124)
4(3124 3125 3165 3164)
4(3164 3165 3205 3204)
4(3204 3205 3245 3244)
4(1965 1966 2646 2645)
4(2645 2646 2686 2685)
4(2685 2686 2726 2725)
4(2725 2726 2766 2765)
4(2765 2766 2806 2805)
4(2805 2806 2846 2845)
4(2845 2846 2886 2885)
4(2885 2886 2926 2925)
4(2925 2926 2966 2965)
4(2965 2966 3006 3005)
4(3005 3006 3046 3045)
4(3045 3046 3086 3085)
4(3085 3086 3126 3125)
4(3125 3126 3166 3165)
4(3165 3166 3206 3205)
4(3205 3206 3246 3245)
4(1966 1967 2647 2646)
4(2646 2647 2687 2686)
4(2686 2687 2727 2726)
4(2726 2727 2767 2766)
4(2766 2767 2807 2806)
4(2806 2807 2847 2846)
4(2846 2847 2887 2886)
4(2886 2887 2927 2926)
4(2926 2927 2967 2966)
4(2966 2967 3007 3006)
4(3006 3007 3047 3046)
4(3046 3047 3087 3086)
4(3086 3087 3127 3126)
4(3126 3127 3167 3166)
4(3166 3167 3207 3206)
4(3206 3207 3247 3246)
4(1967 1968 2648 2647)
4(2647 2648 2688 2687)
4(2687 2688 2728 2727)
4(2727 2728 2768 2767)
4(2767 2768 2808 2807)
4(2807 2808 2848 2847)
4(2847 2848 2888 2887)
4(2887 2888 2928 2927)
4(2927 2928 2968 2967)
4(2967 2968 3008 3007)
4(3007 3008 3048 3047)
4(3047 3048 3088 3087)
4(3087 3088 3128 3127)
4(3127 3128 3168 3167)
4(3167 3168 3208 3207)
4(3207 3208 3248 3247)
4(1968 1969 2649 2648)
4(2648 2649 2689 2688)
4(2688 2689 2729 2728)
4(2728 2729 2769 2768)
4(2768 2769 2809 2808)
4(2808 2809 2849 2848)
4(2848 2849 2889 2888)
4(2888 2889 2929 2928)
4(2928 2929 2969 2968)
4(2968 2969 3009 3008)
4(3008 3009 3049 3048)
4(3048 3049 3089 3088)
4(3088 3089 3129 3128)
4(3128 3129 3169 3168)
4(3168 3169 3209 3208)
4(3208 3209 3249 3248)
4(1969 1970 2650 2649)
4(2649 2650 2690 2689)
4(2689 2690 2730 2729)
4(2729 2730 2770 2769)
4(2769 2770 2810 2809)
4(2809 2810 2850 2849)
4(2849 2850 2890 2889)
4(2889 2890 2930 2929)
4(2929 2930 2970 2969)
4(2969 2970 3010 3009)
4(3009 3010 3050 3049)
4(3049 3050 3090 3089)
4(3089 3090 3130 3129)
4(3129 3130 3170 3169)
4(3169 3170 3210 3209)
4(3209 3210 3250 3249)
4(1970 1971 2651 2650)
4(2650 2651 2691 2690)
4(2690 2691 2731 2730)
4(2730 2731 2771 2770)
4(2770 2771 2811 2810)
4(2810 2811 2851 2850)
4(2850 2851 2891 2890)
4(2890 2891 2931 2930)
4(2930 2931 2971 2970)
4(2970 2971 3011 3010)
4(3010 3011 3051 3050)
4(3050 3051 3091 3090)
4(3090 3091 3131 3130)
4(3130 3131 3171 3170)
4(3170 3171 3211 3210)
4(3210 3211 3251 3250)
4(1971 1972 2652 2651)
4(2651 2652 2692 2691)
4(2691 2692 2732 2731)
4(2731 2732 2772 2771)
4(2771 2772 2812 2811)
4(2811 2812 2852 2851)
4(2851 2852 2892 2891)
4(2891 2892 2932 2931)
4(2931 2932 2972 2971)
4(2971 2972 3012 3011)
4(3011 3012 3052 3051)
4(3051 3052 3092 3091)
4(3091 3092 3132 3131)
4(3131 3132 3172 3171)
4(3171 3172 3212 3211)
4(3211 3212 3252 3251)
4(1972 1973 2653 2652)
4(2652 2653 2693 2692)
4(2692 2693 2733 2732)
4(2732 2733 2773 2772)
4(2772 2773 2813 2812)
4(2812 2813 2853 2852)
4(2852 2853 2893 2892)
4(2892 2893 2933 2932)
4(2932 2933 2973 2972)
4(2972 2973 3013 3012)
4(3012 3013 3053 3052)
4(3052 3053 3093 3092)
4(3092 3093 3133 3132)
4(3132 3133 3173 3172)
4(3172 3173 3213 3212)
4(3212 3213 3253 3252)
4(1973 1974 2654 2653)
4(2653 2654 2694 2693)
4(2693 2694 2734 2733)
4(2733 2734 2774 2773)
4(2773 2774 2814 2813)
4(2813 2814 2854 2853)
4(2853 2854 2894 2893)
4(2893 2894 2934 2933)
4(2933 2934 2974 2973)
4(2973 2974 3014 3013)
4(3013 3014 3054 3053)
4(3053 3054 3094 3093)
4(3093 3094 3134 3133)
4(3133 3134 3174 3173)
4(3173 3174 3214 3213)
4(3213 3214 3254 3253)
4(1974 1975 2655 2654)
4(2654 2655 2695 2694)
4(2694 2695 2735 2734)
4(2734 2735 2775 2774)
4(2774 2775 2815 2814)
4(2814 2815 2855 2854)
4(2854 2855 2895 2894)
4(2894 2895 2935 2934)
4(2934 2935 2975 2974)
4(2974 2975 3015 3014)
4(3014 3015 3055 3054)
4(3054 3055 3095 3094)
4(3094 3095 3135 3134)
4(3134 3135 3175 3174)
4(3174 3175 3215 3214)
4(3214 3215 3255 3254)
4(1975 1976 2656 2655)
4(2655 2656 2696 2695)
4(2695 2696 2736 2735)
4(2735 2736 2776 2775)
4(2775 2776 2816 2815)
4(2815 2816 2856 2855)
4(2855 2856 2896 2895)
4(2895 2896 2936 2935)
4(2935 2936 2976 2975)
4(2975 2976 3016 3015)
4(3015 3016 3056 3055)
4(3055 3056 3096 3095)
4(3095 3096 3136 3135)
4(3135 3136 3176 3175)
4(3175 3176 3216 3215)
4(3215 3216 3256 3255)
4(1976 1977 2657 2656)
4(2656 2657 2697 2696)
4(2696 2697 2737 2736)
4(2736 2737 2777 2776)
4(2776 2777 2817 2816)
4(2816 2817 2857 2856)
4(2856 2857 2897 2896)
4(2896 2897 2937 2936)
4(2936 2937 2977 2976)
4(2976 2977 3017 3016)
4(3016 3017 3057 3056)
4(3056 3057 3097 3096)
4(3096 3097 3137 3136)
4(3136 3137 3177 3176)
4(3176 3177 3217 3216)
4(3216 3217 3257 3256)
4(1977 1978 2658 2657)
4(2657 2658 2698 2697)
4(2697 2698 2738 2737)
4(2737 2738 2778 2777)
4(2777 2778 2818 2817)
4(2817 2818 2858 2857)
4(2857 2858 2898 2897)
4(2897 2898 2938 2937)
4(2937 2938 2978 2977)
4(2977 2978 3018 3017)
4(3017 3018 3058 3057)
4(3057 3058 3098 3097)
4(3097 3098 3138 3137)
4(3137 3138 3178 3177)
4(3177 3178 3218 3217)
4(3217 3218 3258 3257)
4(1978 1979 2659 2658)
4(2658 2659 2699 2698)
4(2698 2699 2739 2738)
4(2738 2739 2779 2778)
4(2778 2779 2819 2818)
4(2818 2819 2859 2858)
4(2858 2859 2899 2898)
4(2898 2899 2939 2938)
4(2938 2939 2979 2978)
4(2978 2979 3019 3018)
4(3018 3019 3059 3058)
4(3058 3059 3099 3098)
4(3098 3099 3139 3138)
4(3138 3139 3179 3178)
4(3178 3179 3219 3218)
4(3218 3219 3259 3258)
4(1979 1980 2660 2659)
4(2659 2660 2700 2699)
4(2699 2700 2740 2739)
4(2739 2740 2780 2779)
4(2779 2780 2820 2819)
4(2819 2820 2860 2859)
4(2859 2860 2900 2899)
4(2899 2900 2940 2939)
4(2939 2940 2980 2979)
4(2979 2980 3020 3019)
4(3019 3020 3060 3059)
4(3059 3060 3100 3099)
4(3099 3100 3140 3139)
4(3139 3140 3180 3179)
4(3179 3180 3220 3219)
4(3219 3220 3260 3259)
4(1980 1981 2661 2660)
4(2660 2661 2701 2700)
4(2700 2701 2741 2740)
4(2740 2741 2781 2780)
4(2780 2781 2821 2820)
4(2820 2821 2861 2860)
4(2860 2861 2901 2900)
4(2900 2901 2941 2940)
4(2940 2941 2981 2980)
4(2980 2981 3021 3020)
4(3020 3021 3061 3060)
4(3060 3061 3101 3100)
4(3100 3101 3141 3140)
4(3140 3141 3181 3180)
4(3180 3181 3221 3220)
4(3220 3221 3261 3260)
4(1981 1982 2662 2661)
4(2661 2662 2702 2701)
4(2701 2702 2742 2741)
4(2741 2742 2782 2781)
4(2781 2782 2822 2821)
4(2821 2822 2862 2861)
4(2861 2862 2902 2901)
4(2901 2902 2942 2941)
4(2941 2942 2982 2981)
4(2981 2982 3022 3021)
4(3021 3022 3062 3061)
4(3061 3062 3102 3101)
4(3101 3102 3142 3141)
4(3141 3142 3182 3181)
4(3181 3182 3222 3221)
4(3221 3222 3262 3261)
4(1982 1983 2663 2662)
4(2662 2663 2703 2702)
4(2702 2703 2743 2742)
4(2742 2743 2783 2782)
4(2782 2783 2823 2822)
4(2822 2823 2863 2862)
4(2862 2863 2903 2902)
4(2902 2903 2943 2942)
4(2942 2943 2983 2982)
4(2982 2983 3023 3022)
4(3022 3023 3063 3062)
4(3062 3063 3103 3102)
4(3102 3103 3143 3142)
4(3142 3143 3183 3182)
4(3182 3183 3223 3222)
4(3222 3223 3263 3262)
4(1983 1984 2664 2663)
4(2663 2664 2704 2703)
4(2703 2704 2744 2743)
4(2743 2744 2784 2783)
4(2783 2784 2824 2823)
4(2823 2824 2864 2863)
4(2863 2864 2904 2903)
4(2903 2904 2944 2943)
4(2943 2944 2984 2983)
4(2983 2984 3024 3023)
4(3023 3024 3064 3063)
4(3063 3064 3104 3103)
4(3103 3104 3144 3143)
4(3143 3144 3184 3183)
4(3183 3184 3224 3223)
4(3223 3224 3264 3263)
4(1984 1985 2665 2664)
4(2664 2665 2705 2704)
4(2704 2705 2745 2744)
4(2744 2745 2785 2784)
4(2784 2785 2825 2824)
4(2824 2825 2865 2864)
4(2864 2865 2905 2904)
4(2904 2905 2945 2944)
4(2944 2945 2985 2984)
4(2984 2985 3025 3024)
4(3024 3025 3065 3064)
4(3064 3065 3105 3104)
4(3104 3105 3145 3144)
4(3144 3145 3185 3184)
4(3184 3185 3225 3224)
4(3224 3225 3265 3264)
4(1985 1986 2666 2665)
4(2665 2666 2706 2705)
4(2705 2706 2746 2745)
4(2745 2746 2786 2785)
4(2785 2786 2826 2825)
4(2825 2826 2866 2865)
4(2865 2866 2906 2905)
4(2905 2906 2946 2945)
4(2945 2946 2986 2985)
4(2985 2986 3026 3025)
4(3025 3026 3066 3065)
4(3065 3066 3106 3105)
4(3105 3106 3146 3145)
4(3145 3146 3186 3185)
4(3185 3186 3226 3225)
4(3225 3226 3266 3265)
4(1986 1987 2667 2666)
4(2666 2667 2707 2706)
4(2706 2707 2747 2746)
4(2746 2747 2787 2786)
4(2786 2787 2827 2826)
4(2826 2827 2867 2866)
4(2866 2867 2907 2906)
4(2906 2907 2947 2946)
4(2946 2947 2987 2986)
4(2986 2987 3027 3026)
4(3026 3027 3067 3066)
4(3066 3067 3107 3106)
4(3106 3107 3147 3146)
4(3146 3147 3187 3186)
4(3186 3187 3227 3226)
4(3226 3227 3267 3266)
4(1987 1988 2668 2667)
4(2667 2668 2708 2707)
4(2707 2708 2748 2747)
4(2747 2748 2788 2787)
4(2787 2788 2828 2827)
4(2827 2828 2868 2867)
4(2867 2868 2908 2907)
4(2907 2908 2948 2947)
4(2947 2948 2988 2987)
4(2987 2988 3028 3027)
4(3027 3028 3068 3067)
4(3067 3068 3108 3107)
4(3107 3108 3148 3147)
4(3147 3148 3188 3187)
4(3187 3188 3228 3227)
4(3227 3228 3268 3267)
4(1988 1989 2669 2668)
4(2668 2669 2709 2708)
4(2708 2709 2749 2748)
4(2748 2749 2789 2788)
4(2788 2789 2829 2828)
4(2828 2829 2869 2868)
4(2868 2869 2909 2908)
4(2908 2909 2949 2948)
4(2948 2949 2989 2988)
4(2988 2989 3029 3028)
4(3028 3029 3069 3068)
4(3068 3069 3109 3108)
4(3108 3109 3149 3148)
4(3148 3149 3189 3188)
4(3188 3189 3229 3228)
4(3228 3229 3269 3268)
4(1989 1990 2670 2669)
4(2669 2670 2710 2709)
4(2709 2710 2750 2749)
4(2749 2750 2790 2789)
4(2789 2790 2830 2829)
4(2829 2830 2870 2869)
4(2869 2870 2910 2909)
4(2909 2910 2950 2949)
4(2949 2950 2990 2989)
4(2989 2990 3030 3029)
4(3029 3030 3070 3069)
4(3069 3070 3110 3109)
4(3109 3110 3150 3149)
4(3149 3150 3190 3189)
4(3189 3190 3230 3229)
4(3229 3230 3270 3269)
4(1990 1991 2671 2670)
4(2670 2671 2711 2710)
4(2710 2711 2751 2750)
4(2750 2751 2791 2790)
4(2790 2791 2831 2830)
4(2830 2831 2871 2870)
4(2870 2871 2911 2910)
4(2910 2911 2951 2950)
4(2950 2951 2991 2990)
4(2990 2991 3031 3030)
4(3030 3031 3071 3070)
4(3070 3071 3111 3110)
4(3110 3111 3151 3150)
4(3150 3151 3191 3190)
4(3190 3191 3231 3230)
4(3230 3231 3271 3270)
4(1991 1992 2672 2671)
4(2671 2672 2712 2711)
4(2711 2712 2752 2751)
4(2751 2752 2792 2791)
4(2791 2792 2832 2831)
4(2831 2832 2872 2871)
4(2871 2872 2912 2911)
4(2911 2912 2952 2951)
4(2951 2952 2992 2991)
4(2991 2992 3032 3031)
4(3031 3032 3072 3071)
4(3071 3072 3112 3111)
4(3111 3112 3152 3151)
4(3151 3152 3192 3191)
4(3191 3192 3232 3231)
4(3231 3232 3272 3271)
4(1992 1993 2673 2672)
4(2672 2673 2713 2712)
4(2712 2713 2753 2752)
4(2752 2753 2793 2792)
4(2792 2793 2833 2832)
4(2832 2833 2873 2872)
4(2872 2873 2913 2912)
4(2912 2913 2953 2952)
4(2952 2953 2993 2992)
4(2992 2993 3033 3032)
4(3032 3033 3073 3072)
4(3072 3073 3113 3112)
4(3112 3113 3153 3152)
4(3152 3153 3193 3192)
4(3192 3193 3233 3232)
4(3232 3233 3273 3272)
4(1993 1994 2674 2673)
4(2673 2674 2714 2713)
4(2713 2714 2754 2753)
4(2753 2754 2794 2793)
4(2793 2794 2834 2833)
4(2833 2834 2874 2873)
4(2873 2874 2914 2913)
4(2913 2914 2954 2953)
4(2953 2954 2994 2993)
4(2993 2994 3034 3033)
4(3033 3034 3074 3073)
4(3073 3074 3114 3113)
4(3113 3114 3154 3153)
4(3153 3154 3194 3193)
4(3193 3194 3234 3233)
4(3233 3234 3274 3273)
4(1994 1995 2675 2674)
4(2674 2675 2715 2714)
4(2714 2715 2755 2754)
4(2754 2755 2795 2794)
4(2794 2795 2835 2834)
4(2834 2835 2875 2874)
4(2874 2875 2915 2914)
4(2914 2915 2955 2954)
4(2954 2955 2995 2994)
4(2994 2995 3035 3034)
4(3034 3035 3075 3074)
4(3074 3075 3115 3114)
4(3114 3115 3155 3154)
4(3154 3155 3195 3194)
4(3194 3195 3235 3234)
4(3234 3235 3275 3274)
4(1995 1996 2676 2675)
4(2675 2676 2716 2715)
4(2715 2716 2756 2755)
4(2755 2756 2796 2795)
4(2795 2796 2836 2835)
4(2835 2836 2876 2875)
4(2875 2876 2916 2915)
4(2915 2916 2956 2955)
4(2955 2956 2996 2995)
4(2995 2996 3036 3035)
4(3035 3036 3076 3075)
4(3075 3076 3116 3115)
4(3115 3116 3156 3155)
4(3155 3156 3196 3195)
4(3195 3196 3236 3235)
4(3235 3236 3276 3275)
4(1996 1997 2677 2676)
4(2676 2677 2717 2716)
4(2716 2717 2757 2756)
4(2756 2757 2797 2796)
4(2796 2797 2837 2836)
4(2836 2837 2877 2876)
4(2876 2877 2917 2916)
4(2916 2917 2957 2956)
4(2956 2957 2997 2996)
4(2996 2997 3037 3036)
4(3036 3037 3077 3076)
4(3076 3077 3117 3116)
4(3116 3117 3157 3156)
4(3156 3157 3197 3196)
4(3196 3197 3237 3236)
4(3236 3237 3277 3276)
4(1997 1998 2678 2677)
4(2677 2678 2718 2717)
4(2717 2718 2758 2757)
4(2757 2758 2798 2797)
4(2797 2798 2838 2837)
4(2837 2838 2878 2877)
4(2877 2878 2918 2917)
4(2917 2918 2958 2957)
4(2957 2958 2998 2997)
4(2997 2998 3038 3037)
4(3037 3038 3078 3077)
4(3077 3078 3118 3117)
4(3117 3118 3158 3157)
4(3157 3158 3198 3197)
4(3197 3198 3238 3237)
4(3237 3238 3278 3277)
4(1998 1999 2679 2678)
4(2678 2679 2719 2718)
4(2718 2719 2759 2758)
4(2758 2759 2799 2798)
4(2798 2799 2839 2838)
4(2838 2839 2879 2878)
4(2878 2879 2919 2918)
4(2918 2919 2959 2958)
4(2958 2959 2999 2998)
4(2998 2999 3039 3038)
4(3038 3039 3079 3078)
4(3078 3079 3119 3118)
4(3118 3119 3159 3158)
4(3158 3159 3199 3198)
4(3198 3199 3239 3238)
4(3238 3239 3279 3278)
4(39 3280 3655 1039)
4(3280 3281 3656 3655)
4(3281 3282 3657 3656)
4(3282 3283 3658 3657)
4(3283 3284 3659 3658)
4(3284 3285 3660 3659)
4(3285 3286 3661 3660)
4(3286 3287 3662 3661)
4(3287 3288 3663 3662)
4(3288 3289 3664 3663)
4(3289 3290 3665 3664)
4(3290 3291 3666 3665)
4(3291 3292 3667 3666)
4(3292 3293 3668 3667)
4(3293 3294 3669 3668)
4(39 79 3295 3280)
4(79 119 3310 3295)
4(119 159 3325 3310)
4(159 199 3340 3325)
4(199 239 3355 3340)
4(239 279 3370 3355)
4(279 319 3385 3370)
4(319 359 3400 3385)
4(359 399 3415 3400)
4(399 439 3430 3415)
4(439 479 3445 3430)
4(479 519 3460 3445)
4(519 559 3475 3460)
4(559 599 3490 3475)
4(599 639 3505 3490)
4(639 679 3520 3505)
4(679 719 3535 3520)
4(719 759 3550 3535)
4(759 799 3565 3550)
4(799 839 3580 3565)
4(839 879 3595 3580)
4(879 919 3610 3595)
4(919 959 3625 3610)
4(959 999 3640 3625)
4(3280 3295 3296 3281)
4(3295 3310 3311 3296)
4(3310 3325 3326 3311)
4(3325 3340 3341 3326)
4(3340 3355 3356 3341)
4(3355 3370 3371 3356)
4(3370 3385 3386 3371)
4(3385 3400 3401 3386)
4(3400 3415 3416 3401)
4(3415 3430 3431 3416)
4(3430 3445 3446 3431)
4(3445 3460 3461 3446)
4(3460 3475 3476 3461)
4(3475 3490 3491 3476)
4(3490 3505 3506 3491)
4(3505 3520 3521 3506)
4(3520 3535 3536 3521)
4(3535 3550 3551 3536)
4(3550 3565 3566 3551)
4(3565 3580 3581 3566)
4(3580 3595 3596 3581)
4(3595 3610 3611 3596)
4(3610 3625 3626 3611)
4(3625 3640 3641 3626)
4(3281 3296 3297 3282)
4(3296 3311 3312 3297)
4(3311 3326 3327 3312)
4(3326 3341 3342 3327)
4(3341 3356 3357 3342)
4(3356 3371 3372 3357)
4(3371 3386 3387 3372)
4(3386 3401 3402 3387)
4(3401 3416 3417 3402)
4(3416 3431 3432 3417)
4(3431 3446 3447 3432)
4(3446 3461 3462 3447)
4(3461 3476 3477 3462)
4(3476 3491 3492 3477)
4(3491 3506 3507 3492)
4(3506 3521 3522 3507)
4(3521 3536 3537 3522)
4(3536 3551 3552 3537)
4(3551 3566 3567 3552)
4(3566 3581 3582 3567)
4(3581 3596 3597 3582)
4(3596 3611 3612 3597)
4(3611 3626 3627 3612)
4(3626 3641 3642 3627)
4(3282 3297 3298 3283)
4(3297 3312 3313 3298)
4(3312 3327 3328 3313)
4(3327 3342 3343 3328)
4(3342 3357 3358 3343)
4(3357 3372 3373 3358)
4(3372 3387 3388 3373)
4(3387 3402 3403 3388)
4(3402 3417 3418 3403)
4(3417 3432 3433 3418)
4(3432 3447 3448 3433)
4(3447 3462 3463 3448)
4(3462 3477 3478 3463)
4(3477 3492 3493 3478)
4(3492 3507 3508 3493)
4(3507 3522 3523 3508)
4(3522 3537 3538 3523)
4(3537 3552 3553 3538)
4(3552 3567 3568 3553)
4(3567 3582 3583 3568)
4(3582 3597 3598 3583)
4(3597 3612 3613 3598)
4(3612 3627 3628 3613)
4(3627 3642 3643 3628)
4(3283 3298 3299 3284)
4(3298 3313 3314 3299)
4(3313 3328 3329 3314)
4(3328 3343 3344 3329)
4(3343 3358 3359 3344)
4(3358 3373 3374 3359)
4(3373 3388 3389 3374)
4(3388 3403 3404 3389)
4(3403 3418 3419 3404)
4(3418 3433 3434 3419)
4(3433 3448 3449 3434)
4(3448 3463 3464 3449)
4(3463 3478 3479 3464)
4(3478 3493 3494 3479)
4(3493 3508 3509 3494)
4(3508 3523 3524 3509)
4(3523 3538 3539 3524)
4(3538 3553 3554 3539)
4(3553 3568 3569 3554)
4(3568 3583 3584 3569)
4(3583 3598 3599 3584)
4(3598 3613 3614 3599)
4(3613 3628 3629 3614)
4(3628 3643 3644 3629)
4(3284 3299 3300 3285)
4(3299 3314 3315 3300)
4(3314 3329 3330 3315)
4(3329 3344 3345 3330)
4(3344 3359 3360 3345)
4(3359 3374 3375 3360)
4(3374 3389 3390 3375)
4(3389 3404 3405 3390)
4(3404 3419 3420 3405)
4(3419 3434 3435 3420)
4(3434 3449 3450 3435)
4(3449 3464 3465 3450)
4(3464 3479 3480 3465)
4(3479 3494 3495 3480)
4(3494 3509 3510 3495)
4(3509 3524 3525 3510)
4(3524 3539 3540 3525)
4(3539 3554 3555 3540)
4(3554 3569 3570 3555)
4(3569 3584 3585 3570)
4(3584 3599 3600 3585)
4(3599 3614 3615 3600)
4(3614 3629 3630 3615)
4(3629 3644 3645 3630)
4(3285 3300 3301 3286)
4(3300 3315 3316 3301)
4(3315 3330 3331 3316)
4(3330 3345 3346 3331)
4(3345 3360 3361 3346)
4(3360 3375 3376 3361)
4(3375 3390 3391 3376)
4(3390 3405 3406 3391)
4(3405 3420 3421 3406)
4(3420 3435 3436 3421)
4(3435 3450 3451 3436)
4(3450 3465 3466 3451)
4(3465 3480 3481 3466)
4(3480 3495 3496 3481)
4(3495 3510 3511 3496)
4(3510 3525 3526 3511)
4(3525 3540 3541 3526)
4(3540 3555 3556 3541)
4(3555 3570 3571 3556)
4(3570 3585 3586 3571)
4(3585 3600 3601 3586)
4(3600 3615 3616 3601)
4(3615 3630 3631 3616)
4(3630 3645 3646 3631)
4(3286 3301 3302 3287)
4(3301 3316 3317 3302)
4(3316 3331 3332 3317)
4(3331 3346 3347 3332)
4(3346 3361 3362 3347)
4(3361 3376 3377 3362)
4(3376 3391 3392 3377)
4(3391 3406 3407 3392)
4(3406 3421 3422 3407)
4(3421 3436 3437 3422)
4(3436 3451 3452 3437)
4(3451 3466 3467 3452)
4(3466 3481 3482 3467)
4(3481 3496 3497 3482)
4(3496 3511 3512 3497)
4(3511 3526 3527 3512)
4(3526 3541 3542 3527)
4(3541 3556 3557 3542)
4(3556 3571 3572 3557)
4(3571 3586 3587 3572)
4(3586 3601 3602 3587)
4(3601 3616 3617 3602)
4(3616 3631 3632 3617)
4(3631 3646 3647 3632)
4(3287 3302 3303 3288)
4(3302 3317 3318 3303)
4(3317 3332 3333 3318)
4(3332 3347 3348 3333)
4(3347 3362 3363 3348)
4(3362 3377 3378 3363)
4(3377 3392 3393 3378)
4(3392 3407 3408 3393)
4(3407 3422 3423 3408)
4(3422 3437 3438 3423)
4(3437 3452 3453 3438)
4(3452 3467 3468 3453)
4(3467 3482 3483 3468)
4(3482 3497 3498 3483)
4(3497 3512 3513 3498)
4(3512 3527 3528 3513)
4(3527 3542 3543 3528)
4(3542 3557 3558 3543)
4(3557 3572 3573 3558)
4(3572 3587 3588 3573)
4(3587 3602 3603 3588)
4(3602 3617 3618 3603)
4(3617 3632 3633 3618)
4(3632 3647 3648 3633)
4(3288 3303 3304 3289)
4(3303 3318 3319 3304)
4(3318 3333 3334 3319)
4(3333 3348 3349 3334)
4(3348 3363 3364 3349)
4(3363 3378 3379 3364)
4(3378 3393 3394 3379)
4(3393 3408 3409 3394)
4(3408 3423 3424 3409)
4(3423 3438 3439 3424)
4(3438 3453 3454 3439)
4(3453 3468 3469 3454)
4(3468 3483 3484 3469)
4(3483 3498 3499 3484)
4(3498 3513 3514 3499)
4(3513 3528 3529 3514)
4(3528 3543 3544 3529)
4(3543 3558 3559 3544)
4(3558 3573 3574 3559)
4(3573 3588 3589 3574)
4(3588 3603 3604 3589)
4(3603 3618 3619 3604)
4(3618 3633 3634 3619)
4(3633 3648 3649 3634)
4(3289 3304 3305 3290)
4(3304 3319 3320 3305)
4(3319 3334 3335 3320)
4(3334 3349 3350 3335)
4(3349 3364 3365 3350)
4(3364 3379 3380 3365)
4(3379 3394 3395 3380)
4(3394 3409 3410 3395)
4(3409 3424 3425 3410)
4(3424 3439 3440 3425)
4(3439 3454 3455 3440)
4(3454 3469 3470 3455)
4(3469 3484 3485 3470)
4(3484 3499 3500 3485)
4(3499 3514 3515 3500)
4(3514 3529 3530 3515)
4(3529 3544 3545 3530)
4(3544 3559 3560 3545)
4(3559 3574 3575 3560)
4(3574 3589 3590 3575)
4(3589 3604 3605 3590)
4(3604 3619 3620 3605)
4(3619 3634 3635 3620)
4(3634 3649 3650 3635)
4(3290 3305 3306 3291)
4(3305 3320 3321 3306)
4(3320 3335 3336 3321)
4(3335 3350 3351 3336)
4(3350 3365 3366 3351)
4(3365 3380 3381 3366)
4(3380 3395 3396 3381)
4(3395 3410 3411 3396)
4(3410 3425 3426 3411)
4(3425 3440 3441 3426)
4(3440 3455 3456 3441)
4(3455 3470 3471 3456)
4(3470 3485 3486 3471)
4(3485 3500 3501 3486)
4(3500 3515 3516 3501)
4(3515 3530 3531 3516)
4(3530 3545 3546 3531)
4(3545 3560 3561 3546)
4(3560 3575 3576 3561)
4(3575 3590 3591 3576)
4(3590 3605 3606 3591)
4(3605 3620 3621 3606)
4(3620 3635 3636 3621)
4(3635 3650 3651 3636)
4(3291 3306 3307 3292)
4(3306 3321 3322 3307)
4(3321 3336 3337 3322)
4(3336 3351 3352 3337)
4(3351 3366 3367 3352)
4(3366 3381 3382 3367)
4(3381 3396 3397 3382)
4(3396 3411 3412 3397)
4(3411 3426 3427 3412)
4(3426 3441 3442 3427)
4(3441 3456 3457 3442)
4(3456 3471 3472 3457)
4(3471 3486 3487 3472)
4(3486 3501 3502 3487)
4(3501 3516 3517 3502)
4(3516 3531 3532 3517)
4(3531 3546 3547 3532)
4(3546 3561 3562 3547)
4(3561 3576 3577 3562)
4(3576 3591 3592 3577)
4(3591 3606 3607 3592)
4(3606 3621 3622 3607)
4(3621 3636 3637 3622)
4(3636 3651 3652 3637)
4(3292 3307 3308 3293)
4(3307 3322 3323 3308)
4(3322 3337 3338 3323)
4(3337 3352 3353 3338)
4(3352 3367 3368 3353)
4(3367 3382 3383 3368)
4(3382 3397 3398 3383)
4(3397 3412 3413 3398)
4(3412 3427 3428 3413)
4(3427 3442 3443 3428)
4(3442 3457 3458 3443)
4(3457 3472 3473 3458)
4(3472 3487 3488 3473)
4(3487 3502 3503 3488)
4(3502 3517 3518 3503)
4(3517 3532 3533 3518)
4(3532 3547 3548 3533)
4(3547 3562 3563 3548)
4(3562 3577 3578 3563)
4(3577 3592 3593 3578)
4(3592 3607 3608 3593)
4(3607 3622 3623 3608)
4(3622 3637 3638 3623)
4(3637 3652 3653 3638)
4(3293 3308 3309 3294)
4(3308 3323 3324 3309)
4(3323 3338 3339 3324)
4(3338 3353 3354 3339)
4(3353 3368 3369 3354)
4(3368 3383 3384 3369)
4(3383 3398 3399 3384)
4(3398 3413 3414 3399)
4(3413 3428 3429 3414)
4(3428 3443 3444 3429)
4(3443 3458 3459 3444)
4(3458 3473 3474 3459)
4(3473 3488 3489 3474)
4(3488 3503 3504 3489)
4(3503 3518 3519 3504)
4(3518 3533 3534 3519)
4(3533 3548 3549 3534)
4(3548 3563 3564 3549)
4(3563 3578 3579 3564)
4(3578 3593 3594 3579)
4(3593 3608 3609 3594)
4(3608 3623 3624 3609)
4(3623 3638 3639 3624)
4(3638 3653 3654 3639)
4(1039 3655 3670 1079)
4(1079 3670 3685 1119)
4(1119 3685 3700 1159)
4(1159 3700 3715 1199)
4(1199 3715 3730 1239)
4(1239 3730 3745 1279)
4(1279 3745 3760 1319)
4(1319 3760 3775 1359)
4(1359 3775 3790 1399)
4(1399 3790 3805 1439)
4(1439 3805 3820 1479)
4(1479 3820 3835 1519)
4(1519 3835 3850 1559)
4(1559 3850 3865 1599)
4(1599 3865 3880 1639)
4(1639 3880 3895 1679)
4(1679 3895 3910 1719)
4(1719 3910 3925 1759)
4(1759 3925 3940 1799)
4(1799 3940 3955 1839)
4(1839 3955 3970 1879)
4(1879 3970 3985 1919)
4(1919 3985 4000 1959)
4(1959 4000 4015 1999)
4(3655 3656 3671 3670)
4(3670 3671 3686 3685)
4(3685 3686 3701 3700)
4(3700 3701 3716 3715)
4(3715 3716 3731 3730)
4(3730 3731 3746 3745)
4(3745 3746 3761 3760)
4(3760 3761 3776 3775)
4(3775 3776 3791 3790)
4(3790 3791 3806 3805)
4(3805 3806 3821 3820)
4(3820 3821 3836 3835)
4(3835 3836 3851 3850)
4(3850 3851 3866 3865)
4(3865 3866 3881 3880)
4(3880 3881 3896 3895)
4(3895 3896 3911 3910)
4(3910 3911 3926 3925)
4(3925 3926 3941 3940)
4(3940 3941 3956 3955)
4(3955 3956 3971 3970)
4(3970 3971 3986 3985)
4(3985 3986 4001 4000)
4(4000 4001 4016 4015)
4(3656 3657 3672 3671)
4(3671 3672 3687 3686)
4(3686 3687 3702 3701)
4(3701 3702 3717 3716)
4(3716 3717 3732 3731)
4(3731 3732 3747 3746)
4(3746 3747 3762 3761)
4(3761 3762 3777 3776)
4(3776 3777 3792 3791)
4(3791 3792 3807 3806)
4(3806 3807 3822 3821)
4(3821 3822 3837 3836)
4(3836 3837 3852 3851)
4(3851 3852 3867 3866)
4(3866 3867 3882 3881)
4(3881 3882 3897 3896)
4(3896 3897 3912 3911)
4(3911 3912 3927 3926)
4(3926 3927 3942 3941)
4(3941 3942 3957 3956)
4(3956 3957 3972 3971)
4(3971 3972 3987 3986)
4(3986 3987 4002 4001)
4(4001 4002 4017 4016)
4(3657 3658 3673 3672)
4(3672 3673 3688 3687)
4(3687 3688 3703 3702)
4(3702 3703 3718 3717)
4(3717 3718 3733 3732)
4(3732 3733 3748 3747)
4(3747 3748 3763 3762)
4(3762 3763 3778 3777)
4(3777 3778 3793 3792)
4(3792 3793 3808 3807)
4(3807 3808 3823 3822)
4(3822 3823 3838 3837)
4(3837 3838 3853 3852)
4(3852 3853 3868 3867)
4(3867 3868 3883 3882)
4(3882 3883 3898 3897)
4(3897 3898 3913 3912)
4(3912 3913 3928 3927)
4(3927 3928 3943 3942)
4(3942 3943 3958 3957)
4(3957 3958 3973 3972)
4(3972 3973 3988 3987)
4(3987 3988 4003 4002)
4(4002 4003 4018 4017)
4(3658 3659 3674 3673)
4(3673 3674 3689 3688)
4(3688 3689 3704 3703)
4(3703 3704 3719 3718)
4(3718 3719 3734 3733)
4(3733 3734 3749 3748)
4(3748 3749 3764 3763)
4(3763 3764 3779 3778)
4(3778 3779 3794 3793)
4(3793 3794 3809 3808)
4(3808 3809 3824 3823)
4(3823 3824 3839 3838)
4(3838 3839 3854 3853)
4(3853 3854 3869 3868)
4(3868 3869 3884 3883)
4(3883 3884 3899 3898)
4(3898 3899 3914 3913)
4(3913 3914 3929 3928)
4(3928 3929 3944 3943)
4(3943 3944 3959 3958)
4(3958 3959 3974 3973)
4(3973 3974 3989 3988)
4(3988 3989 4004 4003)
4(4003 4004 4019 4018)
4(3659 3660 3675 3674)
4(3674 3675 3690 3689)
4(3689 3690 3705 3704)
4(3704 3705 3720 3719)
4(3719 3720 3735 3734)
4(3734 3735 3750 3749)
4(3749 3750 3765 3764)
4(3764 3765 3780 3779)
4(3779 3780 3795 3794)
4(3794 3795 3810 3809)
4(3809 3810 3825 3824)
4(3824 3825 3840 3839)
4(3839 3840 3855 3854)
4(3854 3855 3870 3869)
4(3869 3870 3885 3884)
4(3884 3885 3900 3899)
4(3899 3900 3915 3914)
4(3914 3915 3930 3929)
4(3929 3930 3945 3944)
4(3944 3945 3960 3959)
4(3959 3960 3975 3974)
4(3974 3975 3990 3989)
4(3989 3990 4005 4004)
4(4004 4005 4020 4019)
4(3660 3661 3676 3675)
4(3675 3676 3691 3690)
4(3690 3691 3706 3705)
4(3705 3706 3721 3720)
4(3720 3721 3736 3735)
4(3735 3736 3751 3750)
4(3750 3751 3766 3765)
4(3765 3766 3781 3780)
4(3780 3781 3796 3795)
4(3795 3796 3811 3810)
4(3810 3811 3826 3825)
4(3825 3826 3841 3840)
4(3840 3841 3856 3855)
4(3855 3856 3871 3870)
4(3870 3871 3886 3885)
4(3885 3886 3901 3900)
4(3900 3901 3916 3915)
4(3915 3916 3931 3930)
4(3930 3931 3946 3945)
4(3945 3946 3961 3960)
4(3960 3961 3976 3975)
4(3975 3976 3991 3990)
4(3990 3991 4006 4005)
4(4005 4006 4021 4020)
4(3661 3662 3677 3676)
4(3676 3677 3692 3691)
4(3691 3692 3707 3706)
4(3706 3707 3722 3721)
4(3721 3722 3737 3736)
4(3736 3737 3752 3751)
4(3751 3752 3767 3766)
4(3766 3767 3782 3781)
4(3781 3782 3797 3796)
4(3796 3797 3812 3811)
4(3811 3812 3827 3826)
4(3826 3827 3842 3841)
4(3841 3842 3857 3856)
4(3856 3857 3872 3871)
4(3871 3872 3887 3886)
4(3886 3887 3902 3901)
4(3901 3902 3917 3916)
4(3916 3917 3932 3931)
4(3931 3932 3947 3946)
4(3946 3947 3962 3961)
4(3961 3962 3977 3976)
4(3976 3977 3992 3991)
4(3991 3992 4007 4006)
4(4006 4007 4022 4021)
4(3662 3663 3678 3677)
4(3677 3678 3693 3692)
4(3692 3693 3708 3707)
4(3707 3708 3723 3722)
4(3722 3723 3738 3737)
4(3737 3738 3753 3752)
4(3752 3753 3768 3767)
4(3767 3768 3783 3782)
4(3782 3783 3798 3797)
4(3797 3798 3813 3812)
4(3812 3813 3828 3827)
4(3827 3828 3843 3842)
4(3842 3843 3858 3857)
4(3857 3858 3873 3872)
4(3872 3873 3888 3887)
4(3887 3888 3903 3902)
4(3902 3903 3918 3917)
4(3917 3918 3933 3932)
4(3932 3933 3948 3947)
4(3947 3948 3963 3962)
4(3962 3963 3978 3977)
4(3977 3978 3993 3992)
4(3992 3993 4008 4007)
4(4007 4008 4023 4022)
4(3663 3664 3679 3678)
4(3678 3679 3694 3693)
4(3693 3694 3709 3708)
4(3708 3709 3724 3723)
4(3723 3724 3739 3738)
4(3738 3739 3754 3753)
4(3753 3754 3769 3768)
4(3768 3769 3784 3783)
4(3783 3784 3799 3798)
4(3798 3799 3814 3813)
4(3813 3814 3829 3828)
4(3828 3829 3844 3843)
4(3843 3844 3859 3858)
4(3858 3859 3874 3873)
4(3873 3874 3889 3888)
4(3888 3889 3904 3903)
4(3903 3904 3919 3918)
4(3918 3919 3934 3933)
4(3933 3934 3949 3948)
4(3948 3949 3964 3963)
4(3963 3964 3979 3978)
4(3978 3979 3994 3993)
4(3993 3994 4009 4008)
4(4008 4009 4024 4023)
4(3664 3665 3680 3679)
4(3679 3680 3695 3694)
4(3694 3695 3710 3709)
4(3709 3710 3725 3724)
4(3724 3725 3740 3739)
4(3739 3740 3755 3754)
4(3754 3755 3770 3769)
4(3769 3770 3785 3784)
4(3784 3785 3800 3799)
4(3799 3800 3815 3814)
4(3814 3815 3830 3829)
4(3829 3830 3845 3844)
4(3844 3845 3860 3859)
4(3859 3860 3875 3874)
4(3874 3875 3890 3889)
4(3889 3890 3905 3904)
4(3904 3905 3920 3919)
4(3919 3920 3935 3934)
4(3934 3935 3950 3949)
4(3949 3950 3965 3964)
4(3964 3965 3980 3979)
4(3979 3980 3995 3994)
4(3994 3995 4010 4009)
4(4009 4010 4025 4024)
4(3665 3666 3681 3680)
4(3680 3681 3696 3695)
4(3695 3696 3711 3710)
4(3710 3711 3726 3725)
4(3725 3726 3741 3740)
4(3740 3741 3756 3755)
4(3755 3756 3771 3770)
4(3770 3771 3786 3785)
4(3785 3786 3801 3800)
4(3800 3801 3816 3815)
4(3815 3816 3831 3830)
4(3830 3831 3846 3845)
4(3845 3846 3861 3860)
4(3860 3861 3876 3875)
4(3875 3876 3891 3890)
4(3890 3891 3906 3905)
4(3905 3906 3921 3920)
4(3920 3921 3936 3935)
4(3935 3936 3951 3950)
4(3950 3951 3966 3965)
4(3965 3966 3981 3980)
4(3980 3981 3996 3995)
4(3995 3996 4011 4010)
4(4010 4011 4026 4025)
4(3666 3667 3682 3681)
4(3681 3682 3697 3696)
4(3696 3697 3712 3711)
4(3711 3712 3727 3726)
4(3726 3727 3742 3741)
4(3741 3742 3757 3756)
4(3756 3757 3772 3771)
4(3771 3772 3787 3786)
4(3786 3787 3802 3801)
4(3801 3802 3817 3816)
4(3816 3817 3832 3831)
4(3831 3832 3847 3846)
4(3846 3847 3862 3861)
4(3861 3862 3877 3876)
4(3876 3877 3892 3891)
4(3891 3892 3907 3906)
4(3906 3907 3922 3921)
4(3921 3922 3937 3936)
4(3936 3937 3952 3951)
4(3951 3952 3967 3966)
4(3966 3967 3982 3981)
4(3981 3982 3997 3996)
4(3996 3997 4012 4011)
4(4011 4012 4027 4026)
4(3667 3668 3683 3682)
4(3682 3683 3698 3697)
4(3697 3698 3713 3712)
4(3712 3713 3728 3727)
4(3727 3728 3743 3742)
4(3742 3743 3758 3757)
4(3757 3758 3773 3772)
4(3772 3773 3788 3787)
4(3787 3788 3803 3802)
4(3802 3803 3818 3817)
4(3817 3818 3833 3832)
4(3832 3833 3848 3847)
4(3847 3848 3863 3862)
4(3862 3863 3878 3877)
4(3877 3878 3893 3892)
4(3892 3893 3908 3907)
4(3907 3908 3923 3922)
4(3922 3923 3938 3937)
4(3937 3938 3953 3952)
4(3952 3953 3968 3967)
4(3967 3968 3983 3982)
4(3982 3983 3998 3997)
4(3997 3998 4013 4012)
4(4012 4013 4028 4027)
4(3668 3669 3684 3683)
4(3683 3684 3699 3698)
4(3698 3699 3714 3713)
4(3713 3714 3729 3728)
4(3728 3729 3744 3743)
4(3743 3744 3759 3758)
4(3758 3759 3774 3773)
4(3773 3774 3789 3788)
4(3788 3789 3804 3803)
4(3803 3804 3819 3818)
4(3818 3819 3834 3833)
4(3833 3834 3849 3848)
4(3848 3849 3864 3863)
4(3863 3864 3879 3878)
4(3878 3879 3894 3893)
4(3893 3894 3909 3908)
4(3908 3909 3924 3923)
4(3923 3924 3939 3938)
4(3938 3939 3954 3953)
4(3953 3954 3969 3968)
4(3968 3969 3984 3983)
4(3983 3984 3999 3998)
4(3998 3999 4014 4013)
4(4013 4014 4029 4028)
4(3294 4030 4405 3669)
4(4030 4031 4406 4405)
4(4031 4032 4407 4406)
4(4032 4033 4408 4407)
4(4033 4034 4409 4408)
4(4034 4035 4410 4409)
4(4035 4036 4411 4410)
4(4036 4037 4412 4411)
4(4037 4038 4413 4412)
4(4038 4039 4414 4413)
4(4039 4040 4415 4414)
4(4040 4041 4416 4415)
4(4041 4042 4417 4416)
4(4042 4043 4418 4417)
4(4043 4044 4419 4418)
4(3294 3309 4045 4030)
4(3309 3324 4060 4045)
4(3324 3339 4075 4060)
4(3339 3354 4090 4075)
4(3354 3369 4105 4090)
4(3369 3384 4120 4105)
4(3384 3399 4135 4120)
4(3399 3414 4150 4135)
4(3414 3429 4165 4150)
4(3429 3444 4180 4165)
4(3444 3459 4195 4180)
4(3459 3474 4210 4195)
4(3474 3489 4225 4210)
4(3489 3504 4240 4225)
4(3504 3519 4255 4240)
4(3519 3534 4270 4255)
4(3534 3549 4285 4270)
4(3549 3564 4300 4285)
4(3564 3579 4315 4300)
4(3579 3594 4330 4315)
4(3594 3609 4345 4330)
4(3609 3624 4360 4345)
4(3624 3639 4375 4360)
4(3639 3654 4390 4375)
4(4030 4045 4046 4031)
4(4045 4060 4061 4046)
4(4060 4075 4076 4061)
4(4075 4090 4091 4076)
4(4090 4105 4106 4091)
4(4105 4120 4121 4106)
4(4120 4135 4136 4121)
4(4135 4150 4151 4136)
4(4150 4165 4166 4151)
4(4165 4180 4181 4166)
4(4180 4195 4196 4181)
4(4195 4210 4211 4196)
4(4210 4225 4226 4211)
4(4225 4240 4241 4226)
4(4240 4255 4256 4241)
4(4255 4270 4271 4256)
4(4270 4285 4286 4271)
4(4285 4300 4301 4286)
4(4300 4315 4316 4301)
4(4315 4330 4331 4316)
4(4330 4345 4346 4331)
4(4345 4360 4361 4346)
4(4360 4375 4376 4361)
4(4375 4390 4391 4376)
4(4031 4046 4047 4032)
4(4046 4061 4062 4047)
4(4061 4076 4077 4062)
4(4076 4091 4092 4077)
4(4091 4106 4107 4092)
4(4106 4121 4122 4107)
4(4121 4136 4137 4122)
4(4136 4151 4152 4137)
4(4151 4166 4167 4152)
4(4166 4181 4182 4167)
4(4181 4196 4197 4182)
4(4196 4211 4212 4197)
4(4211 4226 4227 4212)
4(4226 4241 4242 4227)
4(4241 4256 4257 4242)
4(4256 4271 4272 4257)
4(4271 4286 4287 4272)
4(4286 4301 4302 4287)
4(4301 4316 4317 4302)
4(4316 4331 4332 4317)
4(4331 4346 4347 4332)
4(4346 4361 4362 4347)
4(4361 4376 4377 4362)
4(4376 4391 4392 4377)
4(4032 4047 4048 4033)
4(4047 4062 4063 4048)
4(4062 4077 4078 4063)
4(4077 4092 4093 4078)
4(4092 4107 4108 4093)
4(4107 4122 4123 4108)
4(4122 4137 4138 4123)
4(4137 4152 4153 4138)
4(4152 4167 4168 4153)
4(4167 4182 4183 4168)
4(4182 4197 4198 4183)
4(4197 4212 4213 4198)
4(4212 4227 4228 4213)
4(4227 4242 4243 4228)
4(4242 4257 4258 4243)
4(4257 4272 4273 4258)
4(4272 4287 4288 4273)
4(4287 4302 4303 4288)
4(4302 4317 4318 4303)
4(4317 4332 4333 4318)
4(4332 4347 4348 4333)
4(4347 4362 4363 4348)
4(4362 4377 4378 4363)
4(4377 4392 4393 4378)
4(4033 4048 4049 4034)
4(4048 4063 4064 4049)
4(4063 4078 4079 4064)
4(4078 4093 4094 4079)
4(4093 4108 4109 4094)
4(4108 4123 4124 4109)
4(4123 4138 4139 4124)
4(4138 4153 4154 4139)
4(4153 4168 4169 4154)
4(4168 4183 4184 4169)
4(4183 4198 4199 4184)
4(4198 4213 4214 4199)
4(4213 4228 4229 4214)
4(4228 4243 4244 4229)
4(4243 4258 4259 4244)
4(4258 4273 4274 4259)
4(4273 4288 4289 4274)
4(4288 4303 4304 4289)
4(4303 4318 4319 4304)
4(4318 4333 4334 4319)
4(4333 4348 4349 4334)
4(4348 4363 4364 4349)
4(4363 4378 4379 4364)
4(4378 4393 4394 4379)
4(4034 4049 4050 4035)
4(4049 4064 4065 4050)
4(4064 4079 4080 4065)
4(4079 4094 4095 4080)
4(4094 4109 4110 4095)
4(4109 4124 4125 4110)
4(4124 4139 4140 4125)
4(4139 4154 4155 4140)
4(4154 4169 4170 4155)
4(4169 4184 4185 4170)
4(4184 4199 4200 4185)
4(4199 4214 4215 4200)
4(4214 4229 4230 4215)
4(4229 4244 4245 4230)
4(4244 4259 4260 4245)
4(4259 4274 4275 4260)
4(4274 4289 4290 4275)
4(4289 4304 4305 4290)
4(4304 4319 4320 4305)
4(4319 4334 4335 4320)
4(4334 4349 4350 4335)
4(4349 4364 4365 4350)
4(4364 4379 4380 4365)
4(4379 4394 4395 4380)
4(4035 4050 4051 4036)
4(4050 4065 4066 4051)
4(4065 4080 4081 4066)
4(4080 4095 4096 4081)
4(4095 4110 4111 4096)
4(4110 4125 4126 4111)
4(4125 4140 4141 4126)
4(4140 4155 4156 4141)
4(4155 4170 4171 4156)
4(4170 4185 4186 4171)
4(4185 4200 4201 4186)
4(4200 4215 4216 4201)
4(4215 4230 4231 4216)
4(4230 4245 4246 4231)
4(4245 4260 4261 4246)
4(4260 4275 4276 4261)
4(4275 4290 4291 4276)
4(4290 4305 4306 4291)
4(4305 4320 4321 4306)
4(4320 4335 4336 4321)
4(4335 4350 4351 4336)
4(4350 4365 4366 4351)
4(4365 4380 4381 4366)
4(4380 4395 4396 4381)
4(4036 4051 4052 4037)
4(4051 4066 4067 4052)
4(4066 4081 4082 4067)
4(4081 4096 4097 4082)
4(4096 4111 4112 4097)
4(4111 4126 4127 4112)
4(4126 4141 4142 4127)
4(4141 4156 4157 4142)
4(4156 4171 4172 4157)
4(4171 4186 4187 4172)
4(4186 4201 4202 4187)
4(4201 4216 4217 4202)
4(4216 4231 4232 4217)
4(4231 4246 4247 4232)
4(4246 4261 4262 4247)
4(4261 4276 4277 4262)
4(4276 4291 4292 4277)
4(4291 4306 4307 4292)
4(4306 4321 4322 4307)
4(4321 4336 4337 4322)
4(4336 4351 4352 4337)
4(4351 4366 4367 4352)
4(4366 4381 4382 4367)
4(4381 4396 4397 4382)
4(4037 4052 4053 4038)
4(4052 4067 4068 4053)
4(4067 4082 4083 4068)
4(4082 4097 4098 4083)
4(4097 4112 4113 4098)
4(4112 4127 4128 4113)
4(4127 4142 4143 4128)
4(4142 4157 4158 4143)
4(4157 4172 4173 4158)
4(4172 4187 4188 4173)
4(4187 4202 4203 4188)
4(4202 4217 4218 4203)
4(4217 4232 4233 4218)
4(4232 4247 4248 4233)
4(4247 4262 4263 4248)
4(4262 4277 4278 4263)
4(4277 4292 4293 4278)
4(4292 4307 4308 4293)
4(4307 4322 4323 4308)
4(4322 4337 4338 4323)
4(4337 4352 4353 4338)
4(4352 4367 4368 4353)
4(4367 4382 4383 4368)
4(4382 4397 4398 4383)
4(4038 4053 4054 4039)
4(4053 4068 4069 4054)
4(4068 4083 4084 4069)
4(4083 4098 4099 4084)
4(4098 4113 4114 4099)
4(4113 4128 4129 4114)
4(4128 4143 4144 4129)
4(4143 4158 4159 4144)
4(4158 4173 4174 4159)
4(4173 4188 4189 4174)
4(4188 4203 4204 4189)
4(4203 4218 4219 4204)
4(4218 4233 4234 4219)
4(4233 4248 4249 4234)
4(4248 4263 4264 4249)
4(4263 4278 4279 4264)
4(4278 4293 4294 4279)
4(4293 4308 4309 4294)
4(4308 4323 4324 4309)
4(4323 4338 4339 4324)
4(4338 4353 4354 4339)
4(4353 4368 4369 4354)
4(4368 4383 4384 4369)
4(4383 4398 4399 4384)
4(4039 4054 4055 4040)
4(4054 4069 4070 4055)
4(4069 4084 4085 4070)
4(4084 4099 4100 4085)
4(4099 4114 4115 4100)
4(4114 4129 4130 4115)
4(4129 4144 4145 4130)
4(4144 4159 4160 4145)
4(4159 4174 4175 4160)
4(4174 4189 4190 4175)
4(4189 4204 4205 4190)
4(4204 4219 4220 4205)
4(4219 4234 4235 4220)
4(4234 4249 4250 4235)
4(4249 4264 4265 4250)
4(4264 4279 4280 4265)
4(4279 4294 4295 4280)
4(4294 4309 4310 4295)
4(4309 4324 4325 4310)
4(4324 4339 4340 4325)
4(4339 4354 4355 4340)
4(4354 4369 4370 4355)
4(4369 4384 4385 4370)
4(4384 4399 4400 4385)
4(4040 4055 4056 4041)
4(4055 4070 4071 4056)
4(4070 4085 4086 4071)
4(4085 4100 4101 4086)
4(4100 4115 4116 4101)
4(4115 4130 4131 4116)
4(4130 4145 4146 4131)
4(4145 4160 4161 4146)
4(4160 4175 4176 4161)
4(4175 4190 4191 4176)
4(4190 4205 4206 4191)
4(4205 4220 4221 4206)
4(4220 4235 4236 4221)
4(4235 4250 4251 4236)
4(4250 4265 4266 4251)
4(4265 4280 4281 4266)
4(4280 4295 4296 4281)
4(4295 4310 4311 4296)
4(4310 4325 4326 4311)
4(4325 4340 4341 4326)
4(4340 4355 4356 4341)
4(4355 4370 4371 4356)
4(4370 4385 4386 4371)
4(4385 4400 4401 4386)
4(4041 4056 4057 4042)
4(4056 4071 4072 4057)
4(4071 4086 4087 4072)
4(4086 4101 4102 4087)
4(4101 4116 4117 4102)
4(4116 4131 4132 4117)
4(4131 4146 4147 4132)
4(4146 4161 4162 4147)
4(4161 4176 4177 4162)
4(4176 4191 4192 4177)
4(4191 4206 4207 4192)
4(4206 4221 4222 4207)
4(4221 4236 4237 4222)
4(4236 4251 4252 4237)
4(4251 4266 4267 4252)
4(4266 4281 4282 4267)
4(4281 4296 4297 4282)
4(4296 4311 4312 4297)
4(4311 4326 4327 4312)
4(4326 4341 4342 4327)
4(4341 4356 4357 4342)
4(4356 4371 4372 4357)
4(4371 4386 4387 4372)
4(4386 4401 4402 4387)
4(4042 4057 4058 4043)
4(4057 4072 4073 4058)
4(4072 4087 4088 4073)
4(4087 4102 4103 4088)
4(4102 4117 4118 4103)
4(4117 4132 4133 4118)
4(4132 4147 4148 4133)
4(4147 4162 4163 4148)
4(4162 4177 4178 4163)
4(4177 4192 4193 4178)
4(4192 4207 4208 4193)
4(4207 4222 4223 4208)
4(4222 4237 4238 4223)
4(4237 4252 4253 4238)
4(4252 4267 4268 4253)
4(4267 4282 4283 4268)
4(4282 4297 4298 4283)
4(4297 4312 4313 4298)
4(4312 4327 4328 4313)
4(4327 4342 4343 4328)
4(4342 4357 4358 4343)
4(4357 4372 4373 4358)
4(4372 4387 4388 4373)
4(4387 4402 4403 4388)
4(4043 4058 4059 4044)
4(4058 4073 4074 4059)
4(4073 4088 4089 4074)
4(4088 4103 4104 4089)
4(4103 4118 4119 4104)
4(4118 4133 4134 4119)
4(4133 4148 4149 4134)
4(4148 4163 4164 4149)
4(4163 4178 4179 4164)
4(4178 4193 4194 4179)
4(4193 4208 4209 4194)
4(4208 4223 4224 4209)
4(4223 4238 4239 4224)
4(4238 4253 4254 4239)
4(4253 4268 4269 4254)
4(4268 4283 4284 4269)
4(4283 4298 4299 4284)
4(4298 4313 4314 4299)
4(4313 4328 4329 4314)
4(4328 4343 4344 4329)
4(4343 4358 4359 4344)
4(4358 4373 4374 4359)
4(4373 4388 4389 4374)
4(4388 4403 4404 4389)
4(3669 4405 4420 3684)
4(3684 4420 4435 3699)
4(3699 4435 4450 3714)
4(3714 4450 4465 3729)
4(3729 4465 4480 3744)
4(3744 4480 4495 3759)
4(3759 4495 4510 3774)
4(3774 4510 4525 3789)
4(3789 4525 4540 3804)
4(3804 4540 4555 3819)
4(3819 4555 4570 3834)
4(3834 4570 4585 3849)
4(3849 4585 4600 3864)
4(3864 4600 4615 3879)
4(3879 4615 4630 3894)
4(3894 4630 4645 3909)
4(3909 4645 4660 3924)
4(3924 4660 4675 3939)
4(3939 4675 4690 3954)
4(3954 4690 4705 3969)
4(3969 4705 4720 3984)
4(3984 4720 4735 3999)
4(3999 4735 4750 4014)
4(4014 4750 4765 4029)
4(4405 4406 4421 4420)
4(4420 4421 4436 4435)
4(4435 4436 4451 4450)
4(4450 4451 4466 4465)
4(4465 4466 4481 4480)
4(4480 4481 4496 4495)
4(4495 4496 4511 4510)
4(4510 4511 4526 4525)
4(4525 4526 4541 4540)
4(4540 4541 4556 4555)
4(4555 4556 4571 4570)
4(4570 4571 4586 4585)
4(4585 4586 4601 4600)
4(4600 4601 4616 4615)
4(4615 4616 4631 4630)
4(4630 4631 4646 4645)
4(4645 4646 4661 4660)
4(4660 4661 4676 4675)
4(4675 4676 4691 4690)
4(4690 4691 4706 4705)
4(4705 4706 4721 4720)
4(4720 4721 4736 4735)
4(4735 4736 4751 4750)
4(4750 4751 4766 4765)
4(4406 4407 4422 4421)
4(4421 4422 4437 4436)
4(4436 4437 4452 4451)
4(4451 4452 4467 4466)
4(4466 4467 4482 4481)
4(4481 4482 4497 4496)
4(4496 4497 4512 4511)
4(4511 4512 4527 4526)
4(4526 4527 4542 4541)
4(4541 4542 4557 4556)
4(4556 4557 4572 4571)
4(4571 4572 4587 4586)
4(4586 4587 4602 4601)
4(4601 4602 4617 4616)
4(4616 4617 4632 4631)
4(4631 4632 4647 4646)
4(4646 4647 4662 4661)
4(4661 4662 4677 4676)
4(4676 4677 4692 4691)
4(4691 4692 4707 4706)
4(4706 4707 4722 4721)
4(4721 4722 4737 4736)
4(4736 4737 4752 4751)
4(4751 4752 4767 4766)
4(4407 4408 4423 4422)
4(4422 4423 4438 4437)
4(4437 4438 4453 4452)
4(4452 4453 4468 4467)
4(4467 4468 4483 4482)
4(4482 4483 4498 4497)
4(4497 4498 4513 4512)
4(4512 4513 4528 4527)
4(4527 4528 4543 4542)
4(4542 4543 4558 4557)
4(4557 4558 4573 4572)
4(4572 4573 4588 4587)
4(4587 4588 4603 4602)
4(4602 4603 4618 4617)
4(4617 4618 4633 4632)
4(4632 4633 4648 4647)
4(4647 4648 4663 4662)
4(4662 4663 4678 4677)
4(4677 4678 4693 4692)
4(4692 4693 4708 4707)
4(4707 4708 4723 4722)
4(4722 4723 4738 4737)
4(4737 4738 4753 4752)
4(4752 4753 4768 4767)
4(4408 4409 4424 4423)
4(4423 4424 4439 4438)
4(4438 4439 4454 4453)
4(4453 4454 4469 4468)
4(4468 4469 4484 4483)
4(4483 4484 4499 4498)
4(4498 4499 4514 4513)
4(4513 4514 4529 4528)
4(4528 4529 4544 4543)
4(4543 4544 4559 4558)
4(4558 4559 4574 4573)
4(4573 4574 4589 4588)
4(4588 4589 4604 4603)
4(4603 4604 4619 4618)
4(4618 4619 4634 4633)
4(4633 4634 4649 4648)
4(4648 4649 4664 4663)
4(4663 4664 4679 4678)
4(4678 4679 4694 4693)
4(4693 4694 4709 4708)
4(4708 4709 4724 4723)
4(4723 4724 4739 4738)
4(4738 4739 4754 4753)
4(4753 4754 4769 4768)
4(4409 4410 4425 4424)
4(4424 4425 4440 4439)
4(4439 4440 4455 4454)
4(4454 4455 4470 4469)
4(4469 4470 4485 4484)
4(4484 4485 4500 4499)
4(4499 4500 4515 4514)
4(4514 4515 4530 4529)
4(4529 4530 4545 4544)
4(4544 4545 4560 4559)
4(4559 4560 4575 4574)
4(4574 4575 4590 4589)
4(4589 4590 4605 4604)
4(4604 4605 4620 4619)
4(4619 4620 4635 4634)
4(4634 4635 4650 4649)
4(4649 4650 4665 4664)
4(4664 4665 4680 4679)
4(4679 4680 4695 4694)
4(4694 4695 4710 4709)
4(4709 4710 4725 4724)
4(4724 4725 4740 4739)
4(4739 4740 4755 4754)
4(4754 4755 4770 4769)
4(4410 4411 4426 4425)
4(4425 4426 4441 4440)
4(4440 4441 4456 4455)
4(4455 4456 4471 4470)
4(4470 4471 4486 4485)
4(4485 4486 4501 4500)
4(4500 4501 4516 4515)
4(4515 4516 4531 4530)
4(4530 4531 4546 4545)
4(4545 4546 4561 4560)
4(4560 4561 4576 4575)
4(4575 4576 4591 4590)
4(4590 4591 4606 4605)
4(4605 4606 4621 4620)
4(4620 4621 4636 4635)
4(4635 4636 4651 4650)
4(4650 4651 4666 4665)
4(4665 4666 4681 4680)
4(4680 4681 4696 4695)
4(4695 4696 4711 4710)
4(4710 4711 4726 4725)
4(4725 4726 4741 4740)
4(4740 4741 4756 4755)
4(4755 4756 4771 4770)
4(4411 4412 4427 4426)
4(4426 4427 4442 4441)
4(4441 4442 4457 4456)
4(4456 4457 4472 4471)
4(4471 4472 4487 4486)
4(4486 4487 4502 4501)
4(4501 4502 4517 4516)
4(4516 4517 4532 4531)
4(4531 4532 4547 4546)
4(4546 4547 4562 4561)
4(4561 4562 4577 4576)
4(4576 4577 4592 4591)
4(4591 4592 4607 4606)
4(4606 4607 4622 4621)
4(4621 4622 4637 4636)
4(4636 4637 4652 4651)
4(4651 4652 4667 4666)
4(4666 4667 4682 4681)
4(4681 4682 4697 4696)
4(4696 4697 4712 4711)
4(4711 4712 4727 4726)
4(4726 4727 4742 4741)
4(4741 4742 4757 4756)
4(4756 4757 4772 4771)
4(4412 4413 4428 4427)
4(4427 4428 4443 4442)
4(4442 4443 4458 4457)
4(4457 4458 4473 4472)
4(4472 4473 4488 4487)
4(4487 4488 4503 4502)
4(4502 4503 4518 4517)
4(4517 4518 4533 4532)
4(4532 4533 4548 4547)
4(4547 4548 4563 4562)
4(4562 4563 4578 4577)
4(4577 4578 4593 4592)
4(4592 4593 4608 4607)
4(4607 4608 4623 4622)
4(4622 4623 4638 4637)
4(4637 4638 4653 4652)
4(4652 4653 4668 4667)
4(4667 4668 4683 4682)
4(4682 4683 4698 4697)
4(4697 4698 4713 4712)
4(4712 4713 4728 4727)
4(4727 4728 4743 4742)
4(4742 4743 4758 4757)
4(4757 4758 4773 4772)
4(4413 4414 4429 4428)
4(4428 4429 4444 4443)
4(4443 4444 4459 4458)
4(4458 4459 4474 4473)
4(4473 4474 4489 4488)
4(4488 4489 4504 4503)
4(4503 4504 4519 4518)
4(4518 4519 4534 4533)
4(4533 4534 4549 4548)
4(4548 4549 4564 4563)
4(4563 4564 4579 4578)
4(4578 4579 4594 4593)
4(4593 4594 4609 4608)
4(4608 4609 4624 4623)
4(4623 4624 4639 4638)
4(4638 4639 4654 4653)
4(4653 4654 4669 4668)
4(4668 4669 4684 4683)
4(4683 4684 4699 4698)
4(4698 4699 4714 4713)
4(4713 4714 4729 4728)
4(4728 4729 4744 4743)
4(4743 4744 4759 4758)
4(4758 4759 4774 4773)
4(4414 4415 4430 4429)
4(4429 4430 4445 4444)
4(4444 4445 4460 4459)
4(4459 4460 4475 4474)
4(4474 4475 4490 4489)
4(4489 4490 4505 4504)
4(4504 4505 4520 4519)
4(4519 4520 4535 4534)
4(4534 4535 4550 4549)
4(4549 4550 4565 4564)
4(4564 4565 4580 4579)
4(4579 4580 4595 4594)
4(4594 4595 4610 4609)
4(4609 4610 4625 4624)
4(4624 4625 4640 4639)
4(4639 4640 4655 4654)
4(4654 4655 4670 4669)
4(4669 4670 4685 4684)
4(4684 4685 4700 4699)
4(4699 4700 4715 4714)
4(4714 4715 4730 4729)
4(4729 4730 4745 4744)
4(4744 4745 4760 4759)
4(4759 4760 4775 4774)
4(4415 4416 4431 4430)
4(4430 4431 4446 4445)
4(4445 4446 4461 4460)
4(4460 4461 4476 4475)
4(4475 4476 4491 4490)
4(4490 4491 4506 4505)
4(4505 4506 4521 4520)
4(4520 4521 4536 4535)
4(4535 4536 4551 4550)
4(4550 4551 4566 4565)
4(4565 4566 4581 4580)
4(4580 4581 4596 4595)
4(4595 4596 4611 4610)
4(4610 4611 4626 4625)
4(4625 4626 4641 4640)
4(4640 4641 4656 4655)
4(4655 4656 4671 4670)
4(4670 4671 4686 4685)
4(4685 4686 4701 4700)
4(4700 4701 4716 4715)
4(4715 4716 4731 4730)
4(4730 4731 4746 4745)
4(4745 4746 4761 4760)
4(4760 4761 4776 4775)
4(4416 4417 4432 4431)
4(4431 4432 4447 4446)
4(4446 4447 4462 4461)
4(4461 4462 4477 4476)
4(4476 4477 4492 4491)
4(4491 4492 4507 4506)
4(4506 4507 4522 4521)
4(4521 4522 4537 4536)
4(4536 4537 4552 4551)
4(4551 4552 4567 4566)
4(4566 4567 4582 4581)
4(4581 4582 4597 4596)
4(4596 4597 4612 4611)
4(4611 4612 4627 4626)
4(4626 4627 4642 4641)
4(4641 4642 4657 4656)
4(4656 4657 4672 4671)
4(4671 4672 4687 4686)
4(4686 4687 4702 4701)
4(4701 4702 4717 4716)
4(4716 4717 4732 4731)
4(4731 4732 4747 4746)
4(4746 4747 4762 4761)
4(4761 4762 4777 4776)
4(4417 4418 4433 4432)
4(4432 4433 4448 4447)
4(4447 4448 4463 4462)
4(4462 4463 4478 4477)
4(4477 4478 4493 4492)
4(4492 4493 4508 4507)
4(4507 4508 4523 4522)
4(4522 4523 4538 4537)
4(4537 4538 4553 4552)
4(4552 4553 4568 4567)
4(4567 4568 4583 4582)
4(4582 4583 4598 4597)
4(4597 4598 4613 4612)
4(4612 4613 4628 4627)
4(4627 4628 4643 4642)
4(4642 4643 4658 4657)
4(4657 4658 4673 4672)
4(4672 4673 4688 4687)
4(4687 4688 4703 4702)
4(4702 4703 4718 4717)
4(4717 4718 4733 4732)
4(4732 4733 4748 4747)
4(4747 4748 4763 4762)
4(4762 4763 4778 4777)
4(4418 4419 4434 4433)
4(4433 4434 4449 4448)
4(4448 4449 4464 4463)
4(4463 4464 4479 4478)
4(4478 4479 4494 4493)
4(4493 4494 4509 4508)
4(4508 4509 4524 4523)
4(4523 4524 4539 4538)
4(4538 4539 4554 4553)
4(4553 4554 4569 4568)
4(4568 4569 4584 4583)
4(4583 4584 4599 4598)
4(4598 4599 4614 4613)
4(4613 4614 4629 4628)
4(4628 4629 4644 4643)
4(4643 4644 4659 4658)
4(4658 4659 4674 4673)
4(4673 4674 4689 4688)
4(4688 4689 4704 4703)
4(4703 4704 4719 4718)
4(4718 4719 4734 4733)
4(4733 4734 4749 4748)
4(4748 4749 4764 4763)
4(4763 4764 4779 4778)
4(2639 3279 5077 4924)
4(4924 5077 5078 4925)
4(4925 5078 5079 4926)
4(4926 5079 5080 4927)
4(4927 5080 5081 4928)
4(4928 5081 5082 4929)
4(4929 5082 5083 4930)
4(4930 5083 5084 4931)
4(4931 5084 5085 4932)
4(999 2039 4789 4780)
4(2039 2079 4798 4789)
4(2079 2119 4807 4798)
4(2119 2159 4816 4807)
4(2159 2199 4825 4816)
4(2199 2239 4834 4825)
4(2239 2279 4843 4834)
4(2279 2319 4852 4843)
4(2319 2359 4861 4852)
4(2359 2399 4870 4861)
4(2399 2439 4879 4870)
4(2439 2479 4888 4879)
4(2479 2519 4897 4888)
4(2519 2559 4906 4897)
4(2559 2599 4915 4906)
4(2599 2639 4924 4915)
4(4780 4789 4790 4781)
4(4789 4798 4799 4790)
4(4798 4807 4808 4799)
4(4807 4816 4817 4808)
4(4816 4825 4826 4817)
4(4825 4834 4835 4826)
4(4834 4843 4844 4835)
4(4843 4852 4853 4844)
4(4852 4861 4862 4853)
4(4861 4870 4871 4862)
4(4870 4879 4880 4871)
4(4879 4888 4889 4880)
4(4888 4897 4898 4889)
4(4897 4906 4907 4898)
4(4906 4915 4916 4907)
4(4915 4924 4925 4916)
4(4781 4790 4791 4782)
4(4790 4799 4800 4791)
4(4799 4808 4809 4800)
4(4808 4817 4818 4809)
4(4817 4826 4827 4818)
4(4826 4835 4836 4827)
4(4835 4844 4845 4836)
4(4844 4853 4854 4845)
4(4853 4862 4863 4854)
4(4862 4871 4872 4863)
4(4871 4880 4881 4872)
4(4880 4889 4890 4881)
4(4889 4898 4899 4890)
4(4898 4907 4908 4899)
4(4907 4916 4917 4908)
4(4916 4925 4926 4917)
4(4782 4791 4792 4783)
4(4791 4800 4801 4792)
4(4800 4809 4810 4801)
4(4809 4818 4819 4810)
4(4818 4827 4828 4819)
4(4827 4836 4837 4828)
4(4836 4845 4846 4837)
4(4845 4854 4855 4846)
4(4854 4863 4864 4855)
4(4863 4872 4873 4864)
4(4872 4881 4882 4873)
4(4881 4890 4891 4882)
4(4890 4899 4900 4891)
4(4899 4908 4909 4900)
4(4908 4917 4918 4909)
4(4917 4926 4927 4918)
4(4783 4792 4793 4784)
4(4792 4801 4802 4793)
4(4801 4810 4811 4802)
4(4810 4819 4820 4811)
4(4819 4828 4829 4820)
4(4828 4837 4838 4829)
4(4837 4846 4847 4838)
4(4846 4855 4856 4847)
4(4855 4864 4865 4856)
4(4864 4873 4874 4865)
4(4873 4882 4883 4874)
4(4882 4891 4892 4883)
4(4891 4900 4901 4892)
4(4900 4909 4910 4901)
4(4909 4918 4919 4910)
4(4918 4927 4928 4919)
4(4784 4793 4794 4785)
4(4793 4802 4803 4794)
4(4802 4811 4812 4803)
4(4811 4820 4821 4812)
4(4820 4829 4830 4821)
4(4829 4838 4839 4830)
4(4838 4847 4848 4839)
4(4847 4856 4857 4848)
4(4856 4865 4866 4857)
4(4865 4874 4875 4866)
4(4874 4883 4884 4875)
4(4883 4892 4893 4884)
4(4892 4901 4902 4893)
4(4901 4910 4911 4902)
4(4910 4919 4920 4911)
4(4919 4928 4929 4920)
4(4785 4794 4795 4786)
4(4794 4803 4804 4795)
4(4803 4812 4813 4804)
4(4812 4821 4822 4813)
4(4821 4830 4831 4822)
4(4830 4839 4840 4831)
4(4839 4848 4849 4840)
4(4848 4857 4858 4849)
4(4857 4866 4867 4858)
4(4866 4875 4876 4867)
4(4875 4884 4885 4876)
4(4884 4893 4894 4885)
4(4893 4902 4903 4894)
4(4902 4911 4912 4903)
4(4911 4920 4921 4912)
4(4920 4929 4930 4921)
4(4786 4795 4796 4787)
4(4795 4804 4805 4796)
4(4804 4813 4814 4805)
4(4813 4822 4823 4814)
4(4822 4831 4832 4823)
4(4831 4840 4841 4832)
4(4840 4849 4850 4841)
4(4849 4858 4859 4850)
4(4858 4867 4868 4859)
4(4867 4876 4877 4868)
4(4876 4885 4886 4877)
4(4885 4894 4895 4886)
4(4894 4903 4904 4895)
4(4903 4912 4913 4904)
4(4912 4921 4922 4913)
4(4921 4930 4931 4922)
4(4787 4796 4797 4788)
4(4796 4805 4806 4797)
4(4805 4814 4815 4806)
4(4814 4823 4824 4815)
4(4823 4832 4833 4824)
4(4832 4841 4842 4833)
4(4841 4850 4851 4842)
4(4850 4859 4860 4851)
4(4859 4868 4869 4860)
4(4868 4877 4878 4869)
4(4877 4886 4887 4878)
4(4886 4895 4896 4887)
4(4895 4904 4905 4896)
4(4904 4913 4914 4905)
4(4913 4922 4923 4914)
4(4922 4931 4932 4923)
4(1999 4933 4942 2679)
4(2679 4942 4951 2719)
4(2719 4951 4960 2759)
4(2759 4960 4969 2799)
4(2799 4969 4978 2839)
4(2839 4978 4987 2879)
4(2879 4987 4996 2919)
4(2919 4996 5005 2959)
4(2959 5005 5014 2999)
4(2999 5014 5023 3039)
4(3039 5023 5032 3079)
4(3079 5032 5041 3119)
4(3119 5041 5050 3159)
4(3159 5050 5059 3199)
4(3199 5059 5068 3239)
4(3239 5068 5077 3279)
4(4933 4934 4943 4942)
4(4942 4943 4952 4951)
4(4951 4952 4961 4960)
4(4960 4961 4970 4969)
4(4969 4970 4979 4978)
4(4978 4979 4988 4987)
4(4987 4988 4997 4996)
4(4996 4997 5006 5005)
4(5005 5006 5015 5014)
4(5014 5015 5024 5023)
4(5023 5024 5033 5032)
4(5032 5033 5042 5041)
4(5041 5042 5051 5050)
4(5050 5051 5060 5059)
4(5059 5060 5069 5068)
4(5068 5069 5078 5077)
4(4934 4935 4944 4943)
4(4943 4944 4953 4952)
4(4952 4953 4962 4961)
4(4961 4962 4971 4970)
4(4970 4971 4980 4979)
4(4979 4980 4989 4988)
4(4988 4989 4998 4997)
4(4997 4998 5007 5006)
4(5006 5007 5016 5015)
4(5015 5016 5025 5024)
4(5024 5025 5034 5033)
4(5033 5034 5043 5042)
4(5042 5043 5052 5051)
4(5051 5052 5061 5060)
4(5060 5061 5070 5069)
4(5069 5070 5079 5078)
4(4935 4936 4945 4944)
4(4944 4945 4954 4953)
4(4953 4954 4963 4962)
4(4962 4963 4972 4971)
4(4971 4972 4981 4980)
4(4980 4981 4990 4989)
4(4989 4990 4999 4998)
4(4998 4999 5008 5007)
4(5007 5008 5017 5016)
4(5016 5017 5026 5025)
4(5025 5026 5035 5034)
4(5034 5035 5044 5043)
4(5043 5044 5053 5052)
4(5052 5053 5062 5061)
4(5061 5062 5071 5070)
4(5070 5071 5080 5079)
4(4936 4937 4946 4945)
4(4945 4946 4955 4954)
4(4954 4955 4964 4963)
4(4963 4964 4973 4972)
4(4972 4973 4982 4981)
4(4981 4982 4991 4990)
4(4990 4991 5000 4999)
4(4999 5000 5009 5008)
4(5008 5009 5018 5017)
4(5017 5018 5027 5026)
4(5026 5027 5036 5035)
4(5035 5036 5045 5044)
4(5044 5045 5054 5053)
4(5053 5054 5063 5062)
4(5062 5063 5072 5071)
4(5071 5072 5081 5080)
4(4937 4938 4947 4946)
4(4946 4947 4956 4955)
4(4955 4956 4965 4964)
4(4964 4965 4974 4973)
4(4973 4974 4983 4982)
4(4982 4983 4992 4991)
4(4991 4992 5001 5000)
4(5000 5001 5010 5009)
4(5009 5010 5019 5018)
4(5018 5019 5028 5027)
4(5027 5028 5037 5036)
4(5036 5037 5046 5045)
4(5045 5046 5055 5054)
4(5054 5055 5064 5063)
4(5063 5064 5073 5072)
4(5072 5073 5082 5081)
4(4938 4939 4948 4947)
4(4947 4948 4957 4956)
4(4956 4957 4966 4965)
4(4965 4966 4975 4974)
4(4974 4975 4984 4983)
4(4983 4984 4993 4992)
4(4992 4993 5002 5001)
4(5001 5002 5011 5010)
4(5010 5011 5020 5019)
4(5019 5020 5029 5028)
4(5028 5029 5038 5037)
4(5037 5038 5047 5046)
4(5046 5047 5056 5055)
4(5055 5056 5065 5064)
4(5064 5065 5074 5073)
4(5073 5074 5083 5082)
4(4939 4940 4949 4948)
4(4948 4949 4958 4957)
4(4957 4958 4967 4966)
4(4966 4967 4976 4975)
4(4975 4976 4985 4984)
4(4984 4985 4994 4993)
4(4993 4994 5003 5002)
4(5002 5003 5012 5011)
4(5011 5012 5021 5020)
4(5020 5021 5030 5029)
4(5029 5030 5039 5038)
4(5038 5039 5048 5047)
4(5047 5048 5057 5056)
4(5056 5057 5066 5065)
4(5065 5066 5075 5074)
4(5074 5075 5084 5083)
4(4940 4941 4950 4949)
4(4949 4950 4959 4958)
4(4958 4959 4968 4967)
4(4967 4968 4977 4976)
4(4976 4977 4986 4985)
4(4985 4986 4995 4994)
4(4994 4995 5004 5003)
4(5003 5004 5013 5012)
4(5012 5013 5022 5021)
4(5021 5022 5031 5030)
4(5030 5031 5040 5039)
4(5039 5040 5049 5048)
4(5048 5049 5058 5057)
4(5057 5058 5067 5066)
4(5066 5067 5076 5075)
4(5075 5076 5085 5084)
4(999 4780 5086 3640)
4(4780 4781 5101 5086)
4(4781 4782 5116 5101)
4(4782 4783 5131 5116)
4(4783 4784 5146 5131)
4(4784 4785 5161 5146)
4(4785 4786 5176 5161)
4(4786 4787 5191 5176)
4(4787 4788 5206 5191)
4(3640 5086 5087 3641)
4(5086 5101 5102 5087)
4(5101 5116 5117 5102)
4(5116 5131 5132 5117)
4(5131 5146 5147 5132)
4(5146 5161 5162 5147)
4(5161 5176 5177 5162)
4(5176 5191 5192 5177)
4(5191 5206 5207 5192)
4(3641 5087 5088 3642)
4(5087 5102 5103 5088)
4(5102 5117 5118 5103)
4(5117 5132 5133 5118)
4(5132 5147 5148 5133)
4(5147 5162 5163 5148)
4(5162 5177 5178 5163)
4(5177 5192 5193 5178)
4(5192 5207 5208 5193)
4(3642 5088 5089 3643)
4(5088 5103 5104 5089)
4(5103 5118 5119 5104)
4(5118 5133 5134 5119)
4(5133 5148 5149 5134)
4(5148 5163 5164 5149)
4(5163 5178 5179 5164)
4(5178 5193 5194 5179)
4(5193 5208 5209 5194)
4(3643 5089 5090 3644)
4(5089 5104 5105 5090)
4(5104 5119 5120 5105)
4(5119 5134 5135 5120)
4(5134 5149 5150 5135)
4(5149 5164 5165 5150)
4(5164 5179 5180 5165)
4(5179 5194 5195 5180)
4(5194 5209 5210 5195)
4(3644 5090 5091 3645)
4(5090 5105 5106 5091)
4(5105 5120 5121 5106)
4(5120 5135 5136 5121)
4(5135 5150 5151 5136)
4(5150 5165 5166 5151)
4(5165 5180 5181 5166)
4(5180 5195 5196 5181)
4(5195 5210 5211 5196)
4(3645 5091 5092 3646)
4(5091 5106 5107 5092)
4(5106 5121 5122 5107)
4(5121 5136 5137 5122)
4(5136 5151 5152 5137)
4(5151 5166 5167 5152)
4(5166 5181 5182 5167)
4(5181 5196 5197 5182)
4(5196 5211 5212 5197)
4(3646 5092 5093 3647)
4(5092 5107 5108 5093)
4(5107 5122 5123 5108)
4(5122 5137 5138 5123)
4(5137 5152 5153 5138)
4(5152 5167 5168 5153)
4(5167 5182 5183 5168)
4(5182 5197 5198 5183)
4(5197 5212 5213 5198)
4(3647 5093 5094 3648)
4(5093 5108 5109 5094)
4(5108 5123 5124 5109)
4(5123 5138 5139 5124)
4(5138 5153 5154 5139)
4(5153 5168 5169 5154)
4(5168 5183 5184 5169)
4(5183 5198 5199 5184)
4(5198 5213 5214 5199)
4(3648 5094 5095 3649)
4(5094 5109 5110 5095)
4(5109 5124 5125 5110)
4(5124 5139 5140 5125)
4(5139 5154 5155 5140)
4(5154 5169 5170 5155)
4(5169 5184 5185 5170)
4(5184 5199 5200 5185)
4(5199 5214 5215 5200)
4(3649 5095 5096 3650)
4(5095 5110 5111 5096)
4(5110 5125 5126 5111)
4(5125 5140 5141 5126)
4(5140 5155 5156 5141)
4(5155 5170 5171 5156)
4(5170 5185 5186 5171)
4(5185 5200 5201 5186)
4(5200 5215 5216 5201)
4(3650 5096 5097 3651)
4(5096 5111 5112 5097)
4(5111 5126 5127 5112)
4(5126 5141 5142 5127)
4(5141 5156 5157 5142)
4(5156 5171 5172 5157)
4(5171 5186 5187 5172)
4(5186 5201 5202 5187)
4(5201 5216 5217 5202)
4(3651 5097 5098 3652)
4(5097 5112 5113 5098)
4(5112 5127 5128 5113)
4(5127 5142 5143 5128)
4(5142 5157 5158 5143)
4(5157 5172 5173 5158)
4(5172 5187 5188 5173)
4(5187 5202 5203 5188)
4(5202 5217 5218 5203)
4(3652 5098 5099 3653)
4(5098 5113 5114 5099)
4(5113 5128 5129 5114)
4(5128 5143 5144 5129)
4(5143 5158 5159 5144)
4(5158 5173 5174 5159)
4(5173 5188 5189 5174)
4(5188 5203 5204 5189)
4(5203 5218 5219 5204)
4(3653 5099 5100 3654)
4(5099 5114 5115 5100)
4(5114 5129 5130 5115)
4(5129 5144 5145 5130)
4(5144 5159 5160 5145)
4(5159 5174 5175 5160)
4(5174 5189 5190 5175)
4(5189 5204 5205 5190)
4(5204 5219 5220 5205)
4(1999 4015 5221 4933)
4(4933 5221 5236 4934)
4(4934 5236 5251 4935)
4(4935 5251 5266 4936)
4(4936 5266 5281 4937)
4(4937 5281 5296 4938)
4(4938 5296 5311 4939)
4(4939 5311 5326 4940)
4(4940 5326 5341 4941)
4(4015 4016 5222 5221)
4(5221 5222 5237 5236)
4(5236 5237 5252 5251)
4(5251 5252 5267 5266)
4(5266 5267 5282 5281)
4(5281 5282 5297 5296)
4(5296 5297 5312 5311)
4(5311 5312 5327 5326)
4(5326 5327 5342 5341)
4(4016 4017 5223 5222)
4(5222 5223 5238 5237)
4(5237 5238 5253 5252)
4(5252 5253 5268 5267)
4(5267 5268 5283 5282)
4(5282 5283 5298 5297)
4(5297 5298 5313 5312)
4(5312 5313 5328 5327)
4(5327 5328 5343 5342)
4(4017 4018 5224 5223)
4(5223 5224 5239 5238)
4(5238 5239 5254 5253)
4(5253 5254 5269 5268)
4(5268 5269 5284 5283)
4(5283 5284 5299 5298)
4(5298 5299 5314 5313)
4(5313 5314 5329 5328)
4(5328 5329 5344 5343)
4(4018 4019 5225 5224)
4(5224 5225 5240 5239)
4(5239 5240 5255 5254)
4(5254 5255 5270 5269)
4(5269 5270 5285 5284)
4(5284 5285 5300 5299)
4(5299 5300 5315 5314)
4(5314 5315 5330 5329)
4(5329 5330 5345 5344)
4(4019 4020 5226 5225)
4(5225 5226 5241 5240)
4(5240 5241 5256 5255)
4(5255 5256 5271 5270)
4(5270 5271 5286 5285)
4(5285 5286 5301 5300)
4(5300 5301 5316 5315)
4(5315 5316 5331 5330)
4(5330 5331 5346 5345)
4(4020 4021 5227 5226)
4(5226 5227 5242 5241)
4(5241 5242 5257 5256)
4(5256 5257 5272 5271)
4(5271 5272 5287 5286)
4(5286 5287 5302 5301)
4(5301 5302 5317 5316)
4(5316 5317 5332 5331)
4(5331 5332 5347 5346)
4(4021 4022 5228 5227)
4(5227 5228 5243 5242)
4(5242 5243 5258 5257)
4(5257 5258 5273 5272)
4(5272 5273 5288 5287)
4(5287 5288 5303 5302)
4(5302 5303 5318 5317)
4(5317 5318 5333 5332)
4(5332 5333 5348 5347)
4(4022 4023 5229 5228)
4(5228 5229 5244 5243)
4(5243 5244 5259 5258)
4(5258 5259 5274 5273)
4(5273 5274 5289 5288)
4(5288 5289 5304 5303)
4(5303 5304 5319 5318)
4(5318 5319 5334 5333)
4(5333 5334 5349 5348)
4(4023 4024 5230 5229)
4(5229 5230 5245 5244)
4(5244 5245 5260 5259)
4(5259 5260 5275 5274)
4(5274 5275 5290 5289)
4(5289 5290 5305 5304)
4(5304 5305 5320 5319)
4(5319 5320 5335 5334)
4(5334 5335 5350 5349)
4(4024 4025 5231 5230)
4(5230 5231 5246 5245)
4(5245 5246 5261 5260)
4(5260 5261 5276 5275)
4(5275 5276 5291 5290)
4(5290 5291 5306 5305)
4(5305 5306 5321 5320)
4(5320 5321 5336 5335)
4(5335 5336 5351 5350)
4(4025 4026 5232 5231)
4(5231 5232 5247 5246)
4(5246 5247 5262 5261)
4(5261 5262 5277 5276)
4(5276 5277 5292 5291)
4(5291 5292 5307 5306)
4(5306 5307 5322 5321)
4(5321 5322 5337 5336)
4(5336 5337 5352 5351)
4(4026 4027 5233 5232)
4(5232 5233 5248 5247)
4(5247 5248 5263 5262)
4(5262 5263 5278 5277)
4(5277 5278 5293 5292)
4(5292 5293 5308 5307)
4(5307 5308 5323 5322)
4(5322 5323 5338 5337)
4(5337 5338 5353 5352)
4(4027 4028 5234 5233)
4(5233 5234 5249 5248)
4(5248 5249 5264 5263)
4(5263 5264 5279 5278)
4(5278 5279 5294 5293)
4(5293 5294 5309 5308)
4(5308 5309 5324 5323)
4(5323 5324 5339 5338)
4(5338 5339 5354 5353)
4(4028 4029 5235 5234)
4(5234 5235 5250 5249)
4(5249 5250 5265 5264)
4(5264 5265 5280 5279)
4(5279 5280 5295 5294)
4(5294 5295 5310 5309)
4(5309 5310 5325 5324)
4(5324 5325 5340 5339)
4(5339 5340 5355 5354)
4(3654 5100 5356 4390)
4(5100 5115 5371 5356)
4(5115 5130 5386 5371)
4(5130 5145 5401 5386)
4(5145 5160 5416 5401)
4(5160 5175 5431 5416)
4(5175 5190 5446 5431)
4(5190 5205 5461 5446)
4(5205 5220 5476 5461)
4(4390 5356 5357 4391)
4(5356 5371 5372 5357)
4(5371 5386 5387 5372)
4(5386 5401 5402 5387)
4(5401 5416 5417 5402)
4(5416 5431 5432 5417)
4(5431 5446 5447 5432)
4(5446 5461 5462 5447)
4(5461 5476 5477 5462)
4(4391 5357 5358 4392)
4(5357 5372 5373 5358)
4(5372 5387 5388 5373)
4(5387 5402 5403 5388)
4(5402 5417 5418 5403)
4(5417 5432 5433 5418)
4(5432 5447 5448 5433)
4(5447 5462 5463 5448)
4(5462 5477 5478 5463)
4(4392 5358 5359 4393)
4(5358 5373 5374 5359)
4(5373 5388 5389 5374)
4(5388 5403 5404 5389)
4(5403 5418 5419 5404)
4(5418 5433 5434 5419)
4(5433 5448 5449 5434)
4(5448 5463 5464 5449)
4(5463 5478 5479 5464)
4(4393 5359 5360 4394)
4(5359 5374 5375 5360)
4(5374 5389 5390 5375)
4(5389 5404 5405 5390)
4(5404 5419 5420 5405)
4(5419 5434 5435 5420)
4(5434 5449 5450 5435)
4(5449 5464 5465 5450)
4(5464 5479 5480 5465)
4(4394 5360 5361 4395)
4(5360 5375 5376 5361)
4(5375 5390 5391 5376)
4(5390 5405 5406 5391)
4(5405 5420 5421 5406)
4(5420 5435 5436 5421)
4(5435 5450 5451 5436)
4(5450 5465 5466 5451)
4(5465 5480 5481 5466)
4(4395 5361 5362 4396)
4(5361 5376 5377 5362)
4(5376 5391 5392 5377)
4(5391 5406 5407 5392)
4(5406 5421 5422 5407)
4(5421 5436 5437 5422)
4(5436 5451 5452 5437)
4(5451 5466 5467 5452)
4(5466 5481 5482 5467)
4(4396 5362 5363 4397)
4(5362 5377 5378 5363)
4(5377 5392 5393 5378)
4(5392 5407 5408 5393)
4(5407 5422 5423 5408)
4(5422 5437 5438 5423)
4(5437 5452 5453 5438)
4(5452 5467 5468 5453)
4(5467 5482 5483 5468)
4(4397 5363 5364 4398)
4(5363 5378 5379 5364)
4(5378 5393 5394 5379)
4(5393 5408 5409 5394)
4(5408 5423 5424 5409)
4(5423 5438 5439 5424)
4(5438 5453 5454 5439)
4(5453 5468 5469 5454)
4(5468 5483 5484 5469)
4(4398 5364 5365 4399)
4(5364 5379 5380 5365)
4(5379 5394 5395 5380)
4(5394 5409 5410 5395)
4(5409 5424 5425 5410)
4(5424 5439 5440 5425)
4(5439 5454 5455 5440)
4(5454 5469 5470 5455)
4(5469 5484 5485 5470)
4(4399 5365 5366 4400)
4(5365 5380 5381 5366)
4(5380 5395 5396 5381)
4(5395 5410 5411 5396)
4(5410 5425 5426 5411)
4(5425 5440 5441 5426)
4(5440 5455 5456 5441)
4(5455 5470 5471 5456)
4(5470 5485 5486 5471)
4(4400 5366 5367 4401)
4(5366 5381 5382 5367)
4(5381 5396 5397 5382)
4(5396 5411 5412 5397)
4(5411 5426 5427 5412)
4(5426 5441 5442 5427)
4(5441 5456 5457 5442)
4(5456 5471 5472 5457)
4(5471 5486 5487 5472)
4(4401 5367 5368 4402)
4(5367 5382 5383 5368)
4(5382 5397 5398 5383)
4(5397 5412 5413 5398)
4(5412 5427 5428 5413)
4(5427 5442 5443 5428)
4(5442 5457 5458 5443)
4(5457 5472 5473 5458)
4(5472 5487 5488 5473)
4(4402 5368 5369 4403)
4(5368 5383 5384 5369)
4(5383 5398 5399 5384)
4(5398 5413 5414 5399)
4(5413 5428 5429 5414)
4(5428 5443 5444 5429)
4(5443 5458 5459 5444)
4(5458 5473 5474 5459)
4(5473 5488 5489 5474)
4(4403 5369 5370 4404)
4(5369 5384 5385 5370)
4(5384 5399 5400 5385)
4(5399 5414 5415 5400)
4(5414 5429 5430 5415)
4(5429 5444 5445 5430)
4(5444 5459 5460 5445)
4(5459 5474 5475 5460)
4(5474 5489 5490 5475)
4(4029 4765 5491 5235)
4(5235 5491 5506 5250)
4(5250 5506 5521 5265)
4(5265 5521 5536 5280)
4(5280 5536 5551 5295)
4(5295 5551 5566 5310)
4(5310 5566 5581 5325)
4(5325 5581 5596 5340)
4(5340 5596 5611 5355)
4(4765 4766 5492 5491)
4(5491 5492 5507 5506)
4(5506 5507 5522 5521)
4(5521 5522 5537 5536)
4(5536 5537 5552 5551)
4(5551 5552 5567 5566)
4(5566 5567 5582 5581)
4(5581 5582 5597 5596)
4(5596 5597 5612 5611)
4(4766 4767 5493 5492)
4(5492 5493 5508 5507)
4(5507 5508 5523 5522)
4(5522 5523 5538 5537)
4(5537 5538 5553 5552)
4(5552 5553 5568 5567)
4(5567 5568 5583 5582)
4(5582 5583 5598 5597)
4(5597 5598 5613 5612)
4(4767 4768 5494 5493)
4(5493 5494 5509 5508)
4(5508 5509 5524 5523)
4(5523 5524 5539 5538)
4(5538 5539 5554 5553)
4(5553 5554 5569 5568)
4(5568 5569 5584 5583)
4(5583 5584 5599 5598)
4(5598 5599 5614 5613)
4(4768 4769 5495 5494)
4(5494 5495 5510 5509)
4(5509 5510 5525 5524)
4(5524 5525 5540 5539)
4(5539 5540 5555 5554)
4(5554 5555 5570 5569)
4(5569 5570 5585 5584)
4(5584 5585 5600 5599)
4(5599 5600 5615 5614)
4(4769 4770 5496 5495)
4(5495 5496 5511 5510)
4(5510 5511 5526 5525)
4(5525 5526 5541 5540)
4(5540 5541 5556 5555)
4(5555 5556 5571 5570)
4(5570 5571 5586 5585)
4(5585 5586 5601 5600)
4(5600 5601 5616 5615)
4(4770 4771 5497 5496)
4(5496 5497 5512 5511)
4(5511 5512 5527 5526)
4(5526 5527 5542 5541)
4(5541 5542 5557 5556)
4(5556 5557 5572 5571)
4(5571 5572 5587 5586)
4(5586 5587 5602 5601)
4(5601 5602 5617 5616)
4(4771 4772 5498 5497)
4(5497 5498 5513 5512)
4(5512 5513 5528 5527)
4(5527 5528 5543 5542)
4(5542 5543 5558 5557)
4(5557 5558 5573 5572)
4(5572 5573 5588 5587)
4(5587 5588 5603 5602)
4(5602 5603 5618 5617)
4(4772 4773 5499 5498)
4(5498 5499 5514 5513)
4(5513 5514 5529 5528)
4(5528 5529 5544 5543)
4(5543 5544 5559 5558)
4(5558 5559 5574 5573)
4(5573 5574 5589 5588)
4(5588 5589 5604 5603)
4(5603 5604 5619 5618)
4(4773 4774 5500 5499)
4(5499 5500 5515 5514)
4(5514 5515 5530 5529)
4(5529 5530 5545 5544)
4(5544 5545 5560 5559)
4(5559 5560 5575 5574)
4(5574 5575 5590 5589)
4(5589 5590 5605 5604)
4(5604 5605 5620 5619)
4(4774 4775 5501 5500)
4(5500 5501 5516 5515)
4(5515 5516 5531 5530)
4(5530 5531 5546 5545)
4(5545 5546 5561 5560)
4(5560 5561 5576 5575)
4(5575 5576 5591 5590)
4(5590 5591 5606 5605)
4(5605 5606 5621 5620)
4(4775 4776 5502 5501)
4(5501 5502 5517 5516)
4(5516 5517 5532 5531)
4(5531 5532 5547 5546)
4(5546 5547 5562 5561)
4(5561 5562 5577 5576)
4(5576 5577 5592 5591)
4(5591 5592 5607 5606)
4(5606 5607 5622 5621)
4(4776 4777 5503 5502)
4(5502 5503 5518 5517)
4(5517 5518 5533 5532)
4(5532 5533 5548 5547)
4(5547 5548 5563 5562)
4(5562 5563 5578 5577)
4(5577 5578 5593 5592)
4(5592 5593 5608 5607)
4(5607 5608 5623 5622)
4(4777 4778 5504 5503)
4(5503 5504 5519 5518)
4(5518 5519 5534 5533)
4(5533 5534 5549 5548)
4(5548 5549 5564 5563)
4(5563 5564 5579 5578)
4(5578 5579 5594 5593)
4(5593 5594 5609 5608)
4(5608 5609 5624 5623)
4(4778 4779 5505 5504)
4(5504 5505 5520 5519)
4(5519 5520 5535 5534)
4(5534 5535 5550 5549)
4(5549 5550 5565 5564)
4(5564 5565 5580 5579)
4(5579 5580 5595 5594)
4(5594 5595 5610 5609)
4(5609 5610 5625 5624)
)


// ************************************************************************* //
