/*--------------------------------*- C++ -*----------------------------------*\
  =========                 |
  \\      /  F ield         | OpenFOAM: The Open Source CFD Toolbox
   \\    /   O peration     | Website:  https://openfoam.org
    \\  /    A nd           | Version:  11
     \\/     M anipulation  |
\*---------------------------------------------------------------------------*/
FoamFile
{
    format      ascii;
    class       vectorField;
    location    "constant/polyMesh";
    object      points;
}
// * * * * * * * * * * * * * * * * * * * * * * * * * * * * * * * * * * * * * //


5626
(
(0.0005 0 -0.0005)
(0.0005005822477 0 -0.0005)
(0.0005012805687 0 -0.0005)
(0.0005021181029 0 -0.0005)
(0.0005031226027 0 -0.0005)
(0.0005043273536 0 -0.0005)
(0.0005057722763 0 -0.0005)
(0.00050750525 0 -0.0005)
(0.0005095836989 0 -0.0005)
(0.0005120764948 0 -0.0005)
(0.0005150662394 0 -0.0005)
(0.0005186520013 0 -0.0005)
(0.0005229525991 0 -0.0005)
(0.0005281105379 0 -0.0005)
(0.0005342967323 0 -0.0005)
(0.0005417161689 0 -0.0005)
(0.0005506146995 0 -0.0005)
(0.0005612871873 0 -0.0005)
(0.0005740872776 0 -0.0005)
(0.0005894391164 0 -0.0005)
(0.0006078514049 0 -0.0005)
(0.0006299342558 0 -0.0005)
(0.0006564194101 0 -0.0005)
(0.0006881844844 0 -0.0005)
(0.0007262820517 0 -0.0005)
(0.0007719745194 0 -0.0005)
(0.0008267759607 0 -0.0005)
(0.0008925022857 0 -0.0005)
(0.000971331413 0 -0.0005)
(0.001065875438 0 -0.0005)
(0.001179267187 0 -0.0005)
(0.001315264029 0 -0.0005)
(0.001478372378 0 -0.0005)
(0.00167399702 0 -0.0005)
(0.001908620207 0 -0.0005)
(0.002190016451 0 -0.0005)
(0.002527510148 0 -0.0005)
(0.002932284544 0 -0.0005)
(0.003417752314 0 -0.0005)
(0.004 0 -0.0005)
(0.0004994873338 2.263632962e-05 -0.0005)
(0.0005000689844 2.266268952e-05 -0.0005)
(0.0005007665895 2.269430437e-05 -0.0005)
(0.0005016032649 2.273222177e-05 -0.0005)
(0.0005026067348 2.277769815e-05 -0.0005)
(0.0005038102504 2.283224042e-05 -0.0005)
(0.0005052536915 2.289765591e-05 -0.0005)
(0.0005069848884 2.297611224e-05 -0.0005)
(0.0005090612062 2.307020915e-05 -0.0005)
(0.0005115514461 2.318306465e-05 -0.0005)
(0.0005145381252 2.331841834e-05 -0.0005)
(0.0005181202106 2.348075532e-05 -0.0005)
(0.0005224163988 2.367545481e-05 -0.0005)
(0.0005275690491 2.390896842e-05 -0.0005)
(0.0005337489005 2.418903389e-05 -0.0005)
(0.0005411607297 2.452493152e-05 -0.0005)
(0.0005500501364 2.492779166e-05 -0.0005)
(0.0005607116813 2.541096356e-05 -0.0005)
(0.0005734986472 2.599045769e-05 -0.0005)
(0.0005888347453 2.668547626e-05 -0.0005)
(0.0006072281551 2.751904952e-05 -0.0005)
(0.0006292883637 2.85187989e-05 -0.0005)
(0.0006557463619 2.971785227e-05 -0.0005)
(0.0006874788665 3.115594165e-05 -0.0005)
(0.0007255373711 3.288071984e-05 -0.0005)
(0.0007711829888 3.494933935e-05 -0.0005)
(0.0008259282405 3.743034633e-05 -0.0005)
(0.0008915871741 4.040595185e-05 -0.0005)
(0.0009703354753 4.397475606e-05 -0.0005)
(0.001064782561 4.825501548e-05 -0.0005)
(0.001178058046 5.338856151e-05 -0.0005)
(0.001313915446 5.954550019e-05 -0.0005)
(0.001476856555 6.69298489e-05 -0.0005)
(0.001672280617 7.578629666e-05 -0.0005)
(0.001906663236 8.640831223e-05 -0.0005)
(0.002187770956 9.914786852e-05 -0.0005)
(0.00252491861 0.0001144271056 -0.0005)
(0.002929277978 0.000132752319 -0.0005)
(0.003414247982 0.0001547307359 -0.0005)
(0.00399589867 0.0001810906369 -0.0005)
(0.0004978872422 4.591616373e-05 -0.0005)
(0.0004984670296 4.596963289e-05 -0.0005)
(0.0004991623998 4.603376134e-05 -0.0005)
(0.0004999963949 4.611067405e-05 -0.0005)
(0.0005009966503 4.620291961e-05 -0.0005)
(0.0005021963104 4.631355468e-05 -0.0005)
(0.0005036351276 4.64462453e-05 -0.0005)
(0.0005053607786 4.660538831e-05 -0.0005)
(0.000507430445 4.679625711e-05 -0.0005)
(0.0005099127075 4.702517636e-05 -0.0005)
(0.0005128898189 4.729973156e-05 -0.0005)
(0.0005164604292 4.762902043e-05 -0.0005)
(0.0005207428547 4.802395433e-05 -0.0005)
(0.0005258789986 4.849761986e-05 -0.0005)
(0.0005320390531 4.906571248e-05 -0.0005)
(0.0005394271388 4.974705662e-05 -0.0005)
(0.0005482880685 5.056422939e-05 -0.0005)
(0.0005589154595 5.154430878e-05 -0.0005)
(0.0005716614628 5.271977087e-05 -0.0005)
(0.0005869484322 5.412956596e-05 -0.0005)
(0.0006052829193 5.582040927e-05 -0.0005)
(0.0006272724587 5.784832886e-05 -0.0005)
(0.0006536456996 6.028052222e-05 -0.0005)
(0.0006852765501 6.319758293e-05 -0.0005)
(0.0007232131355 6.66961712e-05 -0.0005)
(0.0007687125289 7.089221686e-05 -0.0005)
(0.000823282406 7.592476077e-05 -0.0005)
(0.0008887310033 8.196056217e-05 -0.0005)
(0.0009672270369 8.919962439e-05 -0.0005)
(0.001061371564 9.788182224e-05 -0.0005)
(0.001174284175 0.0001082948505 -0.0005)
(0.00130970636 0.000120783757 -0.0005)
(0.001472125492 0.0001357623763 -0.0005)
(0.00166692352 0.0001537270425 -0.0005)
(0.001900555302 0.0001752730358 -0.0005)
(0.002180762503 0.0002011143079 -0.0005)
(0.002516830114 0.0002321071396 -0.0005)
(0.00291989413 0.0002692785145 -0.0005)
(0.003403310548 0.0003138601497 -0.0005)
(0.003983097937 0.0003673293099 -0.0005)
(0.0004951035557 6.980307366e-05 -0.0005)
(0.0004956801015 6.988435901e-05 -0.0005)
(0.000496371584 6.998184893e-05 -0.0005)
(0.0004972009163 7.009877384e-05 -0.0005)
(0.0004981955792 7.023900819e-05 -0.0005)
(0.000499388532 7.040719882e-05 -0.0005)
(0.0005008193048 7.060891891e-05 -0.0005)
(0.0005025353077 7.08508527e-05 -0.0005)
(0.0005045934025 7.114101694e-05 -0.0005)
(0.0005070617868 7.148902657e-05 -0.0005)
(0.0005100222531 7.190641329e-05 -0.0005)
(0.0005135729001 7.24070077e-05 -0.0005)
(0.0005178313826 7.300739758e-05 -0.0005)
(0.0005229388103 7.372747756e-05 -0.0005)
(0.000529064424 7.459110832e-05 -0.0005)
(0.0005364112029 7.562690728e-05 -0.0005)
(0.0005452225911 7.686919685e-05 -0.0005)
(0.0005557905644 7.835914175e-05 -0.0005)
(0.0005684653049 8.014611305e-05 -0.0005)
(0.0005836668049 8.228932412e-05 -0.0005)
(0.0006018987839 8.485979278e-05 -0.0005)
(0.0006237653798 8.794269451e-05 -0.0005)
(0.000649991168 9.164018487e-05 -0.0005)
(0.0006814451705 9.607478452e-05 -0.0005)
(0.0007191696525 0.0001013934391 -0.0005)
(0.000764414659 0.0001077723885 -0.0005)
(0.0008186794359 0.0001154230066 -0.0005)
(0.0008837621104 0.0001245988056 -0.0005)
(0.0009618192727 0.0001356038363 -0.0005)
(0.001055437438 0.0001488027634 -0.0005)
(0.001167718755 0.0001646329486 -0.0005)
(0.001302383795 0.0001836189438 -0.0005)
(0.001463894842 0.000206389872 -0.0005)
(0.001657603754 0.0002337002746 -0.0005)
(0.001889929302 0.0002664551138 -0.0005)
(0.002168569864 0.0003057397593 -0.0005)
(0.002502758523 0.000352855954 -0.0005)
(0.002903569009 0.0004093649481 -0.0005)
(0.003384282647 0.0004771392331 -0.0005)
(0.003960828446 0.0005584245893 -0.0005)
(0.0004910363519 9.425126563e-05 -0.0005)
(0.0004916081615 9.436102079e-05 -0.0005)
(0.0004922939636 9.449265608e-05 -0.0005)
(0.0004931164829 9.465053338e-05 -0.0005)
(0.0004941029748 9.483988414e-05 -0.0005)
(0.0004952861278 9.506698273e-05 -0.0005)
(0.0004967051469 9.533935432e-05 -0.0005)
(0.0004984070531 9.566602425e-05 -0.0005)
(0.000500448241 9.605781713e-05 -0.0005)
(0.0005028963478 9.652771546e-05 -0.0005)
(0.0005058324944 9.709128988e-05 -0.0005)
(0.0005093539733 9.776721509e-05 -0.0005)
(0.000513577473 9.857788865e-05 -0.0005)
(0.000518642944 9.955017319e-05 -0.0005)
(0.0005247182366 0.0001007162865 -0.0005)
(0.0005320046627 0.0001021148691 -0.0005)
(0.0005407436667 0.0001037922646 -0.0005)
(0.0005512248257 0.0001058040556 -0.0005)
(0.000563795445 0.000108216905 -0.0005)
(0.0005788720668 0.0001111107655 -0.0005)
(0.0005969542728 0.0001145815285 -0.0005)
(0.0006186412378 0.0001187442017 -0.0005)
(0.0006446515849 0.0001237367204 -0.0005)
(0.0006758471974 0.0001297245173 -0.0005)
(0.0007132617783 0.0001369060052 -0.0005)
(0.0007581351036 0.000145519151 -0.0005)
(0.0008119541033 0.0001558493614 -0.0005)
(0.000876502133 0.00016823894 -0.0005)
(0.0009539180671 0.00018309843 -0.0005)
(0.001046767173 0.000200920218 -0.0005)
(0.001158126115 0.0002222948498 -0.0005)
(0.001291684901 0.0002479305987 -0.0005)
(0.001451869159 0.0002786769354 -0.0005)
(0.00164398678 0.0003155526756 -0.0005)
(0.001874403807 0.0003597797402 -0.0005)
(0.002150755378 0.0004128236446 -0.0005)
(0.002482198725 0.0004764420606 -0.0005)
(0.002879716611 0.000552743059 -0.0005)
(0.003356481257 0.0006442549625 -0.0005)
(0.003928290816 0.000754010125 -0.0005)
(0.0004855824175 0.0001192045127 -0.0005)
(0.0004861478759 0.0001193433258 -0.0005)
(0.0004868260608 0.0001195098119 -0.0005)
(0.0004876394445 0.0001197094876 -0.0005)
(0.0004886149794 0.0001199489694 -0.0005)
(0.0004897849911 0.0001202361929 -0.0005)
(0.0004911882492 0.0001205806755 -0.0005)
(0.0004928712523 0.0001209938321 -0.0005)
(0.0004948897688 0.000121489353 -0.0005)
(0.0004973106845 0.0001220836581 -0.0005)
(0.0005002142193 0.0001227964402 -0.0005)
(0.0005036965852 0.0001236513182 -0.0005)
(0.0005078731745 0.0001246766195 -0.0005)
(0.0005128823834 0.0001259063187 -0.0005)
(0.0005188901978 0.0001273811632 -0.0005)
(0.0005260956938 0.0001291500239 -0.0005)
(0.0005347376337 0.0001312715139 -0.0005)
(0.0005451023786 0.0001338159313 -0.0005)
(0.0005575333762 0.0001368675884 -0.0005)
(0.0005724425422 0.0001405276053 -0.0005)
(0.0005903239093 0.0001449172611 -0.0005)
(0.0006117699975 0.000150182012 -0.0005)
(0.000637491448 0.0001564963118 -0.0005)
(0.0006683405712 0.0001640693923 -0.0005)
(0.0007053395889 0.0001731521961 -0.0005)
(0.0007497145067 0.0001840456928 -0.0005)
(0.0008029357394 0.0001971108511 -0.0005)
(0.000866766835 0.0002127806002 -0.0005)
(0.0009433229113 0.0002315741756 -0.0005)
(0.001035140744 0.0002541143244 -0.0005)
(0.001145262823 0.0002811479408 -0.0005)
(0.001277338174 0.0003135708154 -0.0005)
(0.001435743267 0.0003524573179 -0.0005)
(0.00162572704 0.0003990959982 -0.0005)
(0.001853584828 0.0004550322834 -0.0005)
(0.002126866965 0.0005221196879 -0.0005)
(0.002454628975 0.0006025812312 -0.0005)
(0.002847731636 0.0006990831006 -0.0005)
(0.003319200862 0.0008148229985 -0.0005)
(0.00388465934 0.0009536361018 -0.0005)
(0.0004786358515 0.0001445950264 -0.0005)
(0.0004791932207 0.0001447634067 -0.0005)
(0.0004798617037 0.0001449653542 -0.0005)
(0.0004806634514 0.0001452075607 -0.0005)
(0.0004816250307 0.0001454980521 -0.0005)
(0.0004827783046 0.000145846454 -0.0005)
(0.0004841614882 0.0001462643113 -0.0005)
(0.0004858204149 0.0001467654701 -0.0005)
(0.0004878100553 0.0001473665368 -0.0005)
(0.0004901963382 0.0001480874286 -0.0005)
(0.0004930583361 0.000148952033 -0.0005)
(0.0004964908845 0.0001499889997 -0.0005)
(0.0005006077251 0.0001512326898 -0.0005)
(0.000505545274 0.0001527243144 -0.0005)
(0.0005114671428 0.0001545133003 -0.0005)
(0.0005185695596 0.0001566589275 -0.0005)
(0.0005270878711 0.0001592322941 -0.0005)
(0.0005373043416 0.0001623186714 -0.0005)
(0.0005495575059 0.0001660203302 -0.0005)
(0.0005642533868 0.0001704599292 -0.0005)
(0.0005818789495 0.0001757845799 -0.0005)
(0.0006030182378 0.0001821707207 -0.0005)
(0.0006283717266 0.0001898299639 -0.0005)
(0.0006587795334 0.0001990161074 -0.0005)
(0.0006952492565 0.0002100335449 -0.0005)
(0.0007389893628 0.0002232473521 -0.0005)
(0.0007914492319 0.0002390953838 -0.0005)
(0.000854367183 0.0002581027832 -0.0005)
(0.0009298280759 0.0002808993827 -0.0005)
(0.001020332396 0.0003082405742 -0.0005)
(0.001128879108 0.0003410323402 -0.0005)
(0.001259065037 0.0003803612741 -0.0005)
(0.001415204044 0.0004275305862 -0.0005)
(0.001602469978 0.0004841032868 -0.0005)
(0.001827068116 0.0005519539785 -0.0005)
(0.002096440778 0.0006333309734 -0.0005)
(0.002419513943 0.0007309307933 -0.0005)
(0.002806993019 0.0008479875224 -0.0005)
(0.003271717578 0.0009883799725 -0.0005)
(0.003829086812 0.001156760211 -0.0005)
(0.0004700888313 0.0001703422751 -0.0005)
(0.0004706362476 0.0001705406379 -0.0005)
(0.0004712927934 0.0001707785451 -0.0005)
(0.0004720802243 0.0001710638801 -0.0005)
(0.0004730246326 0.0001714060976 -0.0005)
(0.0004741573125 0.0001718165376 -0.0005)
(0.0004755157965 0.0001723088005 -0.0005)
(0.0004771450997 0.0001728991979 -0.0005)
(0.0004790992109 0.0001736072933 -0.0005)
(0.0004814428819 0.0001744565503 -0.0005)
(0.000484253773 0.0001754751101 -0.0005)
(0.0004876250263 0.0001766967238 -0.0005)
(0.0004916683522 0.000178161871 -0.0005)
(0.0004965177312 0.0001799191011 -0.0005)
(0.0005023338529 0.000182026642 -0.0005)
(0.0005093094415 0.0001845543294 -0.0005)
(0.0005176756412 0.0001875859213 -0.0005)
(0.0005277096758 0.000191221873 -0.0005)
(0.0005397440348 0.000195582666 -0.0005)
(0.0005541774907 0.0002008128003 -0.0005)
(0.0005714883131 0.0002070855825 -0.0005)
(0.0005922501162 0.0002146088686 -0.0005)
(0.0006171508666 0.0002236319515 -0.0005)
(0.00064701568 0.0002344538216 -0.0005)
(0.0006828341617 0.0002474330742 -0.0005)
(0.0007257931992 0.0002629997919 -0.0005)
(0.0007773162903 0.0002816697964 -0.0005)
(0.0008391107128 0.0003040617398 -0.0005)
(0.0009132240974 0.0003309176056 -0.0005)
(0.001002112278 0.0003631272942 -0.0005)
(0.001108720668 0.0004017581113 -0.0005)
(0.001236581861 0.0004480901342 -0.0005)
(0.001389932687 0.0005036586288 -0.0005)
(0.001573854606 0.000570304922 -0.0005)
(0.001794442085 0.0006502374168 -0.0005)
(0.002059004548 0.0007461047698 -0.0005)
(0.002376308583 0.000861083658 -0.0005)
(0.002756868429 0.0009989840413 -0.0005)
(0.003213294382 0.00116437541 -0.0005)
(0.00376071065 0.001362738201 -0.0005)
(0.0004598325634 0.0001963517601 -0.0005)
(0.0004603680362 0.0001965804108 -0.0005)
(0.0004610102578 0.0001968546439 -0.0005)
(0.0004617805087 0.0001971835465 -0.0005)
(0.0004627043122 0.0001975780171 -0.0005)
(0.0004638122795 0.000198051127 -0.0005)
(0.0004651411245 0.0001986185533 -0.0005)
(0.0004667348801 0.0001992990982 -0.0005)
(0.000468646357 0.0002001153124 -0.0005)
(0.0004709388945 0.0002010942421 -0.0005)
(0.0004736884583 0.0002022683253 -0.0005)
(0.0004769861585 0.0002036764666 -0.0005)
(0.0004809412683 0.0002053653265 -0.0005)
(0.0004856848448 0.0002073908673 -0.0005)
(0.000491374072 0.0002098202076 -0.0005)
(0.0004981974691 0.0002127338464 -0.0005)
(0.0005063811374 0.0002162283307 -0.0005)
(0.0005161962522 0.0002204194542 -0.0005)
(0.0005279680489 0.0002254460948 -0.0005)
(0.0005420865997 0.0002314748159 -0.0005)
(0.0005590197393 0.0002387053864 -0.0005)
(0.0005793285671 0.0002473773997 -0.0005)
(0.00060368604 0.000257778213 -0.0005)
(0.0006328992711 0.0002702524695 -0.0005)
(0.0006679362751 0.0002852135183 -0.0005)
(0.0007099580442 0.0003031571112 -0.0005)
(0.0007603570187 0.0003246778301 -0.0005)
(0.0008208032277 0.0003504887893 -0.0005)
(0.000893299627 0.0003814452651 -0.0005)
(0.0009802484696 0.0004185730364 -0.0005)
(0.001084530907 0.0004631023755 -0.0005)
(0.00120960246 0.0005165088141 -0.0005)
(0.00135960752 0.0005805620369 -0.0005)
(0.001539516682 0.0006573845225 -0.0005)
(0.001755291444 0.0007495218738 -0.0005)
(0.002014081757 0.0008600271696 -0.0005)
(0.00232446294 0.0009925621322 -0.0005)
(0.002696719837 0.001151518463 -0.0005)
(0.003143187615 0.001342163365 -0.0005)
(0.003678660507 0.00157081408 -0.0005)
(0.0004477584452 0.0002225137631 -0.0005)
(0.0004482798578 0.0002227728794 -0.0005)
(0.0004489052161 0.0002230836515 -0.0005)
(0.0004496552421 0.0002234563772 -0.0005)
(0.0004505547886 0.0002239034073 -0.0005)
(0.0004516336634 0.0002244395546 -0.0005)
(0.0004529276161 0.000225082585 -0.0005)
(0.0004544795233 0.000225853806 -0.0005)
(0.0004563408094 0.0002267787729 -0.0005)
(0.0004585731502 0.0002278881357 -0.0005)
(0.000461250517 0.0002292186544 -0.0005)
(0.0004644616274 0.0002308144171 -0.0005)
(0.0004683128853 0.0002327283015 -0.0005)
(0.0004729319067 0.0002350237263 -0.0005)
(0.0004784717482 0.0002377767531 -0.0005)
(0.000485115979 0.0002410786066 -0.0005)
(0.0004930847635 0.0002450386976 -0.0005)
(0.0005026421565 0.0002497882485 -0.0005)
(0.0005141048536 0.000255484641 -0.0005)
(0.0005278526846 0.0002623166319 -0.0005)
(0.0005443411999 0.0002705106071 -0.0005)
(0.0005641167658 0.0002803380836 -0.0005)
(0.0005878346689 0.0002921247063 -0.0005)
(0.0006162808295 0.0003062610387 -0.0005)
(0.0006503978444 0.0003232155048 -0.0005)
(0.000691316221 0.0003435499107 -0.0005)
(0.0007403918374 0.0003679380606 -0.0005)
(0.0007992508715 0.0003971880844 -0.0005)
(0.0008698436864 0.0004322692159 -0.0005)
(0.0009545094575 0.0004743439094 -0.0005)
(0.001056053684 0.0005248063591 -0.0005)
(0.001177841153 0.0005853286972 -0.0005)
(0.001323907435 0.0006579164023 -0.0005)
(0.001499092606 0.0007449747529 -0.0005)
(0.001709201632 0.0008493885292 -0.0005)
(0.001961196722 0.0009746176038 -0.0005)
(0.002263428028 0.001124811589 -0.0005)
(0.002625910337 0.001304947337 -0.0005)
(0.003060654924 0.001520993858 -0.0005)
(0.003582067561 0.001780110105 -0.0005)
(0.000433759464 0.0002487020856 -0.0005)
(0.0004342645749 0.0002489916981 -0.0005)
(0.0004348703816 0.0002493390459 -0.0005)
(0.0004355969583 0.0002497556388 -0.0005)
(0.000436468381 0.0002502552812 -0.0005)
(0.0004375135251 0.0002508545293 -0.0005)
(0.0004387670229 0.0002515732399 -0.0005)
(0.0004402704104 0.0002524352283 -0.0005)
(0.0004420735042 0.0002534690574 -0.0005)
(0.0004442360518 0.0002547089845 -0.0005)
(0.0004468297118 0.0002561960959 -0.0005)
(0.0004499404282 0.0002579796689 -0.0005)
(0.0004536712781 0.0002601188041 -0.0005)
(0.0004581458877 0.0002626843845 -0.0005)
(0.0004635125284 0.0002657614233 -0.0005)
(0.0004699490301 0.0002694518821 -0.0005)
(0.0004776686738 0.0002738780483 -0.0005)
(0.000486927259 0.0002791865882 -0.0005)
(0.0004980315796 0.0002855534065 -0.0005)
(0.0005113495904 0.0002931894752 -0.0005)
(0.0005273225992 0.0003023478243 -0.0005)
(0.0005464798903 0.0003133319264 -0.0005)
(0.0005694562629 0.0003265057527 -0.0005)
(0.0005970130662 0.0003423058332 -0.0005)
(0.0006300634269 0.000361255722 -0.0005)
(0.0006697025075 0.000383983346 -0.0005)
(0.0007172437952 0.0004112418116 -0.0005)
(0.0007742626261 0.0004439343598 -0.0005)
(0.0008426483861 0.0004831442965 -0.0005)
(0.0009246671172 0.0005301708888 -0.0005)
(0.001023036606 0.0005865724179 -0.0005)
(0.001141016441 0.0006542178144 -0.0005)
(0.001282516021 0.0007353485876 -0.0005)
(0.0014522241 0.0008326531006 -0.0005)
(0.001655764156 0.0009493556522 -0.0005)
(0.001899880724 0.001089323318 -0.0005)
(0.002192662894 0.00125719409 -0.0005)
(0.002543812345 0.001458530564 -0.0005)
(0.002964964824 0.001700004257 -0.0005)
(0.003470075712 0.001989616685 -0.0005)
(0.0004177318605 0.000274772802 -0.0005)
(0.0004182183073 0.0002750927737 -0.0005)
(0.0004188017292 0.0002754765329 -0.0005)
(0.0004195014586 0.0002759367961 -0.0005)
(0.0004203406818 0.0002764888146 -0.0005)
(0.0004213472074 0.0002771508801 -0.0005)
(0.0004225543879 0.0002779449311 -0.0005)
(0.0004240022246 0.0002788972792 -0.0005)
(0.0004257386932 0.0002800394816 -0.0005)
(0.0004278213338 0.0002814093866 -0.0005)
(0.0004303191569 0.0002830523876 -0.0005)
(0.0004333149309 0.0002850229273 -0.0005)
(0.0004369079243 0.0002873863019 -0.0005)
(0.0004412171951 0.0002902208246 -0.0005)
(0.0004463855361 0.0002936204205 -0.0005)
(0.0004525842062 0.0002976977393 -0.0005)
(0.0004600186057 0.0003025878876 -0.0005)
(0.000468935082 0.0003084529064 -0.0005)
(0.0004796290931 0.0003154871397 -0.0005)
(0.0004924549975 0.0003239236753 -0.0005)
(0.0005078377966 0.0003340420675 -0.0005)
(0.0005262872173 0.0003461776011 -0.0005)
(0.0005484146029 0.0003607324012 -0.0005)
(0.0005749531701 0.0003781887582 -0.0005)
(0.0006067823054 0.0003991251088 -0.0005)
(0.0006449567045 0.0004242352035 -0.0005)
(0.0006907413206 0.0004543510947 -0.0005)
(0.0007456532806 0.0004904707077 -0.0005)
(0.0008115121566 0.000533790908 -0.0005)
(0.0008905002594 0.0005857471613 -0.0005)
(0.0009852349522 0.0006480610986 -0.0005)
(0.00109885538 0.0007227975653 -0.0005)
(0.001235126488 0.0008124330415 -0.0005)
(0.001398563779 0.0009199377036 -0.0005)
(0.00159458294 0.001048873844 -0.0005)
(0.001829679294 0.001203513914 -0.0005)
(0.002111643033 0.001388982091 -0.0005)
(0.002449817357 0.001611424081 -0.0005)
(0.002855408066 0.00187821076 -0.0005)
(0.003341854884 0.002198182416 -0.0005)
(0.0003995770854 0.0003005630596 -0.0005)
(0.0004000423911 0.0003009130639 -0.0005)
(0.0004006004573 0.000301332843 -0.0005)
(0.0004012697761 0.0003018363066 -0.0005)
(0.0004020725264 0.0003024401377 -0.0005)
(0.0004030353081 0.0003031643449 -0.0005)
(0.0004041900241 0.0003040329257 -0.0005)
(0.0004055749373 0.0003050746614 -0.0005)
(0.0004072359384 0.0003063240714 -0.0005)
(0.0004092280666 0.0003078225561 -0.0005)
(0.0004116173334 0.0003096197696 -0.0005)
(0.00041448291 0.0003117752648 -0.0005)
(0.0004179197507 0.0003143604664 -0.0005)
(0.0004220417391 0.0003174610382 -0.0005)
(0.0004269854621 0.0003211797212 -0.0005)
(0.0004329147358 0.0003256397384 -0.0005)
(0.0004400260336 0.0003309888775 -0.0005)
(0.0004485549967 0.0003374043887 -0.0005)
(0.0004587842423 0.0003450988573 -0.0005)
(0.0004710527283 0.0003543272486 -0.0005)
(0.0004857669855 0.0003653953561 -0.0005)
(0.0005034145878 0.0003786699346 -0.0005)
(0.0005245803094 0.0003945908526 -0.0005)
(0.000549965501 0.0004136856685 -0.0005)
(0.0005804113308 0.0004365871112 -0.0005)
(0.0006169266569 0.000464054047 -0.0005)
(0.0006607214574 0.0004969966248 -0.0005)
(0.0007132469241 0.0005365064355 -0.0005)
(0.0007762435499 0.0005838926828 -0.0005)
(0.0008517988017 0.0006407255656 -0.0005)
(0.0009424162911 0.0007088883078 -0.0005)
(0.001051098735 0.0007906395616 -0.0005)
(0.001181447452 0.0008886882505 -0.0005)
(0.001337781701 0.001006283332 -0.0005)
(0.001525281799 0.001147321458 -0.0005)
(0.001750160781 0.001316476091 -0.0005)
(0.002019870276 0.001519352367 -0.0005)
(0.002343347424 0.001762672829 -0.0005)
(0.002731311017 0.002054500185 -0.0005)
(0.003196616683 0.002404504477 -0.0005)
(0.0003792040776 0.0003258899623 -0.0005)
(0.000379645659 0.0003262694596 -0.0005)
(0.0003801752714 0.0003267246113 -0.0005)
(0.0003808104641 0.0003272704992 -0.0005)
(0.000381572285 0.000327925212 -0.0005)
(0.0003824859779 0.0003287104445 -0.0005)
(0.000383581819 0.0003296522161 -0.0005)
(0.0003848961204 0.0003307817336 -0.0005)
(0.000386472433 0.0003321364248 -0.0005)
(0.0003883629898 0.0003337611791 -0.0005)
(0.0003906304364 0.0003357098346 -0.0005)
(0.0003933499075 0.0003380469623 -0.0005)
(0.0003966115159 0.0003408500056 -0.0005)
(0.0004005233389 0.0003442118466 -0.0005)
(0.0004052149991 0.0003482438839 -0.0005)
(0.0004108419603 0.0003530797237 -0.0005)
(0.0004175906785 0.0003588796073 -0.0005)
(0.0004256847803 0.0003658357206 -0.0005)
(0.0004353924732 0.0003741785625 -0.0005)
(0.0004470354329 0.0003841845828 -0.0005)
(0.0004609994627 0.0003961853428 -0.0005)
(0.0004777472769 0.0004105785017 -0.0005)
(0.0004978338339 0.0004278409936 -0.0005)
(0.0005219247253 0.0004485448313 -0.0005)
(0.000550818231 0.0004733760609 -0.0005)
(0.0005854717711 0.000503157494 -0.0005)
(0.0006270336312 0.0005388759733 -0.0005)
(0.0006768810121 0.0005817150724 -0.0005)
(0.0007366656651 0.0006330943151 -0.0005)
(0.0008083686245 0.0006947162124 -0.0005)
(0.0008943658519 0.0007686226782 -0.0005)
(0.000997506966 0.0008572626896 -0.0005)
(0.001121209668 0.0009635734371 -0.0005)
(0.001269572992 0.001091077652 -0.0005)
(0.00144751313 0.001244000334 -0.0005)
(0.001660926337 0.001427408757 -0.0005)
(0.001916884309 0.001647380373 -0.0005)
(0.002223868512 0.001911204199 -0.0005)
(0.002592051228 0.002227622346 -0.0005)
(0.003033632621 0.002607119698 -0.0005)
(0.0003565318913 0.0003505495835 -0.0005)
(0.000356947071 0.0003509577969 -0.0005)
(0.0003574450185 0.0003514473892 -0.0005)
(0.0003580422337 0.0003520345837 -0.0005)
(0.0003587585062 0.0003527388377 -0.0005)
(0.0003596175704 0.0003535834875 -0.0005)
(0.0003606478924 0.0003545965216 -0.0005)
(0.0003618836132 0.000355811508 -0.0005)
(0.0003633656799 0.0003572687068 -0.0005)
(0.0003651432023 0.0003590164039 -0.0005)
(0.0003672750809 0.0003611125114 -0.0005)
(0.0003698319579 0.0003636264861 -0.0005)
(0.0003728985584 0.0003666416316 -0.0005)
(0.0003765764978 0.0003702578583 -0.0005)
(0.0003809876489 0.000374594994 -0.0005)
(0.0003862781805 0.0003797967548 -0.0005)
(0.0003926234004 0.0003860355072 -0.0005)
(0.0004002335649 0.0003935179795 -0.0005)
(0.0004093608457 0.0004024921121 -0.0005)
(0.0004203076859 0.0004132552735 -0.0005)
(0.000433436822 0.0004261641137 -0.0005)
(0.0004491833032 0.000441646382 -0.0005)
(0.0004680689075 0.0004602151016 -0.0005)
(0.0004907194316 0.0004824855688 -0.0005)
(0.000517885427 0.0005091957415 -0.0005)
(0.0005504670708 0.0005412306925 -0.0005)
(0.0005895439939 0.0005796519374 -0.0005)
(0.0006364110558 0.0006257326091 -0.0005)
(0.0006926212515 0.0006809996445 -0.0005)
(0.0007600371714 0.0007472843816 -0.0005)
(0.0008408927211 0.0008267832426 -0.0005)
(0.0009378671436 0.0009221305152 -0.0005)
(0.0010541738 0.001036485643 -0.0005)
(0.001193666647 0.001173637917 -0.0005)
(0.001360967944 0.001338132037 -0.0005)
(0.001561621415 0.00153541871 -0.0005)
(0.001802275946 0.001772035259 -0.0005)
(0.002090905909 0.002055822252 -0.0005)
(0.002437075393 0.002396183301 -0.0005)
(0.00285225513 0.002804396668 -0.0005)
(0.0003314926967 0.0003743161659 -0.0005)
(0.0003318787184 0.0003747520553 -0.0005)
(0.0003323416951 0.000375274841 -0.0005)
(0.000332896968 0.0003759018461 -0.0005)
(0.0003335629367 0.0003766538472 -0.0005)
(0.0003343616689 0.0003775557627 -0.0005)
(0.0003353196316 0.0003786374785 -0.0005)
(0.0003364685678 0.0003799348387 -0.0005)
(0.0003378465491 0.0003814908327 -0.0005)
(0.0003394992364 0.0003833570203 -0.0005)
(0.0003414813933 0.0003855952398 -0.0005)
(0.0003438587011 0.0003882796571 -0.0005)
(0.0003467099346 0.0003914992236 -0.0005)
(0.0003501295728 0.0003953606234 -0.0005)
(0.0003542309293 0.0003999918085 -0.0005)
(0.0003591499074 0.0004055462387 -0.0005)
(0.0003650495032 0.0004122079664 -0.0005)
(0.0003721252067 0.0004201977358 -0.0005)
(0.0003806114796 0.0004297802972 -0.0005)
(0.0003907895245 0.0004412731801 -0.0005)
(0.0004029966028 0.0004550572146 -0.0005)
(0.0004176372104 0.0004715891507 -0.0005)
(0.0004351964808 0.0004914167936 -0.0005)
(0.0004562562612 0.0005151971552 -0.0005)
(0.0004815143918 0.0005437182259 -0.0005)
(0.0005118078304 0.0005779250845 -0.0005)
(0.0005481403856 0.0006189512153 -0.0005)
(0.000591715979 0.0006681560672 -0.0005)
(0.000643978539 0.0007271701006 -0.0005)
(0.0007066598465 0.0007979488143 -0.0005)
(0.00078183692 0.000882837544 -0.0005)
(0.0008720008398 0.0009846491769 -0.0005)
(0.0009801392927 0.001106757361 -0.0005)
(0.001109835573 0.001253208293 -0.0005)
(0.001265387319 0.001428854796 -0.0005)
(0.001451948919 0.001639517123 -0.0005)
(0.00167570231 0.001892175815 -0.0005)
(0.001944061822 0.002195203016 -0.0005)
(0.002265919863 0.002558639884 -0.0005)
(0.002651941574 0.002994529327 -0.0005)
(0.0003040351773 0.0003969415712 -0.0005)
(0.0003043892249 0.0003974038078 -0.0005)
(0.0003048138532 0.0003979581932 -0.0005)
(0.0003053231329 0.0003986230974 -0.0005)
(0.0003059339394 0.0003994205529 -0.0005)
(0.0003066665127 0.0004003769843 -0.0005)
(0.0003075451274 0.000401524084 -0.0005)
(0.0003085988973 0.0004028998627 -0.0005)
(0.0003098627405 0.0004045499082 -0.0005)
(0.0003113785358 0.0004065288968 -0.0005)
(0.0003131965108 0.0004089024047 -0.0005)
(0.0003153769064 0.0004117490806 -0.0005)
(0.0003179919724 0.0004151632527 -0.0005)
(0.0003211283621 0.0004192580534 -0.0005)
(0.0003248900035 0.0004241691688 -0.0005)
(0.0003294015429 0.0004300593345 -0.0005)
(0.0003348124756 0.0004371237279 -0.0005)
(0.000341302099 0.000445596436 -0.0005)
(0.0003490854545 0.000455758212 -0.0005)
(0.0003584204525 0.000467945778 -0.0005)
(0.0003696164193 0.0004825629835 -0.0005)
(0.0003830443463 0.0005000941865 -0.0005)
(0.0003991491835 0.000521120304 -0.0005)
(0.0004184645835 0.0005463380611 -0.0005)
(0.0004416305847 0.0005765830775 -0.0005)
(0.0004694148197 0.0006128575573 -0.0005)
(0.0005027379516 0.0006563634978 -0.0005)
(0.0005427041814 0.0007085425192 -0.0005)
(0.0005906378367 0.0007711236345 -0.0005)
(0.0006481272554 0.000846180542 -0.0005)
(0.0007170774166 0.0009362003403 -0.0005)
(0.0007997730645 0.001044165941 -0.0005)
(0.0008989544162 0.001173654909 -0.0005)
(0.001017907962 0.001328958015 -0.0005)
(0.001160575366 0.001515221407 -0.0005)
(0.00133168408 0.001738617142 -0.0005)
(0.001536903992 0.002006547699 -0.0005)
(0.001783035303 0.002327891269 -0.0005)
(0.002078233862 0.002713295947 -0.0005)
(0.002432281418 0.00317553257 -0.0005)
(0.0002741283377 0.0004181550603 -0.0005)
(0.0002744475589 0.0004186419999 -0.0005)
(0.0002748304181 0.0004192260129 -0.0005)
(0.0002752896018 0.0004199264512 -0.0005)
(0.0002758403255 0.0004207665245 -0.0005)
(0.0002765008382 0.0004217740699 -0.0005)
(0.0002772930267 0.0004229824734 -0.0005)
(0.0002782431412 0.0004244317768 -0.0005)
(0.0002793826646 0.0004261700047 -0.0005)
(0.0002807493566 0.0004282547551 -0.0005)
(0.000282388504 0.0004307551087 -0.0005)
(0.000284354422 0.0004337539178 -0.0005)
(0.0002867122534 0.0004373505512 -0.0005)
(0.0002895401278 0.0004416641877 -0.0005)
(0.0002929317502 0.0004468377646 -0.0005)
(0.0002969995058 0.0004530427145 -0.0005)
(0.0003018781846 0.0004604846457 -0.0005)
(0.0003077294473 0.0004694101553 -0.0005)
(0.0003147471822 0.0004801150003 -0.0005)
(0.0003231639304 0.0004929538985 -0.0005)
(0.0003332585904 0.0005083522817 -0.0005)
(0.0003453656608 0.0005268203934 -0.0005)
(0.0003598863235 0.000548970196 -0.0005)
(0.0003773017376 0.0005755356492 -0.0005)
(0.0003981889831 0.0006073970302 -0.0005)
(0.0004232401835 0.0006456101034 -0.0005)
(0.0004532854396 0.0006914411034 -0.0005)
(0.000489320336 0.0007464086942 -0.0005)
(0.0005325389313 0.0008123342911 -0.0005)
(0.000584373324 0.0008914024159 -0.0005)
(0.0006465411075 0.0009862330834 -0.0005)
(0.000721102284 0.001099968619 -0.0005)
(0.0008105275252 0.001236377782 -0.0005)
(0.0009177800411 0.00139998065 -0.0005)
(0.001046413769 0.001596198395 -0.0005)
(0.001200691139 0.001831532923 -0.0005)
(0.001385724311 0.002113782316 -0.0005)
(0.001607644576 0.002452299241 -0.0005)
(0.001873805522 0.00285830085 -0.0005)
(0.002193026702 0.003345240482 -0.0005)
(0.0002417657319 0.0004376634905 -0.0005)
(0.000242047267 0.0004381731476 -0.0005)
(0.0002423849272 0.0004387844068 -0.0005)
(0.0002427899013 0.0004395175231 -0.0005)
(0.0002432756085 0.0004403967889 -0.0005)
(0.0002438581435 0.0004414513398 -0.0005)
(0.0002445568091 0.0004427161196 -0.0005)
(0.0002453947564 0.0004442330383 -0.0005)
(0.0002463997518 0.0004460523607 -0.0005)
(0.0002476050971 0.0004482343722 -0.0005)
(0.0002490507326 0.0004508513763 -0.0005)
(0.0002507845614 0.0004539900905 -0.0005)
(0.0002528640357 0.0004577545197 -0.0005)
(0.0002553580614 0.0004622694028 -0.0005)
(0.0002583492811 0.0004676843456 -0.0005)
(0.0002619368121 0.0004741787787 -0.0005)
(0.0002662395316 0.0004819679026 -0.0005)
(0.0002714000152 0.0004913098191 -0.0005)
(0.0002775892617 0.0005025140835 -0.0005)
(0.0002850123588 0.0005159519622 -0.0005)
(0.0002939152796 0.0005320687351 -0.0005)
(0.0003045930328 0.0005513984503 -0.0005)
(0.0003173994382 0.0005745816205 -0.0005)
(0.0003327588511 0.0006023864471 -0.0005)
(0.0003511802236 0.0006357342756 -0.0005)
(0.0003732739693 0.0006757301254 -0.0005)
(0.0003997721905 0.0007236993056 -0.0005)
(0.0004315529366 0.0007812313313 -0.0005)
(0.0004696692999 0.0008502325932 -0.0005)
(0.0005153843106 0.000932989529 -0.0005)
(0.0005702127891 0.001032244387 -0.0005)
(0.0006359715412 0.001151286092 -0.0005)
(0.00071483956 0.00129405923 -0.0005)
(0.0008094302295 0.001465294758 -0.0005)
(0.0009228779223 0.001670666763 -0.0005)
(0.00105894186 0.001916980489 -0.0005)
(0.001222130681 0.002212397827 -0.0005)
(0.001417851838 0.002566707778 -0.0005)
(0.001652590779 0.002991650815 -0.0005)
(0.001934125855 0.003501307924 -0.0005)
(0.000206970107 0.0004551520348 -0.0005)
(0.0002072111228 0.0004556820573 -0.0005)
(0.0002075001859 0.0004563177418 -0.0005)
(0.000207846875 0.0004570801525 -0.0005)
(0.0002082626779 0.0004579945528 -0.0005)
(0.0002087613727 0.0004590912424 -0.0005)
(0.0002093594843 0.0004604065614 -0.0005)
(0.0002100768318 0.0004619840944 -0.0005)
(0.0002109371854 0.0004638761149 -0.0005)
(0.0002119690539 0.0004661453172 -0.0005)
(0.0002132066294 0.0004688668938 -0.0005)
(0.0002146909204 0.0004721310275 -0.0005)
(0.0002164711108 0.0004760458792 -0.0005)
(0.0002186061891 0.0004807411719 -0.0005)
(0.0002211669037 0.0004863724898 -0.0005)
(0.0002242381069 0.0004931264331 -0.0005)
(0.0002279215666 0.0005012268017 -0.0005)
(0.0002323393384 0.0005109420108 -0.0005)
(0.0002376378106 0.0005225939851 -0.0005)
(0.000243992554 0.0005365688265 -0.0005)
(0.0002516141407 0.0005533296076 -0.0005)
(0.0002607551207 0.0005734317166 -0.0005)
(0.0002717183911 0.0005975412604 -0.0005)
(0.0002848672328 0.0006264571368 -0.0005)
(0.000300637348 0.0006611375074 -0.0005)
(0.0003195512978 0.0007027315466 -0.0005)
(0.0003422358182 0.0007526175217 -0.0005)
(0.0003694425872 0.0008124484629 -0.0005)
(0.000402073133 0.0008842069382 -0.0005)
(0.0004412087069 0.0009702707488 -0.0005)
(0.0004881461119 0.00107349172 -0.0005)
(0.0005444406737 0.001197290198 -0.0005)
(0.0006119577787 0.001345768392 -0.0005)
(0.0006929346849 0.0015238463 -0.0005)
(0.000790054657 0.001737424742 -0.0005)
(0.0009065358787 0.001993580888 -0.0005)
(0.001046238092 0.002300802774 -0.0005)
(0.001213790492 0.002669270554 -0.0005)
(0.001414745125 0.003111193841 -0.0005)
(0.001655760856 0.003641216279 -0.0005)
(0.0001697984474 0.000470285538 -0.0005)
(0.0001699961769 0.0004708331833 -0.0005)
(0.0001702333246 0.0004714900039 -0.0005)
(0.0001705177486 0.0004722777643 -0.0005)
(0.0001708588736 0.0004732225678 -0.0005)
(0.0001712680033 0.0004743557216 -0.0005)
(0.0001717586945 0.0004757147741 -0.0005)
(0.000172347207 0.0004773447591 -0.0005)
(0.0001730530418 0.000479299688 -0.0005)
(0.0001738995876 0.0004816443397 -0.0005)
(0.0001749148955 0.000484456407 -0.0005)
(0.0001761326092 0.0004878290709 -0.0005)
(0.0001775930788 0.0004918740888 -0.0005)
(0.0001793446988 0.0004967254969 -0.0005)
(0.0001814455112 0.0005025440524 -0.0005)
(0.0001839651289 0.0005095225599 -0.0005)
(0.0001869870422 0.0005178922604 -0.0005)
(0.0001906113859 0.0005279304937 -0.0005)
(0.0001949582568 0.0005399698884 -0.0005)
(0.0002001716936 0.000554409384 -0.0005)
(0.0002064244496 0.00057172745 -0.0005)
(0.0002139237172 0.0005924979408 -0.0005)
(0.0002229179934 0.0006174091109 -0.0005)
(0.000233705314 0.000647286421 -0.0005)
(0.0002466431296 0.0006831198909 -0.0005)
(0.0002621601497 0.0007260969043 -0.0005)
(0.000280770549 0.000777641555 -0.0005)
(0.0003030910049 0.0008394618352 -0.0005)
(0.0003298611317 0.0009136062323 -0.0005)
(0.000361967989 0.001002531607 -0.0005)
(0.0004004754749 0.001109184607 -0.0005)
(0.0004466595802 0.001237099303 -0.0005)
(0.0005020506691 0.001390514298 -0.0005)
(0.0005684841901 0.001574513179 -0.0005)
(0.0006481614957 0.001795192962 -0.0005)
(0.0007437227866 0.00205986613 -0.0005)
(0.0008583345979 0.002377302939 -0.0005)
(0.0009957947261 0.002758022029 -0.0005)
(0.001160658073 0.003214638972 -0.0005)
(0.001358387579 0.003762284304 -0.0005)
(0.0001303473809 0.0004827106383 -0.0005)
(0.0001304991698 0.0004832727526 -0.0005)
(0.0001306812185 0.0004839469266 -0.0005)
(0.0001308995592 0.0004847554998 -0.0005)
(0.0001311614271 0.0004857252654 -0.0005)
(0.0001314754993 0.0004868883575 -0.0005)
(0.0001318521831 0.0004882833166 -0.0005)
(0.0001323039603 0.0004899563663 -0.0005)
(0.000132845801 0.0004919629451 -0.0005)
(0.0001334956599 0.0004943695433 -0.0005)
(0.0001342750706 0.0004972559063 -0.0005)
(0.00013520986 0.0005007176772 -0.0005)
(0.0001363310033 0.0005048695657 -0.0005)
(0.0001376756509 0.0005098491497 -0.0005)
(0.0001392883594 0.0005158214333 -0.0005)
(0.0001412225676 0.0005229843153 -0.0005)
(0.000143542368 0.0005315751461 -0.0005)
(0.0001463246296 0.0005418785928 -0.0005)
(0.0001496615461 0.0005542360724 -0.0005)
(0.0001536636901 0.0005690570642 -0.0005)
(0.0001584636772 0.0005868326793 -0.0005)
(0.0001642205608 0.0006081519333 -0.0005)
(0.0001711251018 0.0006337212648 -0.0005)
(0.0001794060903 0.0006643879434 -0.0005)
(0.0001893379265 0.0007011681455 -0.0005)
(0.0002012497135 0.0007452806259 -0.0005)
(0.0002155361622 0.0007981871034 -0.0005)
(0.0002326706708 0.000861640696 -0.0005)
(0.0002532210114 0.0009377440126 -0.0005)
(0.0002778681434 0.001029018826 -0.0005)
(0.0003074287785 0.001138489633 -0.0005)
(0.0003428824428 0.001269783878 -0.0005)
(0.000385403935 0.001427252148 -0.0005)
(0.0004364022545 0.00161611234 -0.0005)
(0.0004975672903 0.001842622556 -0.0005)
(0.0005709258172 0.002114288478 -0.0005)
(0.000658908656 0.002440112073 -0.0005)
(0.000764431221 0.002830889888 -0.0005)
(0.0008909901256 0.003299570802 -0.0005)
(0.001042779047 0.003861685106 -0.0005)
(8.875889002e-05 0.0004920587967 -0.0005)
(8.886224934e-05 0.0004926317969 -0.0005)
(8.898621375e-05 0.000493319027 -0.0005)
(8.913489094e-05 0.000494143259 -0.0005)
(8.931320753e-05 0.000495131805 -0.0005)
(8.952707222e-05 0.0004963174215 -0.0005)
(8.978357169e-05 0.0004977393954 -0.0005)
(9.009120534e-05 0.0004994448453 -0.0005)
(9.046016698e-05 0.0005014902834 -0.0005)
(9.090268257e-05 0.0005039434877 -0.0005)
(9.143341539e-05 0.000506885748 -0.0005)
(9.206995189e-05 0.0005104145594 -0.0005)
(9.283338446e-05 0.0005146468533 -0.0005)
(9.374901032e-05 0.0005197228717 -0.0005)
(9.484716981e-05 0.0005258108144 -0.0005)
(9.616425172e-05 0.0005331124125 -0.0005)
(9.774389912e-05 0.000541869613 -0.0005)
(9.963845545e-05 0.000552372596 -0.0005)
(0.0001019106991 0.0005649693901 -0.0005)
(0.0001046359234 0.0005800774047 -0.0005)
(0.000107904432 0.0005981972618 -0.0005)
(0.0001118245307 0.0006199293838 -0.0005)
(0.0001165261165 0.0006459938902 -0.0005)
(0.0001221649819 0.0006772544587 -0.0005)
(0.0001289279775 0.0007147469449 -0.0005)
(0.0001370392029 0.0007597137062 -0.0005)
(0.0001467674332 0.0008136447688 -0.0005)
(0.0001584350245 0.0008783272016 -0.0005)
(0.0001724285961 0.0009559043326 -0.0005)
(0.0001892118415 0.001048946771 -0.0005)
(0.0002093408931 0.001160537586 -0.0005)
(0.0002334827506 0.001294374471 -0.0005)
(0.0002624373827 0.001454892267 -0.0005)
(0.0002971642348 0.001647409919 -0.0005)
(0.0003388140221 0.001878306725 -0.0005)
(0.0003887668587 0.00215523372 -0.0005)
(0.0004486779905 0.002487367204 -0.0005)
(0.0005205326428 0.002885712809 -0.0005)
(0.0006067118036 0.003363470183 -0.0005)
(0.0007100711202 0.003936470374 -0.0005)
(4.522623971e-05 0.0004979503863 -0.0005)
(4.527890545e-05 0.0004985302472 -0.0005)
(4.534207032e-05 0.0004992257057 -0.0005)
(4.541782736e-05 0.0005000598066 -0.0005)
(4.550868686e-05 0.0005010601888 -0.0005)
(4.561765957e-05 0.0005022600011 -0.0005)
(4.574835641e-05 0.0005036990007 -0.0005)
(4.590510818e-05 0.0005054248706 -0.0005)
(4.609310903e-05 0.0005074947995 -0.0005)
(4.63185886e-05 0.0005099773768 -0.0005)
(4.658901841e-05 0.0005129548657 -0.0005)
(4.691335947e-05 0.0005165259288 -0.0005)
(4.73023592e-05 0.0005208088975 -0.0005)
(4.776890756e-05 0.0005259456928 -0.0005)
(4.832846418e-05 0.0005321065285 -0.0005)
(4.899957062e-05 0.0005394955512 -0.0005)
(4.980446477e-05 0.0005483576047 -0.0005)
(5.076981775e-05 0.0005589863435 -0.0005)
(5.192761766e-05 0.0005717339633 -0.0005)
(5.331622954e-05 0.0005870228715 -0.0005)
(5.498166669e-05 0.0006053596838 -0.0005)
(5.69791153e-05 0.000627352012 -0.0005)
(5.937476318e-05 0.0006537285977 -0.0005)
(6.224799291e-05 0.0006853634598 -0.0005)
(6.569401233e-05 0.0007233048565 -0.0005)
(6.982700932e-05 0.0007688100203 -0.0005)
(7.478393557e-05 0.0008233868181 -0.0005)
(8.072904463e-05 0.000888843716 -0.0005)
(8.785933464e-05 0.0009673497047 -0.0005)
(9.64110761e-05 0.001061506172 -0.0005)
(0.000106667641 0.001174433103 -0.0005)
(0.0001189688925 0.001309872463 -0.0005)
(0.0001337224471 0.001472312194 -0.0005)
(0.000151417181 0.001667134926 -0.0005)
(0.00017263943 0.001900796339 -0.0005)
(0.000198092418 0.002181039076 -0.0005)
(0.0002286195596 0.002517149309 -0.0005)
(0.0002652324074 0.002920264443 -0.0005)
(0.0003091441709 0.003403742171 -0.0005)
(0.0003618099177 0.003983603091 -0.0005)
(0 0.0005 -0.0005)
(0 0.0005005822477 -0.0005)
(0 0.0005012805687 -0.0005)
(0 0.0005021181029 -0.0005)
(0 0.0005031226027 -0.0005)
(0 0.0005043273536 -0.0005)
(0 0.0005057722763 -0.0005)
(0 0.00050750525 -0.0005)
(0 0.0005095836989 -0.0005)
(0 0.0005120764948 -0.0005)
(0 0.0005150662394 -0.0005)
(0 0.0005186520013 -0.0005)
(0 0.0005229525991 -0.0005)
(0 0.0005281105379 -0.0005)
(0 0.0005342967323 -0.0005)
(0 0.0005417161689 -0.0005)
(0 0.0005506146995 -0.0005)
(0 0.0005612871873 -0.0005)
(0 0.0005740872776 -0.0005)
(0 0.0005894391164 -0.0005)
(0 0.0006078514049 -0.0005)
(0 0.0006299342558 -0.0005)
(0 0.0006564194101 -0.0005)
(0 0.0006881844844 -0.0005)
(0 0.0007262820517 -0.0005)
(0 0.0007719745194 -0.0005)
(0 0.0008267759607 -0.0005)
(0 0.0008925022857 -0.0005)
(0 0.000971331413 -0.0005)
(0 0.001065875438 -0.0005)
(0 0.001179267187 -0.0005)
(0 0.001315264029 -0.0005)
(0 0.001478372378 -0.0005)
(0 0.00167399702 -0.0005)
(0 0.001908620207 -0.0005)
(0 0.002190016451 -0.0005)
(0 0.002527510148 -0.0005)
(0 0.002932284544 -0.0005)
(0 0.003417752314 -0.0005)
(0 0.004 -0.0005)
(0.0005 0 0.0005)
(0.0005005822477 0 0.0005)
(0.0005012805687 0 0.0005)
(0.0005021181029 0 0.0005)
(0.0005031226027 0 0.0005)
(0.0005043273536 0 0.0005)
(0.0005057722763 0 0.0005)
(0.00050750525 0 0.0005)
(0.0005095836989 0 0.0005)
(0.0005120764948 0 0.0005)
(0.0005150662394 0 0.0005)
(0.0005186520013 0 0.0005)
(0.0005229525991 0 0.0005)
(0.0005281105379 0 0.0005)
(0.0005342967323 0 0.0005)
(0.0005417161689 0 0.0005)
(0.0005506146995 0 0.0005)
(0.0005612871873 0 0.0005)
(0.0005740872776 0 0.0005)
(0.0005894391164 0 0.0005)
(0.0006078514049 0 0.0005)
(0.0006299342558 0 0.0005)
(0.0006564194101 0 0.0005)
(0.0006881844844 0 0.0005)
(0.0007262820517 0 0.0005)
(0.0007719745194 0 0.0005)
(0.0008267759607 0 0.0005)
(0.0008925022857 0 0.0005)
(0.000971331413 0 0.0005)
(0.001065875438 0 0.0005)
(0.001179267187 0 0.0005)
(0.001315264029 0 0.0005)
(0.001478372378 0 0.0005)
(0.00167399702 0 0.0005)
(0.001908620207 0 0.0005)
(0.002190016451 0 0.0005)
(0.002527510148 0 0.0005)
(0.002932284544 0 0.0005)
(0.003417752314 0 0.0005)
(0.004 0 0.0005)
(0.0004994873338 2.263632962e-05 0.0005)
(0.0005000689844 2.266268952e-05 0.0005)
(0.0005007665895 2.269430437e-05 0.0005)
(0.0005016032649 2.273222177e-05 0.0005)
(0.0005026067348 2.277769815e-05 0.0005)
(0.0005038102504 2.283224042e-05 0.0005)
(0.0005052536915 2.289765591e-05 0.0005)
(0.0005069848884 2.297611224e-05 0.0005)
(0.0005090612062 2.307020915e-05 0.0005)
(0.0005115514461 2.318306465e-05 0.0005)
(0.0005145381252 2.331841834e-05 0.0005)
(0.0005181202106 2.348075532e-05 0.0005)
(0.0005224163988 2.367545481e-05 0.0005)
(0.0005275690491 2.390896842e-05 0.0005)
(0.0005337489005 2.418903389e-05 0.0005)
(0.0005411607297 2.452493152e-05 0.0005)
(0.0005500501364 2.492779166e-05 0.0005)
(0.0005607116813 2.541096356e-05 0.0005)
(0.0005734986472 2.599045769e-05 0.0005)
(0.0005888347453 2.668547626e-05 0.0005)
(0.0006072281551 2.751904952e-05 0.0005)
(0.0006292883637 2.85187989e-05 0.0005)
(0.0006557463619 2.971785227e-05 0.0005)
(0.0006874788665 3.115594165e-05 0.0005)
(0.0007255373711 3.288071984e-05 0.0005)
(0.0007711829888 3.494933935e-05 0.0005)
(0.0008259282405 3.743034633e-05 0.0005)
(0.0008915871741 4.040595185e-05 0.0005)
(0.0009703354753 4.397475606e-05 0.0005)
(0.001064782561 4.825501548e-05 0.0005)
(0.001178058046 5.338856151e-05 0.0005)
(0.001313915446 5.954550019e-05 0.0005)
(0.001476856555 6.69298489e-05 0.0005)
(0.001672280617 7.578629666e-05 0.0005)
(0.001906663236 8.640831223e-05 0.0005)
(0.002187770956 9.914786852e-05 0.0005)
(0.00252491861 0.0001144271056 0.0005)
(0.002929277978 0.000132752319 0.0005)
(0.003414247982 0.0001547307359 0.0005)
(0.00399589867 0.0001810906369 0.0005)
(0.0004978872422 4.591616373e-05 0.0005)
(0.0004984670296 4.596963289e-05 0.0005)
(0.0004991623998 4.603376134e-05 0.0005)
(0.0004999963949 4.611067405e-05 0.0005)
(0.0005009966503 4.620291961e-05 0.0005)
(0.0005021963104 4.631355468e-05 0.0005)
(0.0005036351276 4.64462453e-05 0.0005)
(0.0005053607786 4.660538831e-05 0.0005)
(0.000507430445 4.679625711e-05 0.0005)
(0.0005099127075 4.702517636e-05 0.0005)
(0.0005128898189 4.729973156e-05 0.0005)
(0.0005164604292 4.762902043e-05 0.0005)
(0.0005207428547 4.802395433e-05 0.0005)
(0.0005258789986 4.849761986e-05 0.0005)
(0.0005320390531 4.906571248e-05 0.0005)
(0.0005394271388 4.974705662e-05 0.0005)
(0.0005482880685 5.056422939e-05 0.0005)
(0.0005589154595 5.154430878e-05 0.0005)
(0.0005716614628 5.271977087e-05 0.0005)
(0.0005869484322 5.412956596e-05 0.0005)
(0.0006052829193 5.582040927e-05 0.0005)
(0.0006272724587 5.784832886e-05 0.0005)
(0.0006536456996 6.028052222e-05 0.0005)
(0.0006852765501 6.319758293e-05 0.0005)
(0.0007232131355 6.66961712e-05 0.0005)
(0.0007687125289 7.089221686e-05 0.0005)
(0.000823282406 7.592476077e-05 0.0005)
(0.0008887310033 8.196056217e-05 0.0005)
(0.0009672270369 8.919962439e-05 0.0005)
(0.001061371564 9.788182224e-05 0.0005)
(0.001174284175 0.0001082948505 0.0005)
(0.00130970636 0.000120783757 0.0005)
(0.001472125492 0.0001357623763 0.0005)
(0.00166692352 0.0001537270425 0.0005)
(0.001900555302 0.0001752730358 0.0005)
(0.002180762503 0.0002011143079 0.0005)
(0.002516830114 0.0002321071396 0.0005)
(0.00291989413 0.0002692785145 0.0005)
(0.003403310548 0.0003138601497 0.0005)
(0.003983097937 0.0003673293099 0.0005)
(0.0004951035557 6.980307366e-05 0.0005)
(0.0004956801015 6.988435901e-05 0.0005)
(0.000496371584 6.998184893e-05 0.0005)
(0.0004972009163 7.009877384e-05 0.0005)
(0.0004981955792 7.023900819e-05 0.0005)
(0.000499388532 7.040719882e-05 0.0005)
(0.0005008193048 7.060891891e-05 0.0005)
(0.0005025353077 7.08508527e-05 0.0005)
(0.0005045934025 7.114101694e-05 0.0005)
(0.0005070617868 7.148902657e-05 0.0005)
(0.0005100222531 7.190641329e-05 0.0005)
(0.0005135729001 7.24070077e-05 0.0005)
(0.0005178313826 7.300739758e-05 0.0005)
(0.0005229388103 7.372747756e-05 0.0005)
(0.000529064424 7.459110832e-05 0.0005)
(0.0005364112029 7.562690728e-05 0.0005)
(0.0005452225911 7.686919685e-05 0.0005)
(0.0005557905644 7.835914175e-05 0.0005)
(0.0005684653049 8.014611305e-05 0.0005)
(0.0005836668049 8.228932412e-05 0.0005)
(0.0006018987839 8.485979278e-05 0.0005)
(0.0006237653798 8.794269451e-05 0.0005)
(0.000649991168 9.164018487e-05 0.0005)
(0.0006814451705 9.607478452e-05 0.0005)
(0.0007191696525 0.0001013934391 0.0005)
(0.000764414659 0.0001077723885 0.0005)
(0.0008186794359 0.0001154230066 0.0005)
(0.0008837621104 0.0001245988056 0.0005)
(0.0009618192727 0.0001356038363 0.0005)
(0.001055437438 0.0001488027634 0.0005)
(0.001167718755 0.0001646329486 0.0005)
(0.001302383795 0.0001836189438 0.0005)
(0.001463894842 0.000206389872 0.0005)
(0.001657603754 0.0002337002746 0.0005)
(0.001889929302 0.0002664551138 0.0005)
(0.002168569864 0.0003057397593 0.0005)
(0.002502758523 0.000352855954 0.0005)
(0.002903569009 0.0004093649481 0.0005)
(0.003384282647 0.0004771392331 0.0005)
(0.003960828446 0.0005584245893 0.0005)
(0.0004910363519 9.425126563e-05 0.0005)
(0.0004916081615 9.436102079e-05 0.0005)
(0.0004922939636 9.449265608e-05 0.0005)
(0.0004931164829 9.465053338e-05 0.0005)
(0.0004941029748 9.483988414e-05 0.0005)
(0.0004952861278 9.506698273e-05 0.0005)
(0.0004967051469 9.533935432e-05 0.0005)
(0.0004984070531 9.566602425e-05 0.0005)
(0.000500448241 9.605781713e-05 0.0005)
(0.0005028963478 9.652771546e-05 0.0005)
(0.0005058324944 9.709128988e-05 0.0005)
(0.0005093539733 9.776721509e-05 0.0005)
(0.000513577473 9.857788865e-05 0.0005)
(0.000518642944 9.955017319e-05 0.0005)
(0.0005247182366 0.0001007162865 0.0005)
(0.0005320046627 0.0001021148691 0.0005)
(0.0005407436667 0.0001037922646 0.0005)
(0.0005512248257 0.0001058040556 0.0005)
(0.000563795445 0.000108216905 0.0005)
(0.0005788720668 0.0001111107655 0.0005)
(0.0005969542728 0.0001145815285 0.0005)
(0.0006186412378 0.0001187442017 0.0005)
(0.0006446515849 0.0001237367204 0.0005)
(0.0006758471974 0.0001297245173 0.0005)
(0.0007132617783 0.0001369060052 0.0005)
(0.0007581351036 0.000145519151 0.0005)
(0.0008119541033 0.0001558493614 0.0005)
(0.000876502133 0.00016823894 0.0005)
(0.0009539180671 0.00018309843 0.0005)
(0.001046767173 0.000200920218 0.0005)
(0.001158126115 0.0002222948498 0.0005)
(0.001291684901 0.0002479305987 0.0005)
(0.001451869159 0.0002786769354 0.0005)
(0.00164398678 0.0003155526756 0.0005)
(0.001874403807 0.0003597797402 0.0005)
(0.002150755378 0.0004128236446 0.0005)
(0.002482198725 0.0004764420606 0.0005)
(0.002879716611 0.000552743059 0.0005)
(0.003356481257 0.0006442549625 0.0005)
(0.003928290816 0.000754010125 0.0005)
(0.0004855824175 0.0001192045127 0.0005)
(0.0004861478759 0.0001193433258 0.0005)
(0.0004868260608 0.0001195098119 0.0005)
(0.0004876394445 0.0001197094876 0.0005)
(0.0004886149794 0.0001199489694 0.0005)
(0.0004897849911 0.0001202361929 0.0005)
(0.0004911882492 0.0001205806755 0.0005)
(0.0004928712523 0.0001209938321 0.0005)
(0.0004948897688 0.000121489353 0.0005)
(0.0004973106845 0.0001220836581 0.0005)
(0.0005002142193 0.0001227964402 0.0005)
(0.0005036965852 0.0001236513182 0.0005)
(0.0005078731745 0.0001246766195 0.0005)
(0.0005128823834 0.0001259063187 0.0005)
(0.0005188901978 0.0001273811632 0.0005)
(0.0005260956938 0.0001291500239 0.0005)
(0.0005347376337 0.0001312715139 0.0005)
(0.0005451023786 0.0001338159313 0.0005)
(0.0005575333762 0.0001368675884 0.0005)
(0.0005724425422 0.0001405276053 0.0005)
(0.0005903239093 0.0001449172611 0.0005)
(0.0006117699975 0.000150182012 0.0005)
(0.000637491448 0.0001564963118 0.0005)
(0.0006683405712 0.0001640693923 0.0005)
(0.0007053395889 0.0001731521961 0.0005)
(0.0007497145067 0.0001840456928 0.0005)
(0.0008029357394 0.0001971108511 0.0005)
(0.000866766835 0.0002127806002 0.0005)
(0.0009433229113 0.0002315741756 0.0005)
(0.001035140744 0.0002541143244 0.0005)
(0.001145262823 0.0002811479408 0.0005)
(0.001277338174 0.0003135708154 0.0005)
(0.001435743267 0.0003524573179 0.0005)
(0.00162572704 0.0003990959982 0.0005)
(0.001853584828 0.0004550322834 0.0005)
(0.002126866965 0.0005221196879 0.0005)
(0.002454628975 0.0006025812312 0.0005)
(0.002847731636 0.0006990831006 0.0005)
(0.003319200862 0.0008148229985 0.0005)
(0.00388465934 0.0009536361018 0.0005)
(0.0004786358515 0.0001445950264 0.0005)
(0.0004791932207 0.0001447634067 0.0005)
(0.0004798617037 0.0001449653542 0.0005)
(0.0004806634514 0.0001452075607 0.0005)
(0.0004816250307 0.0001454980521 0.0005)
(0.0004827783046 0.000145846454 0.0005)
(0.0004841614882 0.0001462643113 0.0005)
(0.0004858204149 0.0001467654701 0.0005)
(0.0004878100553 0.0001473665368 0.0005)
(0.0004901963382 0.0001480874286 0.0005)
(0.0004930583361 0.000148952033 0.0005)
(0.0004964908845 0.0001499889997 0.0005)
(0.0005006077251 0.0001512326898 0.0005)
(0.000505545274 0.0001527243144 0.0005)
(0.0005114671428 0.0001545133003 0.0005)
(0.0005185695596 0.0001566589275 0.0005)
(0.0005270878711 0.0001592322941 0.0005)
(0.0005373043416 0.0001623186714 0.0005)
(0.0005495575059 0.0001660203302 0.0005)
(0.0005642533868 0.0001704599292 0.0005)
(0.0005818789495 0.0001757845799 0.0005)
(0.0006030182378 0.0001821707207 0.0005)
(0.0006283717266 0.0001898299639 0.0005)
(0.0006587795334 0.0001990161074 0.0005)
(0.0006952492565 0.0002100335449 0.0005)
(0.0007389893628 0.0002232473521 0.0005)
(0.0007914492319 0.0002390953838 0.0005)
(0.000854367183 0.0002581027832 0.0005)
(0.0009298280759 0.0002808993827 0.0005)
(0.001020332396 0.0003082405742 0.0005)
(0.001128879108 0.0003410323402 0.0005)
(0.001259065037 0.0003803612741 0.0005)
(0.001415204044 0.0004275305862 0.0005)
(0.001602469978 0.0004841032868 0.0005)
(0.001827068116 0.0005519539785 0.0005)
(0.002096440778 0.0006333309734 0.0005)
(0.002419513943 0.0007309307933 0.0005)
(0.002806993019 0.0008479875224 0.0005)
(0.003271717578 0.0009883799725 0.0005)
(0.003829086812 0.001156760211 0.0005)
(0.0004700888313 0.0001703422751 0.0005)
(0.0004706362476 0.0001705406379 0.0005)
(0.0004712927934 0.0001707785451 0.0005)
(0.0004720802243 0.0001710638801 0.0005)
(0.0004730246326 0.0001714060976 0.0005)
(0.0004741573125 0.0001718165376 0.0005)
(0.0004755157965 0.0001723088005 0.0005)
(0.0004771450997 0.0001728991979 0.0005)
(0.0004790992109 0.0001736072933 0.0005)
(0.0004814428819 0.0001744565503 0.0005)
(0.000484253773 0.0001754751101 0.0005)
(0.0004876250263 0.0001766967238 0.0005)
(0.0004916683522 0.000178161871 0.0005)
(0.0004965177312 0.0001799191011 0.0005)
(0.0005023338529 0.000182026642 0.0005)
(0.0005093094415 0.0001845543294 0.0005)
(0.0005176756412 0.0001875859213 0.0005)
(0.0005277096758 0.000191221873 0.0005)
(0.0005397440348 0.000195582666 0.0005)
(0.0005541774907 0.0002008128003 0.0005)
(0.0005714883131 0.0002070855825 0.0005)
(0.0005922501162 0.0002146088686 0.0005)
(0.0006171508666 0.0002236319515 0.0005)
(0.00064701568 0.0002344538216 0.0005)
(0.0006828341617 0.0002474330742 0.0005)
(0.0007257931992 0.0002629997919 0.0005)
(0.0007773162903 0.0002816697964 0.0005)
(0.0008391107128 0.0003040617398 0.0005)
(0.0009132240974 0.0003309176056 0.0005)
(0.001002112278 0.0003631272942 0.0005)
(0.001108720668 0.0004017581113 0.0005)
(0.001236581861 0.0004480901342 0.0005)
(0.001389932687 0.0005036586288 0.0005)
(0.001573854606 0.000570304922 0.0005)
(0.001794442085 0.0006502374168 0.0005)
(0.002059004548 0.0007461047698 0.0005)
(0.002376308583 0.000861083658 0.0005)
(0.002756868429 0.0009989840413 0.0005)
(0.003213294382 0.00116437541 0.0005)
(0.00376071065 0.001362738201 0.0005)
(0.0004598325634 0.0001963517601 0.0005)
(0.0004603680362 0.0001965804108 0.0005)
(0.0004610102578 0.0001968546439 0.0005)
(0.0004617805087 0.0001971835465 0.0005)
(0.0004627043122 0.0001975780171 0.0005)
(0.0004638122795 0.000198051127 0.0005)
(0.0004651411245 0.0001986185533 0.0005)
(0.0004667348801 0.0001992990982 0.0005)
(0.000468646357 0.0002001153124 0.0005)
(0.0004709388945 0.0002010942421 0.0005)
(0.0004736884583 0.0002022683253 0.0005)
(0.0004769861585 0.0002036764666 0.0005)
(0.0004809412683 0.0002053653265 0.0005)
(0.0004856848448 0.0002073908673 0.0005)
(0.000491374072 0.0002098202076 0.0005)
(0.0004981974691 0.0002127338464 0.0005)
(0.0005063811374 0.0002162283307 0.0005)
(0.0005161962522 0.0002204194542 0.0005)
(0.0005279680489 0.0002254460948 0.0005)
(0.0005420865997 0.0002314748159 0.0005)
(0.0005590197393 0.0002387053864 0.0005)
(0.0005793285671 0.0002473773997 0.0005)
(0.00060368604 0.000257778213 0.0005)
(0.0006328992711 0.0002702524695 0.0005)
(0.0006679362751 0.0002852135183 0.0005)
(0.0007099580442 0.0003031571112 0.0005)
(0.0007603570187 0.0003246778301 0.0005)
(0.0008208032277 0.0003504887893 0.0005)
(0.000893299627 0.0003814452651 0.0005)
(0.0009802484696 0.0004185730364 0.0005)
(0.001084530907 0.0004631023755 0.0005)
(0.00120960246 0.0005165088141 0.0005)
(0.00135960752 0.0005805620369 0.0005)
(0.001539516682 0.0006573845225 0.0005)
(0.001755291444 0.0007495218738 0.0005)
(0.002014081757 0.0008600271696 0.0005)
(0.00232446294 0.0009925621322 0.0005)
(0.002696719837 0.001151518463 0.0005)
(0.003143187615 0.001342163365 0.0005)
(0.003678660507 0.00157081408 0.0005)
(0.0004477584452 0.0002225137631 0.0005)
(0.0004482798578 0.0002227728794 0.0005)
(0.0004489052161 0.0002230836515 0.0005)
(0.0004496552421 0.0002234563772 0.0005)
(0.0004505547886 0.0002239034073 0.0005)
(0.0004516336634 0.0002244395546 0.0005)
(0.0004529276161 0.000225082585 0.0005)
(0.0004544795233 0.000225853806 0.0005)
(0.0004563408094 0.0002267787729 0.0005)
(0.0004585731502 0.0002278881357 0.0005)
(0.000461250517 0.0002292186544 0.0005)
(0.0004644616274 0.0002308144171 0.0005)
(0.0004683128853 0.0002327283015 0.0005)
(0.0004729319067 0.0002350237263 0.0005)
(0.0004784717482 0.0002377767531 0.0005)
(0.000485115979 0.0002410786066 0.0005)
(0.0004930847635 0.0002450386976 0.0005)
(0.0005026421565 0.0002497882485 0.0005)
(0.0005141048536 0.000255484641 0.0005)
(0.0005278526846 0.0002623166319 0.0005)
(0.0005443411999 0.0002705106071 0.0005)
(0.0005641167658 0.0002803380836 0.0005)
(0.0005878346689 0.0002921247063 0.0005)
(0.0006162808295 0.0003062610387 0.0005)
(0.0006503978444 0.0003232155048 0.0005)
(0.000691316221 0.0003435499107 0.0005)
(0.0007403918374 0.0003679380606 0.0005)
(0.0007992508715 0.0003971880844 0.0005)
(0.0008698436864 0.0004322692159 0.0005)
(0.0009545094575 0.0004743439094 0.0005)
(0.001056053684 0.0005248063591 0.0005)
(0.001177841153 0.0005853286972 0.0005)
(0.001323907435 0.0006579164023 0.0005)
(0.001499092606 0.0007449747529 0.0005)
(0.001709201632 0.0008493885292 0.0005)
(0.001961196722 0.0009746176038 0.0005)
(0.002263428028 0.001124811589 0.0005)
(0.002625910337 0.001304947337 0.0005)
(0.003060654924 0.001520993858 0.0005)
(0.003582067561 0.001780110105 0.0005)
(0.000433759464 0.0002487020856 0.0005)
(0.0004342645749 0.0002489916981 0.0005)
(0.0004348703816 0.0002493390459 0.0005)
(0.0004355969583 0.0002497556388 0.0005)
(0.000436468381 0.0002502552812 0.0005)
(0.0004375135251 0.0002508545293 0.0005)
(0.0004387670229 0.0002515732399 0.0005)
(0.0004402704104 0.0002524352283 0.0005)
(0.0004420735042 0.0002534690574 0.0005)
(0.0004442360518 0.0002547089845 0.0005)
(0.0004468297118 0.0002561960959 0.0005)
(0.0004499404282 0.0002579796689 0.0005)
(0.0004536712781 0.0002601188041 0.0005)
(0.0004581458877 0.0002626843845 0.0005)
(0.0004635125284 0.0002657614233 0.0005)
(0.0004699490301 0.0002694518821 0.0005)
(0.0004776686738 0.0002738780483 0.0005)
(0.000486927259 0.0002791865882 0.0005)
(0.0004980315796 0.0002855534065 0.0005)
(0.0005113495904 0.0002931894752 0.0005)
(0.0005273225992 0.0003023478243 0.0005)
(0.0005464798903 0.0003133319264 0.0005)
(0.0005694562629 0.0003265057527 0.0005)
(0.0005970130662 0.0003423058332 0.0005)
(0.0006300634269 0.000361255722 0.0005)
(0.0006697025075 0.000383983346 0.0005)
(0.0007172437952 0.0004112418116 0.0005)
(0.0007742626261 0.0004439343598 0.0005)
(0.0008426483861 0.0004831442965 0.0005)
(0.0009246671172 0.0005301708888 0.0005)
(0.001023036606 0.0005865724179 0.0005)
(0.001141016441 0.0006542178144 0.0005)
(0.001282516021 0.0007353485876 0.0005)
(0.0014522241 0.0008326531006 0.0005)
(0.001655764156 0.0009493556522 0.0005)
(0.001899880724 0.001089323318 0.0005)
(0.002192662894 0.00125719409 0.0005)
(0.002543812345 0.001458530564 0.0005)
(0.002964964824 0.001700004257 0.0005)
(0.003470075712 0.001989616685 0.0005)
(0.0004177318605 0.000274772802 0.0005)
(0.0004182183073 0.0002750927737 0.0005)
(0.0004188017292 0.0002754765329 0.0005)
(0.0004195014586 0.0002759367961 0.0005)
(0.0004203406818 0.0002764888146 0.0005)
(0.0004213472074 0.0002771508801 0.0005)
(0.0004225543879 0.0002779449311 0.0005)
(0.0004240022246 0.0002788972792 0.0005)
(0.0004257386932 0.0002800394816 0.0005)
(0.0004278213338 0.0002814093866 0.0005)
(0.0004303191569 0.0002830523876 0.0005)
(0.0004333149309 0.0002850229273 0.0005)
(0.0004369079243 0.0002873863019 0.0005)
(0.0004412171951 0.0002902208246 0.0005)
(0.0004463855361 0.0002936204205 0.0005)
(0.0004525842062 0.0002976977393 0.0005)
(0.0004600186057 0.0003025878876 0.0005)
(0.000468935082 0.0003084529064 0.0005)
(0.0004796290931 0.0003154871397 0.0005)
(0.0004924549975 0.0003239236753 0.0005)
(0.0005078377966 0.0003340420675 0.0005)
(0.0005262872173 0.0003461776011 0.0005)
(0.0005484146029 0.0003607324012 0.0005)
(0.0005749531701 0.0003781887582 0.0005)
(0.0006067823054 0.0003991251088 0.0005)
(0.0006449567045 0.0004242352035 0.0005)
(0.0006907413206 0.0004543510947 0.0005)
(0.0007456532806 0.0004904707077 0.0005)
(0.0008115121566 0.000533790908 0.0005)
(0.0008905002594 0.0005857471613 0.0005)
(0.0009852349522 0.0006480610986 0.0005)
(0.00109885538 0.0007227975653 0.0005)
(0.001235126488 0.0008124330415 0.0005)
(0.001398563779 0.0009199377036 0.0005)
(0.00159458294 0.001048873844 0.0005)
(0.001829679294 0.001203513914 0.0005)
(0.002111643033 0.001388982091 0.0005)
(0.002449817357 0.001611424081 0.0005)
(0.002855408066 0.00187821076 0.0005)
(0.003341854884 0.002198182416 0.0005)
(0.0003995770854 0.0003005630596 0.0005)
(0.0004000423911 0.0003009130639 0.0005)
(0.0004006004573 0.000301332843 0.0005)
(0.0004012697761 0.0003018363066 0.0005)
(0.0004020725264 0.0003024401377 0.0005)
(0.0004030353081 0.0003031643449 0.0005)
(0.0004041900241 0.0003040329257 0.0005)
(0.0004055749373 0.0003050746614 0.0005)
(0.0004072359384 0.0003063240714 0.0005)
(0.0004092280666 0.0003078225561 0.0005)
(0.0004116173334 0.0003096197696 0.0005)
(0.00041448291 0.0003117752648 0.0005)
(0.0004179197507 0.0003143604664 0.0005)
(0.0004220417391 0.0003174610382 0.0005)
(0.0004269854621 0.0003211797212 0.0005)
(0.0004329147358 0.0003256397384 0.0005)
(0.0004400260336 0.0003309888775 0.0005)
(0.0004485549967 0.0003374043887 0.0005)
(0.0004587842423 0.0003450988573 0.0005)
(0.0004710527283 0.0003543272486 0.0005)
(0.0004857669855 0.0003653953561 0.0005)
(0.0005034145878 0.0003786699346 0.0005)
(0.0005245803094 0.0003945908526 0.0005)
(0.000549965501 0.0004136856685 0.0005)
(0.0005804113308 0.0004365871112 0.0005)
(0.0006169266569 0.000464054047 0.0005)
(0.0006607214574 0.0004969966248 0.0005)
(0.0007132469241 0.0005365064355 0.0005)
(0.0007762435499 0.0005838926828 0.0005)
(0.0008517988017 0.0006407255656 0.0005)
(0.0009424162911 0.0007088883078 0.0005)
(0.001051098735 0.0007906395616 0.0005)
(0.001181447452 0.0008886882505 0.0005)
(0.001337781701 0.001006283332 0.0005)
(0.001525281799 0.001147321458 0.0005)
(0.001750160781 0.001316476091 0.0005)
(0.002019870276 0.001519352367 0.0005)
(0.002343347424 0.001762672829 0.0005)
(0.002731311017 0.002054500185 0.0005)
(0.003196616683 0.002404504477 0.0005)
(0.0003792040776 0.0003258899623 0.0005)
(0.000379645659 0.0003262694596 0.0005)
(0.0003801752714 0.0003267246113 0.0005)
(0.0003808104641 0.0003272704992 0.0005)
(0.000381572285 0.000327925212 0.0005)
(0.0003824859779 0.0003287104445 0.0005)
(0.000383581819 0.0003296522161 0.0005)
(0.0003848961204 0.0003307817336 0.0005)
(0.000386472433 0.0003321364248 0.0005)
(0.0003883629898 0.0003337611791 0.0005)
(0.0003906304364 0.0003357098346 0.0005)
(0.0003933499075 0.0003380469623 0.0005)
(0.0003966115159 0.0003408500056 0.0005)
(0.0004005233389 0.0003442118466 0.0005)
(0.0004052149991 0.0003482438839 0.0005)
(0.0004108419603 0.0003530797237 0.0005)
(0.0004175906785 0.0003588796073 0.0005)
(0.0004256847803 0.0003658357206 0.0005)
(0.0004353924732 0.0003741785625 0.0005)
(0.0004470354329 0.0003841845828 0.0005)
(0.0004609994627 0.0003961853428 0.0005)
(0.0004777472769 0.0004105785017 0.0005)
(0.0004978338339 0.0004278409936 0.0005)
(0.0005219247253 0.0004485448313 0.0005)
(0.000550818231 0.0004733760609 0.0005)
(0.0005854717711 0.000503157494 0.0005)
(0.0006270336312 0.0005388759733 0.0005)
(0.0006768810121 0.0005817150724 0.0005)
(0.0007366656651 0.0006330943151 0.0005)
(0.0008083686245 0.0006947162124 0.0005)
(0.0008943658519 0.0007686226782 0.0005)
(0.000997506966 0.0008572626896 0.0005)
(0.001121209668 0.0009635734371 0.0005)
(0.001269572992 0.001091077652 0.0005)
(0.00144751313 0.001244000334 0.0005)
(0.001660926337 0.001427408757 0.0005)
(0.001916884309 0.001647380373 0.0005)
(0.002223868512 0.001911204199 0.0005)
(0.002592051228 0.002227622346 0.0005)
(0.003033632621 0.002607119698 0.0005)
(0.0003565318913 0.0003505495835 0.0005)
(0.000356947071 0.0003509577969 0.0005)
(0.0003574450185 0.0003514473892 0.0005)
(0.0003580422337 0.0003520345837 0.0005)
(0.0003587585062 0.0003527388377 0.0005)
(0.0003596175704 0.0003535834875 0.0005)
(0.0003606478924 0.0003545965216 0.0005)
(0.0003618836132 0.000355811508 0.0005)
(0.0003633656799 0.0003572687068 0.0005)
(0.0003651432023 0.0003590164039 0.0005)
(0.0003672750809 0.0003611125114 0.0005)
(0.0003698319579 0.0003636264861 0.0005)
(0.0003728985584 0.0003666416316 0.0005)
(0.0003765764978 0.0003702578583 0.0005)
(0.0003809876489 0.000374594994 0.0005)
(0.0003862781805 0.0003797967548 0.0005)
(0.0003926234004 0.0003860355072 0.0005)
(0.0004002335649 0.0003935179795 0.0005)
(0.0004093608457 0.0004024921121 0.0005)
(0.0004203076859 0.0004132552735 0.0005)
(0.000433436822 0.0004261641137 0.0005)
(0.0004491833032 0.000441646382 0.0005)
(0.0004680689075 0.0004602151016 0.0005)
(0.0004907194316 0.0004824855688 0.0005)
(0.000517885427 0.0005091957415 0.0005)
(0.0005504670708 0.0005412306925 0.0005)
(0.0005895439939 0.0005796519374 0.0005)
(0.0006364110558 0.0006257326091 0.0005)
(0.0006926212515 0.0006809996445 0.0005)
(0.0007600371714 0.0007472843816 0.0005)
(0.0008408927211 0.0008267832426 0.0005)
(0.0009378671436 0.0009221305152 0.0005)
(0.0010541738 0.001036485643 0.0005)
(0.001193666647 0.001173637917 0.0005)
(0.001360967944 0.001338132037 0.0005)
(0.001561621415 0.00153541871 0.0005)
(0.001802275946 0.001772035259 0.0005)
(0.002090905909 0.002055822252 0.0005)
(0.002437075393 0.002396183301 0.0005)
(0.00285225513 0.002804396668 0.0005)
(0.0003314926967 0.0003743161659 0.0005)
(0.0003318787184 0.0003747520553 0.0005)
(0.0003323416951 0.000375274841 0.0005)
(0.000332896968 0.0003759018461 0.0005)
(0.0003335629367 0.0003766538472 0.0005)
(0.0003343616689 0.0003775557627 0.0005)
(0.0003353196316 0.0003786374785 0.0005)
(0.0003364685678 0.0003799348387 0.0005)
(0.0003378465491 0.0003814908327 0.0005)
(0.0003394992364 0.0003833570203 0.0005)
(0.0003414813933 0.0003855952398 0.0005)
(0.0003438587011 0.0003882796571 0.0005)
(0.0003467099346 0.0003914992236 0.0005)
(0.0003501295728 0.0003953606234 0.0005)
(0.0003542309293 0.0003999918085 0.0005)
(0.0003591499074 0.0004055462387 0.0005)
(0.0003650495032 0.0004122079664 0.0005)
(0.0003721252067 0.0004201977358 0.0005)
(0.0003806114796 0.0004297802972 0.0005)
(0.0003907895245 0.0004412731801 0.0005)
(0.0004029966028 0.0004550572146 0.0005)
(0.0004176372104 0.0004715891507 0.0005)
(0.0004351964808 0.0004914167936 0.0005)
(0.0004562562612 0.0005151971552 0.0005)
(0.0004815143918 0.0005437182259 0.0005)
(0.0005118078304 0.0005779250845 0.0005)
(0.0005481403856 0.0006189512153 0.0005)
(0.000591715979 0.0006681560672 0.0005)
(0.000643978539 0.0007271701006 0.0005)
(0.0007066598465 0.0007979488143 0.0005)
(0.00078183692 0.000882837544 0.0005)
(0.0008720008398 0.0009846491769 0.0005)
(0.0009801392927 0.001106757361 0.0005)
(0.001109835573 0.001253208293 0.0005)
(0.001265387319 0.001428854796 0.0005)
(0.001451948919 0.001639517123 0.0005)
(0.00167570231 0.001892175815 0.0005)
(0.001944061822 0.002195203016 0.0005)
(0.002265919863 0.002558639884 0.0005)
(0.002651941574 0.002994529327 0.0005)
(0.0003040351773 0.0003969415712 0.0005)
(0.0003043892249 0.0003974038078 0.0005)
(0.0003048138532 0.0003979581932 0.0005)
(0.0003053231329 0.0003986230974 0.0005)
(0.0003059339394 0.0003994205529 0.0005)
(0.0003066665127 0.0004003769843 0.0005)
(0.0003075451274 0.000401524084 0.0005)
(0.0003085988973 0.0004028998627 0.0005)
(0.0003098627405 0.0004045499082 0.0005)
(0.0003113785358 0.0004065288968 0.0005)
(0.0003131965108 0.0004089024047 0.0005)
(0.0003153769064 0.0004117490806 0.0005)
(0.0003179919724 0.0004151632527 0.0005)
(0.0003211283621 0.0004192580534 0.0005)
(0.0003248900035 0.0004241691688 0.0005)
(0.0003294015429 0.0004300593345 0.0005)
(0.0003348124756 0.0004371237279 0.0005)
(0.000341302099 0.000445596436 0.0005)
(0.0003490854545 0.000455758212 0.0005)
(0.0003584204525 0.000467945778 0.0005)
(0.0003696164193 0.0004825629835 0.0005)
(0.0003830443463 0.0005000941865 0.0005)
(0.0003991491835 0.000521120304 0.0005)
(0.0004184645835 0.0005463380611 0.0005)
(0.0004416305847 0.0005765830775 0.0005)
(0.0004694148197 0.0006128575573 0.0005)
(0.0005027379516 0.0006563634978 0.0005)
(0.0005427041814 0.0007085425192 0.0005)
(0.0005906378367 0.0007711236345 0.0005)
(0.0006481272554 0.000846180542 0.0005)
(0.0007170774166 0.0009362003403 0.0005)
(0.0007997730645 0.001044165941 0.0005)
(0.0008989544162 0.001173654909 0.0005)
(0.001017907962 0.001328958015 0.0005)
(0.001160575366 0.001515221407 0.0005)
(0.00133168408 0.001738617142 0.0005)
(0.001536903992 0.002006547699 0.0005)
(0.001783035303 0.002327891269 0.0005)
(0.002078233862 0.002713295947 0.0005)
(0.002432281418 0.00317553257 0.0005)
(0.0002741283377 0.0004181550603 0.0005)
(0.0002744475589 0.0004186419999 0.0005)
(0.0002748304181 0.0004192260129 0.0005)
(0.0002752896018 0.0004199264512 0.0005)
(0.0002758403255 0.0004207665245 0.0005)
(0.0002765008382 0.0004217740699 0.0005)
(0.0002772930267 0.0004229824734 0.0005)
(0.0002782431412 0.0004244317768 0.0005)
(0.0002793826646 0.0004261700047 0.0005)
(0.0002807493566 0.0004282547551 0.0005)
(0.000282388504 0.0004307551087 0.0005)
(0.000284354422 0.0004337539178 0.0005)
(0.0002867122534 0.0004373505512 0.0005)
(0.0002895401278 0.0004416641877 0.0005)
(0.0002929317502 0.0004468377646 0.0005)
(0.0002969995058 0.0004530427145 0.0005)
(0.0003018781846 0.0004604846457 0.0005)
(0.0003077294473 0.0004694101553 0.0005)
(0.0003147471822 0.0004801150003 0.0005)
(0.0003231639304 0.0004929538985 0.0005)
(0.0003332585904 0.0005083522817 0.0005)
(0.0003453656608 0.0005268203934 0.0005)
(0.0003598863235 0.000548970196 0.0005)
(0.0003773017376 0.0005755356492 0.0005)
(0.0003981889831 0.0006073970302 0.0005)
(0.0004232401835 0.0006456101034 0.0005)
(0.0004532854396 0.0006914411034 0.0005)
(0.000489320336 0.0007464086942 0.0005)
(0.0005325389313 0.0008123342911 0.0005)
(0.000584373324 0.0008914024159 0.0005)
(0.0006465411075 0.0009862330834 0.0005)
(0.000721102284 0.001099968619 0.0005)
(0.0008105275252 0.001236377782 0.0005)
(0.0009177800411 0.00139998065 0.0005)
(0.001046413769 0.001596198395 0.0005)
(0.001200691139 0.001831532923 0.0005)
(0.001385724311 0.002113782316 0.0005)
(0.001607644576 0.002452299241 0.0005)
(0.001873805522 0.00285830085 0.0005)
(0.002193026702 0.003345240482 0.0005)
(0.0002417657319 0.0004376634905 0.0005)
(0.000242047267 0.0004381731476 0.0005)
(0.0002423849272 0.0004387844068 0.0005)
(0.0002427899013 0.0004395175231 0.0005)
(0.0002432756085 0.0004403967889 0.0005)
(0.0002438581435 0.0004414513398 0.0005)
(0.0002445568091 0.0004427161196 0.0005)
(0.0002453947564 0.0004442330383 0.0005)
(0.0002463997518 0.0004460523607 0.0005)
(0.0002476050971 0.0004482343722 0.0005)
(0.0002490507326 0.0004508513763 0.0005)
(0.0002507845614 0.0004539900905 0.0005)
(0.0002528640357 0.0004577545197 0.0005)
(0.0002553580614 0.0004622694028 0.0005)
(0.0002583492811 0.0004676843456 0.0005)
(0.0002619368121 0.0004741787787 0.0005)
(0.0002662395316 0.0004819679026 0.0005)
(0.0002714000152 0.0004913098191 0.0005)
(0.0002775892617 0.0005025140835 0.0005)
(0.0002850123588 0.0005159519622 0.0005)
(0.0002939152796 0.0005320687351 0.0005)
(0.0003045930328 0.0005513984503 0.0005)
(0.0003173994382 0.0005745816205 0.0005)
(0.0003327588511 0.0006023864471 0.0005)
(0.0003511802236 0.0006357342756 0.0005)
(0.0003732739693 0.0006757301254 0.0005)
(0.0003997721905 0.0007236993056 0.0005)
(0.0004315529366 0.0007812313313 0.0005)
(0.0004696692999 0.0008502325932 0.0005)
(0.0005153843106 0.000932989529 0.0005)
(0.0005702127891 0.001032244387 0.0005)
(0.0006359715412 0.001151286092 0.0005)
(0.00071483956 0.00129405923 0.0005)
(0.0008094302295 0.001465294758 0.0005)
(0.0009228779223 0.001670666763 0.0005)
(0.00105894186 0.001916980489 0.0005)
(0.001222130681 0.002212397827 0.0005)
(0.001417851838 0.002566707778 0.0005)
(0.001652590779 0.002991650815 0.0005)
(0.001934125855 0.003501307924 0.0005)
(0.000206970107 0.0004551520348 0.0005)
(0.0002072111228 0.0004556820573 0.0005)
(0.0002075001859 0.0004563177418 0.0005)
(0.000207846875 0.0004570801525 0.0005)
(0.0002082626779 0.0004579945528 0.0005)
(0.0002087613727 0.0004590912424 0.0005)
(0.0002093594843 0.0004604065614 0.0005)
(0.0002100768318 0.0004619840944 0.0005)
(0.0002109371854 0.0004638761149 0.0005)
(0.0002119690539 0.0004661453172 0.0005)
(0.0002132066294 0.0004688668938 0.0005)
(0.0002146909204 0.0004721310275 0.0005)
(0.0002164711108 0.0004760458792 0.0005)
(0.0002186061891 0.0004807411719 0.0005)
(0.0002211669037 0.0004863724898 0.0005)
(0.0002242381069 0.0004931264331 0.0005)
(0.0002279215666 0.0005012268017 0.0005)
(0.0002323393384 0.0005109420108 0.0005)
(0.0002376378106 0.0005225939851 0.0005)
(0.000243992554 0.0005365688265 0.0005)
(0.0002516141407 0.0005533296076 0.0005)
(0.0002607551207 0.0005734317166 0.0005)
(0.0002717183911 0.0005975412604 0.0005)
(0.0002848672328 0.0006264571368 0.0005)
(0.000300637348 0.0006611375074 0.0005)
(0.0003195512978 0.0007027315466 0.0005)
(0.0003422358182 0.0007526175217 0.0005)
(0.0003694425872 0.0008124484629 0.0005)
(0.000402073133 0.0008842069382 0.0005)
(0.0004412087069 0.0009702707488 0.0005)
(0.0004881461119 0.00107349172 0.0005)
(0.0005444406737 0.001197290198 0.0005)
(0.0006119577787 0.001345768392 0.0005)
(0.0006929346849 0.0015238463 0.0005)
(0.000790054657 0.001737424742 0.0005)
(0.0009065358787 0.001993580888 0.0005)
(0.001046238092 0.002300802774 0.0005)
(0.001213790492 0.002669270554 0.0005)
(0.001414745125 0.003111193841 0.0005)
(0.001655760856 0.003641216279 0.0005)
(0.0001697984474 0.000470285538 0.0005)
(0.0001699961769 0.0004708331833 0.0005)
(0.0001702333246 0.0004714900039 0.0005)
(0.0001705177486 0.0004722777643 0.0005)
(0.0001708588736 0.0004732225678 0.0005)
(0.0001712680033 0.0004743557216 0.0005)
(0.0001717586945 0.0004757147741 0.0005)
(0.000172347207 0.0004773447591 0.0005)
(0.0001730530418 0.000479299688 0.0005)
(0.0001738995876 0.0004816443397 0.0005)
(0.0001749148955 0.000484456407 0.0005)
(0.0001761326092 0.0004878290709 0.0005)
(0.0001775930788 0.0004918740888 0.0005)
(0.0001793446988 0.0004967254969 0.0005)
(0.0001814455112 0.0005025440524 0.0005)
(0.0001839651289 0.0005095225599 0.0005)
(0.0001869870422 0.0005178922604 0.0005)
(0.0001906113859 0.0005279304937 0.0005)
(0.0001949582568 0.0005399698884 0.0005)
(0.0002001716936 0.000554409384 0.0005)
(0.0002064244496 0.00057172745 0.0005)
(0.0002139237172 0.0005924979408 0.0005)
(0.0002229179934 0.0006174091109 0.0005)
(0.000233705314 0.000647286421 0.0005)
(0.0002466431296 0.0006831198909 0.0005)
(0.0002621601497 0.0007260969043 0.0005)
(0.000280770549 0.000777641555 0.0005)
(0.0003030910049 0.0008394618352 0.0005)
(0.0003298611317 0.0009136062323 0.0005)
(0.000361967989 0.001002531607 0.0005)
(0.0004004754749 0.001109184607 0.0005)
(0.0004466595802 0.001237099303 0.0005)
(0.0005020506691 0.001390514298 0.0005)
(0.0005684841901 0.001574513179 0.0005)
(0.0006481614957 0.001795192962 0.0005)
(0.0007437227866 0.00205986613 0.0005)
(0.0008583345979 0.002377302939 0.0005)
(0.0009957947261 0.002758022029 0.0005)
(0.001160658073 0.003214638972 0.0005)
(0.001358387579 0.003762284304 0.0005)
(0.0001303473809 0.0004827106383 0.0005)
(0.0001304991698 0.0004832727526 0.0005)
(0.0001306812185 0.0004839469266 0.0005)
(0.0001308995592 0.0004847554998 0.0005)
(0.0001311614271 0.0004857252654 0.0005)
(0.0001314754993 0.0004868883575 0.0005)
(0.0001318521831 0.0004882833166 0.0005)
(0.0001323039603 0.0004899563663 0.0005)
(0.000132845801 0.0004919629451 0.0005)
(0.0001334956599 0.0004943695433 0.0005)
(0.0001342750706 0.0004972559063 0.0005)
(0.00013520986 0.0005007176772 0.0005)
(0.0001363310033 0.0005048695657 0.0005)
(0.0001376756509 0.0005098491497 0.0005)
(0.0001392883594 0.0005158214333 0.0005)
(0.0001412225676 0.0005229843153 0.0005)
(0.000143542368 0.0005315751461 0.0005)
(0.0001463246296 0.0005418785928 0.0005)
(0.0001496615461 0.0005542360724 0.0005)
(0.0001536636901 0.0005690570642 0.0005)
(0.0001584636772 0.0005868326793 0.0005)
(0.0001642205608 0.0006081519333 0.0005)
(0.0001711251018 0.0006337212648 0.0005)
(0.0001794060903 0.0006643879434 0.0005)
(0.0001893379265 0.0007011681455 0.0005)
(0.0002012497135 0.0007452806259 0.0005)
(0.0002155361622 0.0007981871034 0.0005)
(0.0002326706708 0.000861640696 0.0005)
(0.0002532210114 0.0009377440126 0.0005)
(0.0002778681434 0.001029018826 0.0005)
(0.0003074287785 0.001138489633 0.0005)
(0.0003428824428 0.001269783878 0.0005)
(0.000385403935 0.001427252148 0.0005)
(0.0004364022545 0.00161611234 0.0005)
(0.0004975672903 0.001842622556 0.0005)
(0.0005709258172 0.002114288478 0.0005)
(0.000658908656 0.002440112073 0.0005)
(0.000764431221 0.002830889888 0.0005)
(0.0008909901256 0.003299570802 0.0005)
(0.001042779047 0.003861685106 0.0005)
(8.875889002e-05 0.0004920587967 0.0005)
(8.886224934e-05 0.0004926317969 0.0005)
(8.898621375e-05 0.000493319027 0.0005)
(8.913489094e-05 0.000494143259 0.0005)
(8.931320753e-05 0.000495131805 0.0005)
(8.952707222e-05 0.0004963174215 0.0005)
(8.978357169e-05 0.0004977393954 0.0005)
(9.009120534e-05 0.0004994448453 0.0005)
(9.046016698e-05 0.0005014902834 0.0005)
(9.090268257e-05 0.0005039434877 0.0005)
(9.143341539e-05 0.000506885748 0.0005)
(9.206995189e-05 0.0005104145594 0.0005)
(9.283338446e-05 0.0005146468533 0.0005)
(9.374901032e-05 0.0005197228717 0.0005)
(9.484716981e-05 0.0005258108144 0.0005)
(9.616425172e-05 0.0005331124125 0.0005)
(9.774389912e-05 0.000541869613 0.0005)
(9.963845545e-05 0.000552372596 0.0005)
(0.0001019106991 0.0005649693901 0.0005)
(0.0001046359234 0.0005800774047 0.0005)
(0.000107904432 0.0005981972618 0.0005)
(0.0001118245307 0.0006199293838 0.0005)
(0.0001165261165 0.0006459938902 0.0005)
(0.0001221649819 0.0006772544587 0.0005)
(0.0001289279775 0.0007147469449 0.0005)
(0.0001370392029 0.0007597137062 0.0005)
(0.0001467674332 0.0008136447688 0.0005)
(0.0001584350245 0.0008783272016 0.0005)
(0.0001724285961 0.0009559043326 0.0005)
(0.0001892118415 0.001048946771 0.0005)
(0.0002093408931 0.001160537586 0.0005)
(0.0002334827506 0.001294374471 0.0005)
(0.0002624373827 0.001454892267 0.0005)
(0.0002971642348 0.001647409919 0.0005)
(0.0003388140221 0.001878306725 0.0005)
(0.0003887668587 0.00215523372 0.0005)
(0.0004486779905 0.002487367204 0.0005)
(0.0005205326428 0.002885712809 0.0005)
(0.0006067118036 0.003363470183 0.0005)
(0.0007100711202 0.003936470374 0.0005)
(4.522623971e-05 0.0004979503863 0.0005)
(4.527890545e-05 0.0004985302472 0.0005)
(4.534207032e-05 0.0004992257057 0.0005)
(4.541782736e-05 0.0005000598066 0.0005)
(4.550868686e-05 0.0005010601888 0.0005)
(4.561765957e-05 0.0005022600011 0.0005)
(4.574835641e-05 0.0005036990007 0.0005)
(4.590510818e-05 0.0005054248706 0.0005)
(4.609310903e-05 0.0005074947995 0.0005)
(4.63185886e-05 0.0005099773768 0.0005)
(4.658901841e-05 0.0005129548657 0.0005)
(4.691335947e-05 0.0005165259288 0.0005)
(4.73023592e-05 0.0005208088975 0.0005)
(4.776890756e-05 0.0005259456928 0.0005)
(4.832846418e-05 0.0005321065285 0.0005)
(4.899957062e-05 0.0005394955512 0.0005)
(4.980446477e-05 0.0005483576047 0.0005)
(5.076981775e-05 0.0005589863435 0.0005)
(5.192761766e-05 0.0005717339633 0.0005)
(5.331622954e-05 0.0005870228715 0.0005)
(5.498166669e-05 0.0006053596838 0.0005)
(5.69791153e-05 0.000627352012 0.0005)
(5.937476318e-05 0.0006537285977 0.0005)
(6.224799291e-05 0.0006853634598 0.0005)
(6.569401233e-05 0.0007233048565 0.0005)
(6.982700932e-05 0.0007688100203 0.0005)
(7.478393557e-05 0.0008233868181 0.0005)
(8.072904463e-05 0.000888843716 0.0005)
(8.785933464e-05 0.0009673497047 0.0005)
(9.64110761e-05 0.001061506172 0.0005)
(0.000106667641 0.001174433103 0.0005)
(0.0001189688925 0.001309872463 0.0005)
(0.0001337224471 0.001472312194 0.0005)
(0.000151417181 0.001667134926 0.0005)
(0.00017263943 0.001900796339 0.0005)
(0.000198092418 0.002181039076 0.0005)
(0.0002286195596 0.002517149309 0.0005)
(0.0002652324074 0.002920264443 0.0005)
(0.0003091441709 0.003403742171 0.0005)
(0.0003618099177 0.003983603091 0.0005)
(0 0.0005 0.0005)
(0 0.0005005822477 0.0005)
(0 0.0005012805687 0.0005)
(0 0.0005021181029 0.0005)
(0 0.0005031226027 0.0005)
(0 0.0005043273536 0.0005)
(0 0.0005057722763 0.0005)
(0 0.00050750525 0.0005)
(0 0.0005095836989 0.0005)
(0 0.0005120764948 0.0005)
(0 0.0005150662394 0.0005)
(0 0.0005186520013 0.0005)
(0 0.0005229525991 0.0005)
(0 0.0005281105379 0.0005)
(0 0.0005342967323 0.0005)
(0 0.0005417161689 0.0005)
(0 0.0005506146995 0.0005)
(0 0.0005612871873 0.0005)
(0 0.0005740872776 0.0005)
(0 0.0005894391164 0.0005)
(0 0.0006078514049 0.0005)
(0 0.0006299342558 0.0005)
(0 0.0006564194101 0.0005)
(0 0.0006881844844 0.0005)
(0 0.0007262820517 0.0005)
(0 0.0007719745194 0.0005)
(0 0.0008267759607 0.0005)
(0 0.0008925022857 0.0005)
(0 0.000971331413 0.0005)
(0 0.001065875438 0.0005)
(0 0.001179267187 0.0005)
(0 0.001315264029 0.0005)
(0 0.001478372378 0.0005)
(0 0.00167399702 0.0005)
(0 0.001908620207 0.0005)
(0 0.002190016451 0.0005)
(0 0.002527510148 0.0005)
(0 0.002932284544 0.0005)
(0 0.003417752314 0.0005)
(0 0.004 0.0005)
(-4.900857016e-05 0.0004975923633 -0.0005)
(-4.906564042e-05 0.0004981718073 -0.0005)
(-4.913408785e-05 0.0004988667658 -0.0005)
(-4.921618055e-05 0.000499700267 -0.0005)
(-4.931463875e-05 0.0005006999299 -0.0005)
(-4.943272499e-05 0.0005018988795 -0.0005)
(-4.957435218e-05 0.0005033368445 -0.0005)
(-4.974421331e-05 0.0005050614735 -0.0005)
(-4.994793692e-05 0.0005071299141 -0.0005)
(-5.019227365e-05 0.0005096107065 -0.0005)
(-5.048531986e-05 0.0005125860546 -0.0005)
(-5.083678599e-05 0.0005161545502 -0.0005)
(-5.125831829e-05 0.0005204344394 -0.0005)
(-5.176388471e-05 0.0005255675414 -0.0005)
(-5.237023779e-05 0.0005317239475 -0.0005)
(-5.309746975e-05 0.0005391076575 -0.0005)
(-5.396967827e-05 0.0005479633392 -0.0005)
(-5.5015765e-05 0.000558584436 -0.0005)
(-5.627039325e-05 0.0005713228904 -0.0005)
(-5.777513659e-05 0.000586600806 -0.0005)
(-5.957985645e-05 0.0006049244343 -0.0005)
(-6.174435435e-05 0.0006269009501 -0.0005)
(-6.434035343e-05 0.0006532585712 -0.0005)
(-6.745387518e-05 0.000684870688 -0.0005)
(-7.118808978e-05 0.0007227848051 -0.0005)
(-7.566673479e-05 0.000768257251 -0.0005)
(-8.103821537e-05 0.0008227948085 -0.0005)
(-8.748052179e-05 0.0008882046433 -0.0005)
(-9.520712741e-05 0.0009666541867 -0.0005)
(-0.0001044740624 0.001060742956 -0.0005)
(-0.0001155883974 0.001173588693 -0.0005)
(-0.0001289184189 0.001308930673 -0.0005)
(-0.0001449058328 0.001471253611 -0.0005)
(-0.0001640804008 0.001665936267 -0.0005)
(-0.0001870774946 0.001899429679 -0.0005)
(-0.0002146591498 0.002179470924 -0.0005)
(-0.0002477393168 0.002515339496 -0.0005)
(-0.0002874141457 0.002918164793 -0.0005)
(-0.0003349983082 0.003401294903 -0.0005)
(-0.0003920685613 0.003980738907 -0.0005)
(-9.754516101e-05 0.0004903926402 -0.0005)
(-9.76587519e-05 0.0004909637002 -0.0005)
(-9.779498758e-05 0.0004916486032 -0.0005)
(-9.795838238e-05 0.0004924700443 -0.0005)
(-9.815435058e-05 0.000493455243 -0.0005)
(-9.838938581e-05 0.0004946368449 -0.0005)
(-9.867127624e-05 0.0004960540038 -0.0005)
(-9.900936265e-05 0.0004977536789 -0.0005)
(-9.941484791e-05 0.000499792191 -0.0005)
(-9.990116826e-05 0.0005022370885 -0.0005)
(-0.0001004844385 0.000505169386 -0.0005)
(-0.000101183986 0.0005086862485 -0.0005)
(-0.000102022991 0.0005129042115 -0.0005)
(-0.0001030292549 0.000517963042 -0.0005)
(-0.0001042361216 0.0005240303704 -0.0005)
(-0.0001056835818 0.0005313072446 -0.0005)
(-0.000107419599 0.0005400347924 -0.0005)
(-0.0001095016981 0.0005505022113 -0.0005)
(-0.0001119988718 0.0005630563515 -0.0005)
(-0.000114993867 0.0005781132091 -0.0005)
(-0.0001185859263 0.0005961717106 -0.0005)
(-0.0001228940768 0.0006178302457 -0.0005)
(-0.0001280610741 0.0006438064952 -0.0005)
(-0.0001342581327 0.0006749612125 -0.0005)
(-0.0001416905993 0.0007123267457 -0.0005)
(-0.0001506047576 0.0007571412454 -0.0005)
(-0.0001612959884 0.0008108896925 -0.0005)
(-0.0001741185583 0.0008753531046 -0.0005)
(-0.0001894973581 0.0009526675522 -0.0005)
(-0.0002079419824 0.00104539494 -0.0005)
(-0.0002300636153 0.001156607899 -0.0005)
(-0.000256595283 0.0012899916 -0.0005)
(-0.0002884161433 0.001449965867 -0.0005)
(-0.0003265806177 0.001641831637 -0.0005)
(-0.0003723533307 0.001871946605 -0.0005)
(-0.0004272510147 0.002147935899 -0.0005)
(-0.0004930927686 0.002478944749 -0.0005)
(-0.000572060336 0.002875941519 -0.0005)
(-0.0006667703996 0.003352081162 -0.0005)
(-0.0007803612881 0.003923141122 -0.0005)
(-0.0001451423386 0.0004784701679 -0.0005)
(-0.0001453113562 0.0004790273442 -0.0005)
(-0.0001455140681 0.0004796955958 -0.0005)
(-0.0001457571914 0.0004804970659 -0.0005)
(-0.0001460487823 0.0004814583124 -0.0005)
(-0.0001463985031 0.000482611187 -0.0005)
(-0.000146817942 0.0004839938919 -0.0005)
(-0.0001473209977 0.0004856522443 -0.0005)
(-0.0001479243396 0.0004876411959 -0.0005)
(-0.00014864796 0.0004900266528 -0.0005)
(-0.0001495158371 0.00049288766 -0.0005)
(-0.0001505567288 0.0004963190203 -0.0005)
(-0.0001518051264 0.0005004344357 -0.0005)
(-0.0001533023971 0.0005053702755 -0.0005)
(-0.0001550981545 0.0005112900944 -0.0005)
(-0.0001572519033 0.0005183900526 -0.0005)
(-0.0001598350103 0.0005269054154 -0.0005)
(-0.00016293307 0.0005371183494 -0.0005)
(-0.0001666487401 0.0005493672721 -0.0005)
(-0.0001711051437 0.000564058066 -0.0005)
(-0.0001764499489 0.0005816775275 -0.0005)
(-0.0001828602621 0.0006028094982 -0.0005)
(-0.0001905484966 0.0006281542107 -0.0005)
(-0.000199769411 0.0006585514916 -0.0005)
(-0.000210828551 0.0006950085904 -0.0005)
(-0.0002240923742 0.0007387335557 -0.0005)
(-0.0002400003929 0.0007911752655 -0.0005)
(-0.000259079738 0.000854071437 -0.0005)
(-0.0002819626257 0.0009295062084 -0.0005)
(-0.0003094073075 0.001019979199 -0.0005)
(-0.0003423231948 0.001128488338 -0.0005)
(-0.0003818009942 0.001258629202 -0.0005)
(-0.0004291488486 0.00141471416 -0.0005)
(-0.0004859356848 0.001601915271 -0.0005)
(-0.0005540432007 0.001826435661 -0.0005)
(-0.0006357282188 0.002095715078 -0.0005)
(-0.0007336974675 0.002418676409 -0.0005)
(-0.0008511972726 0.002806021356 -0.0005)
(-0.0009921211275 0.003270585047 -0.0005)
(-0.001161138709 0.003827761343 -0.0005)
(-0.0001913417162 0.0004619397663 -0.0005)
(-0.0001915645327 0.000462477693 -0.0005)
(-0.0001918317686 0.0004631228575 -0.0005)
(-0.0001921522791 0.0004638966381 -0.0005)
(-0.0001925366845 0.000464824675 -0.0005)
(-0.0001929977227 0.0004659377197 -0.0005)
(-0.0001935506707 0.0004672726542 -0.0005)
(-0.000194213851 0.0004688737131 -0.0005)
(-0.000195009239 0.0004707939495 -0.0005)
(-0.0001959631907 0.0004730969926 -0.0005)
(-0.0001971073164 0.0004758591564 -0.0005)
(-0.0001984795281 0.0004791719685 -0.0005)
(-0.0002001252956 0.0004831452027 -0.0005)
(-0.0002020991533 0.0004879105169 -0.0005)
(-0.0002044665074 0.0004936258153 -0.0005)
(-0.0002073058029 0.0005004804809 -0.0005)
(-0.0002107111231 0.0005087016512 -0.0005)
(-0.0002147953074 0.0005185617442 -0.0005)
(-0.0002196936899 0.0005303874856 -0.0005)
(-0.0002255685842 0.0005445707353 -0.0005)
(-0.000232614662 0.0005615814718 -0.0005)
(-0.0002410654032 0.0005819833657 -0.0005)
(-0.0002512008329 0.0006064524577 -0.0005)
(-0.0002633568006 0.0006357995598 -0.0005)
(-0.0002779361084 0.0006709971224 -0.0005)
(-0.0002954218588 0.0007132114581 -0.0005)
(-0.0003163934625 0.0007638413881 -0.0005)
(-0.0003415458381 0.0008245645945 -0.0005)
(-0.0003717124391 0.0008973932117 -0.0005)
(-0.000407892871 0.0009847405012 -0.0005)
(-0.0004512860148 0.001089500818 -0.0005)
(-0.0005033297531 0.001215145516 -0.0005)
(-0.000565748616 0.001365837982 -0.0005)
(-0.0006406109255 0.001546571585 -0.0005)
(-0.0007303973318 0.001763335144 -0.0005)
(-0.0008380830126 0.002023311375 -0.0005)
(-0.0009672362587 0.002335114894 -0.0005)
(-0.001122136714 0.002709077674 -0.0005)
(-0.001307917187 0.00315759141 -0.0005)
(-0.001530733729 0.00369551813 -0.0005)
(-0.0002356983684 0.0004409606322 -0.0005)
(-0.0002359728381 0.0004414741288 -0.0005)
(-0.0002363020243 0.000442089993 -0.0005)
(-0.0002366968352 0.0004428286321 -0.0005)
(-0.0002371703531 0.0004437145219 -0.0005)
(-0.0002377382688 0.0004447770173 -0.0005)
(-0.0002384194006 0.0004460513254 -0.0005)
(-0.0002392363188 0.0004475796718 -0.0005)
(-0.0002402160928 0.0004494127 -0.0005)
(-0.0002413911886 0.0004516111497 -0.0005)
(-0.0002428005445 0.000454247869 -0.0005)
(-0.000244490861 0.0004574102288 -0.0005)
(-0.0002465181487 0.0004612030174 -0.0005)
(-0.0002489495843 0.0004657519133 -0.0005)
(-0.0002518657361 0.0004712076497 -0.0005)
(-0.0002553632343 0.0004777510086 -0.0005)
(-0.0002595579726 0.0004855988119 -0.0005)
(-0.0002645889485 0.0004950111059 -0.0005)
(-0.0002706228693 0.0005062997777 -0.0005)
(-0.000277859676 0.0005198388908 -0.0005)
(-0.0002865391687 0.0005360770796 -0.0005)
(-0.0002969489526 0.0005555524153 -0.0005)
(-0.0003094339679 0.0005789102361 -0.0005)
(-0.0003244079203 0.0006069245306 -0.0005)
(-0.0003423669892 0.0006405235853 -0.0005)
(-0.0003639062693 0.0006808207442 -0.0005)
(-0.00038973949 0.0007291513006 -0.0005)
(-0.0004207226651 0.0007871167443 -0.0005)
(-0.0004578824585 0.0008566378278 -0.0005)
(-0.0005024502032 0.0009400182138 -0.0005)
(-0.0005559027038 0.001040020809 -0.0005)
(-0.0006200111714 0.001159959315 -0.0005)
(-0.0006968999149 0.001303808037 -0.0005)
(-0.0007891167328 0.001476333569 -0.0005)
(-0.0008997173373 0.001683252746 -0.0005)
(-0.001032366609 0.001931422078 -0.0005)
(-0.001191460036 0.002229064945 -0.0005)
(-0.001382269366 0.002586044093 -0.0005)
(-0.001611117288 0.003014188442 -0.0005)
(-0.001885586947 0.003527685057 -0.0005)
(-0.0002777851165 0.0004157348062 -0.0005)
(-0.000278108596 0.0004162189274 -0.0005)
(-0.0002784965624 0.0004167995601 -0.0005)
(-0.0002789618714 0.0004174959443 -0.0005)
(-0.0002795199416 0.0004183311554 -0.0005)
(-0.0002801892653 0.0004193328691 -0.0005)
(-0.0002809920214 0.0004205342785 -0.0005)
(-0.00028195481 0.0004219751935 -0.0005)
(-0.0002831095343 0.0004237033606 -0.0005)
(-0.0002844944575 0.0004257760446 -0.0005)
(-0.0002861554706 0.0004282619263 -0.0005)
(-0.0002881476132 0.0004312433785 -0.0005)
(-0.0002905368973 0.0004348191948 -0.0005)
(-0.0002934024946 0.0004391078642 -0.0005)
(-0.0002968393601 0.0004442514969 -0.0005)
(-0.0003009613782 0.0004504205329 -0.0005)
(-0.0003059051369 0.0004578193907 -0.0005)
(-0.0003118344534 0.00046669324 -0.0005)
(-0.0003189458026 0.0004773361261 -0.0005)
(-0.0003274748273 0.0004901007136 -0.0005)
(-0.0003377041467 0.000505409972 -0.0005)
(-0.0003499727213 0.0005237711914 -0.0005)
(-0.0003646870846 0.0005457927924 -0.0005)
(-0.0003823348144 0.0005722044865 -0.0005)
(-0.0004035006887 0.000603881456 -0.0005)
(-0.0004288860636 0.0006418733543 -0.0005)
(-0.0004593321132 0.0006874390875 -0.0005)
(-0.0004958477029 0.0007420885295 -0.0005)
(-0.0005396428194 0.0008076325534 -0.0005)
(-0.0005921686654 0.000886243037 -0.0005)
(-0.0006551657459 0.0009805248309 -0.0005)
(-0.0007307215431 0.001093602072 -0.0005)
(-0.0008213396866 0.001229221708 -0.0005)
(-0.0009300229146 0.001391877653 -0.0005)
(-0.001060372573 0.001586959703 -0.0005)
(-0.00121670795 0.00182093213 -0.0005)
(-0.001404209402 0.002101547883 -0.0005)
(-0.001629090008 0.002438105493 -0.0005)
(-0.00189880145 0.002841757192 -0.0005)
(-0.002222280932 0.003325878449 -0.0005)
(-0.0003171966421 0.0003865052267 -0.0005)
(-0.0003175660161 0.0003869553102 -0.0005)
(-0.0003180090263 0.0003874951197 -0.0005)
(-0.0003185403523 0.0003881425423 -0.0005)
(-0.0003191776003 0.0003889190312 -0.0005)
(-0.0003199418861 0.0003898503162 -0.0005)
(-0.0003208585354 0.0003909672566 -0.0005)
(-0.0003219579223 0.0003923068634 -0.0005)
(-0.0003232764763 0.0003939135261 -0.0005)
(-0.0003248578893 0.0003958404834 -0.0005)
(-0.0003267545631 0.0003981515872 -0.0005)
(-0.0003290293465 0.0004009234187 -0.0005)
(-0.0003317576168 0.0004042478257 -0.0005)
(-0.0003350297786 0.0004082349664 -0.0005)
(-0.0003389542587 0.0004130169593 -0.0005)
(-0.0003436610995 0.0004187522613 -0.0005)
(-0.0003493062675 0.0004256309185 -0.0005)
(-0.0003560768221 0.0004338808631 -0.0005)
(-0.0003641971134 0.0004437754667 -0.0005)
(-0.0003739362169 0.0004556425986 -0.0005)
(-0.000385616849 0.0004698754901 -0.0005)
(-0.0003996260613 0.0004869457646 -0.0005)
(-0.0004164280654 0.0005074190658 -0.0005)
(-0.0004365796152 0.0005319738003 -0.0005)
(-0.000460748456 0.0005614236181 -0.0005)
(-0.0004897354506 0.0005967443732 -0.0005)
(-0.000524501117 0.0006391064602 -0.0005)
(-0.0005661974562 0.0006899135965 -0.0005)
(-0.0006162061251 0.0007508493359 -0.0005)
(-0.0006761842195 0.0008239328554 -0.0005)
(-0.0007481191837 0.0009115858629 -0.0005)
(-0.0008343946669 0.001016712843 -0.0005)
(-0.0009378695082 0.001142797302 -0.0005)
(-0.001061972467 0.001294017196 -0.0005)
(-0.001210815841 0.001475383371 -0.0005)
(-0.001389331729 0.00169290561 -0.0005)
(-0.001603435463 0.001953791765 -0.0005)
(-0.001860221622 0.002266686605 -0.0005)
(-0.002168199115 0.002641958266 -0.0005)
(-0.002537573137 0.003092041813 -0.0005)
(-0.0003535533906 0.0003535533906 -0.0005)
(-0.0003539651019 0.0003539651019 -0.0005)
(-0.0003544588894 0.0003544588894 -0.0005)
(-0.0003550511155 0.0003550511155 -0.0005)
(-0.0003557614041 0.0003557614041 -0.0005)
(-0.0003566132916 0.0003566132916 -0.0005)
(-0.0003576350063 0.0003576350063 -0.0005)
(-0.0003588604038 0.0003588604038 -0.0005)
(-0.0003603300891 0.0003603300891 -0.0005)
(-0.0003620927619 0.0003620927619 -0.0005)
(-0.0003642068306 0.0003642068306 -0.0005)
(-0.0003667423472 0.0003667423472 -0.0005)
(-0.000369783329 0.000369783329 -0.0005)
(-0.0003734305426 0.0003734305426 -0.0005)
(-0.0003778048426 0.0003778048426 -0.0005)
(-0.0003830511765 0.0003830511765 -0.0005)
(-0.0003893433878 0.0003893433878 -0.0005)
(-0.0003968899763 0.0003968899763 -0.0005)
(-0.000405941007 0.000405941007 -0.0005)
(-0.0004167963963 0.0004167963963 -0.0005)
(-0.0004298158504 0.0004298158504 -0.0005)
(-0.000445430784 0.000445430784 -0.0005)
(-0.0004641586162 0.0004641586162 -0.0005)
(-0.0004866199157 0.0004866199157 -0.0005)
(-0.0005135589638 0.0005135589638 -0.0005)
(-0.0005458684175 0.0005458684175 -0.0005)
(-0.0005846188884 0.0005846188884 -0.0005)
(-0.0006310944185 0.0006310944185 -0.0005)
(-0.0006868350289 0.0006868350289 -0.0005)
(-0.00075368775 0.00075368775 -0.0005)
(-0.0008338678248 0.0008338678248 -0.0005)
(-0.000930032114 0.000930032114 -0.0005)
(-0.001045367134 0.001045367134 -0.0005)
(-0.001183694645 0.001183694645 -0.0005)
(-0.001349598291 0.001349598291 -0.0005)
(-0.001548575484 0.001548575484 -0.0005)
(-0.001787219565 0.001787219565 -0.0005)
(-0.002073438286 0.002073438286 -0.0005)
(-0.002416715838 0.002416715838 -0.0005)
(-0.002828427125 0.002828427125 -0.0005)
(-0.0003865052267 0.0003171966421 -0.0005)
(-0.0003869553102 0.0003175660161 -0.0005)
(-0.0003874951197 0.0003180090263 -0.0005)
(-0.0003881425423 0.0003185403523 -0.0005)
(-0.0003889190312 0.0003191776003 -0.0005)
(-0.0003898503162 0.0003199418861 -0.0005)
(-0.0003909672566 0.0003208585354 -0.0005)
(-0.0003923068634 0.0003219579223 -0.0005)
(-0.0003939135261 0.0003232764763 -0.0005)
(-0.0003958404834 0.0003248578893 -0.0005)
(-0.0003981515872 0.0003267545631 -0.0005)
(-0.0004009234187 0.0003290293465 -0.0005)
(-0.0004042478257 0.0003317576168 -0.0005)
(-0.0004082349664 0.0003350297786 -0.0005)
(-0.0004130169593 0.0003389542587 -0.0005)
(-0.0004187522613 0.0003436610995 -0.0005)
(-0.0004256309185 0.0003493062675 -0.0005)
(-0.0004338808631 0.0003560768221 -0.0005)
(-0.0004437754667 0.0003641971134 -0.0005)
(-0.0004556425986 0.0003739362169 -0.0005)
(-0.0004698754901 0.000385616849 -0.0005)
(-0.0004869457646 0.0003996260613 -0.0005)
(-0.0005074190658 0.0004164280654 -0.0005)
(-0.0005319738003 0.0004365796152 -0.0005)
(-0.0005614236181 0.000460748456 -0.0005)
(-0.0005967443732 0.0004897354506 -0.0005)
(-0.0006391064602 0.000524501117 -0.0005)
(-0.0006899135965 0.0005661974562 -0.0005)
(-0.0007508493359 0.0006162061251 -0.0005)
(-0.0008239328554 0.0006761842195 -0.0005)
(-0.0009115858629 0.0007481191837 -0.0005)
(-0.001016712843 0.0008343946669 -0.0005)
(-0.001142797302 0.0009378695082 -0.0005)
(-0.001294017196 0.001061972467 -0.0005)
(-0.001475383371 0.001210815841 -0.0005)
(-0.00169290561 0.001389331729 -0.0005)
(-0.001953791765 0.001603435463 -0.0005)
(-0.002266686605 0.001860221622 -0.0005)
(-0.002641958266 0.002168199115 -0.0005)
(-0.003092041813 0.002537573137 -0.0005)
(-0.0004157348062 0.0002777851165 -0.0005)
(-0.0004162189274 0.000278108596 -0.0005)
(-0.0004167995601 0.0002784965624 -0.0005)
(-0.0004174959443 0.0002789618714 -0.0005)
(-0.0004183311554 0.0002795199416 -0.0005)
(-0.0004193328691 0.0002801892653 -0.0005)
(-0.0004205342785 0.0002809920214 -0.0005)
(-0.0004219751935 0.00028195481 -0.0005)
(-0.0004237033606 0.0002831095343 -0.0005)
(-0.0004257760446 0.0002844944575 -0.0005)
(-0.0004282619263 0.0002861554706 -0.0005)
(-0.0004312433785 0.0002881476132 -0.0005)
(-0.0004348191948 0.0002905368973 -0.0005)
(-0.0004391078642 0.0002934024946 -0.0005)
(-0.0004442514969 0.0002968393601 -0.0005)
(-0.0004504205329 0.0003009613782 -0.0005)
(-0.0004578193907 0.0003059051369 -0.0005)
(-0.00046669324 0.0003118344534 -0.0005)
(-0.0004773361261 0.0003189458026 -0.0005)
(-0.0004901007136 0.0003274748273 -0.0005)
(-0.000505409972 0.0003377041467 -0.0005)
(-0.0005237711914 0.0003499727213 -0.0005)
(-0.0005457927924 0.0003646870846 -0.0005)
(-0.0005722044865 0.0003823348144 -0.0005)
(-0.000603881456 0.0004035006887 -0.0005)
(-0.0006418733543 0.0004288860636 -0.0005)
(-0.0006874390875 0.0004593321132 -0.0005)
(-0.0007420885295 0.0004958477029 -0.0005)
(-0.0008076325534 0.0005396428194 -0.0005)
(-0.000886243037 0.0005921686654 -0.0005)
(-0.0009805248309 0.0006551657459 -0.0005)
(-0.001093602072 0.0007307215431 -0.0005)
(-0.001229221708 0.0008213396866 -0.0005)
(-0.001391877653 0.0009300229146 -0.0005)
(-0.001586959703 0.001060372573 -0.0005)
(-0.00182093213 0.00121670795 -0.0005)
(-0.002101547883 0.001404209402 -0.0005)
(-0.002438105493 0.001629090008 -0.0005)
(-0.002841757192 0.00189880145 -0.0005)
(-0.003325878449 0.002222280932 -0.0005)
(-0.0004409606322 0.0002356983684 -0.0005)
(-0.0004414741288 0.0002359728381 -0.0005)
(-0.000442089993 0.0002363020243 -0.0005)
(-0.0004428286321 0.0002366968352 -0.0005)
(-0.0004437145219 0.0002371703531 -0.0005)
(-0.0004447770173 0.0002377382688 -0.0005)
(-0.0004460513254 0.0002384194006 -0.0005)
(-0.0004475796718 0.0002392363188 -0.0005)
(-0.0004494127 0.0002402160928 -0.0005)
(-0.0004516111497 0.0002413911886 -0.0005)
(-0.000454247869 0.0002428005445 -0.0005)
(-0.0004574102288 0.000244490861 -0.0005)
(-0.0004612030174 0.0002465181487 -0.0005)
(-0.0004657519133 0.0002489495843 -0.0005)
(-0.0004712076497 0.0002518657361 -0.0005)
(-0.0004777510086 0.0002553632343 -0.0005)
(-0.0004855988119 0.0002595579726 -0.0005)
(-0.0004950111059 0.0002645889485 -0.0005)
(-0.0005062997777 0.0002706228693 -0.0005)
(-0.0005198388908 0.000277859676 -0.0005)
(-0.0005360770796 0.0002865391687 -0.0005)
(-0.0005555524153 0.0002969489526 -0.0005)
(-0.0005789102361 0.0003094339679 -0.0005)
(-0.0006069245306 0.0003244079203 -0.0005)
(-0.0006405235853 0.0003423669892 -0.0005)
(-0.0006808207442 0.0003639062693 -0.0005)
(-0.0007291513006 0.00038973949 -0.0005)
(-0.0007871167443 0.0004207226651 -0.0005)
(-0.0008566378278 0.0004578824585 -0.0005)
(-0.0009400182138 0.0005024502032 -0.0005)
(-0.001040020809 0.0005559027038 -0.0005)
(-0.001159959315 0.0006200111714 -0.0005)
(-0.001303808037 0.0006968999149 -0.0005)
(-0.001476333569 0.0007891167328 -0.0005)
(-0.001683252746 0.0008997173373 -0.0005)
(-0.001931422078 0.001032366609 -0.0005)
(-0.002229064945 0.001191460036 -0.0005)
(-0.002586044093 0.001382269366 -0.0005)
(-0.003014188442 0.001611117288 -0.0005)
(-0.003527685057 0.001885586947 -0.0005)
(-0.0004619397663 0.0001913417162 -0.0005)
(-0.000462477693 0.0001915645327 -0.0005)
(-0.0004631228575 0.0001918317686 -0.0005)
(-0.0004638966381 0.0001921522791 -0.0005)
(-0.000464824675 0.0001925366845 -0.0005)
(-0.0004659377197 0.0001929977227 -0.0005)
(-0.0004672726542 0.0001935506707 -0.0005)
(-0.0004688737131 0.000194213851 -0.0005)
(-0.0004707939495 0.000195009239 -0.0005)
(-0.0004730969926 0.0001959631907 -0.0005)
(-0.0004758591564 0.0001971073164 -0.0005)
(-0.0004791719685 0.0001984795281 -0.0005)
(-0.0004831452027 0.0002001252956 -0.0005)
(-0.0004879105169 0.0002020991533 -0.0005)
(-0.0004936258153 0.0002044665074 -0.0005)
(-0.0005004804809 0.0002073058029 -0.0005)
(-0.0005087016512 0.0002107111231 -0.0005)
(-0.0005185617442 0.0002147953074 -0.0005)
(-0.0005303874856 0.0002196936899 -0.0005)
(-0.0005445707353 0.0002255685842 -0.0005)
(-0.0005615814718 0.000232614662 -0.0005)
(-0.0005819833657 0.0002410654032 -0.0005)
(-0.0006064524577 0.0002512008329 -0.0005)
(-0.0006357995598 0.0002633568006 -0.0005)
(-0.0006709971224 0.0002779361084 -0.0005)
(-0.0007132114581 0.0002954218588 -0.0005)
(-0.0007638413881 0.0003163934625 -0.0005)
(-0.0008245645945 0.0003415458381 -0.0005)
(-0.0008973932117 0.0003717124391 -0.0005)
(-0.0009847405012 0.000407892871 -0.0005)
(-0.001089500818 0.0004512860148 -0.0005)
(-0.001215145516 0.0005033297531 -0.0005)
(-0.001365837982 0.000565748616 -0.0005)
(-0.001546571585 0.0006406109255 -0.0005)
(-0.001763335144 0.0007303973318 -0.0005)
(-0.002023311375 0.0008380830126 -0.0005)
(-0.002335114894 0.0009672362587 -0.0005)
(-0.002709077674 0.001122136714 -0.0005)
(-0.00315759141 0.001307917187 -0.0005)
(-0.00369551813 0.001530733729 -0.0005)
(-0.0004784701679 0.0001451423386 -0.0005)
(-0.0004790273442 0.0001453113562 -0.0005)
(-0.0004796955958 0.0001455140681 -0.0005)
(-0.0004804970659 0.0001457571914 -0.0005)
(-0.0004814583124 0.0001460487823 -0.0005)
(-0.000482611187 0.0001463985031 -0.0005)
(-0.0004839938919 0.000146817942 -0.0005)
(-0.0004856522443 0.0001473209977 -0.0005)
(-0.0004876411959 0.0001479243396 -0.0005)
(-0.0004900266528 0.00014864796 -0.0005)
(-0.00049288766 0.0001495158371 -0.0005)
(-0.0004963190203 0.0001505567288 -0.0005)
(-0.0005004344357 0.0001518051264 -0.0005)
(-0.0005053702755 0.0001533023971 -0.0005)
(-0.0005112900944 0.0001550981545 -0.0005)
(-0.0005183900526 0.0001572519033 -0.0005)
(-0.0005269054154 0.0001598350103 -0.0005)
(-0.0005371183494 0.00016293307 -0.0005)
(-0.0005493672721 0.0001666487401 -0.0005)
(-0.000564058066 0.0001711051437 -0.0005)
(-0.0005816775275 0.0001764499489 -0.0005)
(-0.0006028094982 0.0001828602621 -0.0005)
(-0.0006281542107 0.0001905484966 -0.0005)
(-0.0006585514916 0.000199769411 -0.0005)
(-0.0006950085904 0.000210828551 -0.0005)
(-0.0007387335557 0.0002240923742 -0.0005)
(-0.0007911752655 0.0002400003929 -0.0005)
(-0.000854071437 0.000259079738 -0.0005)
(-0.0009295062084 0.0002819626257 -0.0005)
(-0.001019979199 0.0003094073075 -0.0005)
(-0.001128488338 0.0003423231948 -0.0005)
(-0.001258629202 0.0003818009942 -0.0005)
(-0.00141471416 0.0004291488486 -0.0005)
(-0.001601915271 0.0004859356848 -0.0005)
(-0.001826435661 0.0005540432007 -0.0005)
(-0.002095715078 0.0006357282188 -0.0005)
(-0.002418676409 0.0007336974675 -0.0005)
(-0.002806021356 0.0008511972726 -0.0005)
(-0.003270585047 0.0009921211275 -0.0005)
(-0.003827761343 0.001161138709 -0.0005)
(-0.0004903926402 9.754516101e-05 -0.0005)
(-0.0004909637002 9.76587519e-05 -0.0005)
(-0.0004916486032 9.779498758e-05 -0.0005)
(-0.0004924700443 9.795838238e-05 -0.0005)
(-0.000493455243 9.815435058e-05 -0.0005)
(-0.0004946368449 9.838938581e-05 -0.0005)
(-0.0004960540038 9.867127624e-05 -0.0005)
(-0.0004977536789 9.900936265e-05 -0.0005)
(-0.000499792191 9.941484791e-05 -0.0005)
(-0.0005022370885 9.990116826e-05 -0.0005)
(-0.000505169386 0.0001004844385 -0.0005)
(-0.0005086862485 0.000101183986 -0.0005)
(-0.0005129042115 0.000102022991 -0.0005)
(-0.000517963042 0.0001030292549 -0.0005)
(-0.0005240303704 0.0001042361216 -0.0005)
(-0.0005313072446 0.0001056835818 -0.0005)
(-0.0005400347924 0.000107419599 -0.0005)
(-0.0005505022113 0.0001095016981 -0.0005)
(-0.0005630563515 0.0001119988718 -0.0005)
(-0.0005781132091 0.000114993867 -0.0005)
(-0.0005961717106 0.0001185859263 -0.0005)
(-0.0006178302457 0.0001228940768 -0.0005)
(-0.0006438064952 0.0001280610741 -0.0005)
(-0.0006749612125 0.0001342581327 -0.0005)
(-0.0007123267457 0.0001416905993 -0.0005)
(-0.0007571412454 0.0001506047576 -0.0005)
(-0.0008108896925 0.0001612959884 -0.0005)
(-0.0008753531046 0.0001741185583 -0.0005)
(-0.0009526675522 0.0001894973581 -0.0005)
(-0.00104539494 0.0002079419824 -0.0005)
(-0.001156607899 0.0002300636153 -0.0005)
(-0.0012899916 0.000256595283 -0.0005)
(-0.001449965867 0.0002884161433 -0.0005)
(-0.001641831637 0.0003265806177 -0.0005)
(-0.001871946605 0.0003723533307 -0.0005)
(-0.002147935899 0.0004272510147 -0.0005)
(-0.002478944749 0.0004930927686 -0.0005)
(-0.002875941519 0.000572060336 -0.0005)
(-0.003352081162 0.0006667703996 -0.0005)
(-0.003923141122 0.0007803612881 -0.0005)
(-0.0004975923633 4.900857016e-05 -0.0005)
(-0.0004981718073 4.906564042e-05 -0.0005)
(-0.0004988667658 4.913408785e-05 -0.0005)
(-0.000499700267 4.921618055e-05 -0.0005)
(-0.0005006999299 4.931463875e-05 -0.0005)
(-0.0005018988795 4.943272499e-05 -0.0005)
(-0.0005033368445 4.957435218e-05 -0.0005)
(-0.0005050614735 4.974421331e-05 -0.0005)
(-0.0005071299141 4.994793692e-05 -0.0005)
(-0.0005096107065 5.019227365e-05 -0.0005)
(-0.0005125860546 5.048531986e-05 -0.0005)
(-0.0005161545502 5.083678599e-05 -0.0005)
(-0.0005204344394 5.125831829e-05 -0.0005)
(-0.0005255675414 5.176388471e-05 -0.0005)
(-0.0005317239475 5.237023779e-05 -0.0005)
(-0.0005391076575 5.309746975e-05 -0.0005)
(-0.0005479633392 5.396967827e-05 -0.0005)
(-0.000558584436 5.5015765e-05 -0.0005)
(-0.0005713228904 5.627039325e-05 -0.0005)
(-0.000586600806 5.777513659e-05 -0.0005)
(-0.0006049244343 5.957985645e-05 -0.0005)
(-0.0006269009501 6.174435435e-05 -0.0005)
(-0.0006532585712 6.434035343e-05 -0.0005)
(-0.000684870688 6.745387518e-05 -0.0005)
(-0.0007227848051 7.118808978e-05 -0.0005)
(-0.000768257251 7.566673479e-05 -0.0005)
(-0.0008227948085 8.103821537e-05 -0.0005)
(-0.0008882046433 8.748052179e-05 -0.0005)
(-0.0009666541867 9.520712741e-05 -0.0005)
(-0.001060742956 0.0001044740624 -0.0005)
(-0.001173588693 0.0001155883974 -0.0005)
(-0.001308930673 0.0001289184189 -0.0005)
(-0.001471253611 0.0001449058328 -0.0005)
(-0.001665936267 0.0001640804008 -0.0005)
(-0.001899429679 0.0001870774946 -0.0005)
(-0.002179470924 0.0002146591498 -0.0005)
(-0.002515339496 0.0002477393168 -0.0005)
(-0.002918164793 0.0002874141457 -0.0005)
(-0.003401294903 0.0003349983082 -0.0005)
(-0.003980738907 0.0003920685613 -0.0005)
(-0.0005 0 -0.0005)
(-0.0005005822477 -7.789464972e-20 -0.0005)
(-0.0005012805687 -7.800331413e-20 -0.0005)
(-0.0005021181029 -7.813364122e-20 -0.0005)
(-0.0005031226027 -7.828994953e-20 -0.0005)
(-0.0005043273536 -7.847741851e-20 -0.0005)
(-0.0005057722763 -7.870226018e-20 -0.0005)
(-0.00050750525 -7.897192492e-20 -0.0005)
(-0.0005095836989 -7.929534839e-20 -0.0005)
(-0.0005120764948 -7.968324761e-20 -0.0005)
(-0.0005150662394 -8.014847607e-20 -0.0005)
(-0.0005186520013 -8.070644965e-20 -0.0005)
(-0.0005229525991 -8.137565747e-20 -0.0005)
(-0.0005281105379 -8.217827452e-20 -0.0005)
(-0.0005342967323 -8.314089643e-20 -0.0005)
(-0.0005417161689 -8.429542083e-20 -0.0005)
(-0.0005506146995 -8.568010421e-20 -0.0005)
(-0.0005612871873 -8.73408297e-20 -0.0005)
(-0.0005740872776 -8.933262736e-20 -0.0005)
(-0.0005894391164 -9.172149775e-20 -0.0005)
(-0.0006078514049 -9.458659888e-20 -0.0005)
(-0.0006299342558 -9.802286923e-20 -0.0005)
(-0.0006564194101 -1.021441736e-19 -0.0005)
(-0.0006881844844 -1.070870763e-19 -0.0005)
(-0.0007262820517 -1.130153662e-19 -0.0005)
(-0.0007719745194 -1.20125484e-19 -0.0005)
(-0.0008267759607 -1.286530319e-19 -0.0005)
(-0.0008925022857 -1.388805801e-19 -0.0005)
(-0.000971331413 -1.511470303e-19 -0.0005)
(-0.001065875438 -1.658588459e-19 -0.0005)
(-0.001179267187 -1.835035199e-19 -0.0005)
(-0.001315264029 -2.046657294e-19 -0.0005)
(-0.001478372378 -2.300467088e-19 -0.0005)
(-0.00167399702 -2.604874866e-19 -0.0005)
(-0.001908620207 -2.969967536e-19 -0.0005)
(-0.002190016451 -3.40784287e-19 -0.0005)
(-0.002527510148 -3.93301038e-19 -0.0005)
(-0.002932284544 -4.562872106e-19 -0.0005)
(-0.003417752314 -5.318299252e-19 -0.0005)
(-0.004 0 -0.0005)
(-4.900857016e-05 0.0004975923633 0.0005)
(-4.906564042e-05 0.0004981718073 0.0005)
(-4.913408785e-05 0.0004988667658 0.0005)
(-4.921618055e-05 0.000499700267 0.0005)
(-4.931463875e-05 0.0005006999299 0.0005)
(-4.943272499e-05 0.0005018988795 0.0005)
(-4.957435218e-05 0.0005033368445 0.0005)
(-4.974421331e-05 0.0005050614735 0.0005)
(-4.994793692e-05 0.0005071299141 0.0005)
(-5.019227365e-05 0.0005096107065 0.0005)
(-5.048531986e-05 0.0005125860546 0.0005)
(-5.083678599e-05 0.0005161545502 0.0005)
(-5.125831829e-05 0.0005204344394 0.0005)
(-5.176388471e-05 0.0005255675414 0.0005)
(-5.237023779e-05 0.0005317239475 0.0005)
(-5.309746975e-05 0.0005391076575 0.0005)
(-5.396967827e-05 0.0005479633392 0.0005)
(-5.5015765e-05 0.000558584436 0.0005)
(-5.627039325e-05 0.0005713228904 0.0005)
(-5.777513659e-05 0.000586600806 0.0005)
(-5.957985645e-05 0.0006049244343 0.0005)
(-6.174435435e-05 0.0006269009501 0.0005)
(-6.434035343e-05 0.0006532585712 0.0005)
(-6.745387518e-05 0.000684870688 0.0005)
(-7.118808978e-05 0.0007227848051 0.0005)
(-7.566673479e-05 0.000768257251 0.0005)
(-8.103821537e-05 0.0008227948085 0.0005)
(-8.748052179e-05 0.0008882046433 0.0005)
(-9.520712741e-05 0.0009666541867 0.0005)
(-0.0001044740624 0.001060742956 0.0005)
(-0.0001155883974 0.001173588693 0.0005)
(-0.0001289184189 0.001308930673 0.0005)
(-0.0001449058328 0.001471253611 0.0005)
(-0.0001640804008 0.001665936267 0.0005)
(-0.0001870774946 0.001899429679 0.0005)
(-0.0002146591498 0.002179470924 0.0005)
(-0.0002477393168 0.002515339496 0.0005)
(-0.0002874141457 0.002918164793 0.0005)
(-0.0003349983082 0.003401294903 0.0005)
(-0.0003920685613 0.003980738907 0.0005)
(-9.754516101e-05 0.0004903926402 0.0005)
(-9.76587519e-05 0.0004909637002 0.0005)
(-9.779498758e-05 0.0004916486032 0.0005)
(-9.795838238e-05 0.0004924700443 0.0005)
(-9.815435058e-05 0.000493455243 0.0005)
(-9.838938581e-05 0.0004946368449 0.0005)
(-9.867127624e-05 0.0004960540038 0.0005)
(-9.900936265e-05 0.0004977536789 0.0005)
(-9.941484791e-05 0.000499792191 0.0005)
(-9.990116826e-05 0.0005022370885 0.0005)
(-0.0001004844385 0.000505169386 0.0005)
(-0.000101183986 0.0005086862485 0.0005)
(-0.000102022991 0.0005129042115 0.0005)
(-0.0001030292549 0.000517963042 0.0005)
(-0.0001042361216 0.0005240303704 0.0005)
(-0.0001056835818 0.0005313072446 0.0005)
(-0.000107419599 0.0005400347924 0.0005)
(-0.0001095016981 0.0005505022113 0.0005)
(-0.0001119988718 0.0005630563515 0.0005)
(-0.000114993867 0.0005781132091 0.0005)
(-0.0001185859263 0.0005961717106 0.0005)
(-0.0001228940768 0.0006178302457 0.0005)
(-0.0001280610741 0.0006438064952 0.0005)
(-0.0001342581327 0.0006749612125 0.0005)
(-0.0001416905993 0.0007123267457 0.0005)
(-0.0001506047576 0.0007571412454 0.0005)
(-0.0001612959884 0.0008108896925 0.0005)
(-0.0001741185583 0.0008753531046 0.0005)
(-0.0001894973581 0.0009526675522 0.0005)
(-0.0002079419824 0.00104539494 0.0005)
(-0.0002300636153 0.001156607899 0.0005)
(-0.000256595283 0.0012899916 0.0005)
(-0.0002884161433 0.001449965867 0.0005)
(-0.0003265806177 0.001641831637 0.0005)
(-0.0003723533307 0.001871946605 0.0005)
(-0.0004272510147 0.002147935899 0.0005)
(-0.0004930927686 0.002478944749 0.0005)
(-0.000572060336 0.002875941519 0.0005)
(-0.0006667703996 0.003352081162 0.0005)
(-0.0007803612881 0.003923141122 0.0005)
(-0.0001451423386 0.0004784701679 0.0005)
(-0.0001453113562 0.0004790273442 0.0005)
(-0.0001455140681 0.0004796955958 0.0005)
(-0.0001457571914 0.0004804970659 0.0005)
(-0.0001460487823 0.0004814583124 0.0005)
(-0.0001463985031 0.000482611187 0.0005)
(-0.000146817942 0.0004839938919 0.0005)
(-0.0001473209977 0.0004856522443 0.0005)
(-0.0001479243396 0.0004876411959 0.0005)
(-0.00014864796 0.0004900266528 0.0005)
(-0.0001495158371 0.00049288766 0.0005)
(-0.0001505567288 0.0004963190203 0.0005)
(-0.0001518051264 0.0005004344357 0.0005)
(-0.0001533023971 0.0005053702755 0.0005)
(-0.0001550981545 0.0005112900944 0.0005)
(-0.0001572519033 0.0005183900526 0.0005)
(-0.0001598350103 0.0005269054154 0.0005)
(-0.00016293307 0.0005371183494 0.0005)
(-0.0001666487401 0.0005493672721 0.0005)
(-0.0001711051437 0.000564058066 0.0005)
(-0.0001764499489 0.0005816775275 0.0005)
(-0.0001828602621 0.0006028094982 0.0005)
(-0.0001905484966 0.0006281542107 0.0005)
(-0.000199769411 0.0006585514916 0.0005)
(-0.000210828551 0.0006950085904 0.0005)
(-0.0002240923742 0.0007387335557 0.0005)
(-0.0002400003929 0.0007911752655 0.0005)
(-0.000259079738 0.000854071437 0.0005)
(-0.0002819626257 0.0009295062084 0.0005)
(-0.0003094073075 0.001019979199 0.0005)
(-0.0003423231948 0.001128488338 0.0005)
(-0.0003818009942 0.001258629202 0.0005)
(-0.0004291488486 0.00141471416 0.0005)
(-0.0004859356848 0.001601915271 0.0005)
(-0.0005540432007 0.001826435661 0.0005)
(-0.0006357282188 0.002095715078 0.0005)
(-0.0007336974675 0.002418676409 0.0005)
(-0.0008511972726 0.002806021356 0.0005)
(-0.0009921211275 0.003270585047 0.0005)
(-0.001161138709 0.003827761343 0.0005)
(-0.0001913417162 0.0004619397663 0.0005)
(-0.0001915645327 0.000462477693 0.0005)
(-0.0001918317686 0.0004631228575 0.0005)
(-0.0001921522791 0.0004638966381 0.0005)
(-0.0001925366845 0.000464824675 0.0005)
(-0.0001929977227 0.0004659377197 0.0005)
(-0.0001935506707 0.0004672726542 0.0005)
(-0.000194213851 0.0004688737131 0.0005)
(-0.000195009239 0.0004707939495 0.0005)
(-0.0001959631907 0.0004730969926 0.0005)
(-0.0001971073164 0.0004758591564 0.0005)
(-0.0001984795281 0.0004791719685 0.0005)
(-0.0002001252956 0.0004831452027 0.0005)
(-0.0002020991533 0.0004879105169 0.0005)
(-0.0002044665074 0.0004936258153 0.0005)
(-0.0002073058029 0.0005004804809 0.0005)
(-0.0002107111231 0.0005087016512 0.0005)
(-0.0002147953074 0.0005185617442 0.0005)
(-0.0002196936899 0.0005303874856 0.0005)
(-0.0002255685842 0.0005445707353 0.0005)
(-0.000232614662 0.0005615814718 0.0005)
(-0.0002410654032 0.0005819833657 0.0005)
(-0.0002512008329 0.0006064524577 0.0005)
(-0.0002633568006 0.0006357995598 0.0005)
(-0.0002779361084 0.0006709971224 0.0005)
(-0.0002954218588 0.0007132114581 0.0005)
(-0.0003163934625 0.0007638413881 0.0005)
(-0.0003415458381 0.0008245645945 0.0005)
(-0.0003717124391 0.0008973932117 0.0005)
(-0.000407892871 0.0009847405012 0.0005)
(-0.0004512860148 0.001089500818 0.0005)
(-0.0005033297531 0.001215145516 0.0005)
(-0.000565748616 0.001365837982 0.0005)
(-0.0006406109255 0.001546571585 0.0005)
(-0.0007303973318 0.001763335144 0.0005)
(-0.0008380830126 0.002023311375 0.0005)
(-0.0009672362587 0.002335114894 0.0005)
(-0.001122136714 0.002709077674 0.0005)
(-0.001307917187 0.00315759141 0.0005)
(-0.001530733729 0.00369551813 0.0005)
(-0.0002356983684 0.0004409606322 0.0005)
(-0.0002359728381 0.0004414741288 0.0005)
(-0.0002363020243 0.000442089993 0.0005)
(-0.0002366968352 0.0004428286321 0.0005)
(-0.0002371703531 0.0004437145219 0.0005)
(-0.0002377382688 0.0004447770173 0.0005)
(-0.0002384194006 0.0004460513254 0.0005)
(-0.0002392363188 0.0004475796718 0.0005)
(-0.0002402160928 0.0004494127 0.0005)
(-0.0002413911886 0.0004516111497 0.0005)
(-0.0002428005445 0.000454247869 0.0005)
(-0.000244490861 0.0004574102288 0.0005)
(-0.0002465181487 0.0004612030174 0.0005)
(-0.0002489495843 0.0004657519133 0.0005)
(-0.0002518657361 0.0004712076497 0.0005)
(-0.0002553632343 0.0004777510086 0.0005)
(-0.0002595579726 0.0004855988119 0.0005)
(-0.0002645889485 0.0004950111059 0.0005)
(-0.0002706228693 0.0005062997777 0.0005)
(-0.000277859676 0.0005198388908 0.0005)
(-0.0002865391687 0.0005360770796 0.0005)
(-0.0002969489526 0.0005555524153 0.0005)
(-0.0003094339679 0.0005789102361 0.0005)
(-0.0003244079203 0.0006069245306 0.0005)
(-0.0003423669892 0.0006405235853 0.0005)
(-0.0003639062693 0.0006808207442 0.0005)
(-0.00038973949 0.0007291513006 0.0005)
(-0.0004207226651 0.0007871167443 0.0005)
(-0.0004578824585 0.0008566378278 0.0005)
(-0.0005024502032 0.0009400182138 0.0005)
(-0.0005559027038 0.001040020809 0.0005)
(-0.0006200111714 0.001159959315 0.0005)
(-0.0006968999149 0.001303808037 0.0005)
(-0.0007891167328 0.001476333569 0.0005)
(-0.0008997173373 0.001683252746 0.0005)
(-0.001032366609 0.001931422078 0.0005)
(-0.001191460036 0.002229064945 0.0005)
(-0.001382269366 0.002586044093 0.0005)
(-0.001611117288 0.003014188442 0.0005)
(-0.001885586947 0.003527685057 0.0005)
(-0.0002777851165 0.0004157348062 0.0005)
(-0.000278108596 0.0004162189274 0.0005)
(-0.0002784965624 0.0004167995601 0.0005)
(-0.0002789618714 0.0004174959443 0.0005)
(-0.0002795199416 0.0004183311554 0.0005)
(-0.0002801892653 0.0004193328691 0.0005)
(-0.0002809920214 0.0004205342785 0.0005)
(-0.00028195481 0.0004219751935 0.0005)
(-0.0002831095343 0.0004237033606 0.0005)
(-0.0002844944575 0.0004257760446 0.0005)
(-0.0002861554706 0.0004282619263 0.0005)
(-0.0002881476132 0.0004312433785 0.0005)
(-0.0002905368973 0.0004348191948 0.0005)
(-0.0002934024946 0.0004391078642 0.0005)
(-0.0002968393601 0.0004442514969 0.0005)
(-0.0003009613782 0.0004504205329 0.0005)
(-0.0003059051369 0.0004578193907 0.0005)
(-0.0003118344534 0.00046669324 0.0005)
(-0.0003189458026 0.0004773361261 0.0005)
(-0.0003274748273 0.0004901007136 0.0005)
(-0.0003377041467 0.000505409972 0.0005)
(-0.0003499727213 0.0005237711914 0.0005)
(-0.0003646870846 0.0005457927924 0.0005)
(-0.0003823348144 0.0005722044865 0.0005)
(-0.0004035006887 0.000603881456 0.0005)
(-0.0004288860636 0.0006418733543 0.0005)
(-0.0004593321132 0.0006874390875 0.0005)
(-0.0004958477029 0.0007420885295 0.0005)
(-0.0005396428194 0.0008076325534 0.0005)
(-0.0005921686654 0.000886243037 0.0005)
(-0.0006551657459 0.0009805248309 0.0005)
(-0.0007307215431 0.001093602072 0.0005)
(-0.0008213396866 0.001229221708 0.0005)
(-0.0009300229146 0.001391877653 0.0005)
(-0.001060372573 0.001586959703 0.0005)
(-0.00121670795 0.00182093213 0.0005)
(-0.001404209402 0.002101547883 0.0005)
(-0.001629090008 0.002438105493 0.0005)
(-0.00189880145 0.002841757192 0.0005)
(-0.002222280932 0.003325878449 0.0005)
(-0.0003171966421 0.0003865052267 0.0005)
(-0.0003175660161 0.0003869553102 0.0005)
(-0.0003180090263 0.0003874951197 0.0005)
(-0.0003185403523 0.0003881425423 0.0005)
(-0.0003191776003 0.0003889190312 0.0005)
(-0.0003199418861 0.0003898503162 0.0005)
(-0.0003208585354 0.0003909672566 0.0005)
(-0.0003219579223 0.0003923068634 0.0005)
(-0.0003232764763 0.0003939135261 0.0005)
(-0.0003248578893 0.0003958404834 0.0005)
(-0.0003267545631 0.0003981515872 0.0005)
(-0.0003290293465 0.0004009234187 0.0005)
(-0.0003317576168 0.0004042478257 0.0005)
(-0.0003350297786 0.0004082349664 0.0005)
(-0.0003389542587 0.0004130169593 0.0005)
(-0.0003436610995 0.0004187522613 0.0005)
(-0.0003493062675 0.0004256309185 0.0005)
(-0.0003560768221 0.0004338808631 0.0005)
(-0.0003641971134 0.0004437754667 0.0005)
(-0.0003739362169 0.0004556425986 0.0005)
(-0.000385616849 0.0004698754901 0.0005)
(-0.0003996260613 0.0004869457646 0.0005)
(-0.0004164280654 0.0005074190658 0.0005)
(-0.0004365796152 0.0005319738003 0.0005)
(-0.000460748456 0.0005614236181 0.0005)
(-0.0004897354506 0.0005967443732 0.0005)
(-0.000524501117 0.0006391064602 0.0005)
(-0.0005661974562 0.0006899135965 0.0005)
(-0.0006162061251 0.0007508493359 0.0005)
(-0.0006761842195 0.0008239328554 0.0005)
(-0.0007481191837 0.0009115858629 0.0005)
(-0.0008343946669 0.001016712843 0.0005)
(-0.0009378695082 0.001142797302 0.0005)
(-0.001061972467 0.001294017196 0.0005)
(-0.001210815841 0.001475383371 0.0005)
(-0.001389331729 0.00169290561 0.0005)
(-0.001603435463 0.001953791765 0.0005)
(-0.001860221622 0.002266686605 0.0005)
(-0.002168199115 0.002641958266 0.0005)
(-0.002537573137 0.003092041813 0.0005)
(-0.0003535533906 0.0003535533906 0.0005)
(-0.0003539651019 0.0003539651019 0.0005)
(-0.0003544588894 0.0003544588894 0.0005)
(-0.0003550511155 0.0003550511155 0.0005)
(-0.0003557614041 0.0003557614041 0.0005)
(-0.0003566132916 0.0003566132916 0.0005)
(-0.0003576350063 0.0003576350063 0.0005)
(-0.0003588604038 0.0003588604038 0.0005)
(-0.0003603300891 0.0003603300891 0.0005)
(-0.0003620927619 0.0003620927619 0.0005)
(-0.0003642068306 0.0003642068306 0.0005)
(-0.0003667423472 0.0003667423472 0.0005)
(-0.000369783329 0.000369783329 0.0005)
(-0.0003734305426 0.0003734305426 0.0005)
(-0.0003778048426 0.0003778048426 0.0005)
(-0.0003830511765 0.0003830511765 0.0005)
(-0.0003893433878 0.0003893433878 0.0005)
(-0.0003968899763 0.0003968899763 0.0005)
(-0.000405941007 0.000405941007 0.0005)
(-0.0004167963963 0.0004167963963 0.0005)
(-0.0004298158504 0.0004298158504 0.0005)
(-0.000445430784 0.000445430784 0.0005)
(-0.0004641586162 0.0004641586162 0.0005)
(-0.0004866199157 0.0004866199157 0.0005)
(-0.0005135589638 0.0005135589638 0.0005)
(-0.0005458684175 0.0005458684175 0.0005)
(-0.0005846188884 0.0005846188884 0.0005)
(-0.0006310944185 0.0006310944185 0.0005)
(-0.0006868350289 0.0006868350289 0.0005)
(-0.00075368775 0.00075368775 0.0005)
(-0.0008338678248 0.0008338678248 0.0005)
(-0.000930032114 0.000930032114 0.0005)
(-0.001045367134 0.001045367134 0.0005)
(-0.001183694645 0.001183694645 0.0005)
(-0.001349598291 0.001349598291 0.0005)
(-0.001548575484 0.001548575484 0.0005)
(-0.001787219565 0.001787219565 0.0005)
(-0.002073438286 0.002073438286 0.0005)
(-0.002416715838 0.002416715838 0.0005)
(-0.002828427125 0.002828427125 0.0005)
(-0.0003865052267 0.0003171966421 0.0005)
(-0.0003869553102 0.0003175660161 0.0005)
(-0.0003874951197 0.0003180090263 0.0005)
(-0.0003881425423 0.0003185403523 0.0005)
(-0.0003889190312 0.0003191776003 0.0005)
(-0.0003898503162 0.0003199418861 0.0005)
(-0.0003909672566 0.0003208585354 0.0005)
(-0.0003923068634 0.0003219579223 0.0005)
(-0.0003939135261 0.0003232764763 0.0005)
(-0.0003958404834 0.0003248578893 0.0005)
(-0.0003981515872 0.0003267545631 0.0005)
(-0.0004009234187 0.0003290293465 0.0005)
(-0.0004042478257 0.0003317576168 0.0005)
(-0.0004082349664 0.0003350297786 0.0005)
(-0.0004130169593 0.0003389542587 0.0005)
(-0.0004187522613 0.0003436610995 0.0005)
(-0.0004256309185 0.0003493062675 0.0005)
(-0.0004338808631 0.0003560768221 0.0005)
(-0.0004437754667 0.0003641971134 0.0005)
(-0.0004556425986 0.0003739362169 0.0005)
(-0.0004698754901 0.000385616849 0.0005)
(-0.0004869457646 0.0003996260613 0.0005)
(-0.0005074190658 0.0004164280654 0.0005)
(-0.0005319738003 0.0004365796152 0.0005)
(-0.0005614236181 0.000460748456 0.0005)
(-0.0005967443732 0.0004897354506 0.0005)
(-0.0006391064602 0.000524501117 0.0005)
(-0.0006899135965 0.0005661974562 0.0005)
(-0.0007508493359 0.0006162061251 0.0005)
(-0.0008239328554 0.0006761842195 0.0005)
(-0.0009115858629 0.0007481191837 0.0005)
(-0.001016712843 0.0008343946669 0.0005)
(-0.001142797302 0.0009378695082 0.0005)
(-0.001294017196 0.001061972467 0.0005)
(-0.001475383371 0.001210815841 0.0005)
(-0.00169290561 0.001389331729 0.0005)
(-0.001953791765 0.001603435463 0.0005)
(-0.002266686605 0.001860221622 0.0005)
(-0.002641958266 0.002168199115 0.0005)
(-0.003092041813 0.002537573137 0.0005)
(-0.0004157348062 0.0002777851165 0.0005)
(-0.0004162189274 0.000278108596 0.0005)
(-0.0004167995601 0.0002784965624 0.0005)
(-0.0004174959443 0.0002789618714 0.0005)
(-0.0004183311554 0.0002795199416 0.0005)
(-0.0004193328691 0.0002801892653 0.0005)
(-0.0004205342785 0.0002809920214 0.0005)
(-0.0004219751935 0.00028195481 0.0005)
(-0.0004237033606 0.0002831095343 0.0005)
(-0.0004257760446 0.0002844944575 0.0005)
(-0.0004282619263 0.0002861554706 0.0005)
(-0.0004312433785 0.0002881476132 0.0005)
(-0.0004348191948 0.0002905368973 0.0005)
(-0.0004391078642 0.0002934024946 0.0005)
(-0.0004442514969 0.0002968393601 0.0005)
(-0.0004504205329 0.0003009613782 0.0005)
(-0.0004578193907 0.0003059051369 0.0005)
(-0.00046669324 0.0003118344534 0.0005)
(-0.0004773361261 0.0003189458026 0.0005)
(-0.0004901007136 0.0003274748273 0.0005)
(-0.000505409972 0.0003377041467 0.0005)
(-0.0005237711914 0.0003499727213 0.0005)
(-0.0005457927924 0.0003646870846 0.0005)
(-0.0005722044865 0.0003823348144 0.0005)
(-0.000603881456 0.0004035006887 0.0005)
(-0.0006418733543 0.0004288860636 0.0005)
(-0.0006874390875 0.0004593321132 0.0005)
(-0.0007420885295 0.0004958477029 0.0005)
(-0.0008076325534 0.0005396428194 0.0005)
(-0.000886243037 0.0005921686654 0.0005)
(-0.0009805248309 0.0006551657459 0.0005)
(-0.001093602072 0.0007307215431 0.0005)
(-0.001229221708 0.0008213396866 0.0005)
(-0.001391877653 0.0009300229146 0.0005)
(-0.001586959703 0.001060372573 0.0005)
(-0.00182093213 0.00121670795 0.0005)
(-0.002101547883 0.001404209402 0.0005)
(-0.002438105493 0.001629090008 0.0005)
(-0.002841757192 0.00189880145 0.0005)
(-0.003325878449 0.002222280932 0.0005)
(-0.0004409606322 0.0002356983684 0.0005)
(-0.0004414741288 0.0002359728381 0.0005)
(-0.000442089993 0.0002363020243 0.0005)
(-0.0004428286321 0.0002366968352 0.0005)
(-0.0004437145219 0.0002371703531 0.0005)
(-0.0004447770173 0.0002377382688 0.0005)
(-0.0004460513254 0.0002384194006 0.0005)
(-0.0004475796718 0.0002392363188 0.0005)
(-0.0004494127 0.0002402160928 0.0005)
(-0.0004516111497 0.0002413911886 0.0005)
(-0.000454247869 0.0002428005445 0.0005)
(-0.0004574102288 0.000244490861 0.0005)
(-0.0004612030174 0.0002465181487 0.0005)
(-0.0004657519133 0.0002489495843 0.0005)
(-0.0004712076497 0.0002518657361 0.0005)
(-0.0004777510086 0.0002553632343 0.0005)
(-0.0004855988119 0.0002595579726 0.0005)
(-0.0004950111059 0.0002645889485 0.0005)
(-0.0005062997777 0.0002706228693 0.0005)
(-0.0005198388908 0.000277859676 0.0005)
(-0.0005360770796 0.0002865391687 0.0005)
(-0.0005555524153 0.0002969489526 0.0005)
(-0.0005789102361 0.0003094339679 0.0005)
(-0.0006069245306 0.0003244079203 0.0005)
(-0.0006405235853 0.0003423669892 0.0005)
(-0.0006808207442 0.0003639062693 0.0005)
(-0.0007291513006 0.00038973949 0.0005)
(-0.0007871167443 0.0004207226651 0.0005)
(-0.0008566378278 0.0004578824585 0.0005)
(-0.0009400182138 0.0005024502032 0.0005)
(-0.001040020809 0.0005559027038 0.0005)
(-0.001159959315 0.0006200111714 0.0005)
(-0.001303808037 0.0006968999149 0.0005)
(-0.001476333569 0.0007891167328 0.0005)
(-0.001683252746 0.0008997173373 0.0005)
(-0.001931422078 0.001032366609 0.0005)
(-0.002229064945 0.001191460036 0.0005)
(-0.002586044093 0.001382269366 0.0005)
(-0.003014188442 0.001611117288 0.0005)
(-0.003527685057 0.001885586947 0.0005)
(-0.0004619397663 0.0001913417162 0.0005)
(-0.000462477693 0.0001915645327 0.0005)
(-0.0004631228575 0.0001918317686 0.0005)
(-0.0004638966381 0.0001921522791 0.0005)
(-0.000464824675 0.0001925366845 0.0005)
(-0.0004659377197 0.0001929977227 0.0005)
(-0.0004672726542 0.0001935506707 0.0005)
(-0.0004688737131 0.000194213851 0.0005)
(-0.0004707939495 0.000195009239 0.0005)
(-0.0004730969926 0.0001959631907 0.0005)
(-0.0004758591564 0.0001971073164 0.0005)
(-0.0004791719685 0.0001984795281 0.0005)
(-0.0004831452027 0.0002001252956 0.0005)
(-0.0004879105169 0.0002020991533 0.0005)
(-0.0004936258153 0.0002044665074 0.0005)
(-0.0005004804809 0.0002073058029 0.0005)
(-0.0005087016512 0.0002107111231 0.0005)
(-0.0005185617442 0.0002147953074 0.0005)
(-0.0005303874856 0.0002196936899 0.0005)
(-0.0005445707353 0.0002255685842 0.0005)
(-0.0005615814718 0.000232614662 0.0005)
(-0.0005819833657 0.0002410654032 0.0005)
(-0.0006064524577 0.0002512008329 0.0005)
(-0.0006357995598 0.0002633568006 0.0005)
(-0.0006709971224 0.0002779361084 0.0005)
(-0.0007132114581 0.0002954218588 0.0005)
(-0.0007638413881 0.0003163934625 0.0005)
(-0.0008245645945 0.0003415458381 0.0005)
(-0.0008973932117 0.0003717124391 0.0005)
(-0.0009847405012 0.000407892871 0.0005)
(-0.001089500818 0.0004512860148 0.0005)
(-0.001215145516 0.0005033297531 0.0005)
(-0.001365837982 0.000565748616 0.0005)
(-0.001546571585 0.0006406109255 0.0005)
(-0.001763335144 0.0007303973318 0.0005)
(-0.002023311375 0.0008380830126 0.0005)
(-0.002335114894 0.0009672362587 0.0005)
(-0.002709077674 0.001122136714 0.0005)
(-0.00315759141 0.001307917187 0.0005)
(-0.00369551813 0.001530733729 0.0005)
(-0.0004784701679 0.0001451423386 0.0005)
(-0.0004790273442 0.0001453113562 0.0005)
(-0.0004796955958 0.0001455140681 0.0005)
(-0.0004804970659 0.0001457571914 0.0005)
(-0.0004814583124 0.0001460487823 0.0005)
(-0.000482611187 0.0001463985031 0.0005)
(-0.0004839938919 0.000146817942 0.0005)
(-0.0004856522443 0.0001473209977 0.0005)
(-0.0004876411959 0.0001479243396 0.0005)
(-0.0004900266528 0.00014864796 0.0005)
(-0.00049288766 0.0001495158371 0.0005)
(-0.0004963190203 0.0001505567288 0.0005)
(-0.0005004344357 0.0001518051264 0.0005)
(-0.0005053702755 0.0001533023971 0.0005)
(-0.0005112900944 0.0001550981545 0.0005)
(-0.0005183900526 0.0001572519033 0.0005)
(-0.0005269054154 0.0001598350103 0.0005)
(-0.0005371183494 0.00016293307 0.0005)
(-0.0005493672721 0.0001666487401 0.0005)
(-0.000564058066 0.0001711051437 0.0005)
(-0.0005816775275 0.0001764499489 0.0005)
(-0.0006028094982 0.0001828602621 0.0005)
(-0.0006281542107 0.0001905484966 0.0005)
(-0.0006585514916 0.000199769411 0.0005)
(-0.0006950085904 0.000210828551 0.0005)
(-0.0007387335557 0.0002240923742 0.0005)
(-0.0007911752655 0.0002400003929 0.0005)
(-0.000854071437 0.000259079738 0.0005)
(-0.0009295062084 0.0002819626257 0.0005)
(-0.001019979199 0.0003094073075 0.0005)
(-0.001128488338 0.0003423231948 0.0005)
(-0.001258629202 0.0003818009942 0.0005)
(-0.00141471416 0.0004291488486 0.0005)
(-0.001601915271 0.0004859356848 0.0005)
(-0.001826435661 0.0005540432007 0.0005)
(-0.002095715078 0.0006357282188 0.0005)
(-0.002418676409 0.0007336974675 0.0005)
(-0.002806021356 0.0008511972726 0.0005)
(-0.003270585047 0.0009921211275 0.0005)
(-0.003827761343 0.001161138709 0.0005)
(-0.0004903926402 9.754516101e-05 0.0005)
(-0.0004909637002 9.76587519e-05 0.0005)
(-0.0004916486032 9.779498758e-05 0.0005)
(-0.0004924700443 9.795838238e-05 0.0005)
(-0.000493455243 9.815435058e-05 0.0005)
(-0.0004946368449 9.838938581e-05 0.0005)
(-0.0004960540038 9.867127624e-05 0.0005)
(-0.0004977536789 9.900936265e-05 0.0005)
(-0.000499792191 9.941484791e-05 0.0005)
(-0.0005022370885 9.990116826e-05 0.0005)
(-0.000505169386 0.0001004844385 0.0005)
(-0.0005086862485 0.000101183986 0.0005)
(-0.0005129042115 0.000102022991 0.0005)
(-0.000517963042 0.0001030292549 0.0005)
(-0.0005240303704 0.0001042361216 0.0005)
(-0.0005313072446 0.0001056835818 0.0005)
(-0.0005400347924 0.000107419599 0.0005)
(-0.0005505022113 0.0001095016981 0.0005)
(-0.0005630563515 0.0001119988718 0.0005)
(-0.0005781132091 0.000114993867 0.0005)
(-0.0005961717106 0.0001185859263 0.0005)
(-0.0006178302457 0.0001228940768 0.0005)
(-0.0006438064952 0.0001280610741 0.0005)
(-0.0006749612125 0.0001342581327 0.0005)
(-0.0007123267457 0.0001416905993 0.0005)
(-0.0007571412454 0.0001506047576 0.0005)
(-0.0008108896925 0.0001612959884 0.0005)
(-0.0008753531046 0.0001741185583 0.0005)
(-0.0009526675522 0.0001894973581 0.0005)
(-0.00104539494 0.0002079419824 0.0005)
(-0.001156607899 0.0002300636153 0.0005)
(-0.0012899916 0.000256595283 0.0005)
(-0.001449965867 0.0002884161433 0.0005)
(-0.001641831637 0.0003265806177 0.0005)
(-0.001871946605 0.0003723533307 0.0005)
(-0.002147935899 0.0004272510147 0.0005)
(-0.002478944749 0.0004930927686 0.0005)
(-0.002875941519 0.000572060336 0.0005)
(-0.003352081162 0.0006667703996 0.0005)
(-0.003923141122 0.0007803612881 0.0005)
(-0.0004975923633 4.900857016e-05 0.0005)
(-0.0004981718073 4.906564042e-05 0.0005)
(-0.0004988667658 4.913408785e-05 0.0005)
(-0.000499700267 4.921618055e-05 0.0005)
(-0.0005006999299 4.931463875e-05 0.0005)
(-0.0005018988795 4.943272499e-05 0.0005)
(-0.0005033368445 4.957435218e-05 0.0005)
(-0.0005050614735 4.974421331e-05 0.0005)
(-0.0005071299141 4.994793692e-05 0.0005)
(-0.0005096107065 5.019227365e-05 0.0005)
(-0.0005125860546 5.048531986e-05 0.0005)
(-0.0005161545502 5.083678599e-05 0.0005)
(-0.0005204344394 5.125831829e-05 0.0005)
(-0.0005255675414 5.176388471e-05 0.0005)
(-0.0005317239475 5.237023779e-05 0.0005)
(-0.0005391076575 5.309746975e-05 0.0005)
(-0.0005479633392 5.396967827e-05 0.0005)
(-0.000558584436 5.5015765e-05 0.0005)
(-0.0005713228904 5.627039325e-05 0.0005)
(-0.000586600806 5.777513659e-05 0.0005)
(-0.0006049244343 5.957985645e-05 0.0005)
(-0.0006269009501 6.174435435e-05 0.0005)
(-0.0006532585712 6.434035343e-05 0.0005)
(-0.000684870688 6.745387518e-05 0.0005)
(-0.0007227848051 7.118808978e-05 0.0005)
(-0.000768257251 7.566673479e-05 0.0005)
(-0.0008227948085 8.103821537e-05 0.0005)
(-0.0008882046433 8.748052179e-05 0.0005)
(-0.0009666541867 9.520712741e-05 0.0005)
(-0.001060742956 0.0001044740624 0.0005)
(-0.001173588693 0.0001155883974 0.0005)
(-0.001308930673 0.0001289184189 0.0005)
(-0.001471253611 0.0001449058328 0.0005)
(-0.001665936267 0.0001640804008 0.0005)
(-0.001899429679 0.0001870774946 0.0005)
(-0.002179470924 0.0002146591498 0.0005)
(-0.002515339496 0.0002477393168 0.0005)
(-0.002918164793 0.0002874141457 0.0005)
(-0.003401294903 0.0003349983082 0.0005)
(-0.003980738907 0.0003920685613 0.0005)
(-0.0005 0 0.0005)
(-0.0005005822477 -7.789464972e-20 0.0005)
(-0.0005012805687 -7.800331413e-20 0.0005)
(-0.0005021181029 -7.813364122e-20 0.0005)
(-0.0005031226027 -7.828994953e-20 0.0005)
(-0.0005043273536 -7.847741851e-20 0.0005)
(-0.0005057722763 -7.870226018e-20 0.0005)
(-0.00050750525 -7.897192492e-20 0.0005)
(-0.0005095836989 -7.929534839e-20 0.0005)
(-0.0005120764948 -7.968324761e-20 0.0005)
(-0.0005150662394 -8.014847607e-20 0.0005)
(-0.0005186520013 -8.070644965e-20 0.0005)
(-0.0005229525991 -8.137565747e-20 0.0005)
(-0.0005281105379 -8.217827452e-20 0.0005)
(-0.0005342967323 -8.314089643e-20 0.0005)
(-0.0005417161689 -8.429542083e-20 0.0005)
(-0.0005506146995 -8.568010421e-20 0.0005)
(-0.0005612871873 -8.73408297e-20 0.0005)
(-0.0005740872776 -8.933262736e-20 0.0005)
(-0.0005894391164 -9.172149775e-20 0.0005)
(-0.0006078514049 -9.458659888e-20 0.0005)
(-0.0006299342558 -9.802286923e-20 0.0005)
(-0.0006564194101 -1.021441736e-19 0.0005)
(-0.0006881844844 -1.070870763e-19 0.0005)
(-0.0007262820517 -1.130153662e-19 0.0005)
(-0.0007719745194 -1.20125484e-19 0.0005)
(-0.0008267759607 -1.286530319e-19 0.0005)
(-0.0008925022857 -1.388805801e-19 0.0005)
(-0.000971331413 -1.511470303e-19 0.0005)
(-0.001065875438 -1.658588459e-19 0.0005)
(-0.001179267187 -1.835035199e-19 0.0005)
(-0.001315264029 -2.046657294e-19 0.0005)
(-0.001478372378 -2.300467088e-19 0.0005)
(-0.00167399702 -2.604874866e-19 0.0005)
(-0.001908620207 -2.969967536e-19 0.0005)
(-0.002190016451 -3.40784287e-19 0.0005)
(-0.002527510148 -3.93301038e-19 0.0005)
(-0.002932284544 -4.562872106e-19 0.0005)
(-0.003417752314 -5.318299252e-19 0.0005)
(-0.004 0 0.0005)
(0.004633612124 0 -0.0005)
(0.005311978686 0 -0.0005)
(0.006038260861 0 -0.0005)
(0.006815843113 0 -0.0005)
(0.00764834896 0 -0.0005)
(0.008539657866 0 -0.0005)
(0.009493923315 0 -0.0005)
(0.01051559217 0 -0.0005)
(0.01160942538 0 -0.0005)
(0.0127805202 0 -0.0005)
(0.01403433391 0 -0.0005)
(0.01537670925 0 -0.0005)
(0.01681390168 0 -0.0005)
(0.01835260848 0 -0.0005)
(0.02 0 -0.0005)
(0.004626536299 0.0001959007018 -0.0005)
(0.005302066407 0.0002113554056 -0.0005)
(0.006025701767 0.0002274338546 -0.0005)
(0.006800885946 0.000244102439 -0.0005)
(0.007631309617 0.0002613120214 -0.0005)
(0.008520927866 0.0002789946102 -0.0005)
(0.009473978532 0.000297059439 -0.0005)
(0.01049500157 0.0003153883583 -0.0005)
(0.0115888594 0.0003338304419 -0.0005)
(0.01276075826 0.0003521957002 -0.0005)
(0.01401627034 0.0003702477905 -0.0005)
(0.01536135671 0.0003876956113 -0.0005)
(0.01680239081 0.0004041836813 -0.0005)
(0.01834618216 0.0004192812175 -0.0005)
(0.02 0.0004324698688 -0.0005)
(0.004611009598 0.0003974181061 -0.0005)
(0.005283979987 0.0004288170013 -0.0005)
(0.006005276742 0.0004614836461 -0.0005)
(0.006778406162 0.000495349876 -0.0005)
(0.007607130066 0.0005303160013 -0.0005)
(0.008495483557 0.000566244054 -0.0005)
(0.009447793636 0.0006029498261 -0.0005)
(0.01046869858 0.0006401935127 -0.0005)
(0.01156316794 0.0006776687606 -0.0005)
(0.01273652299 0.0007149899031 -0.0005)
(0.01399445728 0.0007516771571 -0.0005)
(0.01534305697 0.0007871395571 -0.0005)
(0.01678882043 0.0008206554174 -0.0005)
(0.01833867643 0.0008513501564 -0.0005)
(0.02 0.0008781713889 -0.0005)
(0.004586290196 0.0006042929007 -0.0005)
(0.0052570074 0.000652159485 -0.0005)
(0.005976306035 0.000701960047 -0.0005)
(0.006747758966 0.000753590988 -0.0005)
(0.007575203395 0.0008069007102 -0.0005)
(0.00846275909 0.0008616793322 -0.0005)
(0.009414847297 0.0009176465638 -0.0005)
(0.01043621015 0.0009744374566 -0.0005)
(0.0115319303 0.001031585725 -0.0005)
(0.01270745048 0.001088504307 -0.0005)
(0.0139685924 0.001144462819 -0.0005)
(0.01532157445 0.001198561561 -0.0005)
(0.01677302732 0.001249701771 -0.0005)
(0.01833000646 0.001296551841 -0.0005)
(0.02 0.00133750939 -0.0005)
(0.004551607343 0.0008161944494 -0.0005)
(0.005220408885 0.0008810900694 -0.0005)
(0.005938083435 0.0009486103411 -0.0005)
(0.006708274493 0.001018615434 -0.0005)
(0.007534899116 0.001090900562 -0.0005)
(0.008422166654 0.001165182058 -0.0005)
(0.009374597973 0.001241080962 -0.0005)
(0.0103970449 0.001318103731 -0.0005)
(0.01149470951 0.001395619657 -0.0005)
(0.01267316276 0.001472834554 -0.0005)
(0.0139383617 0.001548760229 -0.0005)
(0.01529666451 0.001622179304 -0.0005)
(0.01675484199 0.001691604928 -0.0005)
(0.01832008416 0.001755235055 -0.0005)
(0.02 0.001810901087 -0.0005)
(0.004506164913 0.001032712605 -0.0005)
(0.00517342033 0.001115240678 -0.0005)
(0.005889879496 0.001201111029 -0.0005)
(0.00665926084 0.001290146898 -0.0005)
(0.007485566009 0.001382089123 -0.0005)
(0.00837309912 0.001476578465 -0.0005)
(0.009326486328 0.001573134782 -0.0005)
(0.01035069532 0.00167113254 -0.0005)
(0.01145105425 0.001769772158 -0.0005)
(0.01263326943 0.001868046604 -0.0005)
(0.01390344087 0.001964702658 -0.0005)
(0.01526807446 0.002058196247 -0.0005)
(0.01673408937 0.002146641321 -0.0005)
(0.01830881854 0.002227751814 -0.0005)
(0.02 0.002298776461 -0.0005)
(0.004449146034 0.001253349058 -0.0005)
(0.0051152577 0.001354159697 -0.0005)
(0.005830945736 0.001459060011 -0.0005)
(0.006600008038 0.001567835735 -0.0005)
(0.007426535832 0.001680172254 -0.0005)
(0.008314933476 0.001795633083 -0.0005)
(0.009269938386 0.001913634474 -0.0005)
(0.0102966406 0.002033415592 -0.0005)
(0.01140050136 0.002154003591 -0.0005)
(0.01258736988 0.002274172917 -0.0005)
(0.01386349707 0.002392398097 -0.0005)
(0.01523554498 0.002506799326 -0.0005)
(0.0167105898 0.002615080161 -0.0005)
(0.0182961162 0.002714456799 -0.0005)
(0.02 0.002801578648 -0.0005)
(0.004379718971 0.001477508281 -0.0005)
(0.00504512265 0.001597303343 -0.0005)
(0.005760519975 0.001721968409 -0.0005)
(0.006529793086 0.00185125127 -0.0005)
(0.007357128041 0.001984780927 -0.0005)
(0.008247035202 0.002122042095 -0.0005)
(0.00920436953 0.002262345129 -0.0005)
(0.01023435025 0.002404790683 -0.0005)
(0.01134257906 0.002548228348 -0.0005)
(0.01253505597 0.002691208427 -0.0005)
(0.01381819124 0.002831926018 -0.0005)
(0.01519881187 0.002968156535 -0.0005)
(0.01668416023 0.0030971819 -0.0005)
(0.01828188201 0.003215706752 -0.0005)
(0.02 0.003319764342 -0.0005)
(0.004297044428 0.001704488145 -0.0005)
(0.004962209512 0.001844026715 -0.0005)
(0.005677832966 0.001989252082 -0.0005)
(0.006447886206 0.002139873822 -0.0005)
(0.007276655649 0.00229546378 -0.0005)
(0.008168763704 0.00245542648 -0.0005)
(0.009129189488 0.002618964226 -0.0005)
(0.01016328857 0.002785036099 -0.0005)
(0.01127681088 0.002952309939 -0.0005)
(0.0124759155 0.003119106394 -0.0005)
(0.01376718087 0.003283334012 -0.0005)
(0.01515760821 0.003442414415 -0.0005)
(0.01665461569 0.003593196633 -0.0005)
(0.01826601982 0.003731859855 -0.0005)
(0.02 0.003853804209 -0.0005)
(0.004200284472 0.001933470319 -0.0005)
(0.004865713811 0.002093574643 -0.0005)
(0.005582116498 0.002260222957 -0.0005)
(0.006353558499 0.002433086543 -0.0005)
(0.007184432384 0.002611679506 -0.0005)
(0.008079478961 0.002795324973 -0.0005)
(0.009043808418 0.00298311523 -0.0005)
(0.0100829202 0.003173864878 -0.0005)
(0.01120272055 0.003366055982 -0.0005)
(0.01240953635 0.003557774144 -0.0005)
(0.01371012346 0.003746634353 -0.0005)
(0.01511166706 0.003929695493 -0.0005)
(0.01662177119 0.004103362468 -0.0005)
(0.01824843343 0.004263275097 -0.0005)
(0.02 0.004404183317 -0.0005)
(0.004088613279 0.002163510604 -0.0005)
(0.004754842539 0.002345072469 -0.0005)
(0.005472613147 0.002534080293 -0.0005)
(0.006246091143 0.002730167199 -0.0005)
(0.007079781317 0.002932789186 -0.0005)
(0.007978549514 0.003141186998 -0.0005)
(0.008947644236 0.003354341143 -0.0005)
(0.009992716654 0.003570919044 -0.0005)
(0.01111983782 0.00378921315 -0.0005)
(0.01233551154 0.004007068797 -0.0005)
(0.01364668071 0.004221800546 -0.0005)
(0.01506072468 0.004430095707 -0.0005)
(0.0165854439 0.004627903892 -0.0005)
(0.01822902775 0.004810311637 -0.0005)
(0.02 0.004971401574 -0.0005)
(0.003961229907 0.002393529378 -0.0005)
(0.004628826364 0.00259751695 -0.0005)
(0.005348587885 0.002809902057 -0.0005)
(0.006124786358 0.003030280054 -0.0005)
(0.006962045123 0.003258048722 -0.0005)
(0.007865361992 0.00349236568 -0.0005)
(0.008840131338 0.00373209815 -0.0005)
(0.009892164259 0.003975763915 -0.0005)
(0.01102770548 0.004221462193 -0.0005)
(0.01225344516 0.004466793048 -0.0005)
(0.01357652342 0.004708763926 -0.0005)
(0.01500452432 0.004943681878 -0.0005)
(0.01654545576 0.00516703017 -0.0005)
(0.01820771018 0.005373328203 -0.0005)
(0.02 0.005555974182 -0.0005)
(0.003817373333 0.002622302399 -0.0005)
(0.00448693399 0.00284976748 -0.0005)
(0.005209341727 0.003086636617 -0.0005)
(0.005988980283 0.003332468062 -0.0005)
(0.006830598145 0.003586601552 -0.0005)
(0.007739332302 0.003848111131 -0.0005)
(0.008720730859 0.004115749503 -0.0005)
(0.009780773377 0.004387882635 -0.0005)
(0.01092588745 0.004662413164 -0.0005)
(0.01216295951 0.004936691128 -0.0005)
(0.01349933733 0.005207410403 -0.0005)
(0.01494282078 0.005470489298 -0.0005)
(0.01650163667 0.005720933833 -0.0005)
(0.01818439216 0.005952682537 -0.0005)
(0.02 0.006158432107 -0.0005)
(0.003656339947 0.002848452255 -0.0005)
(0.004328488887 0.003100537953 -0.0005)
(0.005054227624 0.003363095027 -0.0005)
(0.005838057988 0.003635645614 -0.0005)
(0.006684860451 0.003917471896 -0.0005)
(0.007599918666 0.004207564215 -0.0005)
(0.008588942624 0.004504559858 -0.0005)
(0.009658089201 0.00480667111 -0.0005)
(0.01081397841 0.005111601 -0.0005)
(0.0120637032 0.005416445078 -0.0005)
(0.0134148299 0.005717577476 -0.0005)
(0.01487538563 0.006010519522 -0.0005)
(0.01645382802 0.006289789311 -0.0005)
(0.01815899109 0.006548730917 -0.0005)
(0.02 0.006779322561 -0.0005)
(0.003477503735 0.003070440804 -0.0005)
(0.00415288857 0.00334838956 -0.0005)
(0.004882668794 0.00363794422 -0.0005)
(0.005671470774 0.003938592138 -0.0005)
(0.006524314043 0.004249558797 -0.0005)
(0.007446636655 0.004569751071 -0.0005)
(0.008444318924 0.004897690294 -0.0005)
(0.009523704188 0.005231433575 -0.0005)
(0.01069161476 0.005568481658 -0.0005)
(0.01195536069 0.005905671497 -0.0005)
(0.01332273812 0.00623905163 -0.0005)
(0.01480201329 0.006563738476 -0.0005)
(0.01640188692 0.006873751781 -0.0005)
(0.01813143247 0.007161827811 -0.0005)
(0.02 0.007419209497 -0.0005)
(0.003280339334 0.003286563048 -0.0005)
(0.003959626637 0.003591724966 -0.0005)
(0.004694179657 0.003909701497 -0.0005)
(0.005488755942 0.004239946938 -0.0005)
(0.006348521373 0.004581631322 -0.0005)
(0.007279076372 0.004933578698 -0.0005)
(0.008286480263 0.005294194318 -0.0005)
(0.009377272271 0.005661379033 -0.0005)
(0.01055848719 0.006032429037 -0.0005)
(0.01183766306 0.00640391897 -0.0005)
(0.01322283745 0.006771566313 -0.0005)
(0.01472252791 0.007130074998 -0.0005)
(0.01634569094 0.007472956332 -0.0005)
(0.01810165235 0.007792325688 -0.0005)
(0.02 0.008078674122 -0.0005)
(0.003064448123 0.003494942939 -0.0005)
(0.003748317703 0.003828784327 -0.0005)
(0.004488389541 0.004176730779 -0.0005)
(0.005289559175 0.004538205685 -0.0005)
(0.006157146302 0.004912325315 -0.0005)
(0.00709692189 0.005297831986 -0.0005)
(0.008115133177 0.005693015198 -0.0005)
(0.009218524945 0.006095618913 -0.0005)
(0.0104143549 0.006502732963 -0.0005)
(0.01171040026 0.006910666415 -0.0005)
(0.01311495192 0.00731480066 -0.0005)
(0.01463679125 0.007709419981 -0.0005)
(0.01628514352 0.008087517532 -0.0005)
(0.01806960015 0.008440575058 -0.0005)
(0.02 0.008758315426 -0.0005)
(0.002829587481 0.003693531712 -0.0005)
(0.003518725364 0.004057643726 -0.0005)
(0.004265069253 0.004437241149 -0.0005)
(0.005073659622 0.004831719079 -0.0005)
(0.005949977607 0.005240142191 -0.0005)
(0.006899973059 0.005661172647 -0.0005)
(0.007930090221 0.006092985024 -0.0005)
(0.009047289303 0.006533166276 -0.0005)
(0.01025906156 0.006978598568 -0.0005)
(0.01157343484 0.00742532263 -0.0005)
(0.01299896547 0.007868379221 -0.0005)
(0.01454471143 0.008301626284 -0.0005)
(0.01622018001 0.008717529549 -0.0005)
(0.01803524177 0.009106924788 -0.0005)
(0.02 0.009458750727 -0.0005)
(0.002575703267 0.003880109432 -0.0005)
(0.003270793236 0.00427621669 -0.0005)
(0.004024160583 0.004689288332 -0.0005)
(0.004840997757 0.005118694282 -0.0005)
(0.005726955068 0.005563450309 -0.0005)
(0.006688169707 0.006022140534 -0.0005)
(0.007731292156 0.006492825981 -0.0005)
(0.008863508061 0.00697293703 -0.0005)
(0.01009255306 0.007459147427 -0.0005)
(0.01142671718 0.007947227354 -0.0005)
(0.01287483455 0.008431872941 -0.0005)
(0.0144462527 0.008906509624 -0.0005)
(0.01615077442 0.009363066934 -0.0005)
(0.01799856306 0.009791722791 -0.0005)
(0.02 0.01018061623 -0.0005)
(0.002302965497 0.004052290548 -0.0005)
(0.003004679055 0.004482259521 -0.0005)
(0.003765808711 0.004930779796 -0.0005)
(0.004591705981 0.005397199782 -0.0005)
(0.005488198135 0.005880489581 -0.0005)
(0.00646161824 0.006379157965 -0.0005)
(0.007518832317 0.006891154367 -0.0005)
(0.00866726156 0.007413753616 -0.0005)
(0.009914896887 0.007943420893 -0.0005)
(0.01127030224 0.008475654225 -0.0005)
(0.01274260195 0.00900480171 -0.0005)
(0.01434144619 0.009523850686 -0.0005)
(0.01607694677 0.01002418626 -0.0005)
(0.01795957367 0.01049531715 -0.0005)
(0.02 0.01092456759 -0.0005)
(0.00201180709 0.004207534343 -0.0005)
(0.002720791711 0.004673381327 -0.0005)
(0.003490397406 0.005159484324 -0.0005)
(0.004326141848 0.005665174459 -0.0005)
(0.005234037057 0.006189380011 -0.0005)
(0.006220620511 0.006730537699 -0.0005)
(0.00729298309 0.007286487954 -0.0005)
(0.008458791657 0.007854351721 -0.0005)
(0.009726303347 0.008430386116 -0.0005)
(0.01110436772 0.009009816049 -0.0005)
(0.0126024118 0.009586638823 -0.0005)
(0.01423040146 0.01015339872 -0.0005)
(0.01599877113 0.01070092881 -0.0005)
(0.01791831115 0.01121805779 -0.0005)
(0.02 0.01169128056 -0.0005)
(0.001702965406 0.004343161266 -0.0005)
(0.002419830938 0.004847059661 -0.0005)
(0.003198586754 0.005373046917 -0.0005)
(0.004044923693 0.005920441714 -0.0005)
(0.00496504625 0.006488134971 -0.0005)
(0.005965704783 0.007074495305 -0.0005)
(0.007054224284 0.007677257393 -0.0005)
(0.008238527339 0.008293390641 -0.0005)
(0.009527148165 0.008918945284 -0.0005)
(0.0109292336 0.009548872842 -0.0005)
(0.0124545257 0.01017681774 -0.0005)
(0.01411331909 0.01079487691 -0.0005)
(0.01591638421 0.01139332443 -0.0005)
(0.01787484542 0.01196029879 -0.0005)
(0.02 0.01248145153 -0.0005)
(0.001377526118 0.004456376241 -0.0005)
(0.002102829258 0.005000662839 -0.0005)
(0.002891353011 0.005569010049 -0.0005)
(0.003748968262 0.006160729571 -0.0005)
(0.00468207955 0.006774680089 -0.0005)
(0.005697658433 0.007409166737 -0.0005)
(0.006803273109 0.008061822385 -0.0005)
(0.00800711178 0.00872946795 -0.0005)
(0.009317996437 0.009407948682 -0.0005)
(0.01074538266 0.01009194316 -0.0005)
(0.01229933973 0.01077474157 -0.0005)
(0.01399050377 0.01144798991 -0.0005)
(0.01582999445 0.01210139695 -0.0005)
(0.01782928346 0.01272240146 -0.0005)
(0.02 0.0132957982 -0.0005)
(0.001036968752 0.004544300115 -0.0005)
(0.001771195496 0.005131480037 -0.0005)
(0.002570029978 0.00574484231 -0.0005)
(0.00343952977 0.006383697779 -0.0005)
(0.004386306799 0.007046878685 -0.0005)
(0.005417561892 0.007732631996 -0.0005)
(0.006541115286 0.008438493432 -0.0005)
(0.007765430423 0.009161139199 -0.0005)
(0.009099627468 0.009896212203 -0.0005)
(0.0105534819 0.01063811926 -0.0005)
(0.01213740208 0.01137979571 -0.0005)
(0.01386237803 0.01211243373 -0.0005)
(0.01573989143 0.01282517123 -0.0005)
(0.01778177421 0.01350473833 -0.0005)
(0.02 0.01413506026 -0.0005)
(0.0006832129588 0.004604010477 -0.0005)
(0.001426759005 0.005236760341 -0.0005)
(0.00223635102 0.005897975575 -0.0005)
(0.003118239589 0.006586972951 -0.0005)
(0.004079251022 0.00730256474 -0.0005)
(0.005126823131 0.008042945771 -0.0005)
(0.00626903666 0.008805559995 -0.0005)
(0.007514639512 0.00958694342 -0.0005)
(0.008873060012 0.01038253999 -0.0005)
(0.01035440424 0.01118648671 -0.0005)
(0.01196943101 0.01199136416 -0.0005)
(0.01372949613 0.0127879086 -0.0005)
(0.01564645549 0.01356468215 -0.0005)
(0.01773251347 0.01430769812 -0.0005)
(0.02 0.015 -0.0005)
(0.004633612124 0 0.0005)
(0.005311978686 0 0.0005)
(0.006038260861 0 0.0005)
(0.006815843113 0 0.0005)
(0.00764834896 0 0.0005)
(0.008539657866 0 0.0005)
(0.009493923315 0 0.0005)
(0.01051559217 0 0.0005)
(0.01160942538 0 0.0005)
(0.0127805202 0 0.0005)
(0.01403433391 0 0.0005)
(0.01537670925 0 0.0005)
(0.01681390168 0 0.0005)
(0.01835260848 0 0.0005)
(0.02 0 0.0005)
(0.004626536299 0.0001959007018 0.0005)
(0.005302066407 0.0002113554056 0.0005)
(0.006025701767 0.0002274338546 0.0005)
(0.006800885946 0.000244102439 0.0005)
(0.007631309617 0.0002613120214 0.0005)
(0.008520927866 0.0002789946102 0.0005)
(0.009473978532 0.000297059439 0.0005)
(0.01049500157 0.0003153883583 0.0005)
(0.0115888594 0.0003338304419 0.0005)
(0.01276075826 0.0003521957002 0.0005)
(0.01401627034 0.0003702477905 0.0005)
(0.01536135671 0.0003876956113 0.0005)
(0.01680239081 0.0004041836813 0.0005)
(0.01834618216 0.0004192812175 0.0005)
(0.02 0.0004324698688 0.0005)
(0.004611009598 0.0003974181061 0.0005)
(0.005283979987 0.0004288170013 0.0005)
(0.006005276742 0.0004614836461 0.0005)
(0.006778406162 0.000495349876 0.0005)
(0.007607130066 0.0005303160013 0.0005)
(0.008495483557 0.000566244054 0.0005)
(0.009447793636 0.0006029498261 0.0005)
(0.01046869858 0.0006401935127 0.0005)
(0.01156316794 0.0006776687606 0.0005)
(0.01273652299 0.0007149899031 0.0005)
(0.01399445728 0.0007516771571 0.0005)
(0.01534305697 0.0007871395571 0.0005)
(0.01678882043 0.0008206554174 0.0005)
(0.01833867643 0.0008513501564 0.0005)
(0.02 0.0008781713889 0.0005)
(0.004586290196 0.0006042929007 0.0005)
(0.0052570074 0.000652159485 0.0005)
(0.005976306035 0.000701960047 0.0005)
(0.006747758966 0.000753590988 0.0005)
(0.007575203395 0.0008069007102 0.0005)
(0.00846275909 0.0008616793322 0.0005)
(0.009414847297 0.0009176465638 0.0005)
(0.01043621015 0.0009744374566 0.0005)
(0.0115319303 0.001031585725 0.0005)
(0.01270745048 0.001088504307 0.0005)
(0.0139685924 0.001144462819 0.0005)
(0.01532157445 0.001198561561 0.0005)
(0.01677302732 0.001249701771 0.0005)
(0.01833000646 0.001296551841 0.0005)
(0.02 0.00133750939 0.0005)
(0.004551607343 0.0008161944494 0.0005)
(0.005220408885 0.0008810900694 0.0005)
(0.005938083435 0.0009486103411 0.0005)
(0.006708274493 0.001018615434 0.0005)
(0.007534899116 0.001090900562 0.0005)
(0.008422166654 0.001165182058 0.0005)
(0.009374597973 0.001241080962 0.0005)
(0.0103970449 0.001318103731 0.0005)
(0.01149470951 0.001395619657 0.0005)
(0.01267316276 0.001472834554 0.0005)
(0.0139383617 0.001548760229 0.0005)
(0.01529666451 0.001622179304 0.0005)
(0.01675484199 0.001691604928 0.0005)
(0.01832008416 0.001755235055 0.0005)
(0.02 0.001810901087 0.0005)
(0.004506164913 0.001032712605 0.0005)
(0.00517342033 0.001115240678 0.0005)
(0.005889879496 0.001201111029 0.0005)
(0.00665926084 0.001290146898 0.0005)
(0.007485566009 0.001382089123 0.0005)
(0.00837309912 0.001476578465 0.0005)
(0.009326486328 0.001573134782 0.0005)
(0.01035069532 0.00167113254 0.0005)
(0.01145105425 0.001769772158 0.0005)
(0.01263326943 0.001868046604 0.0005)
(0.01390344087 0.001964702658 0.0005)
(0.01526807446 0.002058196247 0.0005)
(0.01673408937 0.002146641321 0.0005)
(0.01830881854 0.002227751814 0.0005)
(0.02 0.002298776461 0.0005)
(0.004449146034 0.001253349058 0.0005)
(0.0051152577 0.001354159697 0.0005)
(0.005830945736 0.001459060011 0.0005)
(0.006600008038 0.001567835735 0.0005)
(0.007426535832 0.001680172254 0.0005)
(0.008314933476 0.001795633083 0.0005)
(0.009269938386 0.001913634474 0.0005)
(0.0102966406 0.002033415592 0.0005)
(0.01140050136 0.002154003591 0.0005)
(0.01258736988 0.002274172917 0.0005)
(0.01386349707 0.002392398097 0.0005)
(0.01523554498 0.002506799326 0.0005)
(0.0167105898 0.002615080161 0.0005)
(0.0182961162 0.002714456799 0.0005)
(0.02 0.002801578648 0.0005)
(0.004379718971 0.001477508281 0.0005)
(0.00504512265 0.001597303343 0.0005)
(0.005760519975 0.001721968409 0.0005)
(0.006529793086 0.00185125127 0.0005)
(0.007357128041 0.001984780927 0.0005)
(0.008247035202 0.002122042095 0.0005)
(0.00920436953 0.002262345129 0.0005)
(0.01023435025 0.002404790683 0.0005)
(0.01134257906 0.002548228348 0.0005)
(0.01253505597 0.002691208427 0.0005)
(0.01381819124 0.002831926018 0.0005)
(0.01519881187 0.002968156535 0.0005)
(0.01668416023 0.0030971819 0.0005)
(0.01828188201 0.003215706752 0.0005)
(0.02 0.003319764342 0.0005)
(0.004297044428 0.001704488145 0.0005)
(0.004962209512 0.001844026715 0.0005)
(0.005677832966 0.001989252082 0.0005)
(0.006447886206 0.002139873822 0.0005)
(0.007276655649 0.00229546378 0.0005)
(0.008168763704 0.00245542648 0.0005)
(0.009129189488 0.002618964226 0.0005)
(0.01016328857 0.002785036099 0.0005)
(0.01127681088 0.002952309939 0.0005)
(0.0124759155 0.003119106394 0.0005)
(0.01376718087 0.003283334012 0.0005)
(0.01515760821 0.003442414415 0.0005)
(0.01665461569 0.003593196633 0.0005)
(0.01826601982 0.003731859855 0.0005)
(0.02 0.003853804209 0.0005)
(0.004200284472 0.001933470319 0.0005)
(0.004865713811 0.002093574643 0.0005)
(0.005582116498 0.002260222957 0.0005)
(0.006353558499 0.002433086543 0.0005)
(0.007184432384 0.002611679506 0.0005)
(0.008079478961 0.002795324973 0.0005)
(0.009043808418 0.00298311523 0.0005)
(0.0100829202 0.003173864878 0.0005)
(0.01120272055 0.003366055982 0.0005)
(0.01240953635 0.003557774144 0.0005)
(0.01371012346 0.003746634353 0.0005)
(0.01511166706 0.003929695493 0.0005)
(0.01662177119 0.004103362468 0.0005)
(0.01824843343 0.004263275097 0.0005)
(0.02 0.004404183317 0.0005)
(0.004088613279 0.002163510604 0.0005)
(0.004754842539 0.002345072469 0.0005)
(0.005472613147 0.002534080293 0.0005)
(0.006246091143 0.002730167199 0.0005)
(0.007079781317 0.002932789186 0.0005)
(0.007978549514 0.003141186998 0.0005)
(0.008947644236 0.003354341143 0.0005)
(0.009992716654 0.003570919044 0.0005)
(0.01111983782 0.00378921315 0.0005)
(0.01233551154 0.004007068797 0.0005)
(0.01364668071 0.004221800546 0.0005)
(0.01506072468 0.004430095707 0.0005)
(0.0165854439 0.004627903892 0.0005)
(0.01822902775 0.004810311637 0.0005)
(0.02 0.004971401574 0.0005)
(0.003961229907 0.002393529378 0.0005)
(0.004628826364 0.00259751695 0.0005)
(0.005348587885 0.002809902057 0.0005)
(0.006124786358 0.003030280054 0.0005)
(0.006962045123 0.003258048722 0.0005)
(0.007865361992 0.00349236568 0.0005)
(0.008840131338 0.00373209815 0.0005)
(0.009892164259 0.003975763915 0.0005)
(0.01102770548 0.004221462193 0.0005)
(0.01225344516 0.004466793048 0.0005)
(0.01357652342 0.004708763926 0.0005)
(0.01500452432 0.004943681878 0.0005)
(0.01654545576 0.00516703017 0.0005)
(0.01820771018 0.005373328203 0.0005)
(0.02 0.005555974182 0.0005)
(0.003817373333 0.002622302399 0.0005)
(0.00448693399 0.00284976748 0.0005)
(0.005209341727 0.003086636617 0.0005)
(0.005988980283 0.003332468062 0.0005)
(0.006830598145 0.003586601552 0.0005)
(0.007739332302 0.003848111131 0.0005)
(0.008720730859 0.004115749503 0.0005)
(0.009780773377 0.004387882635 0.0005)
(0.01092588745 0.004662413164 0.0005)
(0.01216295951 0.004936691128 0.0005)
(0.01349933733 0.005207410403 0.0005)
(0.01494282078 0.005470489298 0.0005)
(0.01650163667 0.005720933833 0.0005)
(0.01818439216 0.005952682537 0.0005)
(0.02 0.006158432107 0.0005)
(0.003656339947 0.002848452255 0.0005)
(0.004328488887 0.003100537953 0.0005)
(0.005054227624 0.003363095027 0.0005)
(0.005838057988 0.003635645614 0.0005)
(0.006684860451 0.003917471896 0.0005)
(0.007599918666 0.004207564215 0.0005)
(0.008588942624 0.004504559858 0.0005)
(0.009658089201 0.00480667111 0.0005)
(0.01081397841 0.005111601 0.0005)
(0.0120637032 0.005416445078 0.0005)
(0.0134148299 0.005717577476 0.0005)
(0.01487538563 0.006010519522 0.0005)
(0.01645382802 0.006289789311 0.0005)
(0.01815899109 0.006548730917 0.0005)
(0.02 0.006779322561 0.0005)
(0.003477503735 0.003070440804 0.0005)
(0.00415288857 0.00334838956 0.0005)
(0.004882668794 0.00363794422 0.0005)
(0.005671470774 0.003938592138 0.0005)
(0.006524314043 0.004249558797 0.0005)
(0.007446636655 0.004569751071 0.0005)
(0.008444318924 0.004897690294 0.0005)
(0.009523704188 0.005231433575 0.0005)
(0.01069161476 0.005568481658 0.0005)
(0.01195536069 0.005905671497 0.0005)
(0.01332273812 0.00623905163 0.0005)
(0.01480201329 0.006563738476 0.0005)
(0.01640188692 0.006873751781 0.0005)
(0.01813143247 0.007161827811 0.0005)
(0.02 0.007419209497 0.0005)
(0.003280339334 0.003286563048 0.0005)
(0.003959626637 0.003591724966 0.0005)
(0.004694179657 0.003909701497 0.0005)
(0.005488755942 0.004239946938 0.0005)
(0.006348521373 0.004581631322 0.0005)
(0.007279076372 0.004933578698 0.0005)
(0.008286480263 0.005294194318 0.0005)
(0.009377272271 0.005661379033 0.0005)
(0.01055848719 0.006032429037 0.0005)
(0.01183766306 0.00640391897 0.0005)
(0.01322283745 0.006771566313 0.0005)
(0.01472252791 0.007130074998 0.0005)
(0.01634569094 0.007472956332 0.0005)
(0.01810165235 0.007792325688 0.0005)
(0.02 0.008078674122 0.0005)
(0.003064448123 0.003494942939 0.0005)
(0.003748317703 0.003828784327 0.0005)
(0.004488389541 0.004176730779 0.0005)
(0.005289559175 0.004538205685 0.0005)
(0.006157146302 0.004912325315 0.0005)
(0.00709692189 0.005297831986 0.0005)
(0.008115133177 0.005693015198 0.0005)
(0.009218524945 0.006095618913 0.0005)
(0.0104143549 0.006502732963 0.0005)
(0.01171040026 0.006910666415 0.0005)
(0.01311495192 0.00731480066 0.0005)
(0.01463679125 0.007709419981 0.0005)
(0.01628514352 0.008087517532 0.0005)
(0.01806960015 0.008440575058 0.0005)
(0.02 0.008758315426 0.0005)
(0.002829587481 0.003693531712 0.0005)
(0.003518725364 0.004057643726 0.0005)
(0.004265069253 0.004437241149 0.0005)
(0.005073659622 0.004831719079 0.0005)
(0.005949977607 0.005240142191 0.0005)
(0.006899973059 0.005661172647 0.0005)
(0.007930090221 0.006092985024 0.0005)
(0.009047289303 0.006533166276 0.0005)
(0.01025906156 0.006978598568 0.0005)
(0.01157343484 0.00742532263 0.0005)
(0.01299896547 0.007868379221 0.0005)
(0.01454471143 0.008301626284 0.0005)
(0.01622018001 0.008717529549 0.0005)
(0.01803524177 0.009106924788 0.0005)
(0.02 0.009458750727 0.0005)
(0.002575703267 0.003880109432 0.0005)
(0.003270793236 0.00427621669 0.0005)
(0.004024160583 0.004689288332 0.0005)
(0.004840997757 0.005118694282 0.0005)
(0.005726955068 0.005563450309 0.0005)
(0.006688169707 0.006022140534 0.0005)
(0.007731292156 0.006492825981 0.0005)
(0.008863508061 0.00697293703 0.0005)
(0.01009255306 0.007459147427 0.0005)
(0.01142671718 0.007947227354 0.0005)
(0.01287483455 0.008431872941 0.0005)
(0.0144462527 0.008906509624 0.0005)
(0.01615077442 0.009363066934 0.0005)
(0.01799856306 0.009791722791 0.0005)
(0.02 0.01018061623 0.0005)
(0.002302965497 0.004052290548 0.0005)
(0.003004679055 0.004482259521 0.0005)
(0.003765808711 0.004930779796 0.0005)
(0.004591705981 0.005397199782 0.0005)
(0.005488198135 0.005880489581 0.0005)
(0.00646161824 0.006379157965 0.0005)
(0.007518832317 0.006891154367 0.0005)
(0.00866726156 0.007413753616 0.0005)
(0.009914896887 0.007943420893 0.0005)
(0.01127030224 0.008475654225 0.0005)
(0.01274260195 0.00900480171 0.0005)
(0.01434144619 0.009523850686 0.0005)
(0.01607694677 0.01002418626 0.0005)
(0.01795957367 0.01049531715 0.0005)
(0.02 0.01092456759 0.0005)
(0.00201180709 0.004207534343 0.0005)
(0.002720791711 0.004673381327 0.0005)
(0.003490397406 0.005159484324 0.0005)
(0.004326141848 0.005665174459 0.0005)
(0.005234037057 0.006189380011 0.0005)
(0.006220620511 0.006730537699 0.0005)
(0.00729298309 0.007286487954 0.0005)
(0.008458791657 0.007854351721 0.0005)
(0.009726303347 0.008430386116 0.0005)
(0.01110436772 0.009009816049 0.0005)
(0.0126024118 0.009586638823 0.0005)
(0.01423040146 0.01015339872 0.0005)
(0.01599877113 0.01070092881 0.0005)
(0.01791831115 0.01121805779 0.0005)
(0.02 0.01169128056 0.0005)
(0.001702965406 0.004343161266 0.0005)
(0.002419830938 0.004847059661 0.0005)
(0.003198586754 0.005373046917 0.0005)
(0.004044923693 0.005920441714 0.0005)
(0.00496504625 0.006488134971 0.0005)
(0.005965704783 0.007074495305 0.0005)
(0.007054224284 0.007677257393 0.0005)
(0.008238527339 0.008293390641 0.0005)
(0.009527148165 0.008918945284 0.0005)
(0.0109292336 0.009548872842 0.0005)
(0.0124545257 0.01017681774 0.0005)
(0.01411331909 0.01079487691 0.0005)
(0.01591638421 0.01139332443 0.0005)
(0.01787484542 0.01196029879 0.0005)
(0.02 0.01248145153 0.0005)
(0.001377526118 0.004456376241 0.0005)
(0.002102829258 0.005000662839 0.0005)
(0.002891353011 0.005569010049 0.0005)
(0.003748968262 0.006160729571 0.0005)
(0.00468207955 0.006774680089 0.0005)
(0.005697658433 0.007409166737 0.0005)
(0.006803273109 0.008061822385 0.0005)
(0.00800711178 0.00872946795 0.0005)
(0.009317996437 0.009407948682 0.0005)
(0.01074538266 0.01009194316 0.0005)
(0.01229933973 0.01077474157 0.0005)
(0.01399050377 0.01144798991 0.0005)
(0.01582999445 0.01210139695 0.0005)
(0.01782928346 0.01272240146 0.0005)
(0.02 0.0132957982 0.0005)
(0.001036968752 0.004544300115 0.0005)
(0.001771195496 0.005131480037 0.0005)
(0.002570029978 0.00574484231 0.0005)
(0.00343952977 0.006383697779 0.0005)
(0.004386306799 0.007046878685 0.0005)
(0.005417561892 0.007732631996 0.0005)
(0.006541115286 0.008438493432 0.0005)
(0.007765430423 0.009161139199 0.0005)
(0.009099627468 0.009896212203 0.0005)
(0.0105534819 0.01063811926 0.0005)
(0.01213740208 0.01137979571 0.0005)
(0.01386237803 0.01211243373 0.0005)
(0.01573989143 0.01282517123 0.0005)
(0.01778177421 0.01350473833 0.0005)
(0.02 0.01413506026 0.0005)
(0.0006832129588 0.004604010477 0.0005)
(0.001426759005 0.005236760341 0.0005)
(0.00223635102 0.005897975575 0.0005)
(0.003118239589 0.006586972951 0.0005)
(0.004079251022 0.00730256474 0.0005)
(0.005126823131 0.008042945771 0.0005)
(0.00626903666 0.008805559995 0.0005)
(0.007514639512 0.00958694342 0.0005)
(0.008873060012 0.01038253999 0.0005)
(0.01035440424 0.01118648671 0.0005)
(0.01196943101 0.01199136416 0.0005)
(0.01372949613 0.0127879086 0.0005)
(0.01564645549 0.01356468215 0.0005)
(0.01773251347 0.01430769812 0.0005)
(0.02 0.015 0.0005)
(0.02187700654 0 -0.0005)
(0.02401028731 0 -0.0005)
(0.02643483232 0 -0.0005)
(0.02919040889 0 -0.0005)
(0.0323222139 0 -0.0005)
(0.03588161514 0 -0.0005)
(0.03992699381 0 -0.0005)
(0.04452470208 0 -0.0005)
(0.04975015145 0 -0.0005)
(0.05568904958 0 -0.0005)
(0.06243880612 0 -0.0005)
(0.07011013038 0 -0.0005)
(0.0788288472 0 -0.0005)
(0.08873796074 0 -0.0005)
(0.1 0 -0.0005)
(0.02187700654 0.0004324698688 -0.0005)
(0.02401028731 0.0004324698688 -0.0005)
(0.02643483232 0.0004324698688 -0.0005)
(0.02919040889 0.0004324698688 -0.0005)
(0.0323222139 0.0004324698688 -0.0005)
(0.03588161514 0.0004324698688 -0.0005)
(0.03992699381 0.0004324698688 -0.0005)
(0.04452470208 0.0004324698688 -0.0005)
(0.04975015145 0.0004324698688 -0.0005)
(0.05568904958 0.0004324698688 -0.0005)
(0.06243880612 0.0004324698688 -0.0005)
(0.07011013038 0.0004324698688 -0.0005)
(0.0788288472 0.0004324698688 -0.0005)
(0.08873796074 0.0004324698688 -0.0005)
(0.1 0.0004324698688 -0.0005)
(0.02187700654 0.0008781713889 -0.0005)
(0.02401028731 0.0008781713889 -0.0005)
(0.02643483232 0.0008781713889 -0.0005)
(0.02919040889 0.0008781713889 -0.0005)
(0.0323222139 0.0008781713889 -0.0005)
(0.03588161514 0.0008781713889 -0.0005)
(0.03992699381 0.0008781713889 -0.0005)
(0.04452470208 0.0008781713889 -0.0005)
(0.04975015145 0.0008781713889 -0.0005)
(0.05568904958 0.0008781713889 -0.0005)
(0.06243880612 0.0008781713889 -0.0005)
(0.07011013038 0.0008781713889 -0.0005)
(0.0788288472 0.0008781713889 -0.0005)
(0.08873796074 0.0008781713889 -0.0005)
(0.1 0.0008781713889 -0.0005)
(0.02187700654 0.00133750939 -0.0005)
(0.02401028731 0.00133750939 -0.0005)
(0.02643483232 0.00133750939 -0.0005)
(0.02919040889 0.00133750939 -0.0005)
(0.0323222139 0.00133750939 -0.0005)
(0.03588161514 0.00133750939 -0.0005)
(0.03992699381 0.00133750939 -0.0005)
(0.04452470208 0.00133750939 -0.0005)
(0.04975015145 0.00133750939 -0.0005)
(0.05568904958 0.00133750939 -0.0005)
(0.06243880612 0.00133750939 -0.0005)
(0.07011013038 0.00133750939 -0.0005)
(0.0788288472 0.00133750939 -0.0005)
(0.08873796074 0.00133750939 -0.0005)
(0.1 0.00133750939 -0.0005)
(0.02187700654 0.001810901087 -0.0005)
(0.02401028731 0.001810901087 -0.0005)
(0.02643483232 0.001810901087 -0.0005)
(0.02919040889 0.001810901087 -0.0005)
(0.0323222139 0.001810901087 -0.0005)
(0.03588161514 0.001810901087 -0.0005)
(0.03992699381 0.001810901087 -0.0005)
(0.04452470208 0.001810901087 -0.0005)
(0.04975015145 0.001810901087 -0.0005)
(0.05568904958 0.001810901087 -0.0005)
(0.06243880612 0.001810901087 -0.0005)
(0.07011013038 0.001810901087 -0.0005)
(0.0788288472 0.001810901087 -0.0005)
(0.08873796074 0.001810901087 -0.0005)
(0.1 0.001810901087 -0.0005)
(0.02187700654 0.002298776461 -0.0005)
(0.02401028731 0.002298776461 -0.0005)
(0.02643483232 0.002298776461 -0.0005)
(0.02919040889 0.002298776461 -0.0005)
(0.0323222139 0.002298776461 -0.0005)
(0.03588161514 0.002298776461 -0.0005)
(0.03992699381 0.002298776461 -0.0005)
(0.04452470208 0.002298776461 -0.0005)
(0.04975015145 0.002298776461 -0.0005)
(0.05568904958 0.002298776461 -0.0005)
(0.06243880612 0.002298776461 -0.0005)
(0.07011013038 0.002298776461 -0.0005)
(0.0788288472 0.002298776461 -0.0005)
(0.08873796074 0.002298776461 -0.0005)
(0.1 0.002298776461 -0.0005)
(0.02187700654 0.002801578648 -0.0005)
(0.02401028731 0.002801578648 -0.0005)
(0.02643483232 0.002801578648 -0.0005)
(0.02919040889 0.002801578648 -0.0005)
(0.0323222139 0.002801578648 -0.0005)
(0.03588161514 0.002801578648 -0.0005)
(0.03992699381 0.002801578648 -0.0005)
(0.04452470208 0.002801578648 -0.0005)
(0.04975015145 0.002801578648 -0.0005)
(0.05568904958 0.002801578648 -0.0005)
(0.06243880612 0.002801578648 -0.0005)
(0.07011013038 0.002801578648 -0.0005)
(0.0788288472 0.002801578648 -0.0005)
(0.08873796074 0.002801578648 -0.0005)
(0.1 0.002801578648 -0.0005)
(0.02187700654 0.003319764342 -0.0005)
(0.02401028731 0.003319764342 -0.0005)
(0.02643483232 0.003319764342 -0.0005)
(0.02919040889 0.003319764342 -0.0005)
(0.0323222139 0.003319764342 -0.0005)
(0.03588161514 0.003319764342 -0.0005)
(0.03992699381 0.003319764342 -0.0005)
(0.04452470208 0.003319764342 -0.0005)
(0.04975015145 0.003319764342 -0.0005)
(0.05568904958 0.003319764342 -0.0005)
(0.06243880612 0.003319764342 -0.0005)
(0.07011013038 0.003319764342 -0.0005)
(0.0788288472 0.003319764342 -0.0005)
(0.08873796074 0.003319764342 -0.0005)
(0.1 0.003319764342 -0.0005)
(0.02187700654 0.003853804209 -0.0005)
(0.02401028731 0.003853804209 -0.0005)
(0.02643483232 0.003853804209 -0.0005)
(0.02919040889 0.003853804209 -0.0005)
(0.0323222139 0.003853804209 -0.0005)
(0.03588161514 0.003853804209 -0.0005)
(0.03992699381 0.003853804209 -0.0005)
(0.04452470208 0.003853804209 -0.0005)
(0.04975015145 0.003853804209 -0.0005)
(0.05568904958 0.003853804209 -0.0005)
(0.06243880612 0.003853804209 -0.0005)
(0.07011013038 0.003853804209 -0.0005)
(0.0788288472 0.003853804209 -0.0005)
(0.08873796074 0.003853804209 -0.0005)
(0.1 0.003853804209 -0.0005)
(0.02187700654 0.004404183317 -0.0005)
(0.02401028731 0.004404183317 -0.0005)
(0.02643483232 0.004404183317 -0.0005)
(0.02919040889 0.004404183317 -0.0005)
(0.0323222139 0.004404183317 -0.0005)
(0.03588161514 0.004404183317 -0.0005)
(0.03992699381 0.004404183317 -0.0005)
(0.04452470208 0.004404183317 -0.0005)
(0.04975015145 0.004404183317 -0.0005)
(0.05568904958 0.004404183317 -0.0005)
(0.06243880612 0.004404183317 -0.0005)
(0.07011013038 0.004404183317 -0.0005)
(0.0788288472 0.004404183317 -0.0005)
(0.08873796074 0.004404183317 -0.0005)
(0.1 0.004404183317 -0.0005)
(0.02187700654 0.004971401574 -0.0005)
(0.02401028731 0.004971401574 -0.0005)
(0.02643483232 0.004971401574 -0.0005)
(0.02919040889 0.004971401574 -0.0005)
(0.0323222139 0.004971401574 -0.0005)
(0.03588161514 0.004971401574 -0.0005)
(0.03992699381 0.004971401574 -0.0005)
(0.04452470208 0.004971401574 -0.0005)
(0.04975015145 0.004971401574 -0.0005)
(0.05568904958 0.004971401574 -0.0005)
(0.06243880612 0.004971401574 -0.0005)
(0.07011013038 0.004971401574 -0.0005)
(0.0788288472 0.004971401574 -0.0005)
(0.08873796074 0.004971401574 -0.0005)
(0.1 0.004971401574 -0.0005)
(0.02187700654 0.005555974182 -0.0005)
(0.02401028731 0.005555974182 -0.0005)
(0.02643483232 0.005555974182 -0.0005)
(0.02919040889 0.005555974182 -0.0005)
(0.0323222139 0.005555974182 -0.0005)
(0.03588161514 0.005555974182 -0.0005)
(0.03992699381 0.005555974182 -0.0005)
(0.04452470208 0.005555974182 -0.0005)
(0.04975015145 0.005555974182 -0.0005)
(0.05568904958 0.005555974182 -0.0005)
(0.06243880612 0.005555974182 -0.0005)
(0.07011013038 0.005555974182 -0.0005)
(0.0788288472 0.005555974182 -0.0005)
(0.08873796074 0.005555974182 -0.0005)
(0.1 0.005555974182 -0.0005)
(0.02187700654 0.006158432107 -0.0005)
(0.02401028731 0.006158432107 -0.0005)
(0.02643483232 0.006158432107 -0.0005)
(0.02919040889 0.006158432107 -0.0005)
(0.0323222139 0.006158432107 -0.0005)
(0.03588161514 0.006158432107 -0.0005)
(0.03992699381 0.006158432107 -0.0005)
(0.04452470208 0.006158432107 -0.0005)
(0.04975015145 0.006158432107 -0.0005)
(0.05568904958 0.006158432107 -0.0005)
(0.06243880612 0.006158432107 -0.0005)
(0.07011013038 0.006158432107 -0.0005)
(0.0788288472 0.006158432107 -0.0005)
(0.08873796074 0.006158432107 -0.0005)
(0.1 0.006158432107 -0.0005)
(0.02187700654 0.006779322561 -0.0005)
(0.02401028731 0.006779322561 -0.0005)
(0.02643483232 0.006779322561 -0.0005)
(0.02919040889 0.006779322561 -0.0005)
(0.0323222139 0.006779322561 -0.0005)
(0.03588161514 0.006779322561 -0.0005)
(0.03992699381 0.006779322561 -0.0005)
(0.04452470208 0.006779322561 -0.0005)
(0.04975015145 0.006779322561 -0.0005)
(0.05568904958 0.006779322561 -0.0005)
(0.06243880612 0.006779322561 -0.0005)
(0.07011013038 0.006779322561 -0.0005)
(0.0788288472 0.006779322561 -0.0005)
(0.08873796074 0.006779322561 -0.0005)
(0.1 0.006779322561 -0.0005)
(0.02187700654 0.007419209497 -0.0005)
(0.02401028731 0.007419209497 -0.0005)
(0.02643483232 0.007419209497 -0.0005)
(0.02919040889 0.007419209497 -0.0005)
(0.0323222139 0.007419209497 -0.0005)
(0.03588161514 0.007419209497 -0.0005)
(0.03992699381 0.007419209497 -0.0005)
(0.04452470208 0.007419209497 -0.0005)
(0.04975015145 0.007419209497 -0.0005)
(0.05568904958 0.007419209497 -0.0005)
(0.06243880612 0.007419209497 -0.0005)
(0.07011013038 0.007419209497 -0.0005)
(0.0788288472 0.007419209497 -0.0005)
(0.08873796074 0.007419209497 -0.0005)
(0.1 0.007419209497 -0.0005)
(0.02187700654 0.008078674122 -0.0005)
(0.02401028731 0.008078674122 -0.0005)
(0.02643483232 0.008078674122 -0.0005)
(0.02919040889 0.008078674122 -0.0005)
(0.0323222139 0.008078674122 -0.0005)
(0.03588161514 0.008078674122 -0.0005)
(0.03992699381 0.008078674122 -0.0005)
(0.04452470208 0.008078674122 -0.0005)
(0.04975015145 0.008078674122 -0.0005)
(0.05568904958 0.008078674122 -0.0005)
(0.06243880612 0.008078674122 -0.0005)
(0.07011013038 0.008078674122 -0.0005)
(0.0788288472 0.008078674122 -0.0005)
(0.08873796074 0.008078674122 -0.0005)
(0.1 0.008078674122 -0.0005)
(0.02187700654 0.008758315426 -0.0005)
(0.02401028731 0.008758315426 -0.0005)
(0.02643483232 0.008758315426 -0.0005)
(0.02919040889 0.008758315426 -0.0005)
(0.0323222139 0.008758315426 -0.0005)
(0.03588161514 0.008758315426 -0.0005)
(0.03992699381 0.008758315426 -0.0005)
(0.04452470208 0.008758315426 -0.0005)
(0.04975015145 0.008758315426 -0.0005)
(0.05568904958 0.008758315426 -0.0005)
(0.06243880612 0.008758315426 -0.0005)
(0.07011013038 0.008758315426 -0.0005)
(0.0788288472 0.008758315426 -0.0005)
(0.08873796074 0.008758315426 -0.0005)
(0.1 0.008758315426 -0.0005)
(0.02187700654 0.009458750727 -0.0005)
(0.02401028731 0.009458750727 -0.0005)
(0.02643483232 0.009458750727 -0.0005)
(0.02919040889 0.009458750727 -0.0005)
(0.0323222139 0.009458750727 -0.0005)
(0.03588161514 0.009458750727 -0.0005)
(0.03992699381 0.009458750727 -0.0005)
(0.04452470208 0.009458750727 -0.0005)
(0.04975015145 0.009458750727 -0.0005)
(0.05568904958 0.009458750727 -0.0005)
(0.06243880612 0.009458750727 -0.0005)
(0.07011013038 0.009458750727 -0.0005)
(0.0788288472 0.009458750727 -0.0005)
(0.08873796074 0.009458750727 -0.0005)
(0.1 0.009458750727 -0.0005)
(0.02187700654 0.01018061623 -0.0005)
(0.02401028731 0.01018061623 -0.0005)
(0.02643483232 0.01018061623 -0.0005)
(0.02919040889 0.01018061623 -0.0005)
(0.0323222139 0.01018061623 -0.0005)
(0.03588161514 0.01018061623 -0.0005)
(0.03992699381 0.01018061623 -0.0005)
(0.04452470208 0.01018061623 -0.0005)
(0.04975015145 0.01018061623 -0.0005)
(0.05568904958 0.01018061623 -0.0005)
(0.06243880612 0.01018061623 -0.0005)
(0.07011013038 0.01018061623 -0.0005)
(0.0788288472 0.01018061623 -0.0005)
(0.08873796074 0.01018061623 -0.0005)
(0.1 0.01018061623 -0.0005)
(0.02187700654 0.01092456759 -0.0005)
(0.02401028731 0.01092456759 -0.0005)
(0.02643483232 0.01092456759 -0.0005)
(0.02919040889 0.01092456759 -0.0005)
(0.0323222139 0.01092456759 -0.0005)
(0.03588161514 0.01092456759 -0.0005)
(0.03992699381 0.01092456759 -0.0005)
(0.04452470208 0.01092456759 -0.0005)
(0.04975015145 0.01092456759 -0.0005)
(0.05568904958 0.01092456759 -0.0005)
(0.06243880612 0.01092456759 -0.0005)
(0.07011013038 0.01092456759 -0.0005)
(0.0788288472 0.01092456759 -0.0005)
(0.08873796074 0.01092456759 -0.0005)
(0.1 0.01092456759 -0.0005)
(0.02187700654 0.01169128056 -0.0005)
(0.02401028731 0.01169128056 -0.0005)
(0.02643483232 0.01169128056 -0.0005)
(0.02919040889 0.01169128056 -0.0005)
(0.0323222139 0.01169128056 -0.0005)
(0.03588161514 0.01169128056 -0.0005)
(0.03992699381 0.01169128056 -0.0005)
(0.04452470208 0.01169128056 -0.0005)
(0.04975015145 0.01169128056 -0.0005)
(0.05568904958 0.01169128056 -0.0005)
(0.06243880612 0.01169128056 -0.0005)
(0.07011013038 0.01169128056 -0.0005)
(0.0788288472 0.01169128056 -0.0005)
(0.08873796074 0.01169128056 -0.0005)
(0.1 0.01169128056 -0.0005)
(0.02187700654 0.01248145153 -0.0005)
(0.02401028731 0.01248145153 -0.0005)
(0.02643483232 0.01248145153 -0.0005)
(0.02919040889 0.01248145153 -0.0005)
(0.0323222139 0.01248145153 -0.0005)
(0.03588161514 0.01248145153 -0.0005)
(0.03992699381 0.01248145153 -0.0005)
(0.04452470208 0.01248145153 -0.0005)
(0.04975015145 0.01248145153 -0.0005)
(0.05568904958 0.01248145153 -0.0005)
(0.06243880612 0.01248145153 -0.0005)
(0.07011013038 0.01248145153 -0.0005)
(0.0788288472 0.01248145153 -0.0005)
(0.08873796074 0.01248145153 -0.0005)
(0.1 0.01248145153 -0.0005)
(0.02187700654 0.0132957982 -0.0005)
(0.02401028731 0.0132957982 -0.0005)
(0.02643483232 0.0132957982 -0.0005)
(0.02919040889 0.0132957982 -0.0005)
(0.0323222139 0.0132957982 -0.0005)
(0.03588161514 0.0132957982 -0.0005)
(0.03992699381 0.0132957982 -0.0005)
(0.04452470208 0.0132957982 -0.0005)
(0.04975015145 0.0132957982 -0.0005)
(0.05568904958 0.0132957982 -0.0005)
(0.06243880612 0.0132957982 -0.0005)
(0.07011013038 0.0132957982 -0.0005)
(0.0788288472 0.0132957982 -0.0005)
(0.08873796074 0.0132957982 -0.0005)
(0.1 0.0132957982 -0.0005)
(0.02187700654 0.01413506026 -0.0005)
(0.02401028731 0.01413506026 -0.0005)
(0.02643483232 0.01413506026 -0.0005)
(0.02919040889 0.01413506026 -0.0005)
(0.0323222139 0.01413506026 -0.0005)
(0.03588161514 0.01413506026 -0.0005)
(0.03992699381 0.01413506026 -0.0005)
(0.04452470208 0.01413506026 -0.0005)
(0.04975015145 0.01413506026 -0.0005)
(0.05568904958 0.01413506026 -0.0005)
(0.06243880612 0.01413506026 -0.0005)
(0.07011013038 0.01413506026 -0.0005)
(0.0788288472 0.01413506026 -0.0005)
(0.08873796074 0.01413506026 -0.0005)
(0.1 0.01413506026 -0.0005)
(0.02187700654 0.015 -0.0005)
(0.02401028731 0.015 -0.0005)
(0.02643483232 0.015 -0.0005)
(0.02919040889 0.015 -0.0005)
(0.0323222139 0.015 -0.0005)
(0.03588161514 0.015 -0.0005)
(0.03992699381 0.015 -0.0005)
(0.04452470208 0.015 -0.0005)
(0.04975015145 0.015 -0.0005)
(0.05568904958 0.015 -0.0005)
(0.06243880612 0.015 -0.0005)
(0.07011013038 0.015 -0.0005)
(0.0788288472 0.015 -0.0005)
(0.08873796074 0.015 -0.0005)
(0.1 0.015 -0.0005)
(0.02187700654 0 0.0005)
(0.02401028731 0 0.0005)
(0.02643483232 0 0.0005)
(0.02919040889 0 0.0005)
(0.0323222139 0 0.0005)
(0.03588161514 0 0.0005)
(0.03992699381 0 0.0005)
(0.04452470208 0 0.0005)
(0.04975015145 0 0.0005)
(0.05568904958 0 0.0005)
(0.06243880612 0 0.0005)
(0.07011013038 0 0.0005)
(0.0788288472 0 0.0005)
(0.08873796074 0 0.0005)
(0.1 0 0.0005)
(0.02187700654 0.0004324698688 0.0005)
(0.02401028731 0.0004324698688 0.0005)
(0.02643483232 0.0004324698688 0.0005)
(0.02919040889 0.0004324698688 0.0005)
(0.0323222139 0.0004324698688 0.0005)
(0.03588161514 0.0004324698688 0.0005)
(0.03992699381 0.0004324698688 0.0005)
(0.04452470208 0.0004324698688 0.0005)
(0.04975015145 0.0004324698688 0.0005)
(0.05568904958 0.0004324698688 0.0005)
(0.06243880612 0.0004324698688 0.0005)
(0.07011013038 0.0004324698688 0.0005)
(0.0788288472 0.0004324698688 0.0005)
(0.08873796074 0.0004324698688 0.0005)
(0.1 0.0004324698688 0.0005)
(0.02187700654 0.0008781713889 0.0005)
(0.02401028731 0.0008781713889 0.0005)
(0.02643483232 0.0008781713889 0.0005)
(0.02919040889 0.0008781713889 0.0005)
(0.0323222139 0.0008781713889 0.0005)
(0.03588161514 0.0008781713889 0.0005)
(0.03992699381 0.0008781713889 0.0005)
(0.04452470208 0.0008781713889 0.0005)
(0.04975015145 0.0008781713889 0.0005)
(0.05568904958 0.0008781713889 0.0005)
(0.06243880612 0.0008781713889 0.0005)
(0.07011013038 0.0008781713889 0.0005)
(0.0788288472 0.0008781713889 0.0005)
(0.08873796074 0.0008781713889 0.0005)
(0.1 0.0008781713889 0.0005)
(0.02187700654 0.00133750939 0.0005)
(0.02401028731 0.00133750939 0.0005)
(0.02643483232 0.00133750939 0.0005)
(0.02919040889 0.00133750939 0.0005)
(0.0323222139 0.00133750939 0.0005)
(0.03588161514 0.00133750939 0.0005)
(0.03992699381 0.00133750939 0.0005)
(0.04452470208 0.00133750939 0.0005)
(0.04975015145 0.00133750939 0.0005)
(0.05568904958 0.00133750939 0.0005)
(0.06243880612 0.00133750939 0.0005)
(0.07011013038 0.00133750939 0.0005)
(0.0788288472 0.00133750939 0.0005)
(0.08873796074 0.00133750939 0.0005)
(0.1 0.00133750939 0.0005)
(0.02187700654 0.001810901087 0.0005)
(0.02401028731 0.001810901087 0.0005)
(0.02643483232 0.001810901087 0.0005)
(0.02919040889 0.001810901087 0.0005)
(0.0323222139 0.001810901087 0.0005)
(0.03588161514 0.001810901087 0.0005)
(0.03992699381 0.001810901087 0.0005)
(0.04452470208 0.001810901087 0.0005)
(0.04975015145 0.001810901087 0.0005)
(0.05568904958 0.001810901087 0.0005)
(0.06243880612 0.001810901087 0.0005)
(0.07011013038 0.001810901087 0.0005)
(0.0788288472 0.001810901087 0.0005)
(0.08873796074 0.001810901087 0.0005)
(0.1 0.001810901087 0.0005)
(0.02187700654 0.002298776461 0.0005)
(0.02401028731 0.002298776461 0.0005)
(0.02643483232 0.002298776461 0.0005)
(0.02919040889 0.002298776461 0.0005)
(0.0323222139 0.002298776461 0.0005)
(0.03588161514 0.002298776461 0.0005)
(0.03992699381 0.002298776461 0.0005)
(0.04452470208 0.002298776461 0.0005)
(0.04975015145 0.002298776461 0.0005)
(0.05568904958 0.002298776461 0.0005)
(0.06243880612 0.002298776461 0.0005)
(0.07011013038 0.002298776461 0.0005)
(0.0788288472 0.002298776461 0.0005)
(0.08873796074 0.002298776461 0.0005)
(0.1 0.002298776461 0.0005)
(0.02187700654 0.002801578648 0.0005)
(0.02401028731 0.002801578648 0.0005)
(0.02643483232 0.002801578648 0.0005)
(0.02919040889 0.002801578648 0.0005)
(0.0323222139 0.002801578648 0.0005)
(0.03588161514 0.002801578648 0.0005)
(0.03992699381 0.002801578648 0.0005)
(0.04452470208 0.002801578648 0.0005)
(0.04975015145 0.002801578648 0.0005)
(0.05568904958 0.002801578648 0.0005)
(0.06243880612 0.002801578648 0.0005)
(0.07011013038 0.002801578648 0.0005)
(0.0788288472 0.002801578648 0.0005)
(0.08873796074 0.002801578648 0.0005)
(0.1 0.002801578648 0.0005)
(0.02187700654 0.003319764342 0.0005)
(0.02401028731 0.003319764342 0.0005)
(0.02643483232 0.003319764342 0.0005)
(0.02919040889 0.003319764342 0.0005)
(0.0323222139 0.003319764342 0.0005)
(0.03588161514 0.003319764342 0.0005)
(0.03992699381 0.003319764342 0.0005)
(0.04452470208 0.003319764342 0.0005)
(0.04975015145 0.003319764342 0.0005)
(0.05568904958 0.003319764342 0.0005)
(0.06243880612 0.003319764342 0.0005)
(0.07011013038 0.003319764342 0.0005)
(0.0788288472 0.003319764342 0.0005)
(0.08873796074 0.003319764342 0.0005)
(0.1 0.003319764342 0.0005)
(0.02187700654 0.003853804209 0.0005)
(0.02401028731 0.003853804209 0.0005)
(0.02643483232 0.003853804209 0.0005)
(0.02919040889 0.003853804209 0.0005)
(0.0323222139 0.003853804209 0.0005)
(0.03588161514 0.003853804209 0.0005)
(0.03992699381 0.003853804209 0.0005)
(0.04452470208 0.003853804209 0.0005)
(0.04975015145 0.003853804209 0.0005)
(0.05568904958 0.003853804209 0.0005)
(0.06243880612 0.003853804209 0.0005)
(0.07011013038 0.003853804209 0.0005)
(0.0788288472 0.003853804209 0.0005)
(0.08873796074 0.003853804209 0.0005)
(0.1 0.003853804209 0.0005)
(0.02187700654 0.004404183317 0.0005)
(0.02401028731 0.004404183317 0.0005)
(0.02643483232 0.004404183317 0.0005)
(0.02919040889 0.004404183317 0.0005)
(0.0323222139 0.004404183317 0.0005)
(0.03588161514 0.004404183317 0.0005)
(0.03992699381 0.004404183317 0.0005)
(0.04452470208 0.004404183317 0.0005)
(0.04975015145 0.004404183317 0.0005)
(0.05568904958 0.004404183317 0.0005)
(0.06243880612 0.004404183317 0.0005)
(0.07011013038 0.004404183317 0.0005)
(0.0788288472 0.004404183317 0.0005)
(0.08873796074 0.004404183317 0.0005)
(0.1 0.004404183317 0.0005)
(0.02187700654 0.004971401574 0.0005)
(0.02401028731 0.004971401574 0.0005)
(0.02643483232 0.004971401574 0.0005)
(0.02919040889 0.004971401574 0.0005)
(0.0323222139 0.004971401574 0.0005)
(0.03588161514 0.004971401574 0.0005)
(0.03992699381 0.004971401574 0.0005)
(0.04452470208 0.004971401574 0.0005)
(0.04975015145 0.004971401574 0.0005)
(0.05568904958 0.004971401574 0.0005)
(0.06243880612 0.004971401574 0.0005)
(0.07011013038 0.004971401574 0.0005)
(0.0788288472 0.004971401574 0.0005)
(0.08873796074 0.004971401574 0.0005)
(0.1 0.004971401574 0.0005)
(0.02187700654 0.005555974182 0.0005)
(0.02401028731 0.005555974182 0.0005)
(0.02643483232 0.005555974182 0.0005)
(0.02919040889 0.005555974182 0.0005)
(0.0323222139 0.005555974182 0.0005)
(0.03588161514 0.005555974182 0.0005)
(0.03992699381 0.005555974182 0.0005)
(0.04452470208 0.005555974182 0.0005)
(0.04975015145 0.005555974182 0.0005)
(0.05568904958 0.005555974182 0.0005)
(0.06243880612 0.005555974182 0.0005)
(0.07011013038 0.005555974182 0.0005)
(0.0788288472 0.005555974182 0.0005)
(0.08873796074 0.005555974182 0.0005)
(0.1 0.005555974182 0.0005)
(0.02187700654 0.006158432107 0.0005)
(0.02401028731 0.006158432107 0.0005)
(0.02643483232 0.006158432107 0.0005)
(0.02919040889 0.006158432107 0.0005)
(0.0323222139 0.006158432107 0.0005)
(0.03588161514 0.006158432107 0.0005)
(0.03992699381 0.006158432107 0.0005)
(0.04452470208 0.006158432107 0.0005)
(0.04975015145 0.006158432107 0.0005)
(0.05568904958 0.006158432107 0.0005)
(0.06243880612 0.006158432107 0.0005)
(0.07011013038 0.006158432107 0.0005)
(0.0788288472 0.006158432107 0.0005)
(0.08873796074 0.006158432107 0.0005)
(0.1 0.006158432107 0.0005)
(0.02187700654 0.006779322561 0.0005)
(0.02401028731 0.006779322561 0.0005)
(0.02643483232 0.006779322561 0.0005)
(0.02919040889 0.006779322561 0.0005)
(0.0323222139 0.006779322561 0.0005)
(0.03588161514 0.006779322561 0.0005)
(0.03992699381 0.006779322561 0.0005)
(0.04452470208 0.006779322561 0.0005)
(0.04975015145 0.006779322561 0.0005)
(0.05568904958 0.006779322561 0.0005)
(0.06243880612 0.006779322561 0.0005)
(0.07011013038 0.006779322561 0.0005)
(0.0788288472 0.006779322561 0.0005)
(0.08873796074 0.006779322561 0.0005)
(0.1 0.006779322561 0.0005)
(0.02187700654 0.007419209497 0.0005)
(0.02401028731 0.007419209497 0.0005)
(0.02643483232 0.007419209497 0.0005)
(0.02919040889 0.007419209497 0.0005)
(0.0323222139 0.007419209497 0.0005)
(0.03588161514 0.007419209497 0.0005)
(0.03992699381 0.007419209497 0.0005)
(0.04452470208 0.007419209497 0.0005)
(0.04975015145 0.007419209497 0.0005)
(0.05568904958 0.007419209497 0.0005)
(0.06243880612 0.007419209497 0.0005)
(0.07011013038 0.007419209497 0.0005)
(0.0788288472 0.007419209497 0.0005)
(0.08873796074 0.007419209497 0.0005)
(0.1 0.007419209497 0.0005)
(0.02187700654 0.008078674122 0.0005)
(0.02401028731 0.008078674122 0.0005)
(0.02643483232 0.008078674122 0.0005)
(0.02919040889 0.008078674122 0.0005)
(0.0323222139 0.008078674122 0.0005)
(0.03588161514 0.008078674122 0.0005)
(0.03992699381 0.008078674122 0.0005)
(0.04452470208 0.008078674122 0.0005)
(0.04975015145 0.008078674122 0.0005)
(0.05568904958 0.008078674122 0.0005)
(0.06243880612 0.008078674122 0.0005)
(0.07011013038 0.008078674122 0.0005)
(0.0788288472 0.008078674122 0.0005)
(0.08873796074 0.008078674122 0.0005)
(0.1 0.008078674122 0.0005)
(0.02187700654 0.008758315426 0.0005)
(0.02401028731 0.008758315426 0.0005)
(0.02643483232 0.008758315426 0.0005)
(0.02919040889 0.008758315426 0.0005)
(0.0323222139 0.008758315426 0.0005)
(0.03588161514 0.008758315426 0.0005)
(0.03992699381 0.008758315426 0.0005)
(0.04452470208 0.008758315426 0.0005)
(0.04975015145 0.008758315426 0.0005)
(0.05568904958 0.008758315426 0.0005)
(0.06243880612 0.008758315426 0.0005)
(0.07011013038 0.008758315426 0.0005)
(0.0788288472 0.008758315426 0.0005)
(0.08873796074 0.008758315426 0.0005)
(0.1 0.008758315426 0.0005)
(0.02187700654 0.009458750727 0.0005)
(0.02401028731 0.009458750727 0.0005)
(0.02643483232 0.009458750727 0.0005)
(0.02919040889 0.009458750727 0.0005)
(0.0323222139 0.009458750727 0.0005)
(0.03588161514 0.009458750727 0.0005)
(0.03992699381 0.009458750727 0.0005)
(0.04452470208 0.009458750727 0.0005)
(0.04975015145 0.009458750727 0.0005)
(0.05568904958 0.009458750727 0.0005)
(0.06243880612 0.009458750727 0.0005)
(0.07011013038 0.009458750727 0.0005)
(0.0788288472 0.009458750727 0.0005)
(0.08873796074 0.009458750727 0.0005)
(0.1 0.009458750727 0.0005)
(0.02187700654 0.01018061623 0.0005)
(0.02401028731 0.01018061623 0.0005)
(0.02643483232 0.01018061623 0.0005)
(0.02919040889 0.01018061623 0.0005)
(0.0323222139 0.01018061623 0.0005)
(0.03588161514 0.01018061623 0.0005)
(0.03992699381 0.01018061623 0.0005)
(0.04452470208 0.01018061623 0.0005)
(0.04975015145 0.01018061623 0.0005)
(0.05568904958 0.01018061623 0.0005)
(0.06243880612 0.01018061623 0.0005)
(0.07011013038 0.01018061623 0.0005)
(0.0788288472 0.01018061623 0.0005)
(0.08873796074 0.01018061623 0.0005)
(0.1 0.01018061623 0.0005)
(0.02187700654 0.01092456759 0.0005)
(0.02401028731 0.01092456759 0.0005)
(0.02643483232 0.01092456759 0.0005)
(0.02919040889 0.01092456759 0.0005)
(0.0323222139 0.01092456759 0.0005)
(0.03588161514 0.01092456759 0.0005)
(0.03992699381 0.01092456759 0.0005)
(0.04452470208 0.01092456759 0.0005)
(0.04975015145 0.01092456759 0.0005)
(0.05568904958 0.01092456759 0.0005)
(0.06243880612 0.01092456759 0.0005)
(0.07011013038 0.01092456759 0.0005)
(0.0788288472 0.01092456759 0.0005)
(0.08873796074 0.01092456759 0.0005)
(0.1 0.01092456759 0.0005)
(0.02187700654 0.01169128056 0.0005)
(0.02401028731 0.01169128056 0.0005)
(0.02643483232 0.01169128056 0.0005)
(0.02919040889 0.01169128056 0.0005)
(0.0323222139 0.01169128056 0.0005)
(0.03588161514 0.01169128056 0.0005)
(0.03992699381 0.01169128056 0.0005)
(0.04452470208 0.01169128056 0.0005)
(0.04975015145 0.01169128056 0.0005)
(0.05568904958 0.01169128056 0.0005)
(0.06243880612 0.01169128056 0.0005)
(0.07011013038 0.01169128056 0.0005)
(0.0788288472 0.01169128056 0.0005)
(0.08873796074 0.01169128056 0.0005)
(0.1 0.01169128056 0.0005)
(0.02187700654 0.01248145153 0.0005)
(0.02401028731 0.01248145153 0.0005)
(0.02643483232 0.01248145153 0.0005)
(0.02919040889 0.01248145153 0.0005)
(0.0323222139 0.01248145153 0.0005)
(0.03588161514 0.01248145153 0.0005)
(0.03992699381 0.01248145153 0.0005)
(0.04452470208 0.01248145153 0.0005)
(0.04975015145 0.01248145153 0.0005)
(0.05568904958 0.01248145153 0.0005)
(0.06243880612 0.01248145153 0.0005)
(0.07011013038 0.01248145153 0.0005)
(0.0788288472 0.01248145153 0.0005)
(0.08873796074 0.01248145153 0.0005)
(0.1 0.01248145153 0.0005)
(0.02187700654 0.0132957982 0.0005)
(0.02401028731 0.0132957982 0.0005)
(0.02643483232 0.0132957982 0.0005)
(0.02919040889 0.0132957982 0.0005)
(0.0323222139 0.0132957982 0.0005)
(0.03588161514 0.0132957982 0.0005)
(0.03992699381 0.0132957982 0.0005)
(0.04452470208 0.0132957982 0.0005)
(0.04975015145 0.0132957982 0.0005)
(0.05568904958 0.0132957982 0.0005)
(0.06243880612 0.0132957982 0.0005)
(0.07011013038 0.0132957982 0.0005)
(0.0788288472 0.0132957982 0.0005)
(0.08873796074 0.0132957982 0.0005)
(0.1 0.0132957982 0.0005)
(0.02187700654 0.01413506026 0.0005)
(0.02401028731 0.01413506026 0.0005)
(0.02643483232 0.01413506026 0.0005)
(0.02919040889 0.01413506026 0.0005)
(0.0323222139 0.01413506026 0.0005)
(0.03588161514 0.01413506026 0.0005)
(0.03992699381 0.01413506026 0.0005)
(0.04452470208 0.01413506026 0.0005)
(0.04975015145 0.01413506026 0.0005)
(0.05568904958 0.01413506026 0.0005)
(0.06243880612 0.01413506026 0.0005)
(0.07011013038 0.01413506026 0.0005)
(0.0788288472 0.01413506026 0.0005)
(0.08873796074 0.01413506026 0.0005)
(0.1 0.01413506026 0.0005)
(0.02187700654 0.015 0.0005)
(0.02401028731 0.015 0.0005)
(0.02643483232 0.015 0.0005)
(0.02919040889 0.015 0.0005)
(0.0323222139 0.015 0.0005)
(0.03588161514 0.015 0.0005)
(0.03992699381 0.015 0.0005)
(0.04452470208 0.015 0.0005)
(0.04975015145 0.015 0.0005)
(0.05568904958 0.015 0.0005)
(0.06243880612 0.015 0.0005)
(0.07011013038 0.015 0.0005)
(0.0788288472 0.015 0.0005)
(0.08873796074 0.015 0.0005)
(0.1 0.015 0.0005)
(0 0.004751804574 -0.0005)
(0 0.005977764331 -0.0005)
(0 0.007976923922 -0.0005)
(0 0.01123693229 -0.0005)
(0 0.01655299342 -0.0005)
(0 0.02522183799 -0.0005)
(0 0.03935803103 -0.0005)
(0 0.06240977129 -0.0005)
(0 0.1 -0.0005)
(-0.0004657582958 0.004728923336 -0.0005)
(-0.0005859233653 0.005948979762 -0.0005)
(-0.0007818752714 0.007938512853 -0.0005)
(-0.00110141197 0.01118282339 -0.0005)
(-0.001622477079 0.01647328623 -0.0005)
(-0.002472172434 0.02510038795 -0.0005)
(-0.00385776165 0.03916851135 -0.0005)
(-0.006117227311 0.06210925119 -0.0005)
(-0.009801714033 0.09951847267 -0.0005)
(-0.0009270310845 0.004660499982 -0.0005)
(-0.001166203968 0.005862903265 -0.0005)
(-0.001556220657 0.007823649565 -0.0005)
(-0.00219221674 0.01102101779 -0.0005)
(-0.003229328816 0.01623493229 -0.0005)
(-0.004920536496 0.02473720745 -0.0005)
(-0.007678370947 0.0386017775 -0.0005)
(-0.01217554238 0.06121058504 -0.0005)
(-0.0195090322 0.09807852804 -0.0005)
(-0.001379376057 0.004547193465 -0.0005)
(-0.001735253389 0.005720363806 -0.0005)
(-0.002315578786 0.007633440256 -0.0005)
(-0.003261909264 0.01075307376 -0.0005)
(-0.004805080352 0.01584022708 -0.0005)
(-0.007321513102 0.02413579412 -0.0005)
(-0.01142503333 0.03766328743 -0.0005)
(-0.01811660032 0.05972242749 -0.0005)
(-0.02902846773 0.09569403357 -0.0005)
(-0.001818436884 0.004390094989 -0.0005)
(-0.002287591372 0.005522734115 -0.0005)
(-0.003052636626 0.007369716744 -0.0005)
(-0.004300187819 0.01038157175 -0.0005)
(-0.006334556337 0.01529297182 -0.0005)
(-0.009651979534 0.02330193989 -0.0005)
(-0.0150616664 0.03636207931 -0.0005)
(-0.02388318549 0.05765911033 -0.0005)
(-0.03826834324 0.09238795325 -0.0005)
(-0.00223998517 0.004190717498 -0.0005)
(-0.002817898599 0.005271917477 -0.0005)
(-0.003760295907 0.007035018831 -0.0005)
(-0.005297053215 0.009910089536 -0.0005)
(-0.007803027082 0.01459843688 -0.0005)
(-0.01188949213 0.02224367525 -0.0005)
(-0.01855324739 0.03471068449 -0.0005)
(-0.02941976253 0.05504050441 -0.0005)
(-0.04713967368 0.08819212643 -0.0005)
(-0.002639961175 0.003950981107 -0.0005)
(-0.003321067922 0.004970329391 -0.0005)
(-0.004431741482 0.006632569841 -0.0005)
(-0.006242905093 0.009343167738 -0.0005)
(-0.009196350411 0.01376331102 -0.0005)
(-0.01401250241 0.02097119186 -0.0005)
(-0.02186615047 0.0327250068 -0.0005)
(-0.03467301118 0.05189182834 -0.0005)
(-0.0555570233 0.08314696123 -0.0005)
(-0.00301451291 0.003673194608 -0.0005)
(-0.003792253546 0.004620874315 -0.0005)
(-0.005060506964 0.006166245577 -0.0005)
(-0.007128634382 0.008686266127 -0.0005)
(-0.01050110786 0.01279563695 -0.0005)
(-0.01600056464 0.01949674442 -0.0005)
(-0.02496847056 0.03042416941 -0.0005)
(-0.03959233977 0.0482434056 -0.0005)
(-0.06343932842 0.07730104534 -0.0005)
(-0.003360033237 0.003360033237 -0.0005)
(-0.004226917695 0.004226917695 -0.0005)
(-0.005640536998 0.005640536998 -0.0005)
(-0.007945711025 0.007945711025 -0.0005)
(-0.0117047339 0.0117047339 -0.0005)
(-0.01783453268 0.01783453268 -0.0005)
(-0.02783033063 0.02783033063 -0.0005)
(-0.04413037249 0.04413037249 -0.0005)
(-0.07071067812 0.07071067812 -0.0005)
(-0.003673194608 0.00301451291 -0.0005)
(-0.004620874315 0.003792253546 -0.0005)
(-0.006166245577 0.005060506964 -0.0005)
(-0.008686266127 0.007128634382 -0.0005)
(-0.01279563695 0.01050110786 -0.0005)
(-0.01949674442 0.01600056464 -0.0005)
(-0.03042416941 0.02496847056 -0.0005)
(-0.0482434056 0.03959233977 -0.0005)
(-0.07730104534 0.06343932842 -0.0005)
(-0.003950981107 0.002639961175 -0.0005)
(-0.004970329391 0.003321067922 -0.0005)
(-0.006632569841 0.004431741482 -0.0005)
(-0.009343167738 0.006242905093 -0.0005)
(-0.01376331102 0.009196350411 -0.0005)
(-0.02097119186 0.01401250241 -0.0005)
(-0.0327250068 0.02186615047 -0.0005)
(-0.05189182834 0.03467301118 -0.0005)
(-0.08314696123 0.0555570233 -0.0005)
(-0.004190717498 0.00223998517 -0.0005)
(-0.005271917477 0.002817898599 -0.0005)
(-0.007035018831 0.003760295907 -0.0005)
(-0.009910089536 0.005297053215 -0.0005)
(-0.01459843688 0.007803027082 -0.0005)
(-0.02224367525 0.01188949213 -0.0005)
(-0.03471068449 0.01855324739 -0.0005)
(-0.05504050441 0.02941976253 -0.0005)
(-0.08819212643 0.04713967368 -0.0005)
(-0.004390094989 0.001818436884 -0.0005)
(-0.005522734115 0.002287591372 -0.0005)
(-0.007369716744 0.003052636626 -0.0005)
(-0.01038157175 0.004300187819 -0.0005)
(-0.01529297182 0.006334556337 -0.0005)
(-0.02330193989 0.009651979534 -0.0005)
(-0.03636207931 0.0150616664 -0.0005)
(-0.05765911033 0.02388318549 -0.0005)
(-0.09238795325 0.03826834324 -0.0005)
(-0.004547193465 0.001379376057 -0.0005)
(-0.005720363806 0.001735253389 -0.0005)
(-0.007633440256 0.002315578786 -0.0005)
(-0.01075307376 0.003261909264 -0.0005)
(-0.01584022708 0.004805080352 -0.0005)
(-0.02413579412 0.007321513102 -0.0005)
(-0.03766328743 0.01142503333 -0.0005)
(-0.05972242749 0.01811660032 -0.0005)
(-0.09569403357 0.02902846773 -0.0005)
(-0.004660499982 0.0009270310845 -0.0005)
(-0.005862903265 0.001166203968 -0.0005)
(-0.007823649565 0.001556220657 -0.0005)
(-0.01102101779 0.00219221674 -0.0005)
(-0.01623493229 0.003229328816 -0.0005)
(-0.02473720745 0.004920536496 -0.0005)
(-0.0386017775 0.007678370947 -0.0005)
(-0.06121058504 0.01217554238 -0.0005)
(-0.09807852804 0.0195090322 -0.0005)
(-0.004728923336 0.0004657582958 -0.0005)
(-0.005948979762 0.0005859233653 -0.0005)
(-0.007938512853 0.0007818752714 -0.0005)
(-0.01118282339 0.00110141197 -0.0005)
(-0.01647328623 0.001622477079 -0.0005)
(-0.02510038795 0.002472172434 -0.0005)
(-0.03916851135 0.00385776165 -0.0005)
(-0.06210925119 0.006117227311 -0.0005)
(-0.09951847267 0.009801714033 -0.0005)
(-0.004751804574 -6.78286144e-19 -0.0005)
(-0.005977764331 -7.693662883e-19 -0.0005)
(-0.007976923922 -9.178897151e-19 -0.0005)
(-0.01123693229 -1.160085294e-18 -0.0005)
(-0.01655299342 -1.55503106e-18 -0.0005)
(-0.02522183799 -2.199064937e-18 -0.0005)
(-0.03935803103 -3.249284159e-18 -0.0005)
(-0.06240977129 -4.961865522e-18 -0.0005)
(-0.1 0 -0.0005)
(0 0.004751804574 0.0005)
(0 0.005977764331 0.0005)
(0 0.007976923922 0.0005)
(0 0.01123693229 0.0005)
(0 0.01655299342 0.0005)
(0 0.02522183799 0.0005)
(0 0.03935803103 0.0005)
(0 0.06240977129 0.0005)
(0 0.1 0.0005)
(-0.0004657582958 0.004728923336 0.0005)
(-0.0005859233653 0.005948979762 0.0005)
(-0.0007818752714 0.007938512853 0.0005)
(-0.00110141197 0.01118282339 0.0005)
(-0.001622477079 0.01647328623 0.0005)
(-0.002472172434 0.02510038795 0.0005)
(-0.00385776165 0.03916851135 0.0005)
(-0.006117227311 0.06210925119 0.0005)
(-0.009801714033 0.09951847267 0.0005)
(-0.0009270310845 0.004660499982 0.0005)
(-0.001166203968 0.005862903265 0.0005)
(-0.001556220657 0.007823649565 0.0005)
(-0.00219221674 0.01102101779 0.0005)
(-0.003229328816 0.01623493229 0.0005)
(-0.004920536496 0.02473720745 0.0005)
(-0.007678370947 0.0386017775 0.0005)
(-0.01217554238 0.06121058504 0.0005)
(-0.0195090322 0.09807852804 0.0005)
(-0.001379376057 0.004547193465 0.0005)
(-0.001735253389 0.005720363806 0.0005)
(-0.002315578786 0.007633440256 0.0005)
(-0.003261909264 0.01075307376 0.0005)
(-0.004805080352 0.01584022708 0.0005)
(-0.007321513102 0.02413579412 0.0005)
(-0.01142503333 0.03766328743 0.0005)
(-0.01811660032 0.05972242749 0.0005)
(-0.02902846773 0.09569403357 0.0005)
(-0.001818436884 0.004390094989 0.0005)
(-0.002287591372 0.005522734115 0.0005)
(-0.003052636626 0.007369716744 0.0005)
(-0.004300187819 0.01038157175 0.0005)
(-0.006334556337 0.01529297182 0.0005)
(-0.009651979534 0.02330193989 0.0005)
(-0.0150616664 0.03636207931 0.0005)
(-0.02388318549 0.05765911033 0.0005)
(-0.03826834324 0.09238795325 0.0005)
(-0.00223998517 0.004190717498 0.0005)
(-0.002817898599 0.005271917477 0.0005)
(-0.003760295907 0.007035018831 0.0005)
(-0.005297053215 0.009910089536 0.0005)
(-0.007803027082 0.01459843688 0.0005)
(-0.01188949213 0.02224367525 0.0005)
(-0.01855324739 0.03471068449 0.0005)
(-0.02941976253 0.05504050441 0.0005)
(-0.04713967368 0.08819212643 0.0005)
(-0.002639961175 0.003950981107 0.0005)
(-0.003321067922 0.004970329391 0.0005)
(-0.004431741482 0.006632569841 0.0005)
(-0.006242905093 0.009343167738 0.0005)
(-0.009196350411 0.01376331102 0.0005)
(-0.01401250241 0.02097119186 0.0005)
(-0.02186615047 0.0327250068 0.0005)
(-0.03467301118 0.05189182834 0.0005)
(-0.0555570233 0.08314696123 0.0005)
(-0.00301451291 0.003673194608 0.0005)
(-0.003792253546 0.004620874315 0.0005)
(-0.005060506964 0.006166245577 0.0005)
(-0.007128634382 0.008686266127 0.0005)
(-0.01050110786 0.01279563695 0.0005)
(-0.01600056464 0.01949674442 0.0005)
(-0.02496847056 0.03042416941 0.0005)
(-0.03959233977 0.0482434056 0.0005)
(-0.06343932842 0.07730104534 0.0005)
(-0.003360033237 0.003360033237 0.0005)
(-0.004226917695 0.004226917695 0.0005)
(-0.005640536998 0.005640536998 0.0005)
(-0.007945711025 0.007945711025 0.0005)
(-0.0117047339 0.0117047339 0.0005)
(-0.01783453268 0.01783453268 0.0005)
(-0.02783033063 0.02783033063 0.0005)
(-0.04413037249 0.04413037249 0.0005)
(-0.07071067812 0.07071067812 0.0005)
(-0.003673194608 0.00301451291 0.0005)
(-0.004620874315 0.003792253546 0.0005)
(-0.006166245577 0.005060506964 0.0005)
(-0.008686266127 0.007128634382 0.0005)
(-0.01279563695 0.01050110786 0.0005)
(-0.01949674442 0.01600056464 0.0005)
(-0.03042416941 0.02496847056 0.0005)
(-0.0482434056 0.03959233977 0.0005)
(-0.07730104534 0.06343932842 0.0005)
(-0.003950981107 0.002639961175 0.0005)
(-0.004970329391 0.003321067922 0.0005)
(-0.006632569841 0.004431741482 0.0005)
(-0.009343167738 0.006242905093 0.0005)
(-0.01376331102 0.009196350411 0.0005)
(-0.02097119186 0.01401250241 0.0005)
(-0.0327250068 0.02186615047 0.0005)
(-0.05189182834 0.03467301118 0.0005)
(-0.08314696123 0.0555570233 0.0005)
(-0.004190717498 0.00223998517 0.0005)
(-0.005271917477 0.002817898599 0.0005)
(-0.007035018831 0.003760295907 0.0005)
(-0.009910089536 0.005297053215 0.0005)
(-0.01459843688 0.007803027082 0.0005)
(-0.02224367525 0.01188949213 0.0005)
(-0.03471068449 0.01855324739 0.0005)
(-0.05504050441 0.02941976253 0.0005)
(-0.08819212643 0.04713967368 0.0005)
(-0.004390094989 0.001818436884 0.0005)
(-0.005522734115 0.002287591372 0.0005)
(-0.007369716744 0.003052636626 0.0005)
(-0.01038157175 0.004300187819 0.0005)
(-0.01529297182 0.006334556337 0.0005)
(-0.02330193989 0.009651979534 0.0005)
(-0.03636207931 0.0150616664 0.0005)
(-0.05765911033 0.02388318549 0.0005)
(-0.09238795325 0.03826834324 0.0005)
(-0.004547193465 0.001379376057 0.0005)
(-0.005720363806 0.001735253389 0.0005)
(-0.007633440256 0.002315578786 0.0005)
(-0.01075307376 0.003261909264 0.0005)
(-0.01584022708 0.004805080352 0.0005)
(-0.02413579412 0.007321513102 0.0005)
(-0.03766328743 0.01142503333 0.0005)
(-0.05972242749 0.01811660032 0.0005)
(-0.09569403357 0.02902846773 0.0005)
(-0.004660499982 0.0009270310845 0.0005)
(-0.005862903265 0.001166203968 0.0005)
(-0.007823649565 0.001556220657 0.0005)
(-0.01102101779 0.00219221674 0.0005)
(-0.01623493229 0.003229328816 0.0005)
(-0.02473720745 0.004920536496 0.0005)
(-0.0386017775 0.007678370947 0.0005)
(-0.06121058504 0.01217554238 0.0005)
(-0.09807852804 0.0195090322 0.0005)
(-0.004728923336 0.0004657582958 0.0005)
(-0.005948979762 0.0005859233653 0.0005)
(-0.007938512853 0.0007818752714 0.0005)
(-0.01118282339 0.00110141197 0.0005)
(-0.01647328623 0.001622477079 0.0005)
(-0.02510038795 0.002472172434 0.0005)
(-0.03916851135 0.00385776165 0.0005)
(-0.06210925119 0.006117227311 0.0005)
(-0.09951847267 0.009801714033 0.0005)
(-0.004751804574 -6.78286144e-19 0.0005)
(-0.005977764331 -7.693662883e-19 0.0005)
(-0.007976923922 -9.178897151e-19 0.0005)
(-0.01123693229 -1.160085294e-18 0.0005)
(-0.01655299342 -1.55503106e-18 0.0005)
(-0.02522183799 -2.199064937e-18 0.0005)
(-0.03935803103 -3.249284159e-18 0.0005)
(-0.06240977129 -4.961865522e-18 0.0005)
(-0.1 0 0.0005)
(0.0006840650212 0.005351084865 -0.0005)
(0.00142842875 0.005978879477 -0.0005)
(0.002238790274 0.006634916538 -0.0005)
(0.003121384359 0.007318518169 -0.0005)
(0.004083019326 0.008028505946 -0.0005)
(0.005131112718 0.008763088834 -0.0005)
(0.006273722654 0.009519730798 -0.0005)
(0.00751957206 0.01029499498 -0.0005)
(0.008878062032 0.011084361 -0.0005)
(0.01035926941 0.01188201177 -0.0005)
(0.01197392215 0.01268058598 -0.0005)
(0.01373334436 0.01347089245 -0.0005)
(0.01564936029 0.01424158285 -0.0005)
(0.01773414431 0.01497878004 -0.0005)
(0.02 0.0156656603 -0.0005)
(0.0006854544703 0.006569331158 -0.0005)
(0.001431151586 0.007189045292 -0.0005)
(0.002242767939 0.007836638361 -0.0005)
(0.003126512501 0.00851144121 -0.0005)
(0.00408916426 0.009212290584 -0.0005)
(0.005138107703 0.009937418499 -0.0005)
(0.006281364055 0.01068432156 -0.0005)
(0.007527615514 0.01144960715 -0.0005)
(0.008886218773 0.01222881307 -0.0005)
(0.01036720298 0.01301619711 -0.0005)
(0.01198124581 0.01380449271 -0.0005)
(0.01373961961 0.01458462697 -0.0005)
(0.01565409711 0.01534539766 -0.0005)
(0.01773680371 0.01607310623 -0.0005)
(0.02 0.0167511455 -0.0005)
(0.0006877202302 0.008555912485 -0.0005)
(0.001435591685 0.009162449869 -0.0005)
(0.002249254276 0.009796273409 -0.0005)
(0.003134874909 0.01045672818 -0.0005)
(0.004099184739 0.01114267565 -0.0005)
(0.005149514349 0.01185238545 -0.0005)
(0.006293824806 0.01258340739 -0.0005)
(0.00754073189 0.013332421 -0.0005)
(0.008899519884 0.01409505896 -0.0005)
(0.01038014016 0.01486570115 -0.0005)
(0.01199318842 0.0156372355 -0.0005)
(0.01374985261 0.01640078207 -0.0005)
(0.0156618214 0.01714537677 -0.0005)
(0.01774114037 0.01785761234 -0.0005)
(0.02 0.01852123472 -0.0005)
(0.000691414981 0.01179540961 -0.0005)
(0.001442832107 0.01238045981 -0.0005)
(0.002259831477 0.01299182953 -0.0005)
(0.003148511398 0.01362888703 -0.0005)
(0.004115525028 0.01429053414 -0.0005)
(0.005168115047 0.01497510176 -0.0005)
(0.00631414442 0.01568022654 -0.0005)
(0.007562120625 0.0164027056 -0.0005)
(0.008921209864 0.01713832635 -0.0005)
(0.0104012367 0.01788166778 -0.0005)
(0.01201266312 0.01862586977 -0.0005)
(0.01376653946 0.01936236694 -0.0005)
(0.01567441731 0.02008058364 -0.0005)
(0.01774821212 0.02076758757 -0.0005)
(0.02 0.02140770047 -0.0005)
(0.0006974399719 0.01707802328 -0.0005)
(0.001454638988 0.01762803455 -0.0005)
(0.002277079607 0.01820278905 -0.0005)
(0.003170748277 0.01880169289 -0.0005)
(0.004142170963 0.01942371364 -0.0005)
(0.005198447008 0.02006728219 -0.0005)
(0.006347279401 0.02073017672 -0.0005)
(0.007596999008 0.02140938617 -0.0005)
(0.008956579486 0.02210095026 -0.0005)
(0.01043563859 0.02279977263 -0.0005)
(0.01204442029 0.02349940402 -0.0005)
(0.01379375051 0.02419179203 -0.0005)
(0.01569495733 0.0248669944 -0.0005)
(0.01775974393 0.02551285334 -0.0005)
(0.02 0.02611462959 -0.0005)
(0.0007072648607 0.02569232542 -0.0005)
(0.001473892343 0.02618519909 -0.0005)
(0.002305205949 0.02670024555 -0.0005)
(0.00320700972 0.0272369326 -0.0005)
(0.004185622208 0.02779433509 -0.0005)
(0.005247909015 0.02837104689 -0.0005)
(0.006401312262 0.02896507699 -0.0005)
(0.007653874818 0.02957372716 -0.0005)
(0.009014256353 0.03019344851 -0.0005)
(0.01049173739 0.03081967411 -0.0005)
(0.01209620637 0.0314466247 -0.0005)
(0.0138381233 0.03206708438 -0.0005)
(0.01572845172 0.03267214374 -0.0005)
(0.01777854875 0.03325090799 -0.0005)
(0.02 0.03379016906 -0.0005)
(0.0007232862029 0.0397395767 -0.0005)
(0.001505288585 0.04013927668 -0.0005)
(0.002351071278 0.04055695786 -0.0005)
(0.003266140871 0.04099218867 -0.0005)
(0.004256477693 0.04144421882 -0.0005)
(0.005328566186 0.04191190803 -0.0005)
(0.006489423077 0.04239364165 -0.0005)
(0.0077466216 0.04288723154 -0.0005)
(0.00910830941 0.0433897997 -0.0005)
(0.01058321711 0.04389764253 -0.0005)
(0.0121806534 0.04440607329 -0.0005)
(0.01391048153 0.0449092402 -0.0005)
(0.01578307067 0.04539991809 -0.0005)
(0.01780921355 0.04586927175 -0.0005)
(0.02 0.04630658997 -0.0005)
(0.000749412036 0.06264628058 -0.0005)
(0.001556486105 0.06289404321 -0.0005)
(0.002425863383 0.06315295188 -0.0005)
(0.003362565412 0.06342273905 -0.0005)
(0.004372020982 0.06370293967 -0.0005)
(0.005460092981 0.06399284688 -0.0005)
(0.00663310445 0.06429145983 -0.0005)
(0.007897862794 0.06459742214 -0.0005)
(0.009261680733 0.06490894981 -0.0005)
(0.01073239213 0.06522374712 -0.0005)
(0.01231836026 0.06553890886 -0.0005)
(0.01402847533 0.06585080769 -0.0005)
(0.01587213722 0.06615496493 -0.0005)
(0.01785921833 0.06644590389 -0.0005)
(0.02 0.066716985 -0.0005)
(0.0007920151552 0.1 -0.0005)
(0.001639973357 0.1 -0.0005)
(0.002547826077 0.1 -0.0005)
(0.003519803891 0.1 -0.0005)
(0.0045604362 0.1 -0.0005)
(0.005674572333 0.1 -0.0005)
(0.006867404143 0.1 -0.0005)
(0.008144490208 0.1 -0.0005)
(0.009511781725 0.1 -0.0005)
(0.01097565025 0.1 -0.0005)
(0.01254291738 0.1 -0.0005)
(0.01422088656 0.1 -0.0005)
(0.01601737709 0.1 -0.0005)
(0.0179407606 0.1 -0.0005)
(0.02 0.1 -0.0005)
(0.0006840650212 0.005351084865 0.0005)
(0.00142842875 0.005978879477 0.0005)
(0.002238790274 0.006634916538 0.0005)
(0.003121384359 0.007318518169 0.0005)
(0.004083019326 0.008028505946 0.0005)
(0.005131112718 0.008763088834 0.0005)
(0.006273722654 0.009519730798 0.0005)
(0.00751957206 0.01029499498 0.0005)
(0.008878062032 0.011084361 0.0005)
(0.01035926941 0.01188201177 0.0005)
(0.01197392215 0.01268058598 0.0005)
(0.01373334436 0.01347089245 0.0005)
(0.01564936029 0.01424158285 0.0005)
(0.01773414431 0.01497878004 0.0005)
(0.02 0.0156656603 0.0005)
(0.0006854544703 0.006569331158 0.0005)
(0.001431151586 0.007189045292 0.0005)
(0.002242767939 0.007836638361 0.0005)
(0.003126512501 0.00851144121 0.0005)
(0.00408916426 0.009212290584 0.0005)
(0.005138107703 0.009937418499 0.0005)
(0.006281364055 0.01068432156 0.0005)
(0.007527615514 0.01144960715 0.0005)
(0.008886218773 0.01222881307 0.0005)
(0.01036720298 0.01301619711 0.0005)
(0.01198124581 0.01380449271 0.0005)
(0.01373961961 0.01458462697 0.0005)
(0.01565409711 0.01534539766 0.0005)
(0.01773680371 0.01607310623 0.0005)
(0.02 0.0167511455 0.0005)
(0.0006877202302 0.008555912485 0.0005)
(0.001435591685 0.009162449869 0.0005)
(0.002249254276 0.009796273409 0.0005)
(0.003134874909 0.01045672818 0.0005)
(0.004099184739 0.01114267565 0.0005)
(0.005149514349 0.01185238545 0.0005)
(0.006293824806 0.01258340739 0.0005)
(0.00754073189 0.013332421 0.0005)
(0.008899519884 0.01409505896 0.0005)
(0.01038014016 0.01486570115 0.0005)
(0.01199318842 0.0156372355 0.0005)
(0.01374985261 0.01640078207 0.0005)
(0.0156618214 0.01714537677 0.0005)
(0.01774114037 0.01785761234 0.0005)
(0.02 0.01852123472 0.0005)
(0.000691414981 0.01179540961 0.0005)
(0.001442832107 0.01238045981 0.0005)
(0.002259831477 0.01299182953 0.0005)
(0.003148511398 0.01362888703 0.0005)
(0.004115525028 0.01429053414 0.0005)
(0.005168115047 0.01497510176 0.0005)
(0.00631414442 0.01568022654 0.0005)
(0.007562120625 0.0164027056 0.0005)
(0.008921209864 0.01713832635 0.0005)
(0.0104012367 0.01788166778 0.0005)
(0.01201266312 0.01862586977 0.0005)
(0.01376653946 0.01936236694 0.0005)
(0.01567441731 0.02008058364 0.0005)
(0.01774821212 0.02076758757 0.0005)
(0.02 0.02140770047 0.0005)
(0.0006974399719 0.01707802328 0.0005)
(0.001454638988 0.01762803455 0.0005)
(0.002277079607 0.01820278905 0.0005)
(0.003170748277 0.01880169289 0.0005)
(0.004142170963 0.01942371364 0.0005)
(0.005198447008 0.02006728219 0.0005)
(0.006347279401 0.02073017672 0.0005)
(0.007596999008 0.02140938617 0.0005)
(0.008956579486 0.02210095026 0.0005)
(0.01043563859 0.02279977263 0.0005)
(0.01204442029 0.02349940402 0.0005)
(0.01379375051 0.02419179203 0.0005)
(0.01569495733 0.0248669944 0.0005)
(0.01775974393 0.02551285334 0.0005)
(0.02 0.02611462959 0.0005)
(0.0007072648607 0.02569232542 0.0005)
(0.001473892343 0.02618519909 0.0005)
(0.002305205949 0.02670024555 0.0005)
(0.00320700972 0.0272369326 0.0005)
(0.004185622208 0.02779433509 0.0005)
(0.005247909015 0.02837104689 0.0005)
(0.006401312262 0.02896507699 0.0005)
(0.007653874818 0.02957372716 0.0005)
(0.009014256353 0.03019344851 0.0005)
(0.01049173739 0.03081967411 0.0005)
(0.01209620637 0.0314466247 0.0005)
(0.0138381233 0.03206708438 0.0005)
(0.01572845172 0.03267214374 0.0005)
(0.01777854875 0.03325090799 0.0005)
(0.02 0.03379016906 0.0005)
(0.0007232862029 0.0397395767 0.0005)
(0.001505288585 0.04013927668 0.0005)
(0.002351071278 0.04055695786 0.0005)
(0.003266140871 0.04099218867 0.0005)
(0.004256477693 0.04144421882 0.0005)
(0.005328566186 0.04191190803 0.0005)
(0.006489423077 0.04239364165 0.0005)
(0.0077466216 0.04288723154 0.0005)
(0.00910830941 0.0433897997 0.0005)
(0.01058321711 0.04389764253 0.0005)
(0.0121806534 0.04440607329 0.0005)
(0.01391048153 0.0449092402 0.0005)
(0.01578307067 0.04539991809 0.0005)
(0.01780921355 0.04586927175 0.0005)
(0.02 0.04630658997 0.0005)
(0.000749412036 0.06264628058 0.0005)
(0.001556486105 0.06289404321 0.0005)
(0.002425863383 0.06315295188 0.0005)
(0.003362565412 0.06342273905 0.0005)
(0.004372020982 0.06370293967 0.0005)
(0.005460092981 0.06399284688 0.0005)
(0.00663310445 0.06429145983 0.0005)
(0.007897862794 0.06459742214 0.0005)
(0.009261680733 0.06490894981 0.0005)
(0.01073239213 0.06522374712 0.0005)
(0.01231836026 0.06553890886 0.0005)
(0.01402847533 0.06585080769 0.0005)
(0.01587213722 0.06615496493 0.0005)
(0.01785921833 0.06644590389 0.0005)
(0.02 0.066716985 0.0005)
(0.0007920151552 0.1 0.0005)
(0.001639973357 0.1 0.0005)
(0.002547826077 0.1 0.0005)
(0.003519803891 0.1 0.0005)
(0.0045604362 0.1 0.0005)
(0.005674572333 0.1 0.0005)
(0.006867404143 0.1 0.0005)
(0.008144490208 0.1 0.0005)
(0.009511781725 0.1 0.0005)
(0.01097565025 0.1 0.0005)
(0.01254291738 0.1 0.0005)
(0.01422088656 0.1 0.0005)
(0.01601737709 0.1 0.0005)
(0.0179407606 0.1 0.0005)
(0.02 0.1 0.0005)
(0.02187700654 0.0156656603 -0.0005)
(0.02401028731 0.0156656603 -0.0005)
(0.02643483232 0.0156656603 -0.0005)
(0.02919040889 0.0156656603 -0.0005)
(0.0323222139 0.0156656603 -0.0005)
(0.03588161514 0.0156656603 -0.0005)
(0.03992699381 0.0156656603 -0.0005)
(0.04452470208 0.0156656603 -0.0005)
(0.04975015145 0.0156656603 -0.0005)
(0.05568904958 0.0156656603 -0.0005)
(0.06243880612 0.0156656603 -0.0005)
(0.07011013038 0.0156656603 -0.0005)
(0.0788288472 0.0156656603 -0.0005)
(0.08873796074 0.0156656603 -0.0005)
(0.1 0.0156656603 -0.0005)
(0.02187700654 0.0167511455 -0.0005)
(0.02401028731 0.0167511455 -0.0005)
(0.02643483232 0.0167511455 -0.0005)
(0.02919040889 0.0167511455 -0.0005)
(0.0323222139 0.0167511455 -0.0005)
(0.03588161514 0.0167511455 -0.0005)
(0.03992699381 0.0167511455 -0.0005)
(0.04452470208 0.0167511455 -0.0005)
(0.04975015145 0.0167511455 -0.0005)
(0.05568904958 0.0167511455 -0.0005)
(0.06243880612 0.0167511455 -0.0005)
(0.07011013038 0.0167511455 -0.0005)
(0.0788288472 0.0167511455 -0.0005)
(0.08873796074 0.0167511455 -0.0005)
(0.1 0.0167511455 -0.0005)
(0.02187700654 0.01852123472 -0.0005)
(0.02401028731 0.01852123472 -0.0005)
(0.02643483232 0.01852123472 -0.0005)
(0.02919040889 0.01852123472 -0.0005)
(0.0323222139 0.01852123472 -0.0005)
(0.03588161514 0.01852123472 -0.0005)
(0.03992699381 0.01852123472 -0.0005)
(0.04452470208 0.01852123472 -0.0005)
(0.04975015145 0.01852123472 -0.0005)
(0.05568904958 0.01852123472 -0.0005)
(0.06243880612 0.01852123472 -0.0005)
(0.07011013038 0.01852123472 -0.0005)
(0.0788288472 0.01852123472 -0.0005)
(0.08873796074 0.01852123472 -0.0005)
(0.1 0.01852123472 -0.0005)
(0.02187700654 0.02140770047 -0.0005)
(0.02401028731 0.02140770047 -0.0005)
(0.02643483232 0.02140770047 -0.0005)
(0.02919040889 0.02140770047 -0.0005)
(0.0323222139 0.02140770047 -0.0005)
(0.03588161514 0.02140770047 -0.0005)
(0.03992699381 0.02140770047 -0.0005)
(0.04452470208 0.02140770047 -0.0005)
(0.04975015145 0.02140770047 -0.0005)
(0.05568904958 0.02140770047 -0.0005)
(0.06243880612 0.02140770047 -0.0005)
(0.07011013038 0.02140770047 -0.0005)
(0.0788288472 0.02140770047 -0.0005)
(0.08873796074 0.02140770047 -0.0005)
(0.1 0.02140770047 -0.0005)
(0.02187700654 0.02611462959 -0.0005)
(0.02401028731 0.02611462959 -0.0005)
(0.02643483232 0.02611462959 -0.0005)
(0.02919040889 0.02611462959 -0.0005)
(0.0323222139 0.02611462959 -0.0005)
(0.03588161514 0.02611462959 -0.0005)
(0.03992699381 0.02611462959 -0.0005)
(0.04452470208 0.02611462959 -0.0005)
(0.04975015145 0.02611462959 -0.0005)
(0.05568904958 0.02611462959 -0.0005)
(0.06243880612 0.02611462959 -0.0005)
(0.07011013038 0.02611462959 -0.0005)
(0.0788288472 0.02611462959 -0.0005)
(0.08873796074 0.02611462959 -0.0005)
(0.1 0.02611462959 -0.0005)
(0.02187700654 0.03379016906 -0.0005)
(0.02401028731 0.03379016906 -0.0005)
(0.02643483232 0.03379016906 -0.0005)
(0.02919040889 0.03379016906 -0.0005)
(0.0323222139 0.03379016906 -0.0005)
(0.03588161514 0.03379016906 -0.0005)
(0.03992699381 0.03379016906 -0.0005)
(0.04452470208 0.03379016906 -0.0005)
(0.04975015145 0.03379016906 -0.0005)
(0.05568904958 0.03379016906 -0.0005)
(0.06243880612 0.03379016906 -0.0005)
(0.07011013038 0.03379016906 -0.0005)
(0.0788288472 0.03379016906 -0.0005)
(0.08873796074 0.03379016906 -0.0005)
(0.1 0.03379016906 -0.0005)
(0.02187700654 0.04630658997 -0.0005)
(0.02401028731 0.04630658997 -0.0005)
(0.02643483232 0.04630658997 -0.0005)
(0.02919040889 0.04630658997 -0.0005)
(0.0323222139 0.04630658997 -0.0005)
(0.03588161514 0.04630658997 -0.0005)
(0.03992699381 0.04630658997 -0.0005)
(0.04452470208 0.04630658997 -0.0005)
(0.04975015145 0.04630658997 -0.0005)
(0.05568904958 0.04630658997 -0.0005)
(0.06243880612 0.04630658997 -0.0005)
(0.07011013038 0.04630658997 -0.0005)
(0.0788288472 0.04630658997 -0.0005)
(0.08873796074 0.04630658997 -0.0005)
(0.1 0.04630658997 -0.0005)
(0.02187700654 0.066716985 -0.0005)
(0.02401028731 0.066716985 -0.0005)
(0.02643483232 0.066716985 -0.0005)
(0.02919040889 0.066716985 -0.0005)
(0.0323222139 0.066716985 -0.0005)
(0.03588161514 0.066716985 -0.0005)
(0.03992699381 0.066716985 -0.0005)
(0.04452470208 0.066716985 -0.0005)
(0.04975015145 0.066716985 -0.0005)
(0.05568904958 0.066716985 -0.0005)
(0.06243880612 0.066716985 -0.0005)
(0.07011013038 0.066716985 -0.0005)
(0.0788288472 0.066716985 -0.0005)
(0.08873796074 0.066716985 -0.0005)
(0.1 0.066716985 -0.0005)
(0.02187700654 0.1 -0.0005)
(0.02401028731 0.1 -0.0005)
(0.02643483232 0.1 -0.0005)
(0.02919040889 0.1 -0.0005)
(0.0323222139 0.1 -0.0005)
(0.03588161514 0.1 -0.0005)
(0.03992699381 0.1 -0.0005)
(0.04452470208 0.1 -0.0005)
(0.04975015145 0.1 -0.0005)
(0.05568904958 0.1 -0.0005)
(0.06243880612 0.1 -0.0005)
(0.07011013038 0.1 -0.0005)
(0.0788288472 0.1 -0.0005)
(0.08873796074 0.1 -0.0005)
(0.1 0.1 -0.0005)
(0.02187700654 0.0156656603 0.0005)
(0.02401028731 0.0156656603 0.0005)
(0.02643483232 0.0156656603 0.0005)
(0.02919040889 0.0156656603 0.0005)
(0.0323222139 0.0156656603 0.0005)
(0.03588161514 0.0156656603 0.0005)
(0.03992699381 0.0156656603 0.0005)
(0.04452470208 0.0156656603 0.0005)
(0.04975015145 0.0156656603 0.0005)
(0.05568904958 0.0156656603 0.0005)
(0.06243880612 0.0156656603 0.0005)
(0.07011013038 0.0156656603 0.0005)
(0.0788288472 0.0156656603 0.0005)
(0.08873796074 0.0156656603 0.0005)
(0.1 0.0156656603 0.0005)
(0.02187700654 0.0167511455 0.0005)
(0.02401028731 0.0167511455 0.0005)
(0.02643483232 0.0167511455 0.0005)
(0.02919040889 0.0167511455 0.0005)
(0.0323222139 0.0167511455 0.0005)
(0.03588161514 0.0167511455 0.0005)
(0.03992699381 0.0167511455 0.0005)
(0.04452470208 0.0167511455 0.0005)
(0.04975015145 0.0167511455 0.0005)
(0.05568904958 0.0167511455 0.0005)
(0.06243880612 0.0167511455 0.0005)
(0.07011013038 0.0167511455 0.0005)
(0.0788288472 0.0167511455 0.0005)
(0.08873796074 0.0167511455 0.0005)
(0.1 0.0167511455 0.0005)
(0.02187700654 0.01852123472 0.0005)
(0.02401028731 0.01852123472 0.0005)
(0.02643483232 0.01852123472 0.0005)
(0.02919040889 0.01852123472 0.0005)
(0.0323222139 0.01852123472 0.0005)
(0.03588161514 0.01852123472 0.0005)
(0.03992699381 0.01852123472 0.0005)
(0.04452470208 0.01852123472 0.0005)
(0.04975015145 0.01852123472 0.0005)
(0.05568904958 0.01852123472 0.0005)
(0.06243880612 0.01852123472 0.0005)
(0.07011013038 0.01852123472 0.0005)
(0.0788288472 0.01852123472 0.0005)
(0.08873796074 0.01852123472 0.0005)
(0.1 0.01852123472 0.0005)
(0.02187700654 0.02140770047 0.0005)
(0.02401028731 0.02140770047 0.0005)
(0.02643483232 0.02140770047 0.0005)
(0.02919040889 0.02140770047 0.0005)
(0.0323222139 0.02140770047 0.0005)
(0.03588161514 0.02140770047 0.0005)
(0.03992699381 0.02140770047 0.0005)
(0.04452470208 0.02140770047 0.0005)
(0.04975015145 0.02140770047 0.0005)
(0.05568904958 0.02140770047 0.0005)
(0.06243880612 0.02140770047 0.0005)
(0.07011013038 0.02140770047 0.0005)
(0.0788288472 0.02140770047 0.0005)
(0.08873796074 0.02140770047 0.0005)
(0.1 0.02140770047 0.0005)
(0.02187700654 0.02611462959 0.0005)
(0.02401028731 0.02611462959 0.0005)
(0.02643483232 0.02611462959 0.0005)
(0.02919040889 0.02611462959 0.0005)
(0.0323222139 0.02611462959 0.0005)
(0.03588161514 0.02611462959 0.0005)
(0.03992699381 0.02611462959 0.0005)
(0.04452470208 0.02611462959 0.0005)
(0.04975015145 0.02611462959 0.0005)
(0.05568904958 0.02611462959 0.0005)
(0.06243880612 0.02611462959 0.0005)
(0.07011013038 0.02611462959 0.0005)
(0.0788288472 0.02611462959 0.0005)
(0.08873796074 0.02611462959 0.0005)
(0.1 0.02611462959 0.0005)
(0.02187700654 0.03379016906 0.0005)
(0.02401028731 0.03379016906 0.0005)
(0.02643483232 0.03379016906 0.0005)
(0.02919040889 0.03379016906 0.0005)
(0.0323222139 0.03379016906 0.0005)
(0.03588161514 0.03379016906 0.0005)
(0.03992699381 0.03379016906 0.0005)
(0.04452470208 0.03379016906 0.0005)
(0.04975015145 0.03379016906 0.0005)
(0.05568904958 0.03379016906 0.0005)
(0.06243880612 0.03379016906 0.0005)
(0.07011013038 0.03379016906 0.0005)
(0.0788288472 0.03379016906 0.0005)
(0.08873796074 0.03379016906 0.0005)
(0.1 0.03379016906 0.0005)
(0.02187700654 0.04630658997 0.0005)
(0.02401028731 0.04630658997 0.0005)
(0.02643483232 0.04630658997 0.0005)
(0.02919040889 0.04630658997 0.0005)
(0.0323222139 0.04630658997 0.0005)
(0.03588161514 0.04630658997 0.0005)
(0.03992699381 0.04630658997 0.0005)
(0.04452470208 0.04630658997 0.0005)
(0.04975015145 0.04630658997 0.0005)
(0.05568904958 0.04630658997 0.0005)
(0.06243880612 0.04630658997 0.0005)
(0.07011013038 0.04630658997 0.0005)
(0.0788288472 0.04630658997 0.0005)
(0.08873796074 0.04630658997 0.0005)
(0.1 0.04630658997 0.0005)
(0.02187700654 0.066716985 0.0005)
(0.02401028731 0.066716985 0.0005)
(0.02643483232 0.066716985 0.0005)
(0.02919040889 0.066716985 0.0005)
(0.0323222139 0.066716985 0.0005)
(0.03588161514 0.066716985 0.0005)
(0.03992699381 0.066716985 0.0005)
(0.04452470208 0.066716985 0.0005)
(0.04975015145 0.066716985 0.0005)
(0.05568904958 0.066716985 0.0005)
(0.06243880612 0.066716985 0.0005)
(0.07011013038 0.066716985 0.0005)
(0.0788288472 0.066716985 0.0005)
(0.08873796074 0.066716985 0.0005)
(0.1 0.066716985 0.0005)
(0.02187700654 0.1 0.0005)
(0.02401028731 0.1 0.0005)
(0.02643483232 0.1 0.0005)
(0.02919040889 0.1 0.0005)
(0.0323222139 0.1 0.0005)
(0.03588161514 0.1 0.0005)
(0.03992699381 0.1 0.0005)
(0.04452470208 0.1 0.0005)
(0.04975015145 0.1 0.0005)
(0.05568904958 0.1 0.0005)
(0.06243880612 0.1 0.0005)
(0.07011013038 0.1 0.0005)
(0.0788288472 0.1 0.0005)
(0.08873796074 0.1 0.0005)
(0.1 0.1 0.0005)
)


// ************************************************************************* //
