/*--------------------------------*- C++ -*----------------------------------*\
  =========                 |
  \\      /  F ield         | OpenFOAM: The Open Source CFD Toolbox
   \\    /   O peration     | Website:  https://openfoam.org
    \\  /    A nd           | Version:  11
     \\/     M anipulation  |
\*---------------------------------------------------------------------------*/
FoamFile
{
    format      ascii;
    class       volVectorField;
    location    "0";
    object      C;
}
// * * * * * * * * * * * * * * * * * * * * * * * * * * * * * * * * * * * * * //

dimensions      [0 1 0 0 0 0 0];

internalField   nonuniform List<vector> 
21268
(
(-0.0077504422 -0.0077504422 0)
(-0.0072657678 -0.0077504422 1.8678973e-20)
(-0.00680914 -0.0077504422 0)
(-0.0063789359 -0.0077504422 -3.1046561e-20)
(-0.0059736265 -0.0077504422 0)
(-0.0055917711 -0.0077504422 0)
(-0.0052320125 -0.0077504422 0)
(-0.004893072 -0.0077504422 3.9203477e-20)
(-0.004573745 -0.0077504422 0)
(-0.0042728965 -0.0077504422 0)
(-0.0039894572 -0.0077504422 0)
(-0.0037224197 -0.0077504422 -3.328879e-20)
(-0.0034708348 -0.0077504422 0)
(-0.0032338084 -0.0077504422 0)
(-0.003010498 -0.0077504422 -2.993303e-20)
(-0.0028001099 -0.0077504422 0)
(-0.0026018962 -0.0077504422 2.2669426e-20)
(-0.0024151527 -0.0077504422 0)
(-0.0022392154 -0.0077504422 -2.5444389e-20)
(-0.0020734591 -0.0077504422 -4.0064994e-20)
(-0.0019172946 -0.0077504422 0)
(-0.0017701669 -0.0077504422 1.5516107e-20)
(-0.001631553 -0.0077504422 0)
(-0.0015009603 -0.0077504422 0)
(-0.0013779246 -0.0077504422 -3.6060954e-20)
(-0.0012620086 -0.0077504422 -2.886045e-20)
(-0.0011528003 -0.0077504422 0)
(-0.0010499116 -0.0077504422 0)
(-0.0077504422 -0.0072657678 -1.8678973e-20)
(-0.0072657678 -0.0072657678 0)
(-0.00680914 -0.0072657678 0)
(-0.006378936 -0.0072657678 0)
(-0.0059736265 -0.0072657678 3.563512e-20)
(-0.0055917711 -0.0072657678 0)
(-0.0052320125 -0.0072657678 0)
(-0.004893072 -0.0072657678 0)
(-0.004573745 -0.0072657678 0)
(-0.0042728965 -0.0072657678 0)
(-0.0039894572 -0.0072657678 0)
(-0.0037224197 -0.0072657678 0)
(-0.0034708348 -0.0072657678 0)
(-0.0032338084 -0.0072657678 0)
(-0.003010498 -0.0072657678 -3.2478233e-20)
(-0.0028001098 -0.0072657678 0)
(-0.0026018962 -0.0072657678 0)
(-0.0024151527 -0.0072657678 0)
(-0.0022392155 -0.0072657678 0)
(-0.0020734591 -0.0072657678 -2.2369176e-20)
(-0.0019172947 -0.0072657678 0)
(-0.0017701669 -0.0072657678 0)
(-0.001631553 -0.0072657678 2.6454493e-20)
(-0.0015009603 -0.0072657678 0)
(-0.0013779246 -0.0072657678 2.9613366e-20)
(-0.0012620086 -0.0072657678 0)
(-0.0011528003 -0.0072657678 0)
(-0.0010499116 -0.0072657678 0)
(-0.0077504422 -0.00680914 0)
(-0.0072657678 -0.00680914 0)
(-0.00680914 -0.00680914 0)
(-0.0063789359 -0.00680914 0)
(-0.0059736265 -0.0068091401 -4.9806557e-20)
(-0.0055917711 -0.00680914 0)
(-0.0052320125 -0.00680914 0)
(-0.004893072 -0.00680914 -7.2198298e-21)
(-0.004573745 -0.00680914 -3.2158953e-20)
(-0.0042728965 -0.00680914 0)
(-0.0039894572 -0.00680914 -3.6040112e-20)
(-0.0037224197 -0.00680914 0)
(-0.0034708348 -0.00680914 0)
(-0.0032338084 -0.0068091401 2.2154109e-20)
(-0.003010498 -0.0068091401 0)
(-0.0028001098 -0.00680914 -2.4768481e-20)
(-0.0026018963 -0.00680914 0)
(-0.0024151527 -0.00680914 0)
(-0.0022392154 -0.00680914 0)
(-0.0020734591 -0.00680914 0)
(-0.0019172946 -0.00680914 0)
(-0.0017701669 -0.00680914 3.4770698e-20)
(-0.001631553 -0.00680914 3.6813876e-20)
(-0.0015009603 -0.0068091401 2.961337e-20)
(-0.0013779246 -0.00680914 0)
(-0.0012620086 -0.00680914 -1.0555456e-20)
(-0.0011528003 -0.0068091401 -1.120378e-20)
(-0.0010499115 -0.00680914 0)
(-0.0077504422 -0.006378936 3.1046561e-20)
(-0.0072657678 -0.006378936 0)
(-0.00680914 -0.006378936 0)
(-0.006378936 -0.006378936 0)
(-0.0059736265 -0.0063789359 0)
(-0.0055917711 -0.0063789359 -2.8713998e-20)
(-0.0052320125 -0.006378936 0)
(-0.0048930721 -0.0063789359 -1.5326563e-20)
(-0.0045737451 -0.0063789359 0)
(-0.0042728965 -0.0063789359 0)
(-0.0039894572 -0.0063789359 0)
(-0.0037224197 -0.0063789359 2.095925e-20)
(-0.0034708348 -0.0063789359 0)
(-0.0032338084 -0.006378936 1.0958259e-20)
(-0.003010498 -0.0063789359 -3.6399802e-20)
(-0.0028001098 -0.006378936 0)
(-0.0026018963 -0.0063789359 0)
(-0.0024151527 -0.006378936 2.9323623e-20)
(-0.0022392154 -0.0063789359 3.1032225e-20)
(-0.0020734591 -0.006378936 0)
(-0.0019172946 -0.006378936 -3.4770704e-20)
(-0.0017701669 -0.0063789359 0)
(-0.001631553 -0.006378936 0)
(-0.0015009603 -0.0063789359 -2.1395127e-20)
(-0.0013779246 -0.006378936 0)
(-0.0012620086 -0.0063789359 -1.1203787e-20)
(-0.0011528003 -0.006378936 0)
(-0.0010499115 -0.0063789359 1.412819e-20)
(-0.0077504422 -0.0059736265 0)
(-0.0072657678 -0.0059736265 -3.563512e-20)
(-0.00680914 -0.0059736265 4.9806557e-20)
(-0.006378936 -0.0059736265 0)
(-0.0059736265 -0.0059736265 0)
(-0.0055917711 -0.0059736265 0)
(-0.0052320125 -0.0059736265 0)
(-0.004893072 -0.0059736265 0)
(-0.004573745 -0.0059736265 0)
(-0.0042728965 -0.0059736265 0)
(-0.0039894572 -0.0059736265 0)
(-0.0037224197 -0.0059736265 0)
(-0.0034708348 -0.0059736265 0)
(-0.0032338084 -0.0059736265 0)
(-0.003010498 -0.0059736265 0)
(-0.0028001098 -0.0059736265 0)
(-0.0026018963 -0.0059736265 0)
(-0.0024151527 -0.0059736265 0)
(-0.0022392155 -0.0059736265 0)
(-0.0020734592 -0.0059736265 0)
(-0.0019172946 -0.0059736265 0)
(-0.0017701669 -0.0059736265 -9.3691751e-21)
(-0.001631553 -0.0059736265 0)
(-0.0015009603 -0.0059736265 0)
(-0.0013779246 -0.0059736265 0)
(-0.0012620086 -0.0059736265 0)
(-0.0011528003 -0.0059736265 1.262235e-20)
(-0.0010499115 -0.0059736265 -2.8301108e-20)
(-0.0077504422 -0.0055917711 0)
(-0.0072657678 -0.0055917711 0)
(-0.00680914 -0.0055917711 0)
(-0.006378936 -0.0055917711 2.8713998e-20)
(-0.0059736265 -0.0055917711 0)
(-0.0055917711 -0.0055917711 0)
(-0.0052320125 -0.0055917711 0)
(-0.004893072 -0.0055917711 0)
(-0.004573745 -0.0055917711 -9.1638515e-21)
(-0.0042728965 -0.0055917711 0)
(-0.0039894572 -0.0055917711 1.0324137e-20)
(-0.0037224197 -0.0055917711 0)
(-0.0034708348 -0.0055917711 0)
(-0.0032338084 -0.0055917711 0)
(-0.003010498 -0.0055917711 0)
(-0.0028001098 -0.0055917711 0)
(-0.0026018962 -0.0055917711 0)
(-0.0024151527 -0.0055917711 0)
(-0.0022392155 -0.0055917711 0)
(-0.0020734591 -0.0055917711 0)
(-0.0019172946 -0.0055917711 0)
(-0.0017701669 -0.0055917711 -9.9446413e-21)
(-0.001631553 -0.0055917711 0)
(-0.0015009603 -0.0055917711 0)
(-0.0013779246 -0.0055917711 0)
(-0.0012620086 -0.0055917711 0)
(-0.0011528003 -0.0055917711 -4.1698727e-20)
(-0.0010499115 -0.0055917711 -4.4167441e-20)
(-0.0077504422 -0.0052320125 0)
(-0.0072657678 -0.0052320125 0)
(-0.00680914 -0.0052320125 0)
(-0.006378936 -0.0052320125 0)
(-0.0059736265 -0.0052320125 0)
(-0.0055917711 -0.0052320125 0)
(-0.0052320125 -0.0052320125 0)
(-0.004893072 -0.0052320125 0)
(-0.004573745 -0.0052320125 -3.0685954e-20)
(-0.0042728965 -0.0052320125 0)
(-0.0039894572 -0.0052320125 0)
(-0.0037224197 -0.0052320125 0)
(-0.0034708348 -0.0052320125 6.4740335e-20)
(-0.0032338084 -0.0052320125 1.310403e-20)
(-0.003010498 -0.0052320125 4.3232499e-20)
(-0.0028001098 -0.0052320125 0)
(-0.0026018962 -0.0052320125 0)
(-0.0024151527 -0.0052320125 0)
(-0.0022392155 -0.0052320125 0)
(-0.0020734591 -0.0052320125 0)
(-0.0019172946 -0.0052320125 0)
(-0.0017701669 -0.0052320125 0)
(-0.001631553 -0.0052320125 0)
(-0.0015009603 -0.0052320125 -3.7181649e-20)
(-0.0013779246 -0.0052320125 0)
(-0.0012620086 -0.0052320125 0)
(-0.0011528003 -0.0052320125 0)
(-0.0010499115 -0.0052320125 0)
(-0.0077504422 -0.0048930721 -3.9203477e-20)
(-0.0072657678 -0.004893072 0)
(-0.00680914 -0.004893072 7.2198298e-21)
(-0.006378936 -0.004893072 1.5326563e-20)
(-0.0059736265 -0.004893072 0)
(-0.0055917711 -0.004893072 0)
(-0.0052320125 -0.004893072 0)
(-0.004893072 -0.004893072 0)
(-0.004573745 -0.004893072 0)
(-0.0042728965 -0.004893072 0)
(-0.0039894572 -0.004893072 0)
(-0.0037224197 -0.0048930721 0)
(-0.0034708348 -0.0048930721 1.3104025e-20)
(-0.0032338084 -0.004893072 2.9323631e-20)
(-0.003010498 -0.004893072 3.1032217e-20)
(-0.0028001098 -0.004893072 0)
(-0.0026018962 -0.004893072 0)
(-0.0024151527 -0.004893072 0)
(-0.0022392155 -0.004893072 0)
(-0.0020734591 -0.004893072 0)
(-0.0019172946 -0.004893072 0)
(-0.0017701669 -0.0048930721 0)
(-0.001631553 -0.004893072 0)
(-0.0015009603 -0.004893072 0)
(-0.0013779246 -0.004893072 0)
(-0.0012620086 -0.004893072 0)
(-0.0011528003 -0.004893072 0)
(-0.0010499115 -0.004893072 0)
(-0.0077504422 -0.004573745 0)
(-0.0072657678 -0.0045737451 0)
(-0.00680914 -0.0045737451 3.2158953e-20)
(-0.006378936 -0.0045737451 0)
(-0.0059736265 -0.004573745 0)
(-0.0055917711 -0.0045737451 9.1638515e-21)
(-0.0052320125 -0.004573745 3.0685954e-20)
(-0.0048930721 -0.0045737451 0)
(-0.0045737451 -0.0045737451 0)
(-0.0042728965 -0.0045737451 1.3137158e-20)
(-0.0039894572 -0.004573745 0)
(-0.0037224197 -0.004573745 5.5427767e-20)
(-0.0034708348 -0.0045737451 0)
(-0.0032338084 -0.004573745 -1.6269032e-20)
(-0.003010498 -0.004573745 -7.8349804e-21)
(-0.0028001098 -0.004573745 -1.8138268e-20)
(-0.0026018963 -0.004573745 -3.6813872e-20)
(-0.0024151527 -0.004573745 -9.3691765e-21)
(-0.0022392154 -0.0045737451 0)
(-0.0020734592 -0.004573745 0)
(-0.0019172947 -0.0045737451 0)
(-0.0017701669 -0.004573745 0)
(-0.001631553 -0.004573745 0)
(-0.0015009603 -0.004573745 7.1505684e-20)
(-0.0013779246 -0.0045737451 0)
(-0.0012620086 -0.004573745 0)
(-0.0011528003 -0.004573745 0)
(-0.0010499115 -0.004573745 1.8510936e-20)
(-0.0077504422 -0.0042728965 0)
(-0.0072657678 -0.0042728965 0)
(-0.00680914 -0.0042728965 0)
(-0.006378936 -0.0042728965 0)
(-0.0059736265 -0.0042728965 0)
(-0.0055917711 -0.0042728965 0)
(-0.0052320125 -0.0042728965 0)
(-0.0048930721 -0.0042728965 0)
(-0.004573745 -0.0042728965 -1.3137158e-20)
(-0.0042728965 -0.0042728965 0)
(-0.0039894572 -0.0042728965 0)
(-0.0037224197 -0.0042728965 0)
(-0.0034708348 -0.0042728965 0)
(-0.0032338084 -0.0042728965 0)
(-0.003010498 -0.0042728965 0)
(-0.0028001099 -0.0042728965 0)
(-0.0026018962 -0.0042728965 0)
(-0.0024151527 -0.0042728965 0)
(-0.0022392155 -0.0042728965 0)
(-0.0020734591 -0.0042728965 0)
(-0.0019172946 -0.0042728965 0)
(-0.0017701669 -0.0042728965 -1.4128184e-20)
(-0.001631553 -0.0042728965 0)
(-0.0015009603 -0.0042728965 0)
(-0.0013779246 -0.0042728965 0)
(-0.0012620086 -0.0042728965 0)
(-0.0011528003 -0.0042728965 0)
(-0.0010499115 -0.0042728965 0)
(-0.0077504422 -0.0039894572 0)
(-0.0072657678 -0.0039894572 0)
(-0.00680914 -0.0039894572 3.6040112e-20)
(-0.0063789359 -0.0039894572 0)
(-0.0059736265 -0.0039894572 0)
(-0.0055917711 -0.0039894572 -1.0324137e-20)
(-0.0052320125 -0.0039894572 0)
(-0.004893072 -0.0039894572 0)
(-0.004573745 -0.0039894572 0)
(-0.0042728965 -0.0039894572 0)
(-0.0039894572 -0.0039894572 0)
(-0.0037224197 -0.0039894572 0)
(-0.0034708348 -0.0039894572 0)
(-0.0032338084 -0.0039894572 0)
(-0.003010498 -0.0039894572 0)
(-0.0028001098 -0.0039894572 6.8595914e-20)
(-0.0026018962 -0.0039894572 4.1284416e-20)
(-0.0024151527 -0.0039894572 0)
(-0.0022392155 -0.0039894572 0)
(-0.0020734591 -0.0039894572 0)
(-0.0019172947 -0.0039894572 0)
(-0.0017701669 -0.0039894572 0)
(-0.001631553 -0.0039894572 0)
(-0.0015009603 -0.0039894572 0)
(-0.0013779246 -0.0039894572 3.3547974e-20)
(-0.0012620086 -0.0039894572 0)
(-0.0011528003 -0.0039894572 0)
(-0.0010499115 -0.0039894572 0)
(-0.0077504422 -0.0037224197 3.328879e-20)
(-0.0072657678 -0.0037224197 0)
(-0.00680914 -0.0037224197 0)
(-0.006378936 -0.0037224197 -2.095925e-20)
(-0.0059736265 -0.0037224197 0)
(-0.0055917711 -0.0037224197 0)
(-0.0052320125 -0.0037224197 0)
(-0.0048930721 -0.0037224197 0)
(-0.004573745 -0.0037224197 -5.5427767e-20)
(-0.0042728965 -0.0037224197 0)
(-0.0039894572 -0.0037224197 0)
(-0.0037224197 -0.0037224197 0)
(-0.0034708348 -0.0037224197 -9.8220523e-21)
(-0.0032338084 -0.0037224197 0)
(-0.003010498 -0.0037224197 0)
(-0.0028001098 -0.0037224197 -9.9446411e-21)
(-0.0026018963 -0.0037224197 0)
(-0.0024151527 -0.0037224197 0)
(-0.0022392155 -0.0037224197 0)
(-0.0020734591 -0.0037224197 0)
(-0.0019172946 -0.0037224197 0)
(-0.0017701669 -0.0037224197 1.5726365e-20)
(-0.001631553 -0.0037224197 0)
(-0.0015009603 -0.0037224197 3.3547976e-20)
(-0.0013779246 -0.0037224197 0)
(-0.0012620086 -0.0037224197 0)
(-0.0011528003 -0.0037224197 0)
(-0.0010499115 -0.0037224197 1.1673298e-20)
(-0.0077504422 -0.0034708348 0)
(-0.0072657678 -0.0034708348 0)
(-0.00680914 -0.0034708348 0)
(-0.006378936 -0.0034708348 0)
(-0.0059736265 -0.0034708348 0)
(-0.0055917711 -0.0034708348 0)
(-0.0052320125 -0.0034708348 -6.4740335e-20)
(-0.004893072 -0.0034708348 -1.3104025e-20)
(-0.004573745 -0.0034708348 0)
(-0.0042728965 -0.0034708348 0)
(-0.0039894572 -0.0034708348 0)
(-0.0037224197 -0.0034708348 9.8220523e-21)
(-0.0034708348 -0.0034708348 0)
(-0.0032338084 -0.0034708348 0)
(-0.003010498 -0.0034708348 0)
(-0.0028001098 -0.0034708348 0)
(-0.0026018962 -0.0034708348 0)
(-0.0024151527 -0.0034708348 0)
(-0.0022392155 -0.0034708348 0)
(-0.0020734591 -0.0034708348 0)
(-0.0019172946 -0.0034708348 0)
(-0.0017701669 -0.0034708348 0)
(-0.001631553 -0.0034708348 0)
(-0.0015009603 -0.0034708348 0)
(-0.0013779246 -0.0034708348 0)
(-0.0012620086 -0.0034708348 0)
(-0.0011528003 -0.0034708348 2.184075e-20)
(-0.0010499115 -0.0034708348 0)
(-0.0077504422 -0.0032338084 0)
(-0.0072657678 -0.0032338084 0)
(-0.00680914 -0.0032338084 -2.2154109e-20)
(-0.0063789359 -0.0032338084 -1.0958259e-20)
(-0.0059736265 -0.0032338084 0)
(-0.0055917711 -0.0032338084 0)
(-0.0052320125 -0.0032338084 -1.310403e-20)
(-0.004893072 -0.0032338084 -2.9323631e-20)
(-0.0045737451 -0.0032338084 1.6269032e-20)
(-0.0042728965 -0.0032338084 0)
(-0.0039894572 -0.0032338084 0)
(-0.0037224197 -0.0032338084 0)
(-0.0034708348 -0.0032338084 0)
(-0.0032338084 -0.0032338084 0)
(-0.003010498 -0.0032338084 0)
(-0.0028001098 -0.0032338084 0)
(-0.0026018963 -0.0032338084 0)
(-0.0024151527 -0.0032338084 -2.6750553e-20)
(-0.0022392154 -0.0032338084 0)
(-0.0020734591 -0.0032338084 0)
(-0.0019172946 -0.0032338084 0)
(-0.0017701669 -0.0032338084 1.7526904e-20)
(-0.001631553 -0.0032338084 0)
(-0.0015009603 -0.0032338084 1.9555421e-20)
(-0.0013779246 -0.0032338084 9.5791033e-21)
(-0.0012620086 -0.0032338084 0)
(-0.0011528003 -0.0032338084 -1.2297796e-20)
(-0.0010499115 -0.0032338084 0)
(-0.0077504422 -0.003010498 2.993303e-20)
(-0.0072657678 -0.003010498 3.2478233e-20)
(-0.0068091401 -0.003010498 0)
(-0.006378936 -0.003010498 3.6399802e-20)
(-0.0059736265 -0.003010498 0)
(-0.0055917711 -0.003010498 0)
(-0.0052320125 -0.003010498 -4.3232499e-20)
(-0.004893072 -0.003010498 -3.1032217e-20)
(-0.004573745 -0.003010498 7.8349804e-21)
(-0.0042728965 -0.003010498 0)
(-0.0039894572 -0.003010498 0)
(-0.0037224197 -0.003010498 0)
(-0.0034708348 -0.003010498 0)
(-0.0032338084 -0.003010498 0)
(-0.003010498 -0.003010498 0)
(-0.0028001098 -0.003010498 1.3397767e-20)
(-0.0026018963 -0.003010498 0)
(-0.0024151527 -0.003010498 0)
(-0.0022392155 -0.003010498 0)
(-0.0020734591 -0.003010498 0)
(-0.0019172946 -0.003010498 0)
(-0.0017701669 -0.003010498 0)
(-0.001631553 -0.003010498 0)
(-0.0015009603 -0.003010498 0)
(-0.0013779246 -0.003010498 0)
(-0.0012620086 -0.003010498 0)
(-0.0011528003 -0.003010498 0)
(-0.0010499116 -0.003010498 2.5822601e-20)
(-0.0077504422 -0.0028001099 0)
(-0.0072657678 -0.0028001098 0)
(-0.00680914 -0.0028001098 2.4768481e-20)
(-0.0063789359 -0.0028001098 0)
(-0.0059736265 -0.0028001099 0)
(-0.0055917711 -0.0028001098 0)
(-0.0052320125 -0.0028001098 0)
(-0.0048930721 -0.0028001098 0)
(-0.0045737451 -0.0028001099 1.8138268e-20)
(-0.0042728965 -0.0028001099 0)
(-0.0039894572 -0.0028001098 -6.8595914e-20)
(-0.0037224197 -0.0028001098 9.9446411e-21)
(-0.0034708348 -0.0028001098 0)
(-0.0032338084 -0.0028001099 0)
(-0.003010498 -0.0028001099 -1.3397767e-20)
(-0.0028001098 -0.0028001099 0)
(-0.0026018962 -0.0028001099 0)
(-0.0024151527 -0.0028001098 0)
(-0.0022392155 -0.0028001099 -2.4146799e-20)
(-0.0020734592 -0.0028001099 0)
(-0.0019172947 -0.0028001098 -2.701348e-20)
(-0.0017701669 -0.0028001098 0)
(-0.001631553 -0.0028001098 9.5791001e-21)
(-0.0015009603 -0.0028001098 0)
(-0.0013779246 -0.0028001098 0)
(-0.0012620086 -0.0028001098 0)
(-0.0011528003 -0.0028001098 0)
(-0.0010499116 -0.0028001099 0)
(-0.0077504422 -0.0026018962 -2.2669426e-20)
(-0.0072657678 -0.0026018962 0)
(-0.00680914 -0.0026018963 0)
(-0.006378936 -0.0026018963 0)
(-0.0059736265 -0.0026018963 0)
(-0.0055917711 -0.0026018962 0)
(-0.0052320125 -0.0026018963 0)
(-0.004893072 -0.0026018963 0)
(-0.004573745 -0.0026018963 3.6813872e-20)
(-0.0042728965 -0.0026018963 0)
(-0.0039894572 -0.0026018963 -4.1284416e-20)
(-0.0037224197 -0.0026018963 0)
(-0.0034708348 -0.0026018963 0)
(-0.0032338084 -0.0026018963 0)
(-0.003010498 -0.0026018962 0)
(-0.0028001098 -0.0026018962 0)
(-0.0026018962 -0.0026018962 0)
(-0.0024151527 -0.0026018963 0)
(-0.0022392155 -0.0026018963 0)
(-0.0020734591 -0.0026018963 0)
(-0.0019172946 -0.0026018963 0)
(-0.0017701669 -0.0026018962 3.0243132e-20)
(-0.001631553 -0.0026018962 0)
(-0.0015009603 -0.0026018963 0)
(-0.0013779246 -0.0026018963 0)
(-0.0012620086 -0.0026018962 0)
(-0.0011528003 -0.0026018963 0)
(-0.0010499116 -0.0026018963 4.4105132e-20)
(-0.0077504422 -0.0024151527 0)
(-0.0072657678 -0.0024151527 0)
(-0.00680914 -0.0024151527 0)
(-0.006378936 -0.0024151527 -2.9323623e-20)
(-0.0059736265 -0.0024151527 0)
(-0.0055917711 -0.0024151527 0)
(-0.0052320125 -0.0024151527 0)
(-0.004893072 -0.0024151527 0)
(-0.004573745 -0.0024151527 9.3691765e-21)
(-0.0042728965 -0.0024151527 0)
(-0.0039894572 -0.0024151527 0)
(-0.0037224197 -0.0024151527 0)
(-0.0034708348 -0.0024151527 0)
(-0.0032338084 -0.0024151527 2.6750553e-20)
(-0.003010498 -0.0024151527 0)
(-0.0028001098 -0.0024151527 0)
(-0.0026018962 -0.0024151527 0)
(-0.0024151527 -0.0024151527 0)
(-0.0022392155 -0.0024151527 0)
(-0.0020734591 -0.0024151527 0)
(-0.0019172946 -0.0024151527 0)
(-0.0017701669 -0.0024151527 0)
(-0.001631553 -0.0024151527 0)
(-0.0015009603 -0.0024151527 0)
(-0.0013779246 -0.0024151527 0)
(-0.0012620086 -0.0024151527 0)
(-0.0011528003 -0.0024151527 0)
(-0.0010499115 -0.0024151527 0)
(-0.0077504422 -0.0022392154 2.5444389e-20)
(-0.0072657678 -0.0022392154 0)
(-0.00680914 -0.0022392154 0)
(-0.0063789359 -0.0022392154 -3.1032225e-20)
(-0.0059736265 -0.0022392155 0)
(-0.0055917711 -0.0022392155 0)
(-0.0052320125 -0.0022392154 0)
(-0.004893072 -0.0022392155 0)
(-0.004573745 -0.0022392154 0)
(-0.0042728965 -0.0022392154 0)
(-0.0039894572 -0.0022392155 0)
(-0.0037224197 -0.0022392155 0)
(-0.0034708348 -0.0022392155 0)
(-0.0032338084 -0.0022392155 0)
(-0.003010498 -0.0022392155 0)
(-0.0028001098 -0.0022392155 2.4146799e-20)
(-0.0026018963 -0.0022392155 0)
(-0.0024151527 -0.0022392155 0)
(-0.0022392154 -0.0022392154 0)
(-0.0020734591 -0.0022392155 0)
(-0.0019172946 -0.0022392155 0)
(-0.0017701669 -0.0022392154 0)
(-0.001631553 -0.0022392155 0)
(-0.0015009603 -0.0022392155 0)
(-0.0013779246 -0.0022392154 0)
(-0.0012620086 -0.0022392155 0)
(-0.0011528003 -0.0022392154 0)
(-0.0010499116 -0.0022392155 0)
(-0.0077504422 -0.0020734591 4.0064994e-20)
(-0.0072657678 -0.0020734591 2.2369176e-20)
(-0.00680914 -0.0020734591 0)
(-0.006378936 -0.0020734591 0)
(-0.0059736265 -0.0020734592 0)
(-0.0055917711 -0.0020734591 0)
(-0.0052320125 -0.0020734591 0)
(-0.004893072 -0.0020734591 0)
(-0.004573745 -0.0020734591 0)
(-0.0042728965 -0.0020734591 0)
(-0.0039894572 -0.0020734591 0)
(-0.0037224197 -0.0020734592 0)
(-0.0034708348 -0.0020734591 0)
(-0.0032338084 -0.0020734591 0)
(-0.003010498 -0.0020734591 0)
(-0.0028001098 -0.0020734592 0)
(-0.0026018963 -0.0020734591 0)
(-0.0024151527 -0.0020734591 0)
(-0.0022392155 -0.0020734591 0)
(-0.0020734591 -0.0020734591 0)
(-0.0019172946 -0.0020734591 0)
(-0.0017701669 -0.0020734591 1.1454813e-20)
(-0.001631553 -0.0020734591 0)
(-0.0015009603 -0.0020734591 -2.7316179e-20)
(-0.0013779246 -0.0020734591 0)
(-0.0012620086 -0.0020734591 0)
(-0.0011528003 -0.0020734591 0)
(-0.0010499115 -0.0020734591 0)
(-0.0077504422 -0.0019172946 0)
(-0.0072657678 -0.0019172947 0)
(-0.00680914 -0.0019172946 0)
(-0.006378936 -0.0019172946 3.4770704e-20)
(-0.0059736265 -0.0019172946 0)
(-0.0055917711 -0.0019172946 0)
(-0.0052320125 -0.0019172946 0)
(-0.004893072 -0.0019172946 0)
(-0.0045737451 -0.0019172946 0)
(-0.0042728965 -0.0019172946 0)
(-0.0039894572 -0.0019172947 0)
(-0.0037224197 -0.0019172946 0)
(-0.0034708348 -0.0019172947 0)
(-0.0032338084 -0.0019172946 0)
(-0.003010498 -0.0019172946 0)
(-0.0028001099 -0.0019172947 2.701348e-20)
(-0.0026018962 -0.0019172946 0)
(-0.0024151527 -0.0019172947 0)
(-0.0022392155 -0.0019172946 0)
(-0.0020734591 -0.0019172946 0)
(-0.0019172946 -0.0019172946 0)
(-0.0017701669 -0.0019172946 0)
(-0.001631553 -0.0019172946 0)
(-0.0015009603 -0.0019172946 0)
(-0.0013779246 -0.0019172946 3.0584143e-20)
(-0.0012620086 -0.0019172946 0)
(-0.0011528003 -0.0019172946 0)
(-0.0010499115 -0.0019172946 0)
(-0.0077504422 -0.0017701669 -1.5516107e-20)
(-0.0072657678 -0.0017701669 0)
(-0.00680914 -0.0017701669 -3.4770698e-20)
(-0.0063789359 -0.0017701669 0)
(-0.0059736265 -0.0017701669 9.3691751e-21)
(-0.0055917711 -0.0017701669 9.9446413e-21)
(-0.0052320125 -0.0017701669 0)
(-0.0048930721 -0.0017701669 0)
(-0.004573745 -0.0017701669 0)
(-0.0042728965 -0.0017701669 1.4128184e-20)
(-0.0039894572 -0.0017701669 0)
(-0.0037224197 -0.0017701669 -1.5726365e-20)
(-0.0034708348 -0.0017701669 0)
(-0.0032338084 -0.0017701669 -1.7526904e-20)
(-0.003010498 -0.0017701669 0)
(-0.0028001098 -0.0017701669 0)
(-0.0026018963 -0.0017701669 -3.0243132e-20)
(-0.0024151527 -0.0017701669 0)
(-0.0022392155 -0.0017701669 0)
(-0.0020734591 -0.0017701669 -1.1454813e-20)
(-0.0019172946 -0.0017701669 0)
(-0.0017701669 -0.0017701669 0)
(-0.001631553 -0.0017701669 -1.5203653e-20)
(-0.0015009603 -0.0017701669 0)
(-0.0013779246 -0.0017701669 -2.4654083e-20)
(-0.0012620086 -0.0017701669 0)
(-0.0011528003 -0.0017701669 -3.6278048e-20)
(-0.0010499115 -0.0017701669 0)
(-0.0077504422 -0.001631553 0)
(-0.0072657678 -0.001631553 -2.6454493e-20)
(-0.00680914 -0.001631553 -3.6813876e-20)
(-0.006378936 -0.001631553 0)
(-0.0059736265 -0.001631553 0)
(-0.0055917711 -0.001631553 0)
(-0.0052320125 -0.001631553 0)
(-0.0048930721 -0.001631553 0)
(-0.004573745 -0.001631553 0)
(-0.0042728965 -0.001631553 0)
(-0.0039894572 -0.001631553 0)
(-0.0037224197 -0.001631553 0)
(-0.0034708348 -0.001631553 0)
(-0.0032338084 -0.001631553 0)
(-0.003010498 -0.001631553 0)
(-0.0028001099 -0.001631553 -9.5791001e-21)
(-0.0026018962 -0.001631553 0)
(-0.0024151527 -0.001631553 0)
(-0.0022392154 -0.001631553 0)
(-0.0020734591 -0.001631553 0)
(-0.0019172946 -0.001631553 0)
(-0.0017701669 -0.001631553 1.5203653e-20)
(-0.001631553 -0.001631553 0)
(-0.0015009603 -0.001631553 0)
(-0.0013779246 -0.001631553 0)
(-0.0012620086 -0.001631553 0)
(-0.0011528003 -0.001631553 -9.2269935e-21)
(-0.0010499115 -0.001631553 0)
(-0.0077504422 -0.0015009603 0)
(-0.0072657678 -0.0015009603 0)
(-0.00680914 -0.0015009603 -2.961337e-20)
(-0.0063789359 -0.0015009603 2.1395127e-20)
(-0.0059736265 -0.0015009603 0)
(-0.0055917711 -0.0015009603 0)
(-0.0052320125 -0.0015009603 3.7181649e-20)
(-0.004893072 -0.0015009603 0)
(-0.004573745 -0.0015009603 -7.1505684e-20)
(-0.0042728965 -0.0015009603 0)
(-0.0039894572 -0.0015009603 0)
(-0.0037224197 -0.0015009603 -3.3547976e-20)
(-0.0034708348 -0.0015009603 0)
(-0.0032338084 -0.0015009603 -1.9555421e-20)
(-0.003010498 -0.0015009603 0)
(-0.0028001098 -0.0015009603 0)
(-0.0026018963 -0.0015009603 0)
(-0.0024151527 -0.0015009603 0)
(-0.0022392155 -0.0015009603 0)
(-0.0020734591 -0.0015009603 2.7316179e-20)
(-0.0019172946 -0.0015009603 0)
(-0.0017701669 -0.0015009603 0)
(-0.001631553 -0.0015009603 0)
(-0.0015009603 -0.0015009603 0)
(-0.0013779246 -0.0015009603 5.5170026e-20)
(-0.0012620086 -0.0015009603 0)
(-0.0011528003 -0.0015009603 0)
(-0.0010499115 -0.0015009603 0)
(-0.0077504422 -0.0013779246 3.6060954e-20)
(-0.0072657678 -0.0013779246 -2.9613366e-20)
(-0.00680914 -0.0013779246 0)
(-0.006378936 -0.0013779246 0)
(-0.0059736265 -0.0013779246 0)
(-0.0055917711 -0.0013779246 0)
(-0.0052320125 -0.0013779246 0)
(-0.004893072 -0.0013779246 0)
(-0.0045737451 -0.0013779246 0)
(-0.0042728965 -0.0013779246 0)
(-0.0039894572 -0.0013779246 -3.3547974e-20)
(-0.0037224197 -0.0013779246 0)
(-0.0034708348 -0.0013779246 0)
(-0.0032338084 -0.0013779246 -9.5791033e-21)
(-0.003010498 -0.0013779246 0)
(-0.0028001098 -0.0013779246 0)
(-0.0026018962 -0.0013779246 0)
(-0.0024151527 -0.0013779246 0)
(-0.0022392154 -0.0013779246 0)
(-0.0020734591 -0.0013779246 0)
(-0.0019172947 -0.0013779246 -3.0584143e-20)
(-0.0017701669 -0.0013779246 2.4654083e-20)
(-0.001631553 -0.0013779246 0)
(-0.0015009603 -0.0013779246 -5.5170026e-20)
(-0.0013779246 -0.0013779246 0)
(-0.0012620086 -0.0013779246 0)
(-0.0011528003 -0.0013779246 0)
(-0.0010499115 -0.0013779246 0)
(-0.0077504422 -0.0012620086 2.886045e-20)
(-0.0072657678 -0.0012620086 0)
(-0.00680914 -0.0012620086 1.0555456e-20)
(-0.0063789359 -0.0012620086 1.1203787e-20)
(-0.0059736265 -0.0012620086 0)
(-0.0055917711 -0.0012620086 0)
(-0.0052320125 -0.0012620086 0)
(-0.004893072 -0.0012620086 0)
(-0.0045737451 -0.0012620086 0)
(-0.0042728965 -0.0012620086 0)
(-0.0039894572 -0.0012620086 0)
(-0.0037224197 -0.0012620086 0)
(-0.0034708348 -0.0012620086 0)
(-0.0032338084 -0.0012620086 0)
(-0.003010498 -0.0012620086 0)
(-0.0028001098 -0.0012620086 0)
(-0.0026018963 -0.0012620086 0)
(-0.0024151527 -0.0012620086 0)
(-0.0022392155 -0.0012620086 0)
(-0.0020734591 -0.0012620086 0)
(-0.0019172947 -0.0012620086 0)
(-0.0017701669 -0.0012620086 0)
(-0.001631553 -0.0012620086 0)
(-0.0015009603 -0.0012620086 0)
(-0.0013779246 -0.0012620086 0)
(-0.0012620086 -0.0012620086 0)
(-0.0011528003 -0.0012620086 0)
(-0.0010499116 -0.0012620086 -6.1569042e-20)
(-0.0077504422 -0.0011528003 0)
(-0.0072657678 -0.0011528003 0)
(-0.0068091401 -0.0011528003 1.120378e-20)
(-0.006378936 -0.0011528003 0)
(-0.0059736265 -0.0011528003 -1.262235e-20)
(-0.0055917711 -0.0011528003 4.1698727e-20)
(-0.0052320125 -0.0011528003 0)
(-0.004893072 -0.0011528003 0)
(-0.004573745 -0.0011528003 0)
(-0.0042728965 -0.0011528003 0)
(-0.0039894572 -0.0011528003 0)
(-0.0037224197 -0.0011528003 0)
(-0.0034708348 -0.0011528003 -2.184075e-20)
(-0.0032338084 -0.0011528003 1.2297796e-20)
(-0.003010498 -0.0011528003 0)
(-0.0028001099 -0.0011528003 0)
(-0.0026018962 -0.0011528003 0)
(-0.0024151527 -0.0011528003 0)
(-0.0022392154 -0.0011528003 0)
(-0.0020734591 -0.0011528003 0)
(-0.0019172946 -0.0011528003 0)
(-0.0017701669 -0.0011528003 3.6278048e-20)
(-0.001631553 -0.0011528003 9.2269935e-21)
(-0.0015009603 -0.0011528003 0)
(-0.0013779246 -0.0011528003 0)
(-0.0012620086 -0.0011528003 0)
(-0.0011528003 -0.0011528003 0)
(-0.0010499115 -0.0011528003 0)
(-0.0077504422 -0.0010499115 0)
(-0.0072657678 -0.0010499115 0)
(-0.00680914 -0.0010499115 0)
(-0.0063789359 -0.0010499115 -1.412819e-20)
(-0.0059736265 -0.0010499115 2.8301108e-20)
(-0.0055917711 -0.0010499115 4.4167441e-20)
(-0.0052320125 -0.0010499115 0)
(-0.0048930721 -0.0010499116 0)
(-0.004573745 -0.0010499116 -1.8510936e-20)
(-0.0042728965 -0.0010499115 0)
(-0.0039894572 -0.0010499116 0)
(-0.0037224197 -0.0010499116 -1.1673298e-20)
(-0.0034708348 -0.0010499115 0)
(-0.0032338084 -0.0010499116 0)
(-0.003010498 -0.0010499115 -2.5822601e-20)
(-0.0028001098 -0.0010499116 0)
(-0.0026018963 -0.0010499116 -4.4105132e-20)
(-0.0024151527 -0.0010499115 0)
(-0.0022392155 -0.0010499116 0)
(-0.0020734591 -0.0010499115 0)
(-0.0019172947 -0.0010499115 0)
(-0.0017701669 -0.0010499115 0)
(-0.001631553 -0.0010499115 0)
(-0.0015009603 -0.0010499115 0)
(-0.0013779246 -0.0010499115 0)
(-0.0012620086 -0.0010499115 6.1569042e-20)
(-0.0011528003 -0.0010499115 0)
(-0.0010499115 -0.0010499115 0)
(-0.000984375 -0.0077504422 0)
(-0.000953125 -0.0077504422 0)
(-0.000921875 -0.0077504422 -2.6041197e-20)
(-0.000890625 -0.0077504422 0)
(-0.000859375 -0.0077504422 0)
(-0.000828125 -0.0077504422 0)
(-0.000796875 -0.0077504422 0)
(-0.000765625 -0.0077504422 0)
(-0.000734375 -0.0077504422 0)
(-0.000703125 -0.0077504422 0)
(-0.000671875 -0.0077504422 -2.6041197e-20)
(-0.000640625 -0.0077504422 0)
(-0.000609375 -0.0077504422 0)
(-0.000578125 -0.0077504422 0)
(-0.000546875 -0.0077504422 0)
(-0.000515625 -0.0077504422 0)
(-0.000484375 -0.0077504422 0)
(-0.000453125 -0.0077504422 0)
(-0.000421875 -0.0077504422 0)
(-0.000390625 -0.0077504422 0)
(-0.000359375 -0.0077504422 0)
(-0.000328125 -0.0077504422 0)
(-0.000296875 -0.0077504422 0)
(-0.000265625 -0.0077504422 0)
(-0.000234375 -0.0077504422 0)
(-0.000203125 -0.0077504422 0)
(-0.000171875 -0.0077504422 0)
(-0.000140625 -0.0077504422 0)
(-0.000109375 -0.0077504422 0)
(-7.8125e-05 -0.0077504422 0)
(-4.6875e-05 -0.0077504422 0)
(-1.5625e-05 -0.0077504422 0)
(1.5625e-05 -0.0077504422 0)
(4.6875e-05 -0.0077504422 0)
(7.8125e-05 -0.0077504422 0)
(0.000109375 -0.0077504422 0)
(0.000140625 -0.0077504422 0)
(0.000171875 -0.0077504422 0)
(0.000203125 -0.0077504422 0)
(0.000234375 -0.0077504422 0)
(0.000265625 -0.0077504422 0)
(0.000296875 -0.0077504422 0)
(0.000328125 -0.0077504422 0)
(0.000359375 -0.0077504422 0)
(0.000390625 -0.0077504422 0)
(0.000421875 -0.0077504422 0)
(0.000453125 -0.0077504422 0)
(0.000484375 -0.0077504422 0)
(0.000515625 -0.0077504422 0)
(0.000546875 -0.0077504422 -2.6041197e-20)
(0.000578125 -0.0077504422 0)
(0.000609375 -0.0077504422 0)
(0.000640625 -0.0077504422 0)
(0.000671875 -0.0077504422 -2.6041197e-20)
(0.000703125 -0.0077504422 0)
(0.000734375 -0.0077504422 0)
(0.000765625 -0.0077504422 0)
(0.000796875 -0.0077504422 -2.6041197e-20)
(0.000828125 -0.0077504422 0)
(0.000859375 -0.0077504422 0)
(0.000890625 -0.0077504422 0)
(0.000921875 -0.0077504422 0)
(0.000953125 -0.0077504422 0)
(0.000984375 -0.0077504422 0)
(-0.000984375 -0.0072657678 0)
(-0.000953125 -0.0072657678 0)
(-0.000921875 -0.0072657678 0)
(-0.000890625 -0.0072657678 0)
(-0.000859375 -0.0072657678 0)
(-0.000828125 -0.0072657678 0)
(-0.000796875 -0.0072657678 0)
(-0.000765625 -0.0072657678 0)
(-0.000734375 -0.0072657678 0)
(-0.000703125 -0.0072657678 0)
(-0.000671875 -0.0072657678 0)
(-0.000640625 -0.0072657678 0)
(-0.000609375 -0.0072657678 0)
(-0.000578125 -0.0072657678 0)
(-0.000546875 -0.0072657678 0)
(-0.000515625 -0.0072657678 0)
(-0.000484375 -0.0072657678 0)
(-0.000453125 -0.0072657678 0)
(-0.000421875 -0.0072657678 0)
(-0.000390625 -0.0072657678 0)
(-0.000359375 -0.0072657678 0)
(-0.000328125 -0.0072657678 0)
(-0.000296875 -0.0072657678 0)
(-0.000265625 -0.0072657678 0)
(-0.000234375 -0.0072657678 0)
(-0.000203125 -0.0072657678 0)
(-0.000171875 -0.0072657678 0)
(-0.000140625 -0.0072657678 0)
(-0.000109375 -0.0072657678 0)
(-7.8125e-05 -0.0072657678 0)
(-4.6875e-05 -0.0072657678 0)
(-1.5625e-05 -0.0072657678 0)
(1.5625e-05 -0.0072657678 0)
(4.6875e-05 -0.0072657678 0)
(7.8125e-05 -0.0072657678 0)
(0.000109375 -0.0072657678 0)
(0.000140625 -0.0072657678 0)
(0.000171875 -0.0072657678 0)
(0.000203125 -0.0072657678 0)
(0.000234375 -0.0072657678 0)
(0.000265625 -0.0072657678 0)
(0.000296875 -0.0072657678 0)
(0.000328125 -0.0072657678 0)
(0.000359375 -0.0072657678 0)
(0.000390625 -0.0072657678 0)
(0.000421875 -0.0072657678 0)
(0.000453125 -0.0072657678 0)
(0.000484375 -0.0072657678 0)
(0.000515625 -0.0072657678 0)
(0.000546875 -0.0072657678 0)
(0.000578125 -0.0072657678 0)
(0.000609375 -0.0072657678 0)
(0.000640625 -0.0072657678 0)
(0.000671875 -0.0072657678 0)
(0.000703125 -0.0072657678 0)
(0.000734375 -0.0072657678 0)
(0.000765625 -0.0072657678 0)
(0.000796875 -0.0072657678 0)
(0.000828125 -0.0072657678 0)
(0.000859375 -0.0072657678 0)
(0.000890625 -0.0072657678 0)
(0.000921875 -0.0072657678 0)
(0.000953125 -0.0072657678 0)
(0.000984375 -0.0072657678 0)
(-0.000984375 -0.00680914 0)
(-0.000953125 -0.00680914 0)
(-0.000921875 -0.00680914 2.0499274e-20)
(-0.000890625 -0.00680914 0)
(-0.000859375 -0.00680914 0)
(-0.000828125 -0.00680914 0)
(-0.000796875 -0.00680914 -1.1002555e-20)
(-0.000765625 -0.00680914 0)
(-0.000734375 -0.00680914 0)
(-0.000703125 -0.00680914 0)
(-0.000671875 -0.00680914 9.4967187e-21)
(-0.000640625 -0.00680914 0)
(-0.000609375 -0.00680914 0)
(-0.000578125 -0.00680914 0)
(-0.000546875 -0.00680914 -1.1002555e-20)
(-0.000515625 -0.00680914 0)
(-0.000484375 -0.00680914 0)
(-0.000453125 -0.00680914 0)
(-0.000421875 -0.00680914 0)
(-0.000390625 -0.00680914 -3.9492711e-20)
(-0.000359375 -0.00680914 0)
(-0.000328125 -0.00680914 0)
(-0.000296875 -0.00680914 0)
(-0.000265625 -0.00680914 -3.9492711e-20)
(-0.000234375 -0.00680914 0)
(-0.000203125 -0.0068091401 0)
(-0.000171875 -0.0068091401 0)
(-0.000140625 -0.00680914 0)
(-0.000109375 -0.00680914 0)
(-7.8125e-05 -0.00680914 0)
(-4.6875e-05 -0.00680914 0)
(-1.5625e-05 -0.00680914 0)
(1.5625e-05 -0.00680914 0)
(4.6875e-05 -0.00680914 0)
(7.8125e-05 -0.00680914 0)
(0.000109375 -0.00680914 0)
(0.000140625 -0.00680914 0)
(0.000171875 -0.00680914 0)
(0.000203125 -0.00680914 0)
(0.000234375 -0.00680914 0)
(0.000265625 -0.00680914 0)
(0.000296875 -0.00680914 0)
(0.000328125 -0.00680914 0)
(0.000359375 -0.00680914 0)
(0.000390625 -0.00680914 0)
(0.000421875 -0.00680914 0)
(0.000453125 -0.00680914 -3.9492711e-20)
(0.000484375 -0.00680914 0)
(0.000515625 -0.00680914 0)
(0.000546875 -0.00680914 2.0499274e-20)
(0.000578125 -0.00680914 0)
(0.000609375 -0.00680914 0)
(0.000640625 -0.00680914 0)
(0.000671875 -0.00680914 9.4967187e-21)
(0.000703125 -0.00680914 0)
(0.000734375 -0.00680914 0)
(0.000765625 -0.00680914 0)
(0.000796875 -0.00680914 9.4967187e-21)
(0.000828125 -0.00680914 0)
(0.000859375 -0.00680914 0)
(0.000890625 -0.00680914 0)
(0.000921875 -0.00680914 -1.1002555e-20)
(0.000953125 -0.00680914 0)
(0.000984375 -0.00680914 0)
(-0.000984375 -0.006378936 -1.008002e-20)
(-0.000953125 -0.006378936 -1.008002e-20)
(-0.000921875 -0.006378936 1.1585856e-20)
(-0.000890625 -0.006378936 -1.008002e-20)
(-0.000859375 -0.006378936 -1.008002e-20)
(-0.000828125 -0.0063789359 -1.008002e-20)
(-0.000796875 -0.0063789359 0)
(-0.000765625 -0.0063789359 -1.008002e-20)
(-0.000734375 -0.006378936 -1.008002e-20)
(-0.000703125 -0.006378936 -1.008002e-20)
(-0.000671875 -0.006378936 1.1585856e-20)
(-0.000640625 -0.006378936 -1.008002e-20)
(-0.000609375 -0.0063789359 -1.008002e-20)
(-0.000578125 -0.006378936 -1.008002e-20)
(-0.000546875 -0.006378936 0)
(-0.000515625 -0.006378936 -1.008002e-20)
(-0.000484375 -0.0063789359 -1.008002e-20)
(-0.000453125 -0.006378936 -4.1825916e-20)
(-0.000421875 -0.0063789359 -1.008002e-20)
(-0.000390625 -0.0063789359 1.008002e-20)
(-0.000359375 -0.0063789359 -1.008002e-20)
(-0.000328125 -0.006378936 -3.1745896e-20)
(-0.000296875 -0.0063789359 -1.008002e-20)
(-0.000265625 -0.0063789359 1.008002e-20)
(-0.000234375 -0.0063789359 0)
(-0.000203125 -0.006378936 2.1665876e-20)
(-0.000171875 -0.0063789359 0)
(-0.000140625 -0.0063789359 2.1665876e-20)
(-0.000109375 -0.006378936 2.1665876e-20)
(-7.8125e-05 -0.0063789359 0)
(-4.6875e-05 -0.006378936 0)
(-1.5625e-05 -0.006378936 0)
(1.5625e-05 -0.006378936 0)
(4.6875e-05 -0.006378936 0)
(7.8125e-05 -0.006378936 0)
(0.000109375 -0.0063789359 0)
(0.000140625 -0.006378936 0)
(0.000171875 -0.0063789359 0)
(0.000203125 -0.0063789359 0)
(0.000234375 -0.0063789359 2.1665876e-20)
(0.000265625 -0.0063789359 -4.1825916e-20)
(0.000296875 -0.0063789359 -1.008002e-20)
(0.000328125 -0.006378936 -3.1745896e-20)
(0.000359375 -0.0063789359 -1.008002e-20)
(0.000390625 -0.006378936 -3.1745896e-20)
(0.000421875 -0.0063789359 -1.008002e-20)
(0.000453125 -0.0063789359 1.008002e-20)
(0.000484375 -0.0063789359 -1.008002e-20)
(0.000515625 -0.006378936 -1.008002e-20)
(0.000546875 -0.006378936 1.1585856e-20)
(0.000578125 -0.006378936 -1.008002e-20)
(0.000609375 -0.006378936 -1.008002e-20)
(0.000640625 -0.006378936 -1.008002e-20)
(0.000671875 -0.006378936 1.1585856e-20)
(0.000703125 -0.0063789359 -1.008002e-20)
(0.000734375 -0.006378936 -1.008002e-20)
(0.000765625 -0.0063789359 -1.008002e-20)
(0.000796875 -0.006378936 1.1585856e-20)
(0.000828125 -0.0063789359 -1.008002e-20)
(0.000859375 -0.006378936 -1.008002e-20)
(0.000890625 -0.006378936 -1.008002e-20)
(0.000921875 -0.006378936 0)
(0.000953125 -0.006378936 -1.008002e-20)
(0.000984375 -0.006378936 -1.008002e-20)
(-0.000984375 -0.0059736265 0)
(-0.000953125 -0.0059736265 0)
(-0.000921875 -0.0059736265 0)
(-0.000890625 -0.0059736265 0)
(-0.000859375 -0.0059736265 0)
(-0.000828125 -0.0059736265 0)
(-0.000796875 -0.0059736265 0)
(-0.000765625 -0.0059736265 0)
(-0.000734375 -0.0059736265 0)
(-0.000703125 -0.0059736265 0)
(-0.000671875 -0.0059736265 0)
(-0.000640625 -0.0059736265 0)
(-0.000609375 -0.0059736265 0)
(-0.000578125 -0.0059736265 0)
(-0.000546875 -0.0059736265 0)
(-0.000515625 -0.0059736265 0)
(-0.000484375 -0.0059736265 0)
(-0.000453125 -0.0059736265 0)
(-0.000421875 -0.0059736265 0)
(-0.000390625 -0.0059736265 2.2904133e-20)
(-0.000359375 -0.0059736265 0)
(-0.000328125 -0.0059736265 0)
(-0.000296875 -0.0059736265 0)
(-0.000265625 -0.0059736265 2.2904133e-20)
(-0.000234375 -0.0059736265 -1.2204985e-20)
(-0.000203125 -0.0059736265 1.2204985e-20)
(-0.000171875 -0.0059736265 0)
(-0.000140625 -0.0059736265 1.2204985e-20)
(-0.000109375 -0.0059736265 -1.2204985e-20)
(-7.8125e-05 -0.0059736265 0)
(-4.6875e-05 -0.0059736265 0)
(-1.5625e-05 -0.0059736265 0)
(1.5625e-05 -0.0059736265 0)
(4.6875e-05 -0.0059736265 0)
(7.8125e-05 -0.0059736265 0)
(0.000109375 -0.0059736265 1.2204985e-20)
(0.000140625 -0.0059736265 -1.2204985e-20)
(0.000171875 -0.0059736265 0)
(0.000203125 -0.0059736265 0)
(0.000234375 -0.0059736265 1.2204985e-20)
(0.000265625 -0.0059736265 0)
(0.000296875 -0.0059736265 0)
(0.000328125 -0.0059736265 0)
(0.000359375 -0.0059736265 0)
(0.000390625 -0.0059736265 0)
(0.000421875 -0.0059736265 0)
(0.000453125 -0.0059736265 2.2904133e-20)
(0.000484375 -0.0059736265 0)
(0.000515625 -0.0059736265 0)
(0.000546875 -0.0059736265 0)
(0.000578125 -0.0059736265 0)
(0.000609375 -0.0059736265 0)
(0.000640625 -0.0059736265 0)
(0.000671875 -0.0059736265 0)
(0.000703125 -0.0059736265 0)
(0.000734375 -0.0059736265 0)
(0.000765625 -0.0059736265 0)
(0.000796875 -0.0059736265 0)
(0.000828125 -0.0059736265 0)
(0.000859375 -0.0059736265 0)
(0.000890625 -0.0059736265 0)
(0.000921875 -0.0059736265 0)
(0.000953125 -0.0059736265 0)
(0.000984375 -0.0059736265 0)
(-0.000984375 -0.0055917711 0)
(-0.000953125 -0.0055917711 0)
(-0.000921875 -0.0055917711 1.2862139e-20)
(-0.000890625 -0.0055917711 0)
(-0.000859375 -0.0055917711 0)
(-0.000828125 -0.0055917711 0)
(-0.000796875 -0.0055917711 -1.2862139e-20)
(-0.000765625 -0.0055917711 0)
(-0.000734375 -0.0055917711 0)
(-0.000703125 -0.0055917711 0)
(-0.000671875 -0.0055917711 0)
(-0.000640625 -0.0055917711 0)
(-0.000609375 -0.0055917711 0)
(-0.000578125 -0.0055917711 0)
(-0.000546875 -0.0055917711 -1.2862139e-20)
(-0.000515625 -0.0055917711 0)
(-0.000484375 -0.0055917711 0)
(-0.000453125 -0.0055917711 -3.5574745e-20)
(-0.000421875 -0.0055917711 0)
(-0.000390625 -0.0055917711 0)
(-0.000359375 -0.0055917711 0)
(-0.000328125 -0.0055917711 -3.5574745e-20)
(-0.000296875 -0.0055917711 0)
(-0.000265625 -0.0055917711 0)
(-0.000234375 -0.0055917711 0)
(-0.000203125 -0.0055917711 0)
(-0.000171875 -0.0055917711 0)
(-0.000140625 -0.0055917711 0)
(-0.000109375 -0.0055917711 0)
(-7.8125e-05 -0.0055917711 0)
(-4.6875e-05 -0.0055917711 0)
(-1.5625e-05 -0.0055917711 0)
(1.5625e-05 -0.0055917711 0)
(4.6875e-05 -0.0055917711 0)
(7.8125e-05 -0.0055917711 0)
(0.000109375 -0.0055917711 0)
(0.000140625 -0.0055917711 0)
(0.000171875 -0.0055917711 0)
(0.000203125 -0.0055917711 0)
(0.000234375 -0.0055917711 0)
(0.000265625 -0.0055917711 -3.5574745e-20)
(0.000296875 -0.0055917711 0)
(0.000328125 -0.0055917711 -3.5574745e-20)
(0.000359375 -0.0055917711 0)
(0.000390625 -0.0055917711 -3.5574745e-20)
(0.000421875 -0.0055917711 0)
(0.000453125 -0.0055917711 0)
(0.000484375 -0.0055917711 0)
(0.000515625 -0.0055917711 0)
(0.000546875 -0.0055917711 1.2862139e-20)
(0.000578125 -0.0055917711 0)
(0.000609375 -0.0055917711 0)
(0.000640625 -0.0055917711 0)
(0.000671875 -0.0055917711 0)
(0.000703125 -0.0055917711 0)
(0.000734375 -0.0055917711 0)
(0.000765625 -0.0055917711 0)
(0.000796875 -0.0055917711 0)
(0.000828125 -0.0055917711 0)
(0.000859375 -0.0055917711 0)
(0.000890625 -0.0055917711 0)
(0.000921875 -0.0055917711 -1.2862139e-20)
(0.000953125 -0.0055917711 0)
(0.000984375 -0.0055917711 0)
(-0.000984375 -0.0052320125 0)
(-0.000953125 -0.0052320125 0)
(-0.000921875 -0.0052320125 -1.3559657e-20)
(-0.000890625 -0.0052320125 0)
(-0.000859375 -0.0052320125 0)
(-0.000828125 -0.0052320125 0)
(-0.000796875 -0.0052320125 0)
(-0.000765625 -0.0052320125 0)
(-0.000734375 -0.0052320125 0)
(-0.000703125 -0.0052320125 0)
(-0.000671875 -0.0052320125 -1.3559657e-20)
(-0.000640625 -0.0052320125 0)
(-0.000609375 -0.0052320125 0)
(-0.000578125 -0.0052320125 0)
(-0.000546875 -0.0052320125 0)
(-0.000515625 -0.0052320125 0)
(-0.000484375 -0.0052320125 0)
(-0.000453125 -0.0052320125 0)
(-0.000421875 -0.0052320125 0)
(-0.000390625 -0.0052320125 -2.5613477e-20)
(-0.000359375 -0.0052320125 0)
(-0.000328125 -0.0052320125 0)
(-0.000296875 -0.0052320125 0)
(-0.000265625 -0.0052320125 -2.5613477e-20)
(-0.000234375 -0.0052320125 0)
(-0.000203125 -0.0052320125 0)
(-0.000171875 -0.0052320125 0)
(-0.000140625 -0.0052320125 0)
(-0.000109375 -0.0052320125 0)
(-7.8125e-05 -0.0052320125 0)
(-4.6875e-05 -0.0052320125 0)
(-1.5625e-05 -0.0052320125 0)
(1.5625e-05 -0.0052320125 0)
(4.6875e-05 -0.0052320125 0)
(7.8125e-05 -0.0052320125 0)
(0.000109375 -0.0052320125 0)
(0.000140625 -0.0052320125 0)
(0.000171875 -0.0052320125 0)
(0.000203125 -0.0052320125 0)
(0.000234375 -0.0052320125 0)
(0.000265625 -0.0052320125 0)
(0.000296875 -0.0052320125 0)
(0.000328125 -0.0052320125 0)
(0.000359375 -0.0052320125 0)
(0.000390625 -0.0052320125 0)
(0.000421875 -0.0052320125 0)
(0.000453125 -0.0052320125 -2.5613477e-20)
(0.000484375 -0.0052320125 0)
(0.000515625 -0.0052320125 0)
(0.000546875 -0.0052320125 -1.3559657e-20)
(0.000578125 -0.0052320125 0)
(0.000609375 -0.0052320125 0)
(0.000640625 -0.0052320125 0)
(0.000671875 -0.0052320125 -1.3559657e-20)
(0.000703125 -0.0052320125 0)
(0.000734375 -0.0052320125 0)
(0.000765625 -0.0052320125 0)
(0.000796875 -0.0052320125 -1.3559657e-20)
(0.000828125 -0.0052320125 0)
(0.000859375 -0.0052320125 0)
(0.000890625 -0.0052320125 0)
(0.000921875 -0.0052320125 0)
(0.000953125 -0.0052320125 0)
(0.000984375 -0.0052320125 0)
(-0.000984375 -0.004893072 0)
(-0.000953125 -0.004893072 0)
(-0.000921875 -0.004893072 0)
(-0.000890625 -0.004893072 0)
(-0.000859375 -0.004893072 0)
(-0.000828125 -0.004893072 0)
(-0.000796875 -0.004893072 2.7094201e-20)
(-0.000765625 -0.004893072 0)
(-0.000734375 -0.004893072 0)
(-0.000703125 -0.004893072 0)
(-0.000671875 -0.004893072 0)
(-0.000640625 -0.004893072 0)
(-0.000609375 -0.004893072 0)
(-0.000578125 -0.004893072 0)
(-0.000546875 -0.0048930721 2.7094201e-20)
(-0.000515625 -0.004893072 0)
(-0.000484375 -0.004893072 0)
(-0.000453125 -0.004893072 0)
(-0.000421875 -0.004893072 0)
(-0.000390625 -0.004893072 3.9888384e-20)
(-0.000359375 -0.004893072 0)
(-0.000328125 -0.004893072 0)
(-0.000296875 -0.004893072 0)
(-0.000265625 -0.004893072 3.9888384e-20)
(-0.000234375 -0.004893072 0)
(-0.000203125 -0.004893072 0)
(-0.000171875 -0.004893072 0)
(-0.000140625 -0.004893072 0)
(-0.000109375 -0.004893072 0)
(-7.8125e-05 -0.004893072 0)
(-4.6875e-05 -0.004893072 0)
(-1.5625e-05 -0.004893072 0)
(1.5625e-05 -0.004893072 0)
(4.6875e-05 -0.004893072 0)
(7.8125e-05 -0.004893072 0)
(0.000109375 -0.004893072 0)
(0.000140625 -0.004893072 0)
(0.000171875 -0.004893072 0)
(0.000203125 -0.004893072 0)
(0.000234375 -0.004893072 0)
(0.000265625 -0.004893072 0)
(0.000296875 -0.004893072 0)
(0.000328125 -0.004893072 0)
(0.000359375 -0.004893072 0)
(0.000390625 -0.0048930721 0)
(0.000421875 -0.004893072 0)
(0.000453125 -0.004893072 3.9888384e-20)
(0.000484375 -0.004893072 0)
(0.000515625 -0.004893072 0)
(0.000546875 -0.004893072 0)
(0.000578125 -0.004893072 0)
(0.000609375 -0.004893072 0)
(0.000640625 -0.004893072 0)
(0.000671875 -0.004893072 0)
(0.000703125 -0.004893072 0)
(0.000734375 -0.004893072 0)
(0.000765625 -0.004893072 0)
(0.000796875 -0.004893072 0)
(0.000828125 -0.004893072 0)
(0.000859375 -0.004893072 0)
(0.000890625 -0.004893072 0)
(0.000921875 -0.004893072 2.7094201e-20)
(0.000953125 -0.004893072 0)
(0.000984375 -0.004893072 0)
(-0.000984375 -0.004573745 1.3580014e-20)
(-0.000953125 -0.0045737451 1.3580014e-20)
(-0.000921875 -0.004573745 0)
(-0.000890625 -0.004573745 1.3580014e-20)
(-0.000859375 -0.004573745 1.3580014e-20)
(-0.000828125 -0.004573745 1.3580014e-20)
(-0.000796875 -0.004573745 0)
(-0.000765625 -0.004573745 1.3580014e-20)
(-0.000734375 -0.004573745 1.3580014e-20)
(-0.000703125 -0.004573745 1.3580014e-20)
(-0.000671875 -0.0045737451 0)
(-0.000640625 -0.0045737451 1.3580014e-20)
(-0.000609375 -0.004573745 1.3580014e-20)
(-0.000578125 -0.0045737451 1.3580014e-20)
(-0.000546875 -0.004573745 0)
(-0.000515625 -0.004573745 1.3580014e-20)
(-0.000484375 -0.0045737451 1.3580014e-20)
(-0.000453125 -0.0045737451 0)
(-0.000421875 -0.004573745 1.3580014e-20)
(-0.000390625 -0.004573745 1.5085851e-20)
(-0.000359375 -0.004573745 1.3580014e-20)
(-0.000328125 -0.004573745 0)
(-0.000296875 -0.004573745 1.3580014e-20)
(-0.000265625 -0.0045737451 1.5085851e-20)
(-0.000234375 -0.0045737451 -2.8665865e-20)
(-0.000203125 -0.0045737451 0)
(-0.000171875 -0.0045737451 -2.8665865e-20)
(-0.000140625 -0.004573745 0)
(-0.000109375 -0.0045737451 0)
(-7.8125e-05 -0.0045737451 0)
(-4.6875e-05 -0.0045737451 0)
(-1.5625e-05 -0.0045737451 0)
(1.5625e-05 -0.0045737451 0)
(4.6875e-05 -0.004573745 0)
(7.8125e-05 -0.004573745 0)
(0.000109375 -0.004573745 0)
(0.000140625 -0.0045737451 -2.8665865e-20)
(0.000171875 -0.004573745 -2.8665865e-20)
(0.000203125 -0.004573745 -2.8665865e-20)
(0.000234375 -0.004573745 0)
(0.000265625 -0.0045737451 0)
(0.000296875 -0.0045737451 1.3580014e-20)
(0.000328125 -0.004573745 0)
(0.000359375 -0.004573745 1.3580014e-20)
(0.000390625 -0.0045737451 0)
(0.000421875 -0.004573745 1.3580014e-20)
(0.000453125 -0.0045737451 1.5085851e-20)
(0.000484375 -0.004573745 1.3580014e-20)
(0.000515625 -0.004573745 1.3580014e-20)
(0.000546875 -0.004573745 0)
(0.000578125 -0.004573745 1.3580014e-20)
(0.000609375 -0.004573745 1.3580014e-20)
(0.000640625 -0.004573745 1.3580014e-20)
(0.000671875 -0.004573745 0)
(0.000703125 -0.0045737451 1.3580014e-20)
(0.000734375 -0.0045737451 1.3580014e-20)
(0.000765625 -0.0045737451 1.3580014e-20)
(0.000796875 -0.0045737451 0)
(0.000828125 -0.004573745 1.3580014e-20)
(0.000859375 -0.004573745 1.3580014e-20)
(0.000890625 -0.004573745 1.3580014e-20)
(0.000921875 -0.0045737451 0)
(0.000953125 -0.004573745 1.3580014e-20)
(0.000984375 -0.004573745 1.3580014e-20)
(-0.000984375 -0.0042728965 0)
(-0.000953125 -0.0042728965 0)
(-0.000921875 -0.0042728965 0)
(-0.000890625 -0.0042728965 0)
(-0.000859375 -0.0042728965 0)
(-0.000828125 -0.0042728965 0)
(-0.000796875 -0.0042728965 0)
(-0.000765625 -0.0042728965 0)
(-0.000734375 -0.0042728965 0)
(-0.000703125 -0.0042728965 0)
(-0.000671875 -0.0042728965 0)
(-0.000640625 -0.0042728965 0)
(-0.000609375 -0.0042728965 0)
(-0.000578125 -0.0042728965 0)
(-0.000546875 -0.0042728965 0)
(-0.000515625 -0.0042728965 0)
(-0.000484375 -0.0042728965 0)
(-0.000453125 -0.0042728965 0)
(-0.000421875 -0.0042728965 0)
(-0.000390625 -0.0042728965 0)
(-0.000359375 -0.0042728965 0)
(-0.000328125 -0.0042728965 0)
(-0.000296875 -0.0042728965 0)
(-0.000265625 -0.0042728965 0)
(-0.000234375 -0.0042728965 0)
(-0.000203125 -0.0042728965 0)
(-0.000171875 -0.0042728965 0)
(-0.000140625 -0.0042728965 0)
(-0.000109375 -0.0042728965 0)
(-7.8125e-05 -0.0042728965 0)
(-4.6875e-05 -0.0042728965 0)
(-1.5625e-05 -0.0042728965 0)
(1.5625e-05 -0.0042728965 0)
(4.6875e-05 -0.0042728965 0)
(7.8125e-05 -0.0042728965 0)
(0.000109375 -0.0042728965 0)
(0.000140625 -0.0042728965 0)
(0.000171875 -0.0042728965 0)
(0.000203125 -0.0042728965 0)
(0.000234375 -0.0042728965 0)
(0.000265625 -0.0042728965 0)
(0.000296875 -0.0042728965 0)
(0.000328125 -0.0042728965 0)
(0.000359375 -0.0042728965 0)
(0.000390625 -0.0042728965 0)
(0.000421875 -0.0042728965 0)
(0.000453125 -0.0042728965 0)
(0.000484375 -0.0042728965 0)
(0.000515625 -0.0042728965 0)
(0.000546875 -0.0042728965 0)
(0.000578125 -0.0042728965 0)
(0.000609375 -0.0042728965 0)
(0.000640625 -0.0042728965 0)
(0.000671875 -0.0042728965 0)
(0.000703125 -0.0042728965 0)
(0.000734375 -0.0042728965 0)
(0.000765625 -0.0042728965 0)
(0.000796875 -0.0042728965 0)
(0.000828125 -0.0042728965 0)
(0.000859375 -0.0042728965 0)
(0.000890625 -0.0042728965 0)
(0.000921875 -0.0042728965 0)
(0.000953125 -0.0042728965 0)
(0.000984375 -0.0042728965 0)
(-0.000984375 -0.0039894572 0)
(-0.000953125 -0.0039894572 0)
(-0.000921875 -0.0039894572 0)
(-0.000890625 -0.0039894572 0)
(-0.000859375 -0.0039894572 0)
(-0.000828125 -0.0039894572 0)
(-0.000796875 -0.0039894572 0)
(-0.000765625 -0.0039894572 0)
(-0.000734375 -0.0039894572 0)
(-0.000703125 -0.0039894572 0)
(-0.000671875 -0.0039894572 0)
(-0.000640625 -0.0039894572 0)
(-0.000609375 -0.0039894572 0)
(-0.000578125 -0.0039894572 0)
(-0.000546875 -0.0039894572 0)
(-0.000515625 -0.0039894572 0)
(-0.000484375 -0.0039894572 0)
(-0.000453125 -0.0039894572 0)
(-0.000421875 -0.0039894572 0)
(-0.000390625 -0.0039894572 0)
(-0.000359375 -0.0039894572 0)
(-0.000328125 -0.0039894572 0)
(-0.000296875 -0.0039894572 0)
(-0.000265625 -0.0039894572 0)
(-0.000234375 -0.0039894572 0)
(-0.000203125 -0.0039894572 0)
(-0.000171875 -0.0039894572 0)
(-0.000140625 -0.0039894572 0)
(-0.000109375 -0.0039894572 0)
(-7.8125e-05 -0.0039894572 0)
(-4.6875e-05 -0.0039894572 0)
(-1.5625e-05 -0.0039894572 0)
(1.5625e-05 -0.0039894572 0)
(4.6875e-05 -0.0039894572 0)
(7.8125e-05 -0.0039894572 0)
(0.000109375 -0.0039894572 0)
(0.000140625 -0.0039894572 0)
(0.000171875 -0.0039894572 0)
(0.000203125 -0.0039894572 0)
(0.000234375 -0.0039894572 0)
(0.000265625 -0.0039894572 0)
(0.000296875 -0.0039894572 0)
(0.000328125 -0.0039894572 0)
(0.000359375 -0.0039894572 0)
(0.000390625 -0.0039894572 0)
(0.000421875 -0.0039894572 0)
(0.000453125 -0.0039894572 0)
(0.000484375 -0.0039894572 0)
(0.000515625 -0.0039894572 0)
(0.000546875 -0.0039894572 0)
(0.000578125 -0.0039894572 0)
(0.000609375 -0.0039894572 0)
(0.000640625 -0.0039894572 0)
(0.000671875 -0.0039894572 0)
(0.000703125 -0.0039894572 0)
(0.000734375 -0.0039894572 0)
(0.000765625 -0.0039894572 0)
(0.000796875 -0.0039894572 0)
(0.000828125 -0.0039894572 0)
(0.000859375 -0.0039894572 0)
(0.000890625 -0.0039894572 0)
(0.000921875 -0.0039894572 0)
(0.000953125 -0.0039894572 0)
(0.000984375 -0.0039894572 0)
(-0.000984375 -0.0037224197 0)
(-0.000953125 -0.0037224197 0)
(-0.000921875 -0.0037224197 3.3984159e-20)
(-0.000890625 -0.0037224197 0)
(-0.000859375 -0.0037224197 0)
(-0.000828125 -0.0037224197 0)
(-0.000796875 -0.0037224197 0)
(-0.000765625 -0.0037224197 0)
(-0.000734375 -0.0037224197 0)
(-0.000703125 -0.0037224197 0)
(-0.000671875 -0.0037224197 3.3984159e-20)
(-0.000640625 -0.0037224197 0)
(-0.000609375 -0.0037224197 0)
(-0.000578125 -0.0037224197 0)
(-0.000546875 -0.0037224197 0)
(-0.000515625 -0.0037224197 0)
(-0.000484375 -0.0037224197 0)
(-0.000453125 -0.0037224197 -3.3984159e-20)
(-0.000421875 -0.0037224197 0)
(-0.000390625 -0.0037224197 0)
(-0.000359375 -0.0037224197 0)
(-0.000328125 -0.0037224197 -3.3984159e-20)
(-0.000296875 -0.0037224197 0)
(-0.000265625 -0.0037224197 0)
(-0.000234375 -0.0037224197 0)
(-0.000203125 -0.0037224197 3.3984159e-20)
(-0.000171875 -0.0037224197 0)
(-0.000140625 -0.0037224197 3.3984159e-20)
(-0.000109375 -0.0037224197 3.3984159e-20)
(-7.8125e-05 -0.0037224197 3.3984159e-20)
(-4.6875e-05 -0.0037224197 3.3984159e-20)
(-1.5625e-05 -0.0037224197 3.3984159e-20)
(1.5625e-05 -0.0037224197 3.3984159e-20)
(4.6875e-05 -0.0037224197 3.3984159e-20)
(7.8125e-05 -0.0037224197 3.3984159e-20)
(0.000109375 -0.0037224197 3.3984159e-20)
(0.000140625 -0.0037224197 0)
(0.000171875 -0.0037224197 0)
(0.000203125 -0.0037224197 0)
(0.000234375 -0.0037224197 3.3984159e-20)
(0.000265625 -0.0037224197 -3.3984159e-20)
(0.000296875 -0.0037224197 0)
(0.000328125 -0.0037224197 -3.3984159e-20)
(0.000359375 -0.0037224197 0)
(0.000390625 -0.0037224197 -3.3984159e-20)
(0.000421875 -0.0037224197 0)
(0.000453125 -0.0037224197 0)
(0.000484375 -0.0037224197 0)
(0.000515625 -0.0037224197 0)
(0.000546875 -0.0037224197 3.3984159e-20)
(0.000578125 -0.0037224197 0)
(0.000609375 -0.0037224197 0)
(0.000640625 -0.0037224197 0)
(0.000671875 -0.0037224197 3.3984159e-20)
(0.000703125 -0.0037224197 0)
(0.000734375 -0.0037224197 0)
(0.000765625 -0.0037224197 0)
(0.000796875 -0.0037224197 3.3984159e-20)
(0.000828125 -0.0037224197 0)
(0.000859375 -0.0037224197 0)
(0.000890625 -0.0037224197 0)
(0.000921875 -0.0037224197 0)
(0.000953125 -0.0037224197 0)
(0.000984375 -0.0037224197 0)
(-0.000984375 -0.0034708348 0)
(-0.000953125 -0.0034708348 0)
(-0.000921875 -0.0034708348 0)
(-0.000890625 -0.0034708348 0)
(-0.000859375 -0.0034708348 0)
(-0.000828125 -0.0034708348 0)
(-0.000796875 -0.0034708348 0)
(-0.000765625 -0.0034708348 0)
(-0.000734375 -0.0034708348 0)
(-0.000703125 -0.0034708348 0)
(-0.000671875 -0.0034708348 0)
(-0.000640625 -0.0034708348 0)
(-0.000609375 -0.0034708348 0)
(-0.000578125 -0.0034708348 0)
(-0.000546875 -0.0034708348 0)
(-0.000515625 -0.0034708348 0)
(-0.000484375 -0.0034708348 0)
(-0.000453125 -0.0034708348 0)
(-0.000421875 -0.0034708348 0)
(-0.000390625 -0.0034708348 0)
(-0.000359375 -0.0034708348 0)
(-0.000328125 -0.0034708348 0)
(-0.000296875 -0.0034708348 0)
(-0.000265625 -0.0034708348 0)
(-0.000234375 -0.0034708348 0)
(-0.000203125 -0.0034708348 0)
(-0.000171875 -0.0034708348 0)
(-0.000140625 -0.0034708348 0)
(-0.000109375 -0.0034708348 0)
(-7.8125e-05 -0.0034708348 0)
(-4.6875e-05 -0.0034708348 0)
(-1.5625e-05 -0.0034708348 0)
(1.5625e-05 -0.0034708348 0)
(4.6875e-05 -0.0034708348 0)
(7.8125e-05 -0.0034708348 0)
(0.000109375 -0.0034708348 0)
(0.000140625 -0.0034708348 0)
(0.000171875 -0.0034708348 0)
(0.000203125 -0.0034708348 0)
(0.000234375 -0.0034708348 0)
(0.000265625 -0.0034708348 0)
(0.000296875 -0.0034708348 0)
(0.000328125 -0.0034708348 0)
(0.000359375 -0.0034708348 0)
(0.000390625 -0.0034708348 0)
(0.000421875 -0.0034708348 0)
(0.000453125 -0.0034708348 0)
(0.000484375 -0.0034708348 0)
(0.000515625 -0.0034708348 0)
(0.000546875 -0.0034708348 0)
(0.000578125 -0.0034708348 0)
(0.000609375 -0.0034708348 0)
(0.000640625 -0.0034708348 0)
(0.000671875 -0.0034708348 0)
(0.000703125 -0.0034708348 0)
(0.000734375 -0.0034708348 0)
(0.000765625 -0.0034708348 0)
(0.000796875 -0.0034708348 0)
(0.000828125 -0.0034708348 0)
(0.000859375 -0.0034708348 0)
(0.000890625 -0.0034708348 0)
(0.000921875 -0.0034708348 0)
(0.000953125 -0.0034708348 0)
(0.000984375 -0.0034708348 0)
(-0.000984375 -0.0032338084 2.8948772e-20)
(-0.000953125 -0.0032338084 2.8948772e-20)
(-0.000921875 -0.0032338084 -2.8948772e-20)
(-0.000890625 -0.0032338084 2.8948772e-20)
(-0.000859375 -0.0032338084 2.8948772e-20)
(-0.000828125 -0.0032338084 2.8948772e-20)
(-0.000796875 -0.0032338084 9.1476452e-21)
(-0.000765625 -0.0032338084 2.8948772e-20)
(-0.000734375 -0.0032338084 2.8948772e-20)
(-0.000703125 -0.0032338084 2.8948772e-20)
(-0.000671875 -0.0032338084 -2.8948772e-20)
(-0.000640625 -0.0032338084 2.8948772e-20)
(-0.000609375 -0.0032338084 2.8948772e-20)
(-0.000578125 -0.0032338084 2.8948772e-20)
(-0.000546875 -0.0032338084 9.1476452e-21)
(-0.000515625 -0.0032338084 2.8948772e-20)
(-0.000484375 -0.0032338084 2.8948772e-20)
(-0.000453125 -0.0032338084 9.1476452e-21)
(-0.000421875 -0.0032338084 2.8948772e-20)
(-0.000390625 -0.0032338084 0)
(-0.000359375 -0.0032338084 2.8948772e-20)
(-0.000328125 -0.0032338084 -1.9801127e-20)
(-0.000296875 -0.0032338084 2.8948772e-20)
(-0.000265625 -0.0032338084 0)
(-0.000234375 -0.0032338084 0)
(-0.000203125 -0.0032338084 2.8948772e-20)
(-0.000171875 -0.0032338084 2.8948772e-20)
(-0.000140625 -0.0032338084 2.8948772e-20)
(-0.000109375 -0.0032338084 0)
(-7.8125e-05 -0.0032338084 2.8948772e-20)
(-4.6875e-05 -0.0032338084 2.8948772e-20)
(-1.5625e-05 -0.0032338084 2.8948772e-20)
(1.5625e-05 -0.0032338084 2.8948772e-20)
(4.6875e-05 -0.0032338084 2.8948772e-20)
(7.8125e-05 -0.0032338084 2.8948772e-20)
(0.000109375 -0.0032338084 2.8948772e-20)
(0.000140625 -0.0032338084 0)
(0.000171875 -0.0032338084 2.8948772e-20)
(0.000203125 -0.0032338084 2.8948772e-20)
(0.000234375 -0.0032338084 2.8948772e-20)
(0.000265625 -0.0032338084 9.1476452e-21)
(0.000296875 -0.0032338084 2.8948772e-20)
(0.000328125 -0.0032338084 -1.9801127e-20)
(0.000359375 -0.0032338084 2.8948772e-20)
(0.000390625 -0.0032338084 -1.9801127e-20)
(0.000421875 -0.0032338084 2.8948772e-20)
(0.000453125 -0.0032338084 0)
(0.000484375 -0.0032338084 2.8948772e-20)
(0.000515625 -0.0032338084 2.8948772e-20)
(0.000546875 -0.0032338084 -2.8948772e-20)
(0.000578125 -0.0032338084 2.8948772e-20)
(0.000609375 -0.0032338084 2.8948772e-20)
(0.000640625 -0.0032338084 2.8948772e-20)
(0.000671875 -0.0032338084 -2.8948772e-20)
(0.000703125 -0.0032338084 2.8948772e-20)
(0.000734375 -0.0032338084 2.8948772e-20)
(0.000765625 -0.0032338084 2.8948772e-20)
(0.000796875 -0.0032338084 -2.8948772e-20)
(0.000828125 -0.0032338084 2.8948772e-20)
(0.000859375 -0.0032338084 2.8948772e-20)
(0.000890625 -0.0032338084 2.8948772e-20)
(0.000921875 -0.0032338084 9.1476452e-21)
(0.000953125 -0.0032338084 2.8948772e-20)
(0.000984375 -0.0032338084 2.8948772e-20)
(-0.000984375 -0.003010498 0)
(-0.000953125 -0.003010498 0)
(-0.000921875 -0.003010498 3.0634335e-20)
(-0.000890625 -0.003010498 0)
(-0.000859375 -0.003010498 0)
(-0.000828125 -0.003010498 0)
(-0.000796875 -0.003010498 0)
(-0.000765625 -0.003010498 0)
(-0.000734375 -0.003010498 0)
(-0.000703125 -0.003010498 0)
(-0.000671875 -0.003010498 3.0634335e-20)
(-0.000640625 -0.003010498 0)
(-0.000609375 -0.003010498 0)
(-0.000578125 -0.003010498 0)
(-0.000546875 -0.003010498 0)
(-0.000515625 -0.003010498 0)
(-0.000484375 -0.003010498 0)
(-0.000453125 -0.003010498 9.7094995e-21)
(-0.000421875 -0.003010498 0)
(-0.000390625 -0.003010498 -3.0634335e-20)
(-0.000359375 -0.003010498 0)
(-0.000328125 -0.003010498 9.7094995e-21)
(-0.000296875 -0.003010498 0)
(-0.000265625 -0.003010498 -3.0634335e-20)
(-0.000234375 -0.003010498 0)
(-0.000203125 -0.003010498 -1.1215336e-20)
(-0.000171875 -0.003010498 0)
(-0.000140625 -0.003010498 -1.1215336e-20)
(-0.000109375 -0.003010498 0)
(-7.8125e-05 -0.003010498 0)
(-4.6875e-05 -0.003010498 0)
(-1.5625e-05 -0.003010498 0)
(1.5625e-05 -0.003010498 0)
(4.6875e-05 -0.003010498 0)
(7.8125e-05 -0.003010498 0)
(0.000109375 -0.003010498 -1.1215336e-20)
(0.000140625 -0.003010498 0)
(0.000171875 -0.003010498 0)
(0.000203125 -0.003010498 0)
(0.000234375 -0.003010498 -1.1215336e-20)
(0.000265625 -0.003010498 9.7094995e-21)
(0.000296875 -0.003010498 0)
(0.000328125 -0.003010498 9.7094995e-21)
(0.000359375 -0.003010498 0)
(0.000390625 -0.003010498 9.7094995e-21)
(0.000421875 -0.003010498 0)
(0.000453125 -0.003010498 -3.0634335e-20)
(0.000484375 -0.003010498 0)
(0.000515625 -0.003010498 0)
(0.000546875 -0.003010498 3.0634335e-20)
(0.000578125 -0.003010498 0)
(0.000609375 -0.003010498 0)
(0.000640625 -0.003010498 0)
(0.000671875 -0.003010498 3.0634335e-20)
(0.000703125 -0.003010498 0)
(0.000734375 -0.003010498 0)
(0.000765625 -0.003010498 0)
(0.000796875 -0.003010498 3.0634335e-20)
(0.000828125 -0.003010498 0)
(0.000859375 -0.003010498 0)
(0.000890625 -0.003010498 0)
(0.000921875 -0.003010498 0)
(0.000953125 -0.003010498 0)
(0.000984375 -0.003010498 0)
(-0.000984375 -0.0028001098 0)
(-0.000953125 -0.0028001098 0)
(-0.000921875 -0.0028001098 -3.2423447e-20)
(-0.000890625 -0.0028001098 0)
(-0.000859375 -0.0028001098 0)
(-0.000828125 -0.0028001098 0)
(-0.000796875 -0.0028001098 1.030587e-20)
(-0.000765625 -0.0028001098 0)
(-0.000734375 -0.0028001098 0)
(-0.000703125 -0.0028001098 0)
(-0.000671875 -0.0028001098 -3.2423447e-20)
(-0.000640625 -0.0028001098 0)
(-0.000609375 -0.0028001098 0)
(-0.000578125 -0.0028001098 0)
(-0.000546875 -0.0028001098 1.030587e-20)
(-0.000515625 -0.0028001098 0)
(-0.000484375 -0.0028001098 0)
(-0.000453125 -0.0028001099 4.2729317e-20)
(-0.000421875 -0.0028001098 0)
(-0.000390625 -0.0028001099 4.2729317e-20)
(-0.000359375 -0.0028001098 0)
(-0.000328125 -0.0028001098 4.2729317e-20)
(-0.000296875 -0.0028001098 0)
(-0.000265625 -0.0028001098 4.2729317e-20)
(-0.000234375 -0.0028001098 -3.2423447e-20)
(-0.000203125 -0.0028001098 -3.2423447e-20)
(-0.000171875 -0.0028001098 -3.2423447e-20)
(-0.000140625 -0.0028001098 -3.2423447e-20)
(-0.000109375 -0.0028001098 -3.2423447e-20)
(-7.8125e-05 -0.0028001098 -3.2423447e-20)
(-4.6875e-05 -0.0028001098 -3.2423447e-20)
(-1.5625e-05 -0.0028001098 -3.2423447e-20)
(1.5625e-05 -0.0028001099 -3.2423447e-20)
(4.6875e-05 -0.0028001098 -3.2423447e-20)
(7.8125e-05 -0.0028001098 -3.2423447e-20)
(0.000109375 -0.0028001098 -3.2423447e-20)
(0.000140625 -0.0028001098 -3.2423447e-20)
(0.000171875 -0.0028001098 -3.2423447e-20)
(0.000203125 -0.0028001098 -3.2423447e-20)
(0.000234375 -0.0028001098 -3.2423447e-20)
(0.000265625 -0.0028001098 4.2729317e-20)
(0.000296875 -0.0028001098 0)
(0.000328125 -0.0028001099 4.2729317e-20)
(0.000359375 -0.0028001098 0)
(0.000390625 -0.0028001098 4.2729317e-20)
(0.000421875 -0.0028001098 0)
(0.000453125 -0.0028001098 4.2729317e-20)
(0.000484375 -0.0028001098 0)
(0.000515625 -0.0028001098 0)
(0.000546875 -0.0028001098 -3.2423447e-20)
(0.000578125 -0.0028001098 0)
(0.000609375 -0.0028001098 0)
(0.000640625 -0.0028001098 0)
(0.000671875 -0.0028001098 -3.2423447e-20)
(0.000703125 -0.0028001098 0)
(0.000734375 -0.0028001098 0)
(0.000765625 -0.0028001098 0)
(0.000796875 -0.0028001098 -3.2423447e-20)
(0.000828125 -0.0028001098 0)
(0.000859375 -0.0028001098 0)
(0.000890625 -0.0028001098 0)
(0.000921875 -0.0028001098 1.030587e-20)
(0.000953125 -0.0028001098 0)
(0.000984375 -0.0028001098 0)
(-0.000984375 -0.0026018963 0)
(-0.000953125 -0.0026018962 0)
(-0.000921875 -0.0026018963 5.7706027e-20)
(-0.000890625 -0.0026018962 0)
(-0.000859375 -0.0026018962 0)
(-0.000828125 -0.0026018962 0)
(-0.000796875 -0.0026018963 -5.7706027e-20)
(-0.000765625 -0.0026018962 0)
(-0.000734375 -0.0026018962 0)
(-0.000703125 -0.0026018962 0)
(-0.000671875 -0.0026018962 0)
(-0.000640625 -0.0026018962 0)
(-0.000609375 -0.0026018962 0)
(-0.000578125 -0.0026018962 0)
(-0.000546875 -0.0026018962 -5.7706027e-20)
(-0.000515625 -0.0026018962 0)
(-0.000484375 -0.0026018962 0)
(-0.000453125 -0.0026018962 0)
(-0.000421875 -0.0026018962 0)
(-0.000390625 -0.0026018962 0)
(-0.000359375 -0.0026018962 0)
(-0.000328125 -0.0026018963 0)
(-0.000296875 -0.0026018962 0)
(-0.000265625 -0.0026018962 0)
(-0.000234375 -0.0026018963 0)
(-0.000203125 -0.0026018963 -1.2444707e-20)
(-0.000171875 -0.0026018962 0)
(-0.000140625 -0.0026018963 -1.2444707e-20)
(-0.000109375 -0.0026018963 0)
(-7.8125e-05 -0.0026018963 0)
(-4.6875e-05 -0.0026018963 0)
(-1.5625e-05 -0.0026018963 0)
(1.5625e-05 -0.0026018963 0)
(4.6875e-05 -0.0026018962 0)
(7.8125e-05 -0.0026018963 0)
(0.000109375 -0.0026018963 -1.2444707e-20)
(0.000140625 -0.0026018962 0)
(0.000171875 -0.0026018963 0)
(0.000203125 -0.0026018962 0)
(0.000234375 -0.0026018963 -1.2444707e-20)
(0.000265625 -0.0026018962 0)
(0.000296875 -0.0026018962 0)
(0.000328125 -0.0026018962 0)
(0.000359375 -0.0026018962 0)
(0.000390625 -0.0026018962 0)
(0.000421875 -0.0026018962 0)
(0.000453125 -0.0026018962 0)
(0.000484375 -0.0026018962 0)
(0.000515625 -0.0026018962 0)
(0.000546875 -0.0026018963 5.7706027e-20)
(0.000578125 -0.0026018963 0)
(0.000609375 -0.0026018962 0)
(0.000640625 -0.0026018963 0)
(0.000671875 -0.0026018962 0)
(0.000703125 -0.0026018962 0)
(0.000734375 -0.0026018962 0)
(0.000765625 -0.0026018963 0)
(0.000796875 -0.0026018962 0)
(0.000828125 -0.0026018962 0)
(0.000859375 -0.0026018962 0)
(0.000890625 -0.0026018962 0)
(0.000921875 -0.0026018962 -5.7706027e-20)
(0.000953125 -0.0026018962 0)
(0.000984375 -0.0026018962 0)
(-0.000984375 -0.0024151527 0)
(-0.000953125 -0.0024151527 0)
(-0.000921875 -0.0024151527 2.472734e-20)
(-0.000890625 -0.0024151527 0)
(-0.000859375 -0.0024151527 0)
(-0.000828125 -0.0024151527 0)
(-0.000796875 -0.0024151527 0)
(-0.000765625 -0.0024151527 0)
(-0.000734375 -0.0024151527 0)
(-0.000703125 -0.0024151527 0)
(-0.000671875 -0.0024151527 2.472734e-20)
(-0.000640625 -0.0024151527 0)
(-0.000609375 -0.0024151527 0)
(-0.000578125 -0.0024151527 0)
(-0.000546875 -0.0024151527 0)
(-0.000515625 -0.0024151527 0)
(-0.000484375 -0.0024151527 0)
(-0.000453125 -0.0024151527 0)
(-0.000421875 -0.0024151527 0)
(-0.000390625 -0.0024151527 1.1610752e-20)
(-0.000359375 -0.0024151527 0)
(-0.000328125 -0.0024151527 0)
(-0.000296875 -0.0024151527 0)
(-0.000265625 -0.0024151527 1.1610752e-20)
(-0.000234375 -0.0024151527 0)
(-0.000203125 -0.0024151527 0)
(-0.000171875 -0.0024151527 0)
(-0.000140625 -0.0024151527 0)
(-0.000109375 -0.0024151527 0)
(-7.8125e-05 -0.0024151527 0)
(-4.6875e-05 -0.0024151527 0)
(-1.5625e-05 -0.0024151527 0)
(1.5625e-05 -0.0024151527 0)
(4.6875e-05 -0.0024151527 0)
(7.8125e-05 -0.0024151527 0)
(0.000109375 -0.0024151527 0)
(0.000140625 -0.0024151527 0)
(0.000171875 -0.0024151527 0)
(0.000203125 -0.0024151527 0)
(0.000234375 -0.0024151527 0)
(0.000265625 -0.0024151527 0)
(0.000296875 -0.0024151527 0)
(0.000328125 -0.0024151527 0)
(0.000359375 -0.0024151527 0)
(0.000390625 -0.0024151527 0)
(0.000421875 -0.0024151527 0)
(0.000453125 -0.0024151527 1.1610752e-20)
(0.000484375 -0.0024151527 0)
(0.000515625 -0.0024151527 0)
(0.000546875 -0.0024151527 2.472734e-20)
(0.000578125 -0.0024151527 0)
(0.000609375 -0.0024151527 0)
(0.000640625 -0.0024151527 0)
(0.000671875 -0.0024151527 2.472734e-20)
(0.000703125 -0.0024151527 0)
(0.000734375 -0.0024151527 0)
(0.000765625 -0.0024151527 0)
(0.000796875 -0.0024151527 2.472734e-20)
(0.000828125 -0.0024151527 0)
(0.000859375 -0.0024151527 0)
(0.000890625 -0.0024151527 0)
(0.000921875 -0.0024151527 0)
(0.000953125 -0.0024151527 0)
(0.000984375 -0.0024151527 0)
(-0.000984375 -0.0022392155 0)
(-0.000953125 -0.0022392155 0)
(-0.000921875 -0.0022392155 0)
(-0.000890625 -0.0022392155 0)
(-0.000859375 -0.0022392155 0)
(-0.000828125 -0.0022392155 0)
(-0.000796875 -0.0022392155 3.8477532e-20)
(-0.000765625 -0.0022392155 0)
(-0.000734375 -0.0022392155 0)
(-0.000703125 -0.0022392155 0)
(-0.000671875 -0.0022392155 -1.3829735e-20)
(-0.000640625 -0.0022392155 0)
(-0.000609375 -0.0022392155 0)
(-0.000578125 -0.0022392155 0)
(-0.000546875 -0.0022392155 3.8477532e-20)
(-0.000515625 -0.0022392155 0)
(-0.000484375 -0.0022392155 0)
(-0.000453125 -0.0022392155 -2.6153633e-20)
(-0.000421875 -0.0022392155 0)
(-0.000390625 -0.0022392155 2.6153633e-20)
(-0.000359375 -0.0022392155 0)
(-0.000328125 -0.0022392155 0)
(-0.000296875 -0.0022392155 0)
(-0.000265625 -0.0022392155 2.6153633e-20)
(-0.000234375 -0.0022392155 0)
(-0.000203125 -0.0022392154 2.6153633e-20)
(-0.000171875 -0.0022392155 2.6153633e-20)
(-0.000140625 -0.0022392155 2.6153633e-20)
(-0.000109375 -0.0022392154 0)
(-7.8125e-05 -0.0022392154 0)
(-4.6875e-05 -0.0022392154 0)
(-1.5625e-05 -0.0022392154 0)
(1.5625e-05 -0.0022392154 0)
(4.6875e-05 -0.0022392155 0)
(7.8125e-05 -0.0022392155 0)
(0.000109375 -0.0022392155 0)
(0.000140625 -0.0022392155 0)
(0.000171875 -0.0022392155 2.6153633e-20)
(0.000203125 -0.0022392154 2.6153633e-20)
(0.000234375 -0.0022392154 2.6153633e-20)
(0.000265625 -0.0022392154 -2.6153633e-20)
(0.000296875 -0.0022392154 0)
(0.000328125 -0.0022392155 0)
(0.000359375 -0.0022392155 0)
(0.000390625 -0.0022392155 0)
(0.000421875 -0.0022392155 0)
(0.000453125 -0.0022392155 2.6153633e-20)
(0.000484375 -0.0022392154 0)
(0.000515625 -0.0022392155 0)
(0.000546875 -0.0022392155 0)
(0.000578125 -0.0022392155 0)
(0.000609375 -0.0022392155 0)
(0.000640625 -0.0022392155 0)
(0.000671875 -0.0022392155 -1.3829735e-20)
(0.000703125 -0.0022392155 0)
(0.000734375 -0.0022392155 0)
(0.000765625 -0.0022392155 0)
(0.000796875 -0.0022392155 -1.3829735e-20)
(0.000828125 -0.0022392155 0)
(0.000859375 -0.0022392155 0)
(0.000890625 -0.0022392155 0)
(0.000921875 -0.0022392154 3.8477532e-20)
(0.000953125 -0.0022392155 0)
(0.000984375 -0.0022392155 0)
(-0.000984375 -0.0020734591 0)
(-0.000953125 -0.0020734591 0)
(-0.000921875 -0.0020734591 -2.766753e-20)
(-0.000890625 -0.0020734591 0)
(-0.000859375 -0.0020734591 0)
(-0.000828125 -0.0020734592 0)
(-0.000796875 -0.0020734591 4.0748377e-20)
(-0.000765625 -0.0020734591 0)
(-0.000734375 -0.0020734591 0)
(-0.000703125 -0.0020734591 0)
(-0.000671875 -0.0020734591 1.3080847e-20)
(-0.000640625 -0.0020734592 0)
(-0.000609375 -0.0020734592 0)
(-0.000578125 -0.0020734591 0)
(-0.000546875 -0.0020734592 4.0748377e-20)
(-0.000515625 -0.0020734591 0)
(-0.000484375 -0.0020734591 0)
(-0.000453125 -0.0020734591 -1.4586683e-20)
(-0.000421875 -0.0020734591 0)
(-0.000390625 -0.0020734591 1.4586683e-20)
(-0.000359375 -0.0020734591 0)
(-0.000328125 -0.0020734592 0)
(-0.000296875 -0.0020734591 0)
(-0.000265625 -0.0020734591 1.4586683e-20)
(-0.000234375 -0.0020734592 -1.4586683e-20)
(-0.000203125 -0.0020734591 0)
(-0.000171875 -0.0020734591 -1.4586683e-20)
(-0.000140625 -0.0020734592 0)
(-0.000109375 -0.0020734591 0)
(-7.8125e-05 -0.0020734591 0)
(-4.6875e-05 -0.0020734592 0)
(-1.5625e-05 -0.0020734591 0)
(1.5625e-05 -0.0020734591 0)
(4.6875e-05 -0.0020734592 0)
(7.8125e-05 -0.0020734591 0)
(0.000109375 -0.0020734592 0)
(0.000140625 -0.0020734592 -1.4586683e-20)
(0.000171875 -0.0020734591 -1.4586683e-20)
(0.000203125 -0.0020734591 -1.4586683e-20)
(0.000234375 -0.0020734592 0)
(0.000265625 -0.0020734591 -1.4586683e-20)
(0.000296875 -0.0020734591 0)
(0.000328125 -0.0020734591 0)
(0.000359375 -0.0020734591 0)
(0.000390625 -0.0020734591 0)
(0.000421875 -0.0020734591 0)
(0.000453125 -0.0020734591 1.4586683e-20)
(0.000484375 -0.0020734591 0)
(0.000515625 -0.0020734591 0)
(0.000546875 -0.0020734592 -2.766753e-20)
(0.000578125 -0.0020734592 0)
(0.000609375 -0.0020734591 0)
(0.000640625 -0.0020734591 0)
(0.000671875 -0.0020734591 1.3080847e-20)
(0.000703125 -0.0020734592 0)
(0.000734375 -0.0020734591 0)
(0.000765625 -0.0020734591 0)
(0.000796875 -0.0020734591 1.3080847e-20)
(0.000828125 -0.0020734592 0)
(0.000859375 -0.0020734591 0)
(0.000890625 -0.0020734591 0)
(0.000921875 -0.0020734591 4.0748377e-20)
(0.000953125 -0.0020734592 0)
(0.000984375 -0.0020734591 0)
(-0.000984375 -0.0019172946 0)
(-0.000953125 -0.0019172946 0)
(-0.000921875 -0.0019172946 -3.6216553e-20)
(-0.000890625 -0.0019172946 0)
(-0.000859375 -0.0019172946 0)
(-0.000828125 -0.0019172946 0)
(-0.000796875 -0.0019172946 0)
(-0.000765625 -0.0019172946 0)
(-0.000734375 -0.0019172946 0)
(-0.000703125 -0.0019172946 0)
(-0.000671875 -0.0019172946 -3.6216553e-20)
(-0.000640625 -0.0019172946 0)
(-0.000609375 -0.0019172946 0)
(-0.000578125 -0.0019172946 0)
(-0.000546875 -0.0019172946 0)
(-0.000515625 -0.0019172946 0)
(-0.000484375 -0.0019172946 0)
(-0.000453125 -0.0019172947 0)
(-0.000421875 -0.0019172946 0)
(-0.000390625 -0.0019172947 -1.5390123e-20)
(-0.000359375 -0.0019172946 0)
(-0.000328125 -0.0019172947 3.6216553e-20)
(-0.000296875 -0.0019172946 0)
(-0.000265625 -0.0019172947 -1.5390123e-20)
(-0.000234375 -0.0019172946 0)
(-0.000203125 -0.0019172946 0)
(-0.000171875 -0.0019172947 0)
(-0.000140625 -0.0019172946 0)
(-0.000109375 -0.0019172947 0)
(-7.8125e-05 -0.0019172947 0)
(-4.6875e-05 -0.0019172946 0)
(-1.5625e-05 -0.0019172947 0)
(1.5625e-05 -0.0019172947 0)
(4.6875e-05 -0.0019172946 0)
(7.8125e-05 -0.0019172946 0)
(0.000109375 -0.0019172946 0)
(0.000140625 -0.0019172946 0)
(0.000171875 -0.0019172947 0)
(0.000203125 -0.0019172947 0)
(0.000234375 -0.0019172946 0)
(0.000265625 -0.0019172947 0)
(0.000296875 -0.0019172946 0)
(0.000328125 -0.0019172946 3.6216553e-20)
(0.000359375 -0.0019172946 0)
(0.000390625 -0.0019172947 3.6216553e-20)
(0.000421875 -0.0019172946 0)
(0.000453125 -0.0019172947 -1.5390123e-20)
(0.000484375 -0.0019172946 0)
(0.000515625 -0.0019172946 0)
(0.000546875 -0.0019172946 -3.6216553e-20)
(0.000578125 -0.0019172946 0)
(0.000609375 -0.0019172946 0)
(0.000640625 -0.0019172946 0)
(0.000671875 -0.0019172946 -3.6216553e-20)
(0.000703125 -0.0019172946 0)
(0.000734375 -0.0019172946 0)
(0.000765625 -0.0019172946 0)
(0.000796875 -0.0019172946 -3.6216553e-20)
(0.000828125 -0.0019172946 0)
(0.000859375 -0.0019172946 0)
(0.000890625 -0.0019172946 0)
(0.000921875 -0.0019172946 0)
(0.000953125 -0.0019172946 0)
(0.000984375 -0.0019172946 0)
(-0.000984375 -0.0017701669 2.3611449e-20)
(-0.000953125 -0.0017701669 2.3611449e-20)
(-0.000921875 -0.0017701669 0)
(-0.000890625 -0.0017701669 2.3611449e-20)
(-0.000859375 -0.0017701669 2.3611449e-20)
(-0.000828125 -0.0017701669 2.3611449e-20)
(-0.000796875 -0.0017701669 1.6242912e-20)
(-0.000765625 -0.0017701669 2.3611449e-20)
(-0.000734375 -0.0017701669 2.3611449e-20)
(-0.000703125 -0.0017701669 2.3611449e-20)
(-0.000671875 -0.0017701669 0)
(-0.000640625 -0.0017701669 2.3611449e-20)
(-0.000609375 -0.0017701669 2.3611449e-20)
(-0.000578125 -0.0017701669 2.3611449e-20)
(-0.000546875 -0.0017701669 1.6242912e-20)
(-0.000515625 -0.0017701669 2.3611449e-20)
(-0.000484375 -0.0017701669 2.3611449e-20)
(-0.000453125 -0.0017701669 0)
(-0.000421875 -0.0017701669 2.3611449e-20)
(-0.000390625 -0.0017701669 -3.0979987e-20)
(-0.000359375 -0.0017701669 2.3611449e-20)
(-0.000328125 -0.0017701669 0)
(-0.000296875 -0.0017701669 2.3611449e-20)
(-0.000265625 -0.0017701669 -3.0979987e-20)
(-0.000234375 -0.0017701669 -1.4737075e-20)
(-0.000203125 -0.0017701669 -1.6242912e-20)
(-0.000171875 -0.0017701669 -3.0979987e-20)
(-0.000140625 -0.0017701669 -1.6242912e-20)
(-0.000109375 -0.0017701669 0)
(-7.8125e-05 -0.0017701669 0)
(-4.6875e-05 -0.0017701669 0)
(-1.5625e-05 -0.0017701669 0)
(1.5625e-05 -0.0017701669 0)
(4.6875e-05 -0.0017701669 0)
(7.8125e-05 -0.0017701669 0)
(0.000109375 -0.0017701669 0)
(0.000140625 -0.0017701669 -1.4737075e-20)
(0.000171875 -0.0017701669 -3.0979987e-20)
(0.000203125 -0.0017701669 -3.0979987e-20)
(0.000234375 -0.0017701669 -1.6242912e-20)
(0.000265625 -0.0017701669 0)
(0.000296875 -0.0017701669 2.3611449e-20)
(0.000328125 -0.0017701669 0)
(0.000359375 -0.0017701669 2.3611449e-20)
(0.000390625 -0.0017701669 0)
(0.000421875 -0.0017701669 2.3611449e-20)
(0.000453125 -0.0017701669 -3.0979987e-20)
(0.000484375 -0.0017701669 2.3611449e-20)
(0.000515625 -0.0017701669 2.3611449e-20)
(0.000546875 -0.0017701669 0)
(0.000578125 -0.0017701669 2.3611449e-20)
(0.000609375 -0.0017701669 2.3611449e-20)
(0.000640625 -0.0017701669 2.3611449e-20)
(0.000671875 -0.0017701669 0)
(0.000703125 -0.0017701669 2.3611449e-20)
(0.000734375 -0.0017701669 2.3611449e-20)
(0.000765625 -0.0017701669 2.3611449e-20)
(0.000796875 -0.0017701669 0)
(0.000828125 -0.0017701669 2.3611449e-20)
(0.000859375 -0.0017701669 2.3611449e-20)
(0.000890625 -0.0017701669 2.3611449e-20)
(0.000921875 -0.0017701669 1.6242912e-20)
(0.000953125 -0.0017701669 2.3611449e-20)
(0.000984375 -0.0017701669 2.3611449e-20)
(-0.000984375 -0.001631553 0)
(-0.000953125 -0.001631553 0)
(-0.000921875 -0.001631553 2.496921e-20)
(-0.000890625 -0.001631553 0)
(-0.000859375 -0.001631553 0)
(-0.000828125 -0.001631553 0)
(-0.000796875 -0.001631553 0)
(-0.000765625 -0.001631553 0)
(-0.000734375 -0.001631553 0)
(-0.000703125 -0.001631553 0)
(-0.000671875 -0.001631553 2.496921e-20)
(-0.000640625 -0.001631553 0)
(-0.000609375 -0.001631553 0)
(-0.000578125 -0.001631553 0)
(-0.000546875 -0.001631553 0)
(-0.000515625 -0.001631553 0)
(-0.000484375 -0.001631553 0)
(-0.000453125 -0.001631553 2.496921e-20)
(-0.000421875 -0.001631553 0)
(-0.000390625 -0.001631553 0)
(-0.000359375 -0.001631553 0)
(-0.000328125 -0.001631553 2.496921e-20)
(-0.000296875 -0.001631553 0)
(-0.000265625 -0.001631553 0)
(-0.000234375 -0.001631553 -1.7148085e-20)
(-0.000203125 -0.001631553 -3.2790334e-20)
(-0.000171875 -0.001631553 -1.7148085e-20)
(-0.000140625 -0.001631553 -3.2790334e-20)
(-0.000109375 -0.001631553 -3.2790334e-20)
(-7.8125e-05 -0.001631553 0)
(-4.6875e-05 -0.001631553 0)
(-1.5625e-05 -0.001631553 0)
(1.5625e-05 -0.001631553 0)
(4.6875e-05 -0.001631553 0)
(7.8125e-05 -0.001631553 0)
(0.000109375 -0.001631553 0)
(0.000140625 -0.001631553 -1.7148085e-20)
(0.000171875 -0.001631553 -1.7148085e-20)
(0.000203125 -0.001631553 -1.7148085e-20)
(0.000234375 -0.001631553 -3.2790334e-20)
(0.000265625 -0.001631553 2.496921e-20)
(0.000296875 -0.001631553 0)
(0.000328125 -0.001631553 2.496921e-20)
(0.000359375 -0.001631553 0)
(0.000390625 -0.001631553 2.496921e-20)
(0.000421875 -0.001631553 0)
(0.000453125 -0.001631553 0)
(0.000484375 -0.001631553 0)
(0.000515625 -0.001631553 0)
(0.000546875 -0.001631553 2.496921e-20)
(0.000578125 -0.001631553 0)
(0.000609375 -0.001631553 0)
(0.000640625 -0.001631553 0)
(0.000671875 -0.001631553 2.496921e-20)
(0.000703125 -0.001631553 0)
(0.000734375 -0.001631553 0)
(0.000765625 -0.001631553 0)
(0.000796875 -0.001631553 2.496921e-20)
(0.000828125 -0.001631553 0)
(0.000859375 -0.001631553 0)
(0.000890625 -0.001631553 0)
(0.000921875 -0.001631553 0)
(0.000953125 -0.001631553 0)
(0.000984375 -0.001631553 0)
(-0.000984375 -0.0015009603 0)
(-0.000953125 -0.0015009603 0)
(-0.000921875 -0.0015009603 2.6410365e-20)
(-0.000890625 -0.0015009603 0)
(-0.000859375 -0.0015009603 0)
(-0.000828125 -0.0015009603 0)
(-0.000796875 -0.0015009603 0)
(-0.000765625 -0.0015009603 0)
(-0.000734375 -0.0015009603 0)
(-0.000703125 -0.0015009603 0)
(-0.000671875 -0.0015009603 0)
(-0.000640625 -0.0015009603 0)
(-0.000609375 -0.0015009603 0)
(-0.000578125 -0.0015009603 0)
(-0.000546875 -0.0015009603 0)
(-0.000515625 -0.0015009603 0)
(-0.000484375 -0.0015009603 0)
(-0.000453125 -0.0015009603 1.8108855e-20)
(-0.000421875 -0.0015009603 0)
(-0.000390625 -0.0015009603 -1.8108855e-20)
(-0.000359375 -0.0015009603 0)
(-0.000328125 -0.0015009603 0)
(-0.000296875 -0.0015009603 0)
(-0.000265625 -0.0015009603 -1.8108855e-20)
(-0.000234375 -0.0015009603 0)
(-0.000203125 -0.0015009603 0)
(-0.000171875 -0.0015009603 0)
(-0.000140625 -0.0015009603 0)
(-0.000109375 -0.0015009603 0)
(-7.8125e-05 -0.0015009603 0)
(-4.6875e-05 -0.0015009603 0)
(-1.5625e-05 -0.0015009603 0)
(1.5625e-05 -0.0015009603 0)
(4.6875e-05 -0.0015009603 0)
(7.8125e-05 -0.0015009603 0)
(0.000109375 -0.0015009603 0)
(0.000140625 -0.0015009603 0)
(0.000171875 -0.0015009603 0)
(0.000203125 -0.0015009603 0)
(0.000234375 -0.0015009603 0)
(0.000265625 -0.0015009603 1.8108855e-20)
(0.000296875 -0.0015009603 0)
(0.000328125 -0.0015009603 0)
(0.000359375 -0.0015009603 0)
(0.000390625 -0.0015009603 0)
(0.000421875 -0.0015009603 0)
(0.000453125 -0.0015009603 -1.8108855e-20)
(0.000484375 -0.0015009603 0)
(0.000515625 -0.0015009603 0)
(0.000546875 -0.0015009603 2.6410365e-20)
(0.000578125 -0.0015009603 0)
(0.000609375 -0.0015009603 0)
(0.000640625 -0.0015009603 0)
(0.000671875 -0.0015009603 0)
(0.000703125 -0.0015009603 0)
(0.000734375 -0.0015009603 0)
(0.000765625 -0.0015009603 0)
(0.000796875 -0.0015009603 0)
(0.000828125 -0.0015009603 0)
(0.000859375 -0.0015009603 0)
(0.000890625 -0.0015009603 0)
(0.000921875 -0.0015009603 0)
(0.000953125 -0.0015009603 0)
(0.000984375 -0.0015009603 0)
(-0.000984375 -0.0013779246 0)
(-0.000953125 -0.0013779246 0)
(-0.000921875 -0.0013779246 8.8113957e-21)
(-0.000890625 -0.0013779246 0)
(-0.000859375 -0.0013779246 0)
(-0.000828125 -0.0013779246 0)
(-0.000796875 -0.0013779246 1.9128628e-20)
(-0.000765625 -0.0013779246 0)
(-0.000734375 -0.0013779246 0)
(-0.000703125 -0.0013779246 0)
(-0.000671875 -0.0013779246 1.9128628e-20)
(-0.000640625 -0.0013779246 0)
(-0.000609375 -0.0013779246 0)
(-0.000578125 -0.0013779246 0)
(-0.000546875 -0.0013779246 1.9128628e-20)
(-0.000515625 -0.0013779246 0)
(-0.000484375 -0.0013779246 0)
(-0.000453125 -0.0013779246 1.7622791e-20)
(-0.000421875 -0.0013779246 0)
(-0.000390625 -0.0013779246 1.7622791e-20)
(-0.000359375 -0.0013779246 0)
(-0.000328125 -0.0013779246 1.7622791e-20)
(-0.000296875 -0.0013779246 0)
(-0.000265625 -0.0013779246 1.7622791e-20)
(-0.000234375 -0.0013779246 3.6751419e-20)
(-0.000203125 -0.0013779246 0)
(-0.000171875 -0.0013779246 3.6751419e-20)
(-0.000140625 -0.0013779246 0)
(-0.000109375 -0.0013779246 0)
(-7.8125e-05 -0.0013779246 0)
(-4.6875e-05 -0.0013779246 0)
(-1.5625e-05 -0.0013779246 0)
(1.5625e-05 -0.0013779246 0)
(4.6875e-05 -0.0013779246 0)
(7.8125e-05 -0.0013779246 0)
(0.000109375 -0.0013779246 0)
(0.000140625 -0.0013779246 3.6751419e-20)
(0.000171875 -0.0013779246 3.6751419e-20)
(0.000203125 -0.0013779246 3.6751419e-20)
(0.000234375 -0.0013779246 0)
(0.000265625 -0.0013779246 1.7622791e-20)
(0.000296875 -0.0013779246 0)
(0.000328125 -0.0013779246 1.7622791e-20)
(0.000359375 -0.0013779246 0)
(0.000390625 -0.0013779246 1.7622791e-20)
(0.000421875 -0.0013779246 0)
(0.000453125 -0.0013779246 1.7622791e-20)
(0.000484375 -0.0013779246 0)
(0.000515625 -0.0013779246 0)
(0.000546875 -0.0013779246 8.8113957e-21)
(0.000578125 -0.0013779246 0)
(0.000609375 -0.0013779246 0)
(0.000640625 -0.0013779246 0)
(0.000671875 -0.0013779246 1.9128628e-20)
(0.000703125 -0.0013779246 0)
(0.000734375 -0.0013779246 0)
(0.000765625 -0.0013779246 0)
(0.000796875 -0.0013779246 1.9128628e-20)
(0.000828125 -0.0013779246 0)
(0.000859375 -0.0013779246 0)
(0.000890625 -0.0013779246 0)
(0.000921875 -0.0013779246 1.9128628e-20)
(0.000953125 -0.0013779246 0)
(0.000984375 -0.0013779246 0)
(-0.000984375 -0.0012620086 0)
(-0.000953125 -0.0012620086 0)
(-0.000921875 -0.0012620086 0)
(-0.000890625 -0.0012620086 0)
(-0.000859375 -0.0012620086 0)
(-0.000828125 -0.0012620086 0)
(-0.000796875 -0.0012620086 0)
(-0.000765625 -0.0012620086 0)
(-0.000734375 -0.0012620086 0)
(-0.000703125 -0.0012620086 0)
(-0.000671875 -0.0012620086 0)
(-0.000640625 -0.0012620086 0)
(-0.000609375 -0.0012620086 0)
(-0.000578125 -0.0012620086 0)
(-0.000546875 -0.0012620086 0)
(-0.000515625 -0.0012620086 0)
(-0.000484375 -0.0012620086 0)
(-0.000453125 -0.0012620086 9.3526051e-21)
(-0.000421875 -0.0012620086 0)
(-0.000390625 -0.0012620086 -9.3526051e-21)
(-0.000359375 -0.0012620086 0)
(-0.000328125 -0.0012620086 0)
(-0.000296875 -0.0012620086 0)
(-0.000265625 -0.0012620086 -9.3526051e-21)
(-0.000234375 -0.0012620086 0)
(-0.000203125 -0.0012620086 0)
(-0.000171875 -0.0012620086 0)
(-0.000140625 -0.0012620086 0)
(-0.000109375 -0.0012620086 0)
(-7.8125e-05 -0.0012620086 0)
(-4.6875e-05 -0.0012620086 0)
(-1.5625e-05 -0.0012620086 0)
(1.5625e-05 -0.0012620086 0)
(4.6875e-05 -0.0012620086 0)
(7.8125e-05 -0.0012620086 0)
(0.000109375 -0.0012620086 0)
(0.000140625 -0.0012620086 0)
(0.000171875 -0.0012620086 0)
(0.000203125 -0.0012620086 0)
(0.000234375 -0.0012620086 0)
(0.000265625 -0.0012620086 9.3526051e-21)
(0.000296875 -0.0012620086 0)
(0.000328125 -0.0012620086 0)
(0.000359375 -0.0012620086 0)
(0.000390625 -0.0012620086 0)
(0.000421875 -0.0012620086 0)
(0.000453125 -0.0012620086 -9.3526051e-21)
(0.000484375 -0.0012620086 0)
(0.000515625 -0.0012620086 0)
(0.000546875 -0.0012620086 0)
(0.000578125 -0.0012620086 0)
(0.000609375 -0.0012620086 0)
(0.000640625 -0.0012620086 0)
(0.000671875 -0.0012620086 0)
(0.000703125 -0.0012620086 0)
(0.000734375 -0.0012620086 0)
(0.000765625 -0.0012620086 0)
(0.000796875 -0.0012620086 0)
(0.000828125 -0.0012620086 0)
(0.000859375 -0.0012620086 0)
(0.000890625 -0.0012620086 0)
(0.000921875 -0.0012620086 0)
(0.000953125 -0.0012620086 0)
(0.000984375 -0.0012620086 0)
(-0.000984375 -0.0011528003 0)
(-0.000953125 -0.0011528003 0)
(-0.000921875 -0.0011528003 0)
(-0.000890625 -0.0011528003 0)
(-0.000859375 -0.0011528003 0)
(-0.000828125 -0.0011528003 0)
(-0.000796875 -0.0011528003 3.1286984e-20)
(-0.000765625 -0.0011528003 0)
(-0.000734375 -0.0011528003 0)
(-0.000703125 -0.0011528003 0)
(-0.000671875 -0.0011528003 0)
(-0.000640625 -0.0011528003 0)
(-0.000609375 -0.0011528003 0)
(-0.000578125 -0.0011528003 0)
(-0.000546875 -0.0011528003 3.1286984e-20)
(-0.000515625 -0.0011528003 0)
(-0.000484375 -0.0011528003 0)
(-0.000453125 -0.0011528003 -3.1286984e-20)
(-0.000421875 -0.0011528003 0)
(-0.000390625 -0.0011528003 0)
(-0.000359375 -0.0011528003 0)
(-0.000328125 -0.0011528003 -3.1286984e-20)
(-0.000296875 -0.0011528003 0)
(-0.000265625 -0.0011528003 0)
(-0.000234375 -0.0011528003 0)
(-0.000203125 -0.0011528003 2.1359935e-20)
(-0.000171875 -0.0011528003 0)
(-0.000140625 -0.0011528003 2.1359935e-20)
(-0.000109375 -0.0011528003 0)
(-7.8125e-05 -0.0011528003 0)
(-4.6875e-05 -0.0011528003 0)
(-1.5625e-05 -0.0011528003 0)
(1.5625e-05 -0.0011528003 0)
(4.6875e-05 -0.0011528003 0)
(7.8125e-05 -0.0011528003 0)
(0.000109375 -0.0011528003 2.1359935e-20)
(0.000140625 -0.0011528003 0)
(0.000171875 -0.0011528003 0)
(0.000203125 -0.0011528003 0)
(0.000234375 -0.0011528003 2.1359935e-20)
(0.000265625 -0.0011528003 -3.1286984e-20)
(0.000296875 -0.0011528003 0)
(0.000328125 -0.0011528003 -3.1286984e-20)
(0.000359375 -0.0011528003 0)
(0.000390625 -0.0011528003 -3.1286984e-20)
(0.000421875 -0.0011528003 0)
(0.000453125 -0.0011528003 0)
(0.000484375 -0.0011528003 0)
(0.000515625 -0.0011528003 0)
(0.000546875 -0.0011528003 0)
(0.000578125 -0.0011528003 0)
(0.000609375 -0.0011528003 0)
(0.000640625 -0.0011528003 0)
(0.000671875 -0.0011528003 0)
(0.000703125 -0.0011528003 0)
(0.000734375 -0.0011528003 0)
(0.000765625 -0.0011528003 0)
(0.000796875 -0.0011528003 0)
(0.000828125 -0.0011528003 0)
(0.000859375 -0.0011528003 0)
(0.000890625 -0.0011528003 0)
(0.000921875 -0.0011528003 3.1286984e-20)
(0.000953125 -0.0011528003 0)
(0.000984375 -0.0011528003 0)
(-0.000984375 -0.0010499115 0)
(-0.000953125 -0.0010499115 0)
(-0.000921875 -0.0010499115 1.0536785e-20)
(-0.000890625 -0.0010499115 0)
(-0.000859375 -0.0010499115 0)
(-0.000828125 -0.0010499115 0)
(-0.000796875 -0.0010499115 1.0536785e-20)
(-0.000765625 -0.0010499115 0)
(-0.000734375 -0.0010499116 0)
(-0.000703125 -0.0010499115 0)
(-0.000671875 -0.0010499115 1.0536785e-20)
(-0.000640625 -0.0010499115 0)
(-0.000609375 -0.0010499116 0)
(-0.000578125 -0.0010499116 0)
(-0.000546875 -0.0010499115 1.0536785e-20)
(-0.000515625 -0.0010499115 0)
(-0.000484375 -0.0010499115 0)
(-0.000453125 -0.0010499115 0)
(-0.000421875 -0.0010499115 0)
(-0.000390625 -0.0010499115 0)
(-0.000359375 -0.0010499116 0)
(-0.000328125 -0.0010499115 0)
(-0.000296875 -0.0010499115 0)
(-0.000265625 -0.0010499115 0)
(-0.000234375 -0.0010499115 0)
(-0.000203125 -0.0010499115 0)
(-0.000171875 -0.0010499115 0)
(-0.000140625 -0.0010499115 0)
(-0.000109375 -0.0010499115 0)
(-7.8125e-05 -0.0010499115 0)
(-4.6875e-05 -0.0010499115 0)
(-1.5625e-05 -0.0010499115 0)
(1.5625e-05 -0.0010499115 0)
(4.6875e-05 -0.0010499115 0)
(7.8125e-05 -0.0010499115 0)
(0.000109375 -0.0010499115 0)
(0.000140625 -0.0010499115 0)
(0.000171875 -0.0010499115 0)
(0.000203125 -0.0010499115 0)
(0.000234375 -0.0010499115 0)
(0.000265625 -0.0010499115 0)
(0.000296875 -0.0010499115 0)
(0.000328125 -0.0010499115 0)
(0.000359375 -0.0010499115 0)
(0.000390625 -0.0010499115 0)
(0.000421875 -0.0010499115 0)
(0.000453125 -0.0010499115 0)
(0.000484375 -0.0010499115 0)
(0.000515625 -0.0010499115 0)
(0.000546875 -0.0010499115 1.0536785e-20)
(0.000578125 -0.0010499115 0)
(0.000609375 -0.0010499115 0)
(0.000640625 -0.0010499115 0)
(0.000671875 -0.0010499116 1.0536785e-20)
(0.000703125 -0.0010499115 0)
(0.000734375 -0.0010499116 0)
(0.000765625 -0.0010499115 0)
(0.000796875 -0.0010499115 1.0536785e-20)
(0.000828125 -0.0010499115 0)
(0.000859375 -0.0010499115 0)
(0.000890625 -0.0010499115 0)
(0.000921875 -0.0010499116 1.0536785e-20)
(0.000953125 -0.0010499115 0)
(0.000984375 -0.0010499115 0)
(0.0010501807 -0.0077504422 0)
(0.0011514375 -0.0077504422 3.1697282e-20)
(0.0012545011 -0.0077504422 2.1020854e-20)
(0.0013594036 -0.0077504422 -3.0621848e-20)
(0.001466178 -0.0077504422 6.9978208e-20)
(0.0015748576 -0.0077504422 3.919409e-20)
(0.0016854764 -0.0077504422 -1.9636549e-20)
(0.001798069 -0.0077504422 2.8581795e-20)
(0.0019126707 -0.0077504422 0)
(0.0020293173 -0.0077504422 0)
(0.0021480453 -0.0077504422 0)
(0.0022688917 -0.0077504422 0)
(0.0023918945 -0.0077504422 0)
(0.0025170921 -0.0077504422 0)
(0.0026445237 -0.0077504422 0)
(0.0027742291 -0.0077504422 -3.2962592e-20)
(0.0029062489 -0.0077504422 2.4486692e-20)
(0.0030406243 -0.0077504422 0)
(0.0031773975 -0.0077504422 0)
(0.0033166111 -0.0077504422 0)
(0.0034583089 -0.0077504422 0)
(0.003602535 -0.0077504422 7.2417005e-21)
(0.0037493347 -0.0077504422 0)
(0.0038987536 -0.0077504422 0)
(0.0040508388 -0.0077504422 0)
(0.0042056377 -0.0077504422 0)
(0.0043631988 -0.0077504422 0)
(0.0045235712 -0.0077504422 2.6803339e-20)
(0.0046868053 -0.0077504422 -2.6346658e-20)
(0.004852952 -0.0077504422 0)
(0.0050220634 -0.0077504422 2.4704251e-20)
(0.0051941923 -0.0077504422 0)
(0.0053693926 -0.0077504422 0)
(0.005547719 -0.0077504422 0)
(0.0057292274 -0.0077504422 0)
(0.0059139745 -0.0077504422 -3.4673077e-20)
(0.0061020183 -0.0077504422 0)
(0.0062934172 -0.0077504422 0)
(0.0064882315 -0.0077504422 0)
(0.0066865219 -0.0077504422 5.4178215e-20)
(0.0068883505 -0.0077504422 0)
(0.0070937804 -0.0077504422 0)
(0.0073028759 -0.0077504422 9.9901044e-21)
(0.0075157024 -0.0077504422 3.0197815e-20)
(0.0077323264 -0.0077504422 0)
(0.0079528157 -0.0077504422 0)
(0.0081772394 -0.0077504422 0)
(0.0084056675 -0.0077504422 -1.8289208e-20)
(0.0086381717 -0.0077504422 0)
(0.0088748244 -0.0077504422 1.8406507e-20)
(0.0091156999 -0.0077504422 -1.8097024e-20)
(0.0093608734 -0.0077504422 0)
(0.0096104217 -0.0077504422 1.7494247e-20)
(0.0098644228 -0.0077504422 -5.9073302e-20)
(0.010122956 -0.0077504422 0)
(0.010386102 -0.0077504422 7.9381202e-21)
(0.010653944 -0.0077504422 0)
(0.010926565 -0.0077504422 0)
(0.011204051 -0.0077504422 0)
(0.011486488 -0.0077504422 3.0336704e-20)
(0.011773965 -0.0077504422 2.255173e-20)
(0.012066571 -0.0077504422 0)
(0.012364399 -0.0077504422 1.4780406e-20)
(0.01266754 -0.0077504422 0)
(0.01297609 -0.0077504422 0)
(0.013290146 -0.0077504422 -2.7358184e-20)
(0.013609806 -0.0077504422 -2.6891728e-20)
(0.01393517 -0.0077504422 0)
(0.01426634 -0.0077504422 2.5983319e-20)
(0.014603418 -0.0077504422 0)
(0.014946512 -0.0077504422 0)
(0.015295727 -0.0077504422 3.6642875e-20)
(0.015651174 -0.0077504422 0)
(0.016012963 -0.0077504422 0)
(0.016381208 -0.0077504422 0)
(0.016756023 -0.0077504422 -2.3045321e-20)
(0.017137526 -0.0077504422 3.3605334e-20)
(0.017525837 -0.0077504422 0)
(0.017921076 -0.0077504422 0)
(0.018323368 -0.0077504422 0)
(0.018732838 -0.0077504422 3.1361524e-20)
(0.019149615 -0.0077504422 6.1649866e-20)
(0.019573828 -0.0077504422 3.0297785e-20)
(0.02000561 -0.0077504422 0)
(0.020445098 -0.0077504422 -2.9270918e-20)
(0.020892427 -0.0077504422 0)
(0.021347738 -0.0077504422 0)
(0.021811173 -0.0077504422 0)
(0.022282878 -0.0077504422 0)
(0.022762999 -0.0077504422 0)
(0.023251688 -0.0077504422 0)
(0.023749097 -0.0077504422 0)
(0.0010501807 -0.0072657678 0)
(0.0011514375 -0.0072657678 -4.5299185e-20)
(0.001254501 -0.0072657678 -3.3775068e-20)
(0.0013594036 -0.0072657678 -1.0567841e-20)
(0.001466178 -0.0072657678 0)
(0.0015748576 -0.0072657678 0)
(0.0016854764 -0.0072657678 -6.3142145e-20)
(0.0017980691 -0.0072657678 -2.1197948e-20)
(0.0019126708 -0.0072657678 -4.0199631e-20)
(0.0020293174 -0.0072657678 -2.0513565e-20)
(0.0021480453 -0.0072657678 0)
(0.0022688918 -0.0072657678 0)
(0.0023918945 -0.0072657678 0)
(0.0025170921 -0.0072657678 -8.8547514e-21)
(0.0026445237 -0.0072657678 0)
(0.0027742291 -0.0072657678 0)
(0.0029062489 -0.0072657678 2.6697373e-20)
(0.0030406243 -0.0072657678 0)
(0.0031773975 -0.0072657678 0)
(0.0033166111 -0.0072657678 0)
(0.0034583089 -0.0072657678 -3.2800428e-20)
(0.003602535 -0.0072657678 -7.6864962e-21)
(0.0037493346 -0.0072657678 0)
(0.0038987536 -0.0072657678 0)
(0.0040508388 -0.0072657678 -2.3373725e-20)
(0.0042056377 -0.0072657678 3.7313369e-20)
(0.0043631988 -0.0072657678 0)
(0.0045235712 -0.0072657678 -1.5331074e-20)
(0.0046868052 -0.0072657678 0)
(0.004852952 -0.0072657678 2.8195334e-20)
(0.0050220634 -0.0072657678 -2.7727458e-20)
(0.0051941923 -0.0072657678 0)
(0.0053693925 -0.0072657678 2.6816159e-20)
(0.005547719 -0.0072657678 0)
(0.0057292274 -0.0072657678 0)
(0.0059139745 -0.0072657678 0)
(0.0061020183 -0.0072657678 0)
(0.0062934172 -0.0072657678 -2.4674059e-20)
(0.0064882315 -0.0072657678 0)
(0.0066865219 -0.0072657678 0)
(0.0068883505 -0.0072657678 0)
(0.0070937805 -0.0072657678 3.3884575e-20)
(0.0073028759 -0.0072657678 -2.2713258e-20)
(0.0075157023 -0.0072657678 4.3177097e-20)
(0.0077323264 -0.0072657678 0)
(0.0079528157 -0.0072657678 0)
(0.0081772394 -0.0072657678 0)
(0.0084056675 -0.0072657678 0)
(0.0086381717 -0.0072657678 0)
(0.0088748244 -0.0072657678 0)
(0.0091156998 -0.0072657678 0)
(0.0093608734 -0.0072657678 0)
(0.0096104217 -0.0072657678 0)
(0.0098644227 -0.0072657678 -1.8963934e-20)
(0.010122956 -0.0072657678 -8.5760142e-21)
(0.010386102 -0.0072657678 0)
(0.010653945 -0.0072657678 -2.633969e-20)
(0.010926565 -0.0072657678 0)
(0.011204051 -0.0072657678 0)
(0.011486488 -0.0072657678 0)
(0.011773964 -0.0072657678 0)
(0.012066571 -0.0072657678 0)
(0.012364398 -0.0072657678 -1.6394913e-20)
(0.01266754 -0.0072657678 0)
(0.012976091 -0.0072657678 0)
(0.013290146 -0.0072657678 0)
(0.013609806 -0.0072657678 0)
(0.01393517 -0.0072657678 -2.8763777e-20)
(0.01426634 -0.0072657678 0)
(0.014603418 -0.0072657678 0)
(0.014946512 -0.0072657678 0)
(0.015295728 -0.0072657678 0)
(0.015651174 -0.0072657678 0)
(0.016012963 -0.0072657678 0)
(0.016381208 -0.0072657678 0)
(0.016756023 -0.0072657678 -1.1830817e-20)
(0.017137526 -0.0072657678 0)
(0.017525837 -0.0072657678 0)
(0.017921076 -0.0072657678 2.394479e-20)
(0.018323368 -0.0072657678 0)
(0.018732838 -0.0072657678 0)
(0.019149615 -0.0072657678 0)
(0.019573828 -0.0072657678 0)
(0.02000561 -0.0072657678 2.2045674e-20)
(0.020445098 -0.0072657678 0)
(0.020892427 -0.0072657678 -6.2489787e-20)
(0.021347738 -0.0072657678 -2.0984246e-20)
(0.021811173 -0.0072657678 -3.021132e-20)
(0.022282878 -0.0072657678 -2.9708059e-20)
(0.022762999 -0.0072657678 0)
(0.023251688 -0.0072657678 0)
(0.023749097 -0.0072657678 0)
(0.0010501807 -0.00680914 0)
(0.0011514375 -0.00680914 2.4747428e-20)
(0.001254501 -0.00680914 -2.4339998e-20)
(0.0013594036 -0.00680914 -2.3939694e-20)
(0.001466178 -0.00680914 0)
(0.0015748576 -0.00680914 0)
(0.0016854764 -0.00680914 0)
(0.001798069 -0.00680914 0)
(0.0019126708 -0.00680914 0)
(0.0020293174 -0.00680914 2.168104e-20)
(0.0021480453 -0.00680914 0)
(0.0022688917 -0.00680914 0)
(0.0023918945 -0.00680914 0)
(0.0025170921 -0.00680914 0)
(0.0026445237 -0.00680914 0)
(0.0027742291 -0.00680914 0)
(0.0029062489 -0.00680914 0)
(0.0030406244 -0.00680914 0)
(0.0031773975 -0.00680914 2.7315391e-20)
(0.0033166112 -0.00680914 0)
(0.0034583089 -0.00680914 3.4722575e-20)
(0.003602535 -0.00680914 0)
(0.0037493346 -0.00680914 0)
(0.0038987536 -0.00680914 1.7255969e-20)
(0.0040508388 -0.00680914 0)
(0.0042056377 -0.00680914 -2.2804122e-20)
(0.0043631987 -0.00680914 0)
(0.0045235712 -0.00680914 -2.3517434e-20)
(0.0046868052 -0.00680914 3.034013e-20)
(0.004852952 -0.00680914 0)
(0.0050220634 -0.00680914 0)
(0.0051941923 -0.00680914 0)
(0.0053693926 -0.00680914 0)
(0.005547719 -0.00680914 -2.7899775e-20)
(0.0057292274 -0.00680914 0)
(0.0059139746 -0.00680914 -3.9720798e-20)
(0.0061020182 -0.00680914 0)
(0.0062934173 -0.0068091401 2.6097076e-20)
(0.0064882315 -0.00680914 -2.5665966e-20)
(0.0066865219 -0.00680914 2.5242435e-20)
(0.0068883505 -0.00680914 0)
(0.0070937804 -0.00680914 0)
(0.0073028759 -0.00680914 0)
(0.0075157024 -0.00680914 2.3621213e-20)
(0.0077323264 -0.00680914 0)
(0.0079528157 -0.00680914 3.3526012e-20)
(0.0081772394 -0.00680914 0)
(0.0084056676 -0.00680914 3.2413182e-20)
(0.0086381717 -0.00680914 0)
(0.0088748244 -0.00680914 0)
(0.0091156998 -0.00680914 3.0816033e-20)
(0.0093608734 -0.00680914 3.0302201e-20)
(0.0096104217 -0.00680914 -2.0366869e-20)
(0.0098644228 -0.0068091401 -3.8566621e-20)
(0.010122956 -0.00680914 0)
(0.010386103 -0.0068091401 0)
(0.010653945 -0.0068091401 0)
(0.010926566 -0.00680914 0)
(0.011204051 -0.00680914 0)
(0.011486488 -0.00680914 -2.650299e-20)
(0.011773965 -0.0068091401 1.7878417e-20)
(0.012066571 -0.00680914 0)
(0.012364398 -0.00680914 -1.7309416e-20)
(0.01266754 -0.00680914 -3.2558928e-20)
(0.012976091 -0.00680914 7.6271759e-21)
(0.013290147 -0.00680914 1.6492783e-20)
(0.013609807 -0.00680914 1.6230025e-20)
(0.01393517 -0.00680914 0)
(0.01426634 -0.00680914 0)
(0.014603418 -0.00680914 0)
(0.014946512 -0.00680914 0)
(0.015295728 -0.00680914 0)
(0.015651174 -0.00680914 4.1231088e-20)
(0.016012963 -0.00680914 2.7525099e-20)
(0.016381208 -0.00680914 0)
(0.016756023 -0.00680914 0)
(0.017137526 -0.00680914 1.3843179e-20)
(0.017525837 -0.00680914 0)
(0.017921076 -0.00680914 0)
(0.018323368 -0.0068091401 0)
(0.018732838 -0.00680914 1.3000542e-20)
(0.019149615 -0.00680914 0)
(0.019573828 -0.00680914 0)
(0.02000561 -0.00680914 0)
(0.020445098 -0.0068091401 -3.3634644e-20)
(0.020892427 -0.00680914 0)
(0.021347738 -0.00680914 0)
(0.021811173 -0.00680914 1.0156201e-20)
(0.022282878 -0.00680914 0)
(0.022762999 -0.00680914 2.1112289e-20)
(0.023251688 -0.0068091401 -9.6313652e-21)
(0.023749096 -0.00680914 0)
(0.0010501807 -0.0063789359 1.2554652e-20)
(0.0011514375 -0.006378936 1.3840397e-20)
(0.0012545011 -0.006378936 0)
(0.0013594036 -0.006378936 0)
(0.001466178 -0.006378936 0)
(0.0015748576 -0.0063789359 0)
(0.0016854764 -0.0063789359 3.5377781e-20)
(0.001798069 -0.006378936 -3.4783977e-20)
(0.0019126707 -0.0063789359 0)
(0.0020293174 -0.006378936 -5.6547653e-20)
(0.0021480453 -0.0063789359 0)
(0.0022688917 -0.006378936 3.2511081e-20)
(0.0023918946 -0.0063789359 4.2121435e-20)
(0.0025170922 -0.0063789359 0)
(0.0026445237 -0.006378936 4.0709886e-20)
(0.0027742291 -0.006378936 9.6291889e-21)
(0.0029062489 -0.0063789359 0)
(0.0030406243 -0.006378936 0)
(0.0031773975 -0.006378936 0)
(0.0033166111 -0.006378936 -3.7391918e-20)
(0.0034583089 -0.0063789359 1.9134314e-20)
(0.003602535 -0.0063789359 -3.6144723e-20)
(0.0037493346 -0.006378936 0)
(0.0038987537 -0.006378936 1.8223363e-20)
(0.0040508388 -0.006378936 3.4354757e-20)
(0.0042056377 -0.0063789359 1.7642357e-20)
(0.0043631988 -0.006378936 0)
(0.0045235712 -0.006378936 0)
(0.0046868053 -0.0063789359 0)
(0.004852952 -0.0063789359 -2.4057427e-20)
(0.0050220634 -0.0063789359 0)
(0.0051941923 -0.0063789359 3.0529625e-20)
(0.0053693926 -0.0063789359 -3.0020825e-20)
(0.005547719 -0.006378936 0)
(0.0057292274 -0.006378936 0)
(0.0059139746 -0.0063789359 0)
(0.0061020182 -0.006378936 0)
(0.0062934172 -0.006378936 2.7607503e-20)
(0.0064882315 -0.006378936 0)
(0.0066865219 -0.006378936 -8.0101105e-20)
(0.0068883505 -0.006378936 0)
(0.0070937804 -0.006378936 -2.5824751e-20)
(0.0073028759 -0.0063789359 0)
(0.0075157024 -0.0063789359 -4.8453302e-20)
(0.0077323264 -0.006378936 0)
(0.0079528157 -0.006378936 0)
(0.0081772394 -0.0063789359 4.602728e-20)
(0.0084056675 -0.0063789359 0)
(0.0086381717 -0.0063789359 0)
(0.0088748244 -0.0063789359 0)
(0.0091156999 -0.0063789359 0)
(0.0093608734 -0.0063789359 -2.1882554e-20)
(0.0096104217 -0.006378936 3.1535091e-20)
(0.0098644227 -0.006378936 -3.1008667e-20)
(0.010122956 -0.006378936 0)
(0.010386102 -0.0063789359 9.4925095e-21)
(0.010653944 -0.0063789359 0)
(0.010926565 -0.006378936 0)
(0.011204051 -0.0063789359 0)
(0.011486488 -0.0063789359 -2.8038349e-20)
(0.011773964 -0.006378936 1.8884042e-20)
(0.012066571 -0.006378936 0)
(0.012364398 -0.0063789359 0)
(0.01266754 -0.006378936 0)
(0.012976091 -0.0063789359 1.7697131e-20)
(0.013290147 -0.006378936 0)
(0.013609807 -0.0063789359 3.2762972e-20)
(0.01393517 -0.006378936 1.6860438e-20)
(0.01426634 -0.0063789359 1.659126e-20)
(0.014603419 -0.006378936 0)
(0.014946512 -0.0063789359 0)
(0.015295728 -0.006378936 -1.5811732e-20)
(0.015651174 -0.0063789359 0)
(0.016012963 -0.006378936 0)
(0.016381207 -0.0063789359 -2.863906e-20)
(0.016756023 -0.006378936 -5.6326775e-20)
(0.017137527 -0.0063789359 2.7696073e-20)
(0.017525837 -0.006378936 0)
(0.017921076 -0.0063789359 -2.6785897e-20)
(0.018323368 -0.0063789359 0)
(0.018732839 -0.0063789359 0)
(0.019149615 -0.0063789359 3.7466351e-20)
(0.019573828 -0.0063789359 -3.683598e-20)
(0.02000561 -0.0063789359 0)
(0.020445098 -0.0063789359 0)
(0.020892427 -0.0063789359 0)
(0.021347738 -0.0063789359 0)
(0.021811173 -0.006378936 0)
(0.022282878 -0.0063789359 0)
(0.022762999 -0.006378936 0)
(0.023251688 -0.0063789359 0)
(0.023749096 -0.006378936 0)
(0.0010501807 -0.0059736265 0)
(0.0011514375 -0.0059736265 0)
(0.0012545011 -0.0059736265 -1.2862658e-20)
(0.0013594036 -0.0059736265 0)
(0.001466178 -0.0059736265 0)
(0.0015748576 -0.0059736265 0)
(0.0016854764 -0.0059736265 0)
(0.0017980691 -0.0059736265 0)
(0.0019126708 -0.0059736265 0)
(0.0020293173 -0.0059736265 0)
(0.0021480453 -0.0059736265 0)
(0.0022688917 -0.0059736265 0)
(0.0023918946 -0.0059736265 0)
(0.0025170921 -0.0059736265 0)
(0.0026445237 -0.0059736265 0)
(0.0027742291 -0.0059736265 0)
(0.0029062489 -0.0059736265 0)
(0.0030406243 -0.0059736265 0)
(0.0031773975 -0.0059736265 0)
(0.0033166112 -0.0059736265 0)
(0.0034583089 -0.0059736265 0)
(0.0036025351 -0.0059736265 0)
(0.0037493347 -0.0059736265 0)
(0.0038987537 -0.0059736265 -2.8122346e-20)
(0.0040508388 -0.0059736265 0)
(0.0042056377 -0.0059736265 0)
(0.0043631987 -0.0059736265 0)
(0.0045235712 -0.0059736265 0)
(0.0046868052 -0.0059736265 0)
(0.004852952 -0.0059736265 0)
(0.0050220634 -0.0059736265 2.5022956e-20)
(0.0051941923 -0.0059736265 0)
(0.0053693926 -0.0059736265 0)
(0.005547719 -0.0059736265 0)
(0.0057292274 -0.0059736265 0)
(0.0059139746 -0.0059736265 0)
(0.0061020182 -0.0059736265 0)
(0.0062934173 -0.0059736265 0)
(0.0064882315 -0.0059736265 0)
(0.0066865219 -0.0059736265 0)
(0.0068883505 -0.0059736265 0)
(0.0070937804 -0.0059736265 0)
(0.0073028759 -0.0059736265 0)
(0.0075157023 -0.0059736265 0)
(0.0077323264 -0.0059736265 0)
(0.0079528157 -0.0059736265 0)
(0.0081772394 -0.0059736265 0)
(0.0084056675 -0.0059736265 -1.1606896e-20)
(0.0086381717 -0.0059736265 0)
(0.0088748244 -0.0059736265 0)
(0.0091156998 -0.0059736265 0)
(0.0093608734 -0.0059736265 0)
(0.0096104217 -0.0059736265 0)
(0.0098644227 -0.0059736265 1.0438312e-20)
(0.010122956 -0.0059736265 0)
(0.010386102 -0.0059736265 0)
(0.010653944 -0.0059736265 0)
(0.010926565 -0.0059736265 0)
(0.011204051 -0.0059736265 0)
(0.011486488 -0.0059736265 0)
(0.011773965 -0.0059736265 9.2227994e-21)
(0.012066571 -0.0059736265 0)
(0.012364399 -0.0059736265 0)
(0.01266754 -0.0059736265 0)
(0.01297609 -0.0059736265 0)
(0.013290147 -0.0059736265 0)
(0.013609806 -0.0059736265 0)
(0.01393517 -0.0059736265 0)
(0.01426634 -0.0059736265 0)
(0.014603418 -0.0059736265 0)
(0.014946512 -0.0059736265 0)
(0.015295727 -0.0059736265 0)
(0.015651174 -0.0059736265 0)
(0.016012963 -0.0059736265 0)
(0.016381207 -0.0059736265 -4.6211347e-20)
(0.016756023 -0.0059736265 0)
(0.017137526 -0.0059736265 0)
(0.017525837 -0.0059736265 0)
(0.017921076 -0.0059736265 4.1755031e-20)
(0.018323368 -0.0059736265 0)
(0.018732838 -0.0059736265 5.4812115e-20)
(0.019149615 -0.0059736265 3.9675094e-20)
(0.019573828 -0.0059736265 0)
(0.02000561 -0.0059736265 0)
(0.020445098 -0.0059736265 3.7702642e-20)
(0.020892427 -0.0059736265 0)
(0.021347738 -0.0059736265 2.4798375e-20)
(0.021811173 -0.0059736265 -1.1442132e-20)
(0.022282878 -0.0059736265 0)
(0.022762999 -0.0059736265 0)
(0.023251688 -0.0059736265 0)
(0.023749096 -0.0059736265 0)
(0.0010501807 -0.0055917711 0)
(0.0011514375 -0.0055917711 0)
(0.001254501 -0.0055917711 -2.8811232e-20)
(0.0013594036 -0.0055917711 0)
(0.001466178 -0.0055917711 0)
(0.0015748576 -0.0055917711 0)
(0.0016854764 -0.0055917711 -2.6946267e-20)
(0.0017980691 -0.0055917711 0)
(0.0019126708 -0.0055917711 0)
(0.0020293174 -0.0055917711 0)
(0.0021480453 -0.0055917711 0)
(0.0022688917 -0.0055917711 0)
(0.0023918945 -0.0055917711 0)
(0.0025170922 -0.0055917711 0)
(0.0026445237 -0.0055917711 0)
(0.0027742291 -0.0055917711 0)
(0.0029062489 -0.0055917711 0)
(0.0030406243 -0.0055917711 0)
(0.0031773975 -0.0055917711 0)
(0.0033166111 -0.0055917711 0)
(0.0034583089 -0.0055917711 0)
(0.003602535 -0.0055917711 -3.0774357e-20)
(0.0037493347 -0.0055917711 0)
(0.0038987536 -0.0055917711 0)
(0.0040508388 -0.0055917711 0)
(0.0042056377 -0.0055917711 2.877531e-20)
(0.0043631988 -0.0055917711 0)
(0.0045235712 -0.0055917711 0)
(0.0046868053 -0.0055917711 0)
(0.004852952 -0.0055917711 0)
(0.0050220634 -0.0055917711 2.6467407e-20)
(0.0051941923 -0.0055917711 0)
(0.0053693926 -0.0055917711 0)
(0.005547719 -0.0055917711 -2.5177505e-20)
(0.0057292274 -0.0055917711 0)
(0.0059139745 -0.0055917711 0)
(0.0061020182 -0.0055917711 0)
(0.0062934173 -0.0055917711 0)
(0.0064882315 -0.0055917711 0)
(0.0066865219 -0.0055917711 0)
(0.0068883505 -0.0055917711 0)
(0.0070937804 -0.0055917711 0)
(0.0073028759 -0.0055917711 0)
(0.0075157024 -0.0055917711 0)
(0.0077323264 -0.0055917711 0)
(0.0079528157 -0.0055917711 0)
(0.0081772394 -0.0055917711 0)
(0.0084056675 -0.0055917711 -1.2319805e-20)
(0.0086381717 -0.0055917711 0)
(0.0088748244 -0.0055917711 0)
(0.0091156998 -0.0055917711 3.6555361e-20)
(0.0093608734 -0.0055917711 1.2984196e-20)
(0.0096104217 -0.0055917711 0)
(0.0098644228 -0.0055917711 0)
(0.010122956 -0.0055917711 -5.7437695e-20)
(0.010386102 -0.0055917711 1.0694405e-20)
(0.010653944 -0.0055917711 0)
(0.010926565 -0.0055917711 0)
(0.011204051 -0.0055917711 0)
(0.011486488 -0.0055917711 0)
(0.011773964 -0.0055917711 0)
(0.012066571 -0.0055917711 0)
(0.012364398 -0.0055917711 9.4490658e-21)
(0.01266754 -0.0055917711 0)
(0.012976091 -0.0055917711 0)
(0.013290146 -0.0055917711 0)
(0.013609806 -0.0055917711 0)
(0.01393517 -0.0055917711 0)
(0.01426634 -0.0055917711 0)
(0.014603418 -0.0055917711 0)
(0.014946512 -0.0055917711 0)
(0.015295727 -0.0055917711 3.3740314e-20)
(0.015651174 -0.0055917711 -1.7340499e-20)
(0.016012963 -0.0055917711 -5.7461491e-20)
(0.016381208 -0.0055917711 -1.5284351e-20)
(0.016756023 -0.0055917711 -3.1538637e-20)
(0.017137526 -0.0055917711 0)
(0.017525837 -0.0055917711 0)
(0.017921076 -0.0055917711 2.2866511e-20)
(0.018323368 -0.0055917711 0)
(0.018732839 -0.0055917711 0)
(0.019149615 -0.0055917711 0)
(0.019573828 -0.0055917711 0)
(0.02000561 -0.0055917711 0)
(0.020445098 -0.0055917711 -5.273258e-20)
(0.020892427 -0.0055917711 2.6670263e-20)
(0.021347738 -0.0055917711 -3.8590629e-20)
(0.021811173 -0.0055917711 0)
(0.022282878 -0.0055917711 0)
(0.022762999 -0.0055917711 0)
(0.023251688 -0.0055917711 0)
(0.023749097 -0.0055917711 0)
(0.0010501807 -0.0052320125 0)
(0.0011514375 -0.0052320125 0)
(0.0012545011 -0.0052320125 0)
(0.0013594036 -0.0052320125 -4.4217487e-20)
(0.001466178 -0.0052320125 0)
(0.0015748576 -0.0052320125 0)
(0.0016854764 -0.0052320125 -2.8508848e-20)
(0.001798069 -0.0052320125 0)
(0.0019126708 -0.0052320125 0)
(0.0020293173 -0.0052320125 0)
(0.0021480453 -0.0052320125 0)
(0.0022688917 -0.0052320125 0)
(0.0023918946 -0.0052320125 0)
(0.0025170921 -0.0052320125 -1.1929307e-20)
(0.0026445237 -0.0052320125 0)
(0.0027742291 -0.0052320125 0)
(0.0029062489 -0.0052320125 0)
(0.0030406243 -0.0052320125 0)
(0.0031773975 -0.0052320125 0)
(0.0033166112 -0.0052320125 0)
(0.0034583089 -0.0052320125 0)
(0.0036025351 -0.0052320125 -1.0355409e-20)
(0.0037493347 -0.0052320125 0)
(0.0038987536 -0.0052320125 3.1492393e-20)
(0.0040508388 -0.0052320125 0)
(0.0042056377 -0.0052320125 -4.0098364e-20)
(0.0043631988 -0.0052320125 0)
(0.0045235712 -0.0052320125 0)
(0.0046868053 -0.0052320125 0)
(0.004852952 -0.0052320125 0)
(0.0050220634 -0.0052320125 0)
(0.0051941923 -0.0052320125 0)
(0.0053693925 -0.0052320125 0)
(0.005547719 -0.0052320125 0)
(0.0057292274 -0.0052320125 0)
(0.0059139745 -0.0052320125 0)
(0.0061020182 -0.0052320125 0)
(0.0062934173 -0.0052320125 0)
(0.0064882315 -0.0052320125 0)
(0.0066865219 -0.0052320125 -1.6569813e-20)
(0.0068883505 -0.0052320125 0)
(0.0070937805 -0.0052320125 0)
(0.0073028759 -0.0052320125 0)
(0.0075157023 -0.0052320125 2.9576034e-20)
(0.0077323264 -0.0052320125 -2.9083951e-20)
(0.0079528157 -0.0052320125 0)
(0.0081772394 -0.0052320125 0)
(0.0084056675 -0.0052320125 1.3076502e-20)
(0.0086381717 -0.0052320125 0)
(0.0088748244 -0.0052320125 0)
(0.0091156998 -0.0052320125 -3.8708143e-20)
(0.0093608734 -0.0052320125 -1.368921e-20)
(0.0096104217 -0.0052320125 0)
(0.0098644227 -0.0052320125 2.5025752e-20)
(0.010122956 -0.0052320125 0)
(0.010386103 -0.0052320125 0)
(0.010653944 -0.0052320125 0)
(0.010926565 -0.0052320125 0)
(0.011204051 -0.0052320125 0)
(0.011486488 -0.0052320125 0)
(0.011773964 -0.0052320125 2.2286923e-20)
(0.012066571 -0.0052320125 0)
(0.012364399 -0.0052320125 0)
(0.01266754 -0.0052320125 0)
(0.012976091 -0.0052320125 -3.054848e-20)
(0.013290146 -0.0052320125 0)
(0.013609807 -0.0052320125 0)
(0.01393517 -0.0052320125 0)
(0.01426634 -0.0052320125 0)
(0.014603418 -0.0052320125 0)
(0.014946512 -0.0052320125 -1.0212023e-20)
(0.015295728 -0.0052320125 1.8613014e-20)
(0.015651174 -0.0052320125 3.5120327e-20)
(0.016012963 -0.0052320125 0)
(0.016381208 -0.0052320125 -3.3952102e-20)
(0.016756023 -0.0052320125 4.1352649e-20)
(0.017137527 -0.0052320125 0)
(0.017525837 -0.0052320125 0)
(0.017921076 -0.0052320125 0)
(0.018323368 -0.0052320125 0)
(0.018732838 -0.0052320125 0)
(0.019149615 -0.0052320125 3.0173873e-20)
(0.019573828 -0.0052320125 0)
(0.02000561 -0.0052320125 0)
(0.020445098 -0.0052320125 0)
(0.020892427 -0.0052320125 0)
(0.021347738 -0.0052320125 0)
(0.021811173 -0.0052320125 0)
(0.022282878 -0.0052320125 0)
(0.022762999 -0.0052320125 0)
(0.023251688 -0.0052320125 0)
(0.023749096 -0.0052320125 2.5526665e-20)
(0.0010501807 -0.004893072 0)
(0.0011514375 -0.004893072 0)
(0.0012545011 -0.004893072 0)
(0.0013594036 -0.004893072 -3.1729209e-20)
(0.001466178 -0.004893072 0)
(0.0015748576 -0.004893072 0)
(0.0016854764 -0.004893072 3.016741e-20)
(0.001798069 -0.004893072 0)
(0.0019126708 -0.004893072 0)
(0.0020293174 -0.0048930721 0)
(0.0021480453 -0.004893072 0)
(0.0022688918 -0.004893072 0)
(0.0023918945 -0.0048930721 0)
(0.0025170922 -0.004893072 -2.6829879e-20)
(0.0026445237 -0.004893072 0)
(0.0027742291 -0.004893072 0)
(0.0029062489 -0.004893072 0)
(0.0030406243 -0.004893072 0)
(0.0031773975 -0.004893072 0)
(0.0033166111 -0.004893072 0)
(0.0034583089 -0.004893072 2.3880987e-20)
(0.003602535 -0.004893072 2.3488741e-20)
(0.0037493347 -0.004893072 0)
(0.0038987537 -0.0048930721 1.0609458e-20)
(0.0040508388 -0.004893072 0)
(0.0042056377 -0.004893072 0)
(0.0043631988 -0.004893072 0)
(0.0045235712 -0.004893072 0)
(0.0046868052 -0.004893072 0)
(0.004852952 -0.004893072 0)
(0.0050220634 -0.004893072 9.3740274e-21)
(0.0051941923 -0.004893072 0)
(0.0053693926 -0.004893072 0)
(0.005547719 -0.004893072 5.6349391e-20)
(0.0057292274 -0.004893072 0)
(0.0059139745 -0.004893072 0)
(0.0061020183 -0.004893072 0)
(0.0062934173 -0.004893072 0)
(0.0064882315 -0.004893072 0)
(0.0066865219 -0.004893072 0)
(0.0068883505 -0.004893072 0)
(0.0070937804 -0.004893072 0)
(0.0073028759 -0.004893072 0)
(0.0075157023 -0.004893072 2.3851568e-20)
(0.0077323264 -0.004893072 0)
(0.0079528157 -0.004893072 0)
(0.0081772394 -0.004893072 0)
(0.0084056675 -0.004893072 0)
(0.0086381717 -0.004893072 0)
(0.0088748244 -0.004893072 0)
(0.0091156999 -0.004893072 4.2498997e-20)
(0.0093608734 -0.004893072 0)
(0.0096104217 -0.004893072 0)
(0.0098644227 -0.004893072 -2.6470377e-20)
(0.010122956 -0.0048930721 0)
(0.010386103 -0.0048930721 -5.1205585e-20)
(0.010653945 -0.004893072 0)
(0.010926565 -0.004893072 0)
(0.011204051 -0.004893072 0)
(0.011486488 -0.004893072 0)
(0.011773964 -0.0048930721 0)
(0.012066571 -0.004893072 0)
(0.012364399 -0.0048930721 0)
(0.01266754 -0.004893072 0)
(0.012976091 -0.004893072 0)
(0.013290146 -0.004893072 -3.1791939e-20)
(0.013609807 -0.004893072 0)
(0.01393517 -0.004893072 0)
(0.01426634 -0.004893072 0)
(0.014603419 -0.004893072 0)
(0.014946512 -0.004893072 2.9228635e-20)
(0.015295728 -0.004893072 0)
(0.015651174 -0.004893072 0)
(0.016012963 -0.004893072 0)
(0.016381207 -0.004893072 0)
(0.016756023 -0.004893072 0)
(0.017137526 -0.004893072 0)
(0.017525837 -0.004893072 0)
(0.017921076 -0.004893072 -3.3592848e-20)
(0.018323368 -0.004893072 0)
(0.018732838 -0.004893072 0)
(0.019149615 -0.004893072 0)
(0.019573828 -0.004893072 -2.3927435e-20)
(0.02000561 -0.0048930721 0)
(0.020445098 -0.004893072 0)
(0.020892427 -0.004893072 2.9856459e-20)
(0.021347738 -0.004893072 4.3286124e-20)
(0.021811173 -0.004893072 0)
(0.022282878 -0.0048930721 0)
(0.022762999 -0.004893072 0)
(0.023251688 -0.004893072 0)
(0.023749097 -0.004893072 -1.4253947e-20)
(0.0010501807 -0.0045737451 -1.8419727e-20)
(0.0011514375 -0.004573745 -1.8123215e-20)
(0.001254501 -0.004573745 2.5994945e-20)
(0.0013594036 -0.004573745 8.0199309e-21)
(0.001466178 -0.004573745 3.3023175e-20)
(0.0015748576 -0.004573745 0)
(0.0016854764 -0.004573745 0)
(0.001798069 -0.004573745 3.1394509e-20)
(0.0019126707 -0.0045737451 0)
(0.0020293174 -0.0045737451 0)
(0.0021480453 -0.004573745 0)
(0.0022688917 -0.0045737451 0)
(0.0023918945 -0.0045737451 0)
(0.0025170921 -0.004573745 1.4945572e-20)
(0.0026445237 -0.004573745 0)
(0.0027742291 -0.004573745 0)
(0.0029062489 -0.004573745 0)
(0.0030406244 -0.004573745 0)
(0.0031773975 -0.004573745 0)
(0.0033166111 -0.004573745 2.5679077e-20)
(0.0034583089 -0.004573745 0)
(0.003602535 -0.004573745 -1.1666559e-20)
(0.0037493347 -0.0045737451 0)
(0.0038987536 -0.0045737451 0)
(0.0040508388 -0.0045737451 -3.4696903e-20)
(0.0042056377 -0.0045737451 0)
(0.0043631988 -0.0045737451 -2.2864199e-20)
(0.0045235712 -0.004573745 0)
(0.0046868053 -0.0045737451 0)
(0.004852952 -0.004573745 0)
(0.0050220634 -0.004573745 6.2710411e-20)
(0.0051941923 -0.004573745 2.1056565e-20)
(0.0053693926 -0.004573745 0)
(0.005547719 -0.004573745 0)
(0.0057292274 -0.0045737451 0)
(0.0059139746 -0.004573745 0)
(0.0061020182 -0.004573745 -6.5647969e-20)
(0.0062934173 -0.004573745 0)
(0.0064882315 -0.004573745 -1.8779956e-20)
(0.0066865219 -0.0045737451 0)
(0.0068883505 -0.004573745 0)
(0.0070937805 -0.0045737451 0)
(0.0073028759 -0.004573745 0)
(0.0075157023 -0.0045737451 0)
(0.0077323264 -0.004573745 -3.2575753e-20)
(0.0079528157 -0.004573745 0)
(0.0081772394 -0.0045737451 0)
(0.0084056675 -0.004573745 -3.0970202e-20)
(0.0086381717 -0.004573745 -3.0453672e-20)
(0.0088748244 -0.004573745 0)
(0.0091156998 -0.004573745 0)
(0.0093608734 -0.0045737451 0)
(0.0096104217 -0.0045737451 -2.8476531e-20)
(0.0098644227 -0.0045737451 -4.1252669e-20)
(0.010122956 -0.004573745 0)
(0.010386103 -0.004573745 -6.6954212e-20)
(0.010653945 -0.0045737451 0)
(0.010926565 -0.0045737451 -2.6193988e-20)
(0.011204051 -0.0045737451 0)
(0.011486488 -0.0045737451 -3.7250994e-20)
(0.011773964 -0.004573745 -6.1542382e-20)
(0.012066571 -0.0045737451 -1.1500923e-20)
(0.012364398 -0.0045737451 -2.4104467e-20)
(0.01266754 -0.004573745 0)
(0.01297609 -0.004573745 -2.3319088e-20)
(0.013290146 -0.004573745 0)
(0.013609806 -0.004573745 -2.2560971e-20)
(0.01393517 -0.004573745 -3.2534899e-20)
(0.01426634 -0.004573745 3.1990936e-20)
(0.014603418 -0.0045737451 3.1456553e-20)
(0.014946512 -0.004573745 -9.8085204e-21)
(0.015295727 -0.004573745 0)
(0.015651174 -0.0045737451 -9.4676471e-21)
(0.016012963 -0.0045737451 0)
(0.016381207 -0.004573745 -6.6981958e-20)
(0.016756023 -0.0045737451 0)
(0.017137527 -0.004573745 0)
(0.017525837 -0.0045737451 0)
(0.017921076 -0.004573745 3.5563665e-20)
(0.018323368 -0.004573745 3.496651e-20)
(0.018732838 -0.004573745 0)
(0.019149615 -0.004573745 0)
(0.019573828 -0.004573745 0)
(0.02000561 -0.0045737451 -3.2681188e-20)
(0.020445098 -0.0045737451 0)
(0.020892427 -0.0045737451 -7.5229868e-21)
(0.021347738 -0.004573745 3.1070153e-20)
(0.021811173 -0.004573745 0)
(0.022282878 -0.0045737451 0)
(0.022762999 -0.004573745 2.9542458e-20)
(0.023251688 -0.0045737451 4.28235e-20)
(0.023749096 -0.004573745 2.8568062e-20)
(0.0010501807 -0.0042728965 0)
(0.0011514375 -0.0042728965 2.7962893e-20)
(0.0012545011 -0.0042728965 0)
(0.0013594036 -0.0042728965 0)
(0.001466178 -0.0042728965 0)
(0.0015748576 -0.0042728965 0)
(0.0016854764 -0.0042728965 4.9941664e-20)
(0.001798069 -0.0042728965 0)
(0.0019126708 -0.0042728965 0)
(0.0020293174 -0.0042728965 0)
(0.0021480453 -0.0042728965 0)
(0.0022688917 -0.0042728965 0)
(0.0023918945 -0.0042728965 0)
(0.0025170921 -0.0042728965 -2.2903667e-20)
(0.0026445237 -0.0042728965 0)
(0.0027742291 -0.0042728965 0)
(0.0029062489 -0.0042728965 0)
(0.0030406244 -0.0042728965 0)
(0.0031773975 -0.0042728965 0)
(0.0033166112 -0.0042728965 0)
(0.0034583089 -0.0042728965 0)
(0.003602535 -0.0042728965 0)
(0.0037493346 -0.0042728965 0)
(0.0038987536 -0.0042728965 0)
(0.0040508388 -0.0042728965 0)
(0.0042056377 -0.0042728965 -1.1537361e-20)
(0.0043631987 -0.0042728965 0)
(0.0045235712 -0.0042728965 0)
(0.0046868052 -0.0042728965 0)
(0.004852952 -0.0042728965 0)
(0.0050220634 -0.0042728965 0)
(0.0051941923 -0.0042728965 0)
(0.0053693926 -0.0042728965 0)
(0.005547719 -0.0042728965 3.1551367e-20)
(0.0057292274 -0.0042728965 0)
(0.0059139746 -0.0042728965 0)
(0.0061020183 -0.0042728965 0)
(0.0062934172 -0.0042728965 -3.8830408e-20)
(0.0064882315 -0.0042728965 0)
(0.0066865219 -0.0042728965 -3.7533234e-20)
(0.0068883505 -0.0042728965 0)
(0.0070937804 -0.0042728965 0)
(0.0073028759 -0.0042728965 -1.8588673e-20)
(0.0075157023 -0.0042728965 0)
(0.0077323264 -0.0042728965 0)
(0.0079528157 -0.0042728965 0)
(0.0081772394 -0.0042728965 0)
(0.0084056676 -0.0042728965 0)
(0.0086381717 -0.0042728965 0)
(0.0088748244 -0.0042728965 0)
(0.0091156999 -0.0042728965 -1.4829001e-20)
(0.0093608734 -0.0042728965 0)
(0.0096104217 -0.0042728965 0)
(0.0098644227 -0.0042728965 0)
(0.010122956 -0.0042728965 0)
(0.010386103 -0.0042728965 0)
(0.010653944 -0.0042728965 0)
(0.010926565 -0.0042728965 0)
(0.011204051 -0.0042728965 0)
(0.011486488 -0.0042728965 0)
(0.011773965 -0.0042728965 0)
(0.012066571 -0.0042728965 0)
(0.012364398 -0.0042728965 0)
(0.01266754 -0.0042728965 0)
(0.012976091 -0.0042728965 0)
(0.013290147 -0.0042728965 0)
(0.013609806 -0.0042728965 2.3854202e-20)
(0.013935171 -0.0042728965 0)
(0.01426634 -0.0042728965 0)
(0.014603419 -0.0042728965 0)
(0.014946512 -0.0042728965 0)
(0.015295727 -0.0042728965 0)
(0.015651174 -0.0042728965 -3.165332e-20)
(0.016012963 -0.0042728965 6.2249709e-20)
(0.016381208 -0.0042728965 3.0605586e-20)
(0.016756023 -0.0042728965 0)
(0.017137526 -0.0042728965 0)
(0.017525837 -0.0042728965 0)
(0.017921076 -0.0042728965 9.0374253e-21)
(0.018323368 -0.0042728965 0)
(0.018732838 -0.0042728965 0)
(0.019149615 -0.0042728965 0)
(0.019573828 -0.0042728965 0)
(0.020005611 -0.0042728965 0)
(0.020445098 -0.0042728965 -1.7760866e-20)
(0.020892427 -0.0042728965 0)
(0.021347738 -0.0042728965 0)
(0.021811173 -0.0042728965 0)
(0.022282878 -0.0042728965 0)
(0.022762999 -0.0042728965 0)
(0.023251688 -0.0042728965 0)
(0.023749097 -0.0042728965 0)
(0.0010501807 -0.0039894572 0)
(0.0011514375 -0.0039894572 0)
(0.0012545011 -0.0039894572 0)
(0.0013594036 -0.0039894572 0)
(0.001466178 -0.0039894572 0)
(0.0015748576 -0.0039894572 0)
(0.0016854764 -0.0039894572 1.8642783e-20)
(0.0017980691 -0.0039894572 0)
(0.0019126708 -0.0039894572 0)
(0.0020293174 -0.0039894572 0)
(0.0021480453 -0.0039894572 0)
(0.0022688917 -0.0039894572 0)
(0.0023918945 -0.0039894572 2.462322e-20)
(0.0025170921 -0.0039894572 0)
(0.0026445237 -0.0039894572 0)
(0.0027742291 -0.0039894572 0)
(0.0029062489 -0.0039894572 0)
(0.0030406243 -0.0039894572 0)
(0.0031773975 -0.0039894572 2.9225734e-20)
(0.0033166111 -0.0039894572 0)
(0.0034583089 -0.0039894572 0)
(0.003602535 -0.0039894572 2.7793288e-20)
(0.0037493346 -0.0039894572 0)
(0.0038987536 -0.0039894572 0)
(0.0040508388 -0.0039894572 0)
(0.0042056377 -0.0039894572 0)
(0.0043631988 -0.0039894572 2.5568498e-20)
(0.0045235712 -0.0039894572 0)
(0.0046868053 -0.0039894572 0)
(0.004852952 -0.0039894572 0)
(0.0050220634 -0.0039894572 0)
(0.0051941923 -0.0039894572 -3.4545067e-20)
(0.0053693926 -0.0039894572 2.3145861e-20)
(0.005547719 -0.0039894572 1.0630326e-20)
(0.0057292274 -0.0039894572 0)
(0.0059139746 -0.0039894572 0)
(0.0061020183 -0.0039894572 0)
(0.0062934172 -0.0039894572 -2.1314391e-20)
(0.0064882315 -0.0039894572 -3.0697772e-20)
(0.0066865219 -0.0039894572 0)
(0.0068883505 -0.0039894572 0)
(0.0070937804 -0.0039894572 0)
(0.0073028759 -0.0039894572 2.8703977e-20)
(0.0075157024 -0.0039894572 -2.822716e-20)
(0.0077323264 -0.0039894572 2.7758723e-20)
(0.0079528157 -0.0039894572 -3.5896046e-20)
(0.0081772394 -0.0039894572 0)
(0.0084056676 -0.0039894572 9.8045891e-21)
(0.0086381717 -0.0039894572 0)
(0.0088748244 -0.0039894572 0)
(0.0091156998 -0.0039894572 0)
(0.0093608734 -0.0039894572 0)
(0.0096104217 -0.0039894572 0)
(0.0098644227 -0.0039894572 0)
(0.010122956 -0.0039894572 0)
(0.010386102 -0.0039894572 -3.7525164e-20)
(0.010653944 -0.0039894572 0)
(0.010926565 -0.0039894572 0)
(0.011204051 -0.0039894572 0)
(0.011486488 -0.0039894572 2.8353202e-20)
(0.011773964 -0.0039894572 -2.7882478e-20)
(0.012066571 -0.0039894572 -2.7420073e-20)
(0.012364398 -0.0039894572 0)
(0.01266754 -0.0039894572 0)
(0.01297609 -0.0039894572 -1.2287574e-20)
(0.013290146 -0.0039894572 0)
(0.013609807 -0.0039894572 1.186052e-20)
(0.01393517 -0.0039894572 0)
(0.01426634 -0.0039894572 3.5850821e-20)
(0.014603418 -0.0039894572 0)
(0.014946512 -0.0039894572 0)
(0.015295727 -0.0039894572 0)
(0.015651174 -0.0039894572 0)
(0.016012963 -0.0039894572 4.3423528e-20)
(0.016381207 -0.0039894572 0)
(0.016756023 -0.0039894572 0)
(0.017137526 -0.0039894572 0)
(0.017525837 -0.0039894572 0)
(0.017921076 -0.0039894572 -9.5925193e-21)
(0.018323368 -0.0039894572 0)
(0.018732838 -0.0039894572 0)
(0.019149615 -0.0039894572 0)
(0.019573828 -0.0039894572 0)
(0.02000561 -0.0039894572 0)
(0.020445098 -0.0039894572 -3.6012719e-20)
(0.020892427 -0.0039894572 1.8456863e-20)
(0.021347738 -0.0039894572 0)
(0.021811174 -0.0039894572 0)
(0.022282878 -0.0039894572 1.6075043e-20)
(0.022762999 -0.0039894572 -4.0988951e-20)
(0.023251688 -0.0039894572 0)
(0.023749097 -0.0039894572 -3.1994559e-20)
(0.0010501807 -0.0037224197 -2.0225855e-20)
(0.0011514375 -0.0037224197 -3.1312759e-20)
(0.0012545011 -0.0037224197 5.1819009e-20)
(0.0013594036 -0.0037224197 3.0276856e-20)
(0.001466178 -0.0037224197 0)
(0.0015748576 -0.0037224197 0)
(0.0016854764 -0.0037224197 0)
(0.0017980691 -0.0037224197 -1.9376472e-20)
(0.0019126708 -0.0037224197 3.8126379e-20)
(0.0020293173 -0.0037224197 0)
(0.0021480453 -0.0037224197 0)
(0.0022688917 -0.0037224197 0)
(0.0023918945 -0.0037224197 0)
(0.0025170921 -0.0037224197 0)
(0.0026445237 -0.0037224197 3.3085183e-20)
(0.0027742291 -0.0037224197 0)
(0.0029062489 -0.0037224197 0)
(0.0030406243 -0.0037224197 -3.145331e-20)
(0.0031773975 -0.0037224197 0)
(0.0033166111 -0.0037224197 2.3185848e-20)
(0.0034583089 -0.0037224197 0)
(0.003602535 -0.0037224197 2.9407888e-20)
(0.0037493347 -0.0037224197 2.8918756e-20)
(0.0038987537 -0.0037224197 0)
(0.0040508388 -0.0037224197 0)
(0.0042056377 -0.0037224197 -2.7502171e-20)
(0.0043631988 -0.0037224197 1.2770307e-20)
(0.0045235712 -0.0037224197 0)
(0.0046868053 -0.0037224197 2.6158812e-20)
(0.004852952 -0.0037224197 2.5726617e-20)
(0.0050220634 -0.0037224197 3.7200108e-20)
(0.0051941923 -0.0037224197 0)
(0.0053693926 -0.0037224197 -3.59596e-20)
(0.005547719 -0.0037224197 0)
(0.0057292274 -0.0037224197 0)
(0.0059139746 -0.0037224197 0)
(0.0061020183 -0.0037224197 0)
(0.0062934172 -0.0037224197 0)
(0.0064882315 -0.0037224197 0)
(0.0066865219 -0.0037224197 0)
(0.0068883505 -0.0037224197 0)
(0.0070937804 -0.0037224197 0)
(0.0073028759 -0.0037224197 0)
(0.0075157024 -0.0037224197 0)
(0.0077323264 -0.0037224197 0)
(0.0079528157 -0.0037224197 0)
(0.0081772394 -0.0037224197 0)
(0.0084056675 -0.0037224197 1.9122776e-20)
(0.0086381717 -0.0037224197 0)
(0.0088748244 -0.0037224197 0)
(0.0091156999 -0.0037224197 0)
(0.0093608734 -0.0037224197 0)
(0.0096104217 -0.0037224197 -1.7631793e-20)
(0.0098644227 -0.0037224197 0)
(0.010122956 -0.0037224197 0)
(0.010386102 -0.0037224197 0)
(0.010653944 -0.0037224197 0)
(0.010926565 -0.0037224197 0)
(0.011204051 -0.0037224197 3.926757e-20)
(0.011486488 -0.0037224197 2.2878103e-20)
(0.011773965 -0.0037224197 0)
(0.012066571 -0.0037224197 -4.2764707e-20)
(0.012364398 -0.0037224197 0)
(0.01266754 -0.0037224197 0)
(0.012976091 -0.0037224197 0)
(0.013290146 -0.0037224197 0)
(0.013609807 -0.0037224197 -1.4094841e-20)
(0.01393517 -0.0037224197 0)
(0.01426634 -0.0037224197 1.2151495e-20)
(0.014603419 -0.0037224197 0)
(0.014946512 -0.0037224197 0)
(0.015295728 -0.0037224197 3.6076564e-20)
(0.015651174 -0.0037224197 -3.5470451e-20)
(0.016012963 -0.0037224197 -3.4875073e-20)
(0.016381208 -0.0037224197 0)
(0.016756023 -0.0037224197 0)
(0.017137526 -0.0037224197 0)
(0.017525837 -0.0037224197 1.0363376e-20)
(0.017921076 -0.0037224197 2.1869238e-20)
(0.018323368 -0.0037224197 0)
(0.018732839 -0.0037224197 0)
(0.019149615 -0.0037224197 0)
(0.019573828 -0.0037224197 0)
(0.02000561 -0.0037224197 0)
(0.020445098 -0.0037224197 0)
(0.020892427 -0.0037224197 0)
(0.021347738 -0.0037224197 0)
(0.021811173 -0.0037224197 -3.6239559e-20)
(0.022282878 -0.0037224197 -3.5630611e-20)
(0.022762999 -0.0037224197 0)
(0.023251688 -0.0037224197 0)
(0.023749096 -0.0037224197 0)
(0.0010501807 -0.0034708348 -2.2973986e-20)
(0.0011514375 -0.0034708348 2.2597634e-20)
(0.001254501 -0.0034708348 2.2227891e-20)
(0.0013594036 -0.0034708348 0)
(0.001466178 -0.0034708348 3.1508643e-20)
(0.0015748576 -0.0034708348 0)
(0.0016854764 -0.0034708348 6.0931873e-20)
(0.001798069 -0.0034708348 3.9442376e-20)
(0.0019126708 -0.0034708348 0)
(0.0020293174 -0.0034708348 -1.9814881e-20)
(0.0021480453 -0.0034708348 0)
(0.0022688917 -0.0034708348 0)
(0.0023918945 -0.0034708348 0)
(0.0025170921 -0.0034708348 0)
(0.0026445237 -0.0034708348 -3.5024821e-20)
(0.0027742291 -0.0034708348 0)
(0.0029062489 -0.0034708348 0)
(0.0030406243 -0.0034708348 0)
(0.0031773975 -0.0034708348 -4.8350298e-20)
(0.0033166111 -0.0034708348 3.2187999e-20)
(0.0034583089 -0.0034708348 0)
(0.003602535 -0.0034708348 0)
(0.0037493347 -0.0034708348 0)
(0.0038987536 -0.0034708348 -4.4385681e-20)
(0.0040508388 -0.0034708348 0)
(0.0042056377 -0.0034708348 0)
(0.0043631988 -0.0034708348 0)
(0.0045235712 -0.0034708348 0)
(0.0046868053 -0.0034708348 -1.3083594e-20)
(0.004852952 -0.0034708348 0)
(0.0050220634 -0.0034708348 1.2628884e-20)
(0.0051941923 -0.0034708348 0)
(0.0053693925 -0.0034708348 -2.5885804e-20)
(0.005547719 -0.0034708348 0)
(0.0057292274 -0.0034708348 0)
(0.0059139745 -0.0034708348 0)
(0.0061020182 -0.0034708348 0)
(0.0062934172 -0.0034708348 1.266414e-20)
(0.0064882315 -0.0034708348 2.343121e-20)
(0.0066865219 -0.0034708348 -2.3046854e-20)
(0.0068883505 -0.0034708348 0)
(0.0070937804 -0.0034708348 -1.0396188e-20)
(0.0073028759 -0.0034708348 0)
(0.0075157024 -0.0034708348 -3.1610469e-20)
(0.0077323264 -0.0034708348 0)
(0.0079528157 -0.0034708348 0)
(0.0081772394 -0.0034708348 0)
(0.0084056676 -0.0034708348 2.9554324e-20)
(0.0086381717 -0.0034708348 -2.9062614e-20)
(0.0088748244 -0.0034708348 0)
(0.0091156998 -0.0034708348 0)
(0.0093608734 -0.0034708348 3.6349527e-20)
(0.0096104217 -0.0034708348 0)
(0.0098644227 -0.0034708348 0)
(0.010122956 -0.0034708348 1.8027392e-20)
(0.010386103 -0.0034708348 -3.3969756e-20)
(0.010653944 -0.0034708348 0)
(0.010926565 -0.0034708348 0)
(0.011204051 -0.0034708348 0)
(0.011486488 -0.0034708348 0)
(0.011773965 -0.0034708348 0)
(0.012066571 -0.0034708348 0)
(0.012364398 -0.0034708348 0)
(0.01266754 -0.0034708348 2.9686589e-20)
(0.01297609 -0.0034708348 0)
(0.013290146 -0.0034708348 0)
(0.013609807 -0.0034708348 0)
(0.013935171 -0.0034708348 0)
(0.01426634 -0.0034708348 -1.440369e-20)
(0.014603419 -0.0034708348 -5.3698725e-20)
(0.014946512 -0.0034708348 4.0360403e-20)
(0.015295727 -0.0034708348 0)
(0.015651174 -0.0034708348 0)
(0.016012963 -0.0034708348 0)
(0.016381207 -0.0034708348 0)
(0.016756023 -0.0034708348 0)
(0.017137526 -0.0034708348 -2.389817e-20)
(0.017525837 -0.0034708348 0)
(0.017921076 -0.0034708348 2.3119981e-20)
(0.018323368 -0.0034708348 0)
(0.018732838 -0.0034708348 2.236878e-20)
(0.019149615 -0.0034708348 0)
(0.019573828 -0.0034708348 0)
(0.02000561 -0.0034708348 2.1290672e-20)
(0.020445098 -0.0034708348 0)
(0.020892427 -0.0034708348 3.9700384e-20)
(0.021347738 -0.0034708348 -2.9649472e-20)
(0.021811173 -0.0034708348 -9.2167763e-21)
(0.022282878 -0.0034708348 0)
(0.022762999 -0.0034708348 0)
(0.023251688 -0.0034708348 0)
(0.023749097 -0.0034708348 0)
(0.0010501807 -0.0032338084 0)
(0.0011514375 -0.0032338084 0)
(0.001254501 -0.0032338084 0)
(0.0013594036 -0.0032338084 3.3919712e-20)
(0.001466178 -0.0032338084 4.396668e-20)
(0.0015748576 -0.0032338084 0)
(0.0016854764 -0.0032338084 -1.0246294e-20)
(0.0017980691 -0.0032338084 0)
(0.0019126707 -0.0032338084 -9.890193e-21)
(0.0020293174 -0.0032338084 2.0939455e-20)
(0.0021480453 -0.0032338084 9.546474e-21)
(0.0022688917 -0.0032338084 -6.8665472e-20)
(0.0023918945 -0.0032338084 0)
(0.0025170921 -0.0032338084 0)
(0.0026445237 -0.0032338084 0)
(0.0027742291 -0.0032338084 0)
(0.0029062489 -0.0032338084 0)
(0.0030406244 -0.0032338084 0)
(0.0031773975 -0.0032338084 3.4653658e-20)
(0.0033166111 -0.0032338084 2.5930873e-20)
(0.0034583089 -0.0032338084 -3.3501618e-20)
(0.003602535 -0.0032338084 3.2940719e-20)
(0.0037493347 -0.0032338084 0)
(0.0038987536 -0.0032338084 0)
(0.0040508388 -0.0032338084 3.1316321e-20)
(0.0042056377 -0.0032338084 0)
(0.0043631987 -0.0032338084 -1.5893061e-20)
(0.0045235712 -0.0032338084 0)
(0.0046868052 -0.0032338084 -3.6223866e-20)
(0.004852952 -0.0032338084 0)
(0.0050220634 -0.0032338084 0)
(0.0051941923 -0.0032338084 1.467542e-20)
(0.0053693926 -0.0032338084 -1.4444551e-20)
(0.005547719 -0.0032338084 -8.0788818e-20)
(0.0057292274 -0.0032338084 0)
(0.0059139746 -0.0032338084 0)
(0.0061020183 -0.0032338084 3.7670828e-20)
(0.0062934172 -0.0032338084 3.7036835e-20)
(0.0064882315 -0.0032338084 0)
(0.0066865219 -0.0032338084 0)
(0.0068883505 -0.0032338084 2.3969105e-20)
(0.0070937804 -0.0032338084 0)
(0.0073028759 -0.0032338084 -1.0841299e-20)
(0.0075157024 -0.0032338084 1.2157074e-20)
(0.0077323264 -0.0032338084 0)
(0.0079528157 -0.0032338084 0)
(0.0081772394 -0.0032338084 1.0100832e-20)
(0.0084056675 -0.0032338084 0)
(0.0086381716 -0.0032338084 2.1005413e-20)
(0.0088748244 -0.0032338084 0)
(0.0091156998 -0.0032338084 0)
(0.0093608734 -0.0032338084 3.8489689e-20)
(0.0096104217 -0.0032338084 9.0838764e-21)
(0.0098644227 -0.0032338084 0)
(0.010122956 -0.0032338084 0)
(0.010386102 -0.0032338084 -3.5963748e-20)
(0.010653945 -0.0032338084 0)
(0.010926565 -0.0032338084 0)
(0.011204051 -0.0032338084 3.4183e-20)
(0.011486488 -0.0032338084 0)
(0.011773965 -0.0032338084 0)
(0.012066571 -0.0032338084 0)
(0.012364398 -0.0032338084 0)
(0.01266754 -0.0032338084 -3.1417501e-20)
(0.01297609 -0.0032338084 0)
(0.013290146 -0.0032338084 0)
(0.013609806 -0.0032338084 -2.9871771e-20)
(0.01393517 -0.0032338084 0)
(0.01426634 -0.0032338084 -2.8885962e-20)
(0.014603418 -0.0032338084 0)
(0.014946512 -0.0032338084 0)
(0.015295728 -0.0032338084 1.2982639e-20)
(0.015651174 -0.0032338084 0)
(0.016012963 -0.0032338084 -2.5062866e-20)
(0.016381207 -0.0032338084 0)
(0.016756023 -0.0032338084 0)
(0.017137526 -0.0032338084 -1.1883855e-20)
(0.017525837 -0.0032338084 -2.4856916e-20)
(0.017921076 -0.0032338084 1.1470862e-20)
(0.018323368 -0.0032338084 -2.404531e-20)
(0.018732838 -0.0032338084 0)
(0.019149615 -0.0032338084 -2.3262012e-20)
(0.019573828 -0.0032338084 0)
(0.02000561 -0.0032338084 0)
(0.020445098 -0.0032338084 3.2453677e-20)
(0.020892427 -0.0032338084 4.2046362e-20)
(0.021347738 -0.0032338084 0)
(0.021811173 -0.0032338084 0)
(0.022282878 -0.0032338084 0)
(0.022763 -0.0032338084 9.4428865e-21)
(0.023251688 -0.0032338084 -9.2773424e-21)
(0.023749096 -0.0032338084 0)
(0.0010501807 -0.003010498 0)
(0.0011514375 -0.003010498 2.5268172e-20)
(0.0012545011 -0.003010498 0)
(0.0013594036 -0.003010498 0)
(0.001466178 -0.003010498 0)
(0.0015748576 -0.003010498 0)
(0.0016854764 -0.003010498 -1.0875628e-20)
(0.001798069 -0.003010498 0)
(0.0019126708 -0.003010498 3.2998801e-20)
(0.0020293174 -0.003010498 0)
(0.0021480453 -0.003010498 0)
(0.0022688917 -0.003010498 0)
(0.0023918945 -0.003010498 -3.0847827e-20)
(0.0025170921 -0.003010498 -9.6092024e-21)
(0.0026445237 -0.003010498 0)
(0.0027742291 -0.003010498 0)
(0.0029062489 -0.003010498 -2.8843766e-20)
(0.0030406244 -0.003010498 0)
(0.0031773975 -0.003010498 0)
(0.0033166111 -0.003010498 0)
(0.0034583089 -0.003010498 -1.8486328e-20)
(0.003602535 -0.003010498 0)
(0.0037493347 -0.003010498 0)
(0.0038987536 -0.003010498 0)
(0.0040508388 -0.003010498 0)
(0.0042056377 -0.003010498 3.2592589e-20)
(0.0043631987 -0.003010498 0)
(0.0045235712 -0.003010498 0)
(0.0046868053 -0.003010498 -3.0986183e-20)
(0.004852952 -0.003010498 -2.3228478e-20)
(0.0050220634 -0.003010498 0)
(0.0051941923 -0.003010498 0)
(0.0053693925 -0.003010498 0)
(0.005547719 -0.003010498 0)
(0.0057292274 -0.003010498 0)
(0.0059139745 -0.003010498 0)
(0.0061020182 -0.003010498 -3.9892105e-20)
(0.0062934172 -0.003010498 -2.664806e-20)
(0.0064882315 -0.003010498 0)
(0.0066865219 -0.003010498 0)
(0.0068883505 -0.003010498 0)
(0.0070937804 -0.003010498 -2.4930839e-20)
(0.0073028759 -0.003010498 -4.753455e-20)
(0.0075157023 -0.003010498 1.1305444e-20)
(0.0077323264 -0.003010498 -3.4827599e-20)
(0.0079528157 -0.003010498 0)
(0.0081772394 -0.003010498 0)
(0.0084056675 -0.003010498 0)
(0.0086381716 -0.003010498 0)
(0.0088748244 -0.003010498 0)
(0.0091156998 -0.003010498 0)
(0.0093608734 -0.003010498 -9.8138561e-21)
(0.0096104217 -0.003010498 0)
(0.0098644227 -0.003010498 0)
(0.010122956 -0.003010498 -3.87327e-20)
(0.010386103 -0.003010498 1.9793006e-20)
(0.010653945 -0.003010498 -2.8455607e-20)
(0.010926565 -0.003010498 0)
(0.011204051 -0.003010498 0)
(0.011486488 -0.003010498 0)
(0.011773965 -0.003010498 -3.4984675e-20)
(0.012066571 -0.003010498 0)
(0.012364399 -0.003010498 0)
(0.01266754 -0.003010498 0)
(0.01297609 -0.003010498 -2.4900041e-20)
(0.013290146 -0.003010498 0)
(0.013609806 -0.003010498 0)
(0.01393517 -0.003010498 3.8481334e-20)
(0.01426634 -0.003010498 0)
(0.014603418 -0.003010498 0)
(0.014946512 -0.003010498 0)
(0.015295728 -0.003010498 0)
(0.015651174 -0.003010498 -1.5044278e-20)
(0.016012963 -0.003010498 0)
(0.016381207 -0.003010498 -1.3067932e-20)
(0.016756023 -0.003010498 0)
(0.017137526 -0.003010498 0)
(0.017525837 -0.003010498 0)
(0.017921076 -0.003010498 0)
(0.018323368 -0.003010498 -3.739163e-20)
(0.018732838 -0.003010498 0)
(0.019149615 -0.003010498 0)
(0.019573828 -0.003010498 -4.8386982e-20)
(0.02000561 -0.003010498 -4.6085621e-20)
(0.020445098 -0.003010498 -2.3404954e-20)
(0.020892427 -0.003010498 0)
(0.021347738 -0.003010498 0)
(0.021811173 -0.003010498 0)
(0.022282878 -0.003010498 0)
(0.022762999 -0.003010498 -2.1551586e-20)
(0.023251688 -0.003010498 0)
(0.023749097 -0.003010498 0)
(0.0010501807 -0.0028001098 0)
(0.0011514375 -0.0028001098 -3.9338613e-20)
(0.0012545011 -0.0028001098 3.8675397e-20)
(0.0013594036 -0.0028001098 1.2172648e-20)
(0.001466178 -0.0028001099 0)
(0.0015748576 -0.0028001098 0)
(0.0016854764 -0.0028001098 -1.1543624e-20)
(0.001798069 -0.0028001099 0)
(0.0019126708 -0.0028001098 5.872385e-20)
(0.0020293174 -0.0028001098 0)
(0.0021480453 -0.0028001099 0)
(0.0022688918 -0.0028001098 0)
(0.0023918945 -0.0028001098 0)
(0.0025170921 -0.0028001098 0)
(0.0026445237 -0.0028001098 3.1567671e-20)
(0.0027742291 -0.0028001098 0)
(0.0029062489 -0.0028001098 0)
(0.0030406244 -0.0028001098 0)
(0.0031773975 -0.0028001098 0)
(0.0033166112 -0.0028001099 0)
(0.0034583089 -0.0028001098 5.7082043e-20)
(0.0036025351 -0.0028001098 1.9213335e-20)
(0.0037493346 -0.0028001098 0)
(0.0038987536 -0.0028001098 2.7143979e-20)
(0.0040508388 -0.0028001098 1.8298299e-20)
(0.0042056377 -0.0028001098 -1.8003908e-20)
(0.0043631988 -0.0028001098 0)
(0.0045235712 -0.0028001098 0)
(0.0046868053 -0.0028001098 0)
(0.004852952 -0.0028001098 0)
(0.0050220634 -0.0028001098 -1.5058364e-21)
(0.0051941923 -0.0028001098 0)
(0.0053693926 -0.0028001098 0)
(0.005547719 -0.0028001098 1.5827231e-20)
(0.0057292274 -0.0028001098 -3.6681683e-20)
(0.0059139746 -0.0028001098 0)
(0.0061020182 -0.0028001098 1.3581335e-20)
(0.0062934172 -0.0028001098 0)
(0.0064882315 -0.0028001099 0)
(0.0066865219 -0.0028001099 0)
(0.0068883505 -0.0028001098 0)
(0.0070937805 -0.0028001098 0)
(0.0073028759 -0.0028001098 1.2213965e-20)
(0.0075157023 -0.0028001098 -3.7505355e-20)
(0.0077323264 -0.0028001098 0)
(0.0079528157 -0.0028001098 0)
(0.0081772394 -0.0028001098 0)
(0.0084056676 -0.0028001098 1.1180251e-20)
(0.0086381717 -0.0028001098 0)
(0.0088748244 -0.0028001098 0)
(0.0091156998 -0.0028001098 0)
(0.0093608734 -0.0028001098 0)
(0.0096104217 -0.0028001098 0)
(0.0098644227 -0.0028001098 1.0054621e-20)
(0.010122956 -0.0028001098 0)
(0.010386103 -0.0028001098 -9.7051962e-21)
(0.010653945 -0.0028001098 0)
(0.010926566 -0.0028001098 0)
(0.011204051 -0.0028001098 0)
(0.011486488 -0.0028001098 0)
(0.011773965 -0.0028001099 -2.8157203e-20)
(0.012066571 -0.0028001098 0)
(0.012364399 -0.0028001098 0)
(0.01266754 -0.0028001099 3.5204754e-20)
(0.012976091 -0.0028001099 0)
(0.013290146 -0.0028001098 0)
(0.013609806 -0.0028001098 0)
(0.01393517 -0.0028001098 0)
(0.01426634 -0.0028001098 0)
(0.014603418 -0.0028001098 0)
(0.014946512 -0.0028001098 0)
(0.015295727 -0.0028001098 2.3445481e-20)
(0.015651174 -0.0028001098 0)
(0.016012963 -0.0028001098 0)
(0.016381208 -0.0028001098 0)
(0.016756023 -0.0028001098 0)
(0.017137527 -0.0028001098 0)
(0.017525837 -0.0028001099 0)
(0.017921076 -0.0028001099 0)
(0.018323368 -0.0028001098 0)
(0.018732838 -0.0028001098 0)
(0.019149615 -0.0028001098 0)
(0.019573828 -0.0028001098 -2.5586998e-20)
(0.02000561 -0.0028001098 0)
(0.020445098 -0.0028001098 3.6372124e-20)
(0.020892427 -0.0028001098 0)
(0.021347738 -0.0028001098 0)
(0.021811174 -0.0028001098 0)
(0.022282878 -0.0028001099 0)
(0.022763 -0.0028001099 3.3421316e-20)
(0.023251688 -0.0028001098 0)
(0.023749097 -0.0028001098 0)
(0.0010501807 -0.0026018962 0)
(0.0011514375 -0.0026018962 0)
(0.0012545011 -0.0026018963 2.7807547e-20)
(0.0013594036 -0.0026018962 -2.7346454e-20)
(0.001466178 -0.0026018963 0)
(0.0015748576 -0.0026018963 0)
(0.0016854764 -0.0026018963 0)
(0.001798069 -0.0026018963 0)
(0.0019126707 -0.0026018962 0)
(0.0020293174 -0.0026018962 0)
(0.0021480453 -0.0026018962 0)
(0.0022688917 -0.0026018962 0)
(0.0023918946 -0.0026018963 0)
(0.0025170921 -0.0026018963 0)
(0.0026445237 -0.0026018963 0)
(0.0027742291 -0.0026018963 0)
(0.0029062489 -0.0026018963 0)
(0.0030406243 -0.0026018963 0)
(0.0031773975 -0.0026018962 0)
(0.0033166111 -0.0026018963 0)
(0.0034583089 -0.0026018962 0)
(0.0036025351 -0.0026018963 2.0300953e-20)
(0.0037493347 -0.0026018963 0)
(0.0038987536 -0.0026018962 9.0709575e-21)
(0.0040508388 -0.0026018963 0)
(0.0042056377 -0.0026018963 0)
(0.0043631987 -0.0026018962 0)
(0.0045235712 -0.0026018963 0)
(0.0046868052 -0.0026018962 0)
(0.004852952 -0.0026018963 1.782121e-20)
(0.0050220634 -0.0026018962 0)
(0.0051941923 -0.0026018962 0)
(0.0053693926 -0.0026018963 0)
(0.005547719 -0.0026018963 0)
(0.0057292274 -0.0026018963 0)
(0.0059139746 -0.0026018962 0)
(0.0061020182 -0.0026018963 0)
(0.0062934172 -0.0026018963 0)
(0.0064882315 -0.0026018962 0)
(0.0066865219 -0.0026018963 2.8847026e-20)
(0.0068883505 -0.0026018963 0)
(0.0070937804 -0.0026018962 0)
(0.0073028759 -0.0026018963 0)
(0.0075157023 -0.0026018962 0)
(0.0077323264 -0.0026018963 3.9046644e-20)
(0.0079528157 -0.0026018962 0)
(0.0081772394 -0.0026018963 0)
(0.0084056675 -0.0026018963 0)
(0.0086381717 -0.0026018962 0)
(0.0088748244 -0.0026018963 0)
(0.0091156998 -0.0026018963 2.4013291e-20)
(0.0093608734 -0.0026018963 0)
(0.0096104217 -0.0026018962 0)
(0.0098644227 -0.0026018962 0)
(0.010122956 -0.0026018963 3.2961103e-20)
(0.010386102 -0.0026018962 0)
(0.010653945 -0.0026018963 0)
(0.010926565 -0.0026018963 0)
(0.011204051 -0.0026018962 0)
(0.011486488 -0.0026018962 0)
(0.011773965 -0.0026018963 0)
(0.012066571 -0.0026018962 0)
(0.012364398 -0.0026018962 0)
(0.01266754 -0.0026018963 0)
(0.01297609 -0.0026018963 0)
(0.013290146 -0.0026018963 0)
(0.013609807 -0.0026018962 -2.6946096e-20)
(0.01393517 -0.0026018962 0)
(0.01426634 -0.0026018963 0)
(0.014603418 -0.0026018963 0)
(0.014946512 -0.0026018962 0)
(0.015295728 -0.0026018963 0)
(0.015651174 -0.0026018963 -7.6263077e-21)
(0.016012963 -0.0026018963 3.8968954e-20)
(0.016381208 -0.0026018963 0)
(0.016756023 -0.0026018962 1.4464431e-20)
(0.017137526 -0.0026018962 0)
(0.017525837 -0.0026018963 0)
(0.017921076 -0.0026018962 0)
(0.018323368 -0.0026018962 0)
(0.018732838 -0.0026018963 5.5972743e-20)
(0.019149615 -0.0026018962 0)
(0.019573828 -0.0026018963 0)
(0.02000561 -0.0026018962 0)
(0.020445098 -0.0026018963 -2.6177718e-20)
(0.020892427 -0.0026018962 -2.5745275e-20)
(0.021347738 -0.0026018962 0)
(0.021811174 -0.0026018963 1.1698501e-20)
(0.022282878 -0.0026018962 0)
(0.022762999 -0.0026018963 0)
(0.023251688 -0.0026018962 0)
(0.023749097 -0.0026018963 0)
(0.0010501807 -0.0024151527 0)
(0.0011514375 -0.0024151527 -4.4128824e-20)
(0.001254501 -0.0024151527 0)
(0.0013594036 -0.0024151527 0)
(0.001466178 -0.0024151527 0)
(0.0015748576 -0.0024151527 0)
(0.0016854764 -0.0024151527 0)
(0.001798069 -0.0024151527 0)
(0.0019126708 -0.0024151527 0)
(0.0020293174 -0.0024151527 0)
(0.0021480453 -0.0024151527 0)
(0.0022688918 -0.0024151527 0)
(0.0023918946 -0.0024151527 0)
(0.0025170921 -0.0024151527 0)
(0.0026445237 -0.0024151527 0)
(0.0027742291 -0.0024151527 0)
(0.0029062489 -0.0024151527 0)
(0.0030406243 -0.0024151527 0)
(0.0031773975 -0.0024151527 0)
(0.0033166111 -0.0024151527 0)
(0.0034583089 -0.0024151527 0)
(0.0036025351 -0.0024151527 4.1404916e-20)
(0.0037493347 -0.0024151527 0)
(0.0038987536 -0.0024151527 -9.6281087e-21)
(0.0040508388 -0.0024151527 9.4593235e-21)
(0.0042056377 -0.0024151527 -2.9386309e-20)
(0.0043631988 -0.0024151527 0)
(0.0045235712 -0.0024151527 -1.9446854e-20)
(0.0046868053 -0.0024151527 0)
(0.004852952 -0.0024151527 1.8823324e-20)
(0.0050220634 -0.0024151527 0)
(0.0051941923 -0.0024151527 0)
(0.0053693925 -0.0024151527 0)
(0.005547719 -0.0024151527 0)
(0.0057292274 -0.0024151527 0)
(0.0059139746 -0.0024151527 0)
(0.0061020182 -0.0024151527 0)
(0.0062934172 -0.0024151527 -4.6603958e-20)
(0.0064882315 -0.0024151527 0)
(0.0066865219 -0.0024151527 3.0526361e-20)
(0.0068883505 -0.0024151527 0)
(0.0070937804 -0.0024151527 0)
(0.0073028759 -0.0024151527 0)
(0.0075157024 -0.0024151527 0)
(0.0077323264 -0.0024151527 -1.3282206e-20)
(0.0079528157 -0.0024151527 0)
(0.0081772394 -0.0024151527 0)
(0.0084056676 -0.0024151527 3.9293364e-20)
(0.0086381717 -0.0024151527 0)
(0.0088748244 -0.0024151527 0)
(0.0091156998 -0.0024151527 0)
(0.0093608734 -0.0024151527 0)
(0.0096104217 -0.0024151527 0)
(0.0098644227 -0.0024151527 0)
(0.010122956 -0.0024151527 -1.1129098e-20)
(0.010386103 -0.0024151527 3.4307907e-20)
(0.010653944 -0.0024151527 0)
(0.010926565 -0.0024151527 0)
(0.011204051 -0.0024151527 0)
(0.011486488 -0.0024151527 0)
(0.011773965 -0.0024151527 -1.0008613e-20)
(0.012066571 -0.0024151527 0)
(0.012364399 -0.0024151527 0)
(0.01266754 -0.0024151527 0)
(0.012976091 -0.0024151527 0)
(0.013290146 -0.0024151527 0)
(0.013609807 -0.0024151527 0)
(0.01393517 -0.0024151527 0)
(0.01426634 -0.0024151527 2.7570237e-20)
(0.014603419 -0.0024151527 0)
(0.014946512 -0.0024151527 0)
(0.015295727 -0.0024151527 0)
(0.015651174 -0.0024151527 0)
(0.016012963 -0.0024151527 0)
(0.016381208 -0.0024151527 -4.0572864e-20)
(0.016756023 -0.0024151527 0)
(0.017137526 -0.0024151527 0)
(0.017525837 -0.0024151527 0)
(0.017921076 -0.0024151527 0)
(0.018323368 -0.0024151527 0)
(0.018732838 -0.0024151527 0)
(0.019149615 -0.0024151527 0)
(0.019573828 -0.0024151527 0)
(0.02000561 -0.0024151527 0)
(0.020445098 -0.0024151527 -2.76931e-20)
(0.020892427 -0.0024151527 1.286413e-20)
(0.021347738 -0.0024151527 0)
(0.021811173 -0.0024151527 0)
(0.022282878 -0.0024151527 0)
(0.022762999 -0.0024151527 0)
(0.023251688 -0.0024151527 0)
(0.023749096 -0.0024151527 1.3074778e-20)
(0.0010501807 -0.0022392155 0)
(0.0011514375 -0.0022392155 0)
(0.0012545011 -0.0022392154 0)
(0.0013594036 -0.0022392155 -2.3340161e-20)
(0.001466178 -0.0022392155 0)
(0.0015748576 -0.0022392155 0)
(0.0016854764 -0.0022392154 0)
(0.0017980691 -0.0022392155 0)
(0.0019126707 -0.0022392155 0)
(0.0020293174 -0.0022392155 0)
(0.0021480453 -0.0022392155 0)
(0.0022688917 -0.0022392154 0)
(0.0023918945 -0.0022392155 0)
(0.0025170921 -0.0022392155 0)
(0.0026445237 -0.0022392155 0)
(0.0027742291 -0.0022392155 0)
(0.0029062489 -0.0022392155 0)
(0.0030406244 -0.0022392155 0)
(0.0031773975 -0.0022392155 0)
(0.0033166111 -0.0022392155 0)
(0.0034583089 -0.0022392154 0)
(0.0036025351 -0.0022392155 -3.3268134e-20)
(0.0037493346 -0.0022392155 0)
(0.0038987536 -0.0022392155 0)
(0.0040508388 -0.0022392155 -3.1626816e-20)
(0.0042056377 -0.0022392154 5.2333214e-20)
(0.0043631987 -0.0022392154 0)
(0.0045235712 -0.0022392155 9.5214883e-21)
(0.0046868053 -0.0022392155 0)
(0.004852952 -0.0022392154 0)
(0.0050220634 -0.0022392155 0)
(0.0051941923 -0.0022392155 0)
(0.0053693926 -0.0022392155 0)
(0.005547719 -0.0022392155 0)
(0.0057292274 -0.0022392154 0)
(0.0059139745 -0.0022392154 0)
(0.0061020183 -0.0022392155 0)
(0.0062934173 -0.0022392155 0)
(0.0064882315 -0.0022392155 0)
(0.0066865219 -0.0022392154 0)
(0.0068883505 -0.0022392154 0)
(0.0070937804 -0.0022392154 0)
(0.0073028759 -0.0022392155 0)
(0.0075157023 -0.0022392155 3.0204976e-20)
(0.0077323264 -0.0022392154 0)
(0.0079528157 -0.0022392155 0)
(0.0081772394 -0.0022392155 0)
(0.0084056675 -0.0022392154 0)
(0.0086381717 -0.0022392155 0)
(0.0088748244 -0.0022392155 0)
(0.0091156998 -0.0022392154 0)
(0.0093608734 -0.0022392154 0)
(0.0096104217 -0.0022392154 0)
(0.0098644227 -0.0022392155 1.3529288e-20)
(0.010122956 -0.0022392154 0)
(0.010386103 -0.0022392155 -2.4717045e-20)
(0.010653944 -0.0022392155 0)
(0.010926565 -0.0022392155 0)
(0.011204051 -0.0022392155 0)
(0.011486488 -0.0022392155 0)
(0.011773964 -0.0022392155 0)
(0.012066571 -0.0022392155 0)
(0.012364399 -0.0022392155 0)
(0.01266754 -0.0022392154 0)
(0.01297609 -0.0022392154 -4.1097002e-20)
(0.013290146 -0.0022392155 9.7242857e-21)
(0.013609807 -0.0022392154 -2.0613426e-20)
(0.013935171 -0.0022392155 0)
(0.01426634 -0.0022392155 0)
(0.014603419 -0.0022392155 0)
(0.014946512 -0.0022392155 0)
(0.015295727 -0.0022392155 0)
(0.015651174 -0.0022392154 -2.728158e-20)
(0.016012963 -0.0022392154 0)
(0.016381208 -0.0022392155 0)
(0.016756023 -0.0022392155 0)
(0.017137526 -0.0022392155 0)
(0.017525837 -0.0022392155 0)
(0.017921076 -0.0022392154 -7.7268922e-21)
(0.018323368 -0.0022392155 0)
(0.018732838 -0.0022392155 -3.1339211e-20)
(0.019149615 -0.0022392155 -1.4655187e-20)
(0.019573828 -0.0022392154 0)
(0.02000561 -0.0022392155 0)
(0.020445098 -0.0022392155 -2.9301554e-20)
(0.020892427 -0.0022392155 0)
(0.021347738 -0.0022392155 0)
(0.021811174 -0.0022392155 4.1044966e-20)
(0.022282878 -0.0022392155 0)
(0.022762999 -0.0022392155 0)
(0.023251688 -0.0022392155 0)
(0.023749097 -0.0022392155 0)
(0.0010501807 -0.0020734591 0)
(0.0011514375 -0.0020734591 0)
(0.0012545011 -0.0020734591 0)
(0.0013594036 -0.0020734591 0)
(0.001466178 -0.0020734591 0)
(0.0015748576 -0.0020734591 0)
(0.0016854764 -0.0020734591 0)
(0.001798069 -0.0020734591 0)
(0.0019126707 -0.0020734591 0)
(0.0020293174 -0.0020734591 0)
(0.0021480453 -0.0020734591 0)
(0.0022688917 -0.0020734591 0)
(0.0023918945 -0.0020734591 0)
(0.0025170921 -0.0020734591 0)
(0.0026445237 -0.0020734591 0)
(0.0027742291 -0.0020734591 0)
(0.0029062489 -0.0020734591 0)
(0.0030406243 -0.0020734592 0)
(0.0031773975 -0.0020734592 0)
(0.0033166111 -0.0020734591 0)
(0.0034583089 -0.0020734592 -1.1438242e-20)
(0.003602535 -0.0020734591 0)
(0.0037493347 -0.0020734591 0)
(0.0038987536 -0.0020734591 0)
(0.0040508388 -0.0020734591 0)
(0.0042056377 -0.0020734591 -1.0470186e-20)
(0.0043631988 -0.0020734592 0)
(0.0045235712 -0.0020734591 0)
(0.0046868052 -0.0020734591 0)
(0.004852952 -0.0020734591 0)
(0.0050220634 -0.0020734591 0)
(0.0051941923 -0.0020734591 0)
(0.0053693926 -0.0020734591 0)
(0.005547719 -0.0020734591 0)
(0.0057292274 -0.0020734591 0)
(0.0059139745 -0.0020734591 0)
(0.0061020182 -0.0020734592 1.8744105e-20)
(0.0062934173 -0.0020734591 0)
(0.0064882315 -0.0020734591 0)
(0.0066865219 -0.0020734591 0)
(0.0068883505 -0.0020734591 0)
(0.0070937805 -0.0020734592 0)
(0.0073028759 -0.0020734591 0)
(0.0075157024 -0.0020734591 4.7198648e-20)
(0.0077323264 -0.0020734591 0)
(0.0079528157 -0.0020734591 0)
(0.0081772394 -0.0020734591 0)
(0.0084056675 -0.0020734591 0)
(0.0086381717 -0.0020734592 0)
(0.0088748244 -0.0020734592 0)
(0.0091156998 -0.0020734591 0)
(0.0093608734 -0.0020734591 0)
(0.0096104217 -0.0020734591 0)
(0.0098644227 -0.0020734591 0)
(0.010122956 -0.0020734592 0)
(0.010386102 -0.0020734591 0)
(0.010653944 -0.0020734591 0)
(0.010926565 -0.0020734591 0)
(0.011204051 -0.0020734591 0)
(0.011486488 -0.0020734591 0)
(0.011773964 -0.0020734591 0)
(0.012066571 -0.0020734591 0)
(0.012364399 -0.0020734591 0)
(0.01266754 -0.0020734591 0)
(0.012976091 -0.0020734591 0)
(0.013290146 -0.0020734592 0)
(0.013609807 -0.0020734592 0)
(0.013935171 -0.0020734591 0)
(0.01426634 -0.0020734591 0)
(0.014603418 -0.0020734591 0)
(0.014946512 -0.0020734591 0)
(0.015295728 -0.0020734591 0)
(0.015651174 -0.0020734592 0)
(0.016012963 -0.0020734591 0)
(0.016381208 -0.0020734591 0)
(0.016756023 -0.0020734591 0)
(0.017137526 -0.0020734592 0)
(0.017525837 -0.0020734591 0)
(0.017921076 -0.0020734591 3.4311784e-20)
(0.018323368 -0.0020734591 0)
(0.018732838 -0.0020734591 -3.3171612e-20)
(0.019149615 -0.0020734591 0)
(0.019573828 -0.0020734591 0)
(0.02000561 -0.0020734591 0)
(0.020445098 -0.0020734592 -1.6257318e-20)
(0.020892427 -0.0020734591 0)
(0.021347738 -0.0020734591 0)
(0.021811174 -0.0020734591 0)
(0.022282878 -0.0020734591 0)
(0.022763 -0.0020734591 0)
(0.023251688 -0.0020734591 0)
(0.023749096 -0.0020734591 0)
(0.0010501807 -0.0019172947 0)
(0.0011514375 -0.0019172946 0)
(0.0012545011 -0.0019172946 0)
(0.0013594036 -0.0019172946 -3.4304335e-20)
(0.001466178 -0.0019172946 0)
(0.0015748576 -0.0019172946 0)
(0.0016854764 -0.0019172946 0)
(0.0017980691 -0.0019172946 0)
(0.0019126708 -0.0019172946 0)
(0.0020293174 -0.0019172946 0)
(0.0021480453 -0.0019172946 0)
(0.0022688917 -0.0019172946 0)
(0.0023918945 -0.0019172946 0)
(0.0025170921 -0.0019172946 0)
(0.0026445237 -0.0019172946 0)
(0.0027742291 -0.0019172947 0)
(0.0029062489 -0.0019172946 0)
(0.0030406243 -0.0019172946 0)
(0.0031773975 -0.0019172946 0)
(0.0033166111 -0.0019172946 0)
(0.0034583089 -0.0019172947 0)
(0.003602535 -0.0019172946 0)
(0.0037493347 -0.0019172947 0)
(0.0038987536 -0.0019172946 2.4532669e-20)
(0.0040508388 -0.0019172946 0)
(0.0042056377 -0.0019172947 0)
(0.0043631988 -0.0019172947 0)
(0.0045235712 -0.0019172946 0)
(0.0046868052 -0.0019172947 0)
(0.004852952 -0.0019172946 0)
(0.0050220634 -0.0019172946 0)
(0.0051941923 -0.0019172946 0)
(0.0053693926 -0.0019172947 0)
(0.005547719 -0.0019172947 -2.0799922e-20)
(0.0057292274 -0.0019172946 0)
(0.0059139746 -0.0019172946 -3.8752911e-20)
(0.0061020183 -0.0019172947 0)
(0.0062934173 -0.0019172946 2.8470293e-20)
(0.0064882315 -0.0019172947 0)
(0.0066865219 -0.0019172946 0)
(0.0068883505 -0.0019172947 0)
(0.0070937804 -0.0019172946 0)
(0.0073028759 -0.0019172946 0)
(0.0075157024 -0.0019172946 0)
(0.0077323264 -0.0019172946 4.1213418e-20)
(0.0079528157 -0.0019172946 0)
(0.0081772394 -0.0019172946 0)
(0.0084056675 -0.0019172946 0)
(0.0086381717 -0.0019172947 0)
(0.0088748244 -0.0019172946 0)
(0.0091156998 -0.0019172946 0)
(0.0093608734 -0.0019172946 -7.0167567e-21)
(0.0096104217 -0.0019172947 0)
(0.0098644227 -0.0019172946 0)
(0.010122956 -0.0019172946 0)
(0.010386102 -0.0019172946 0)
(0.010653944 -0.0019172947 0)
(0.010926565 -0.0019172946 0)
(0.011204051 -0.0019172946 0)
(0.011486488 -0.0019172946 0)
(0.011773965 -0.0019172946 2.5442693e-20)
(0.012066571 -0.0019172946 0)
(0.012364398 -0.0019172947 -2.4610809e-20)
(0.01266754 -0.0019172946 1.1349974e-20)
(0.01297609 -0.0019172946 0)
(0.013290146 -0.0019172946 6.8744819e-20)
(0.013609807 -0.0019172946 -1.0763447e-20)
(0.01393517 -0.0019172946 0)
(0.01426634 -0.0019172946 -3.2673981e-20)
(0.014603418 -0.0019172946 0)
(0.014946512 -0.0019172946 0)
(0.015295728 -0.0019172946 0)
(0.015651174 -0.0019172946 0)
(0.016012963 -0.0019172946 0)
(0.016381208 -0.0019172946 0)
(0.016756023 -0.0019172946 0)
(0.017137526 -0.0019172947 0)
(0.017525837 -0.0019172946 0)
(0.017921076 -0.0019172946 0)
(0.018323368 -0.0019172946 0)
(0.018732838 -0.0019172946 0)
(0.019149615 -0.0019172946 -3.4527338e-20)
(0.019573828 -0.0019172946 0)
(0.02000561 -0.0019172946 0)
(0.020445098 -0.0019172946 0)
(0.020892427 -0.0019172946 3.227202e-20)
(0.021347738 -0.0019172946 0)
(0.021811173 -0.0019172946 0)
(0.022282878 -0.0019172946 0)
(0.022763 -0.0019172946 0)
(0.023251688 -0.0019172946 0)
(0.023749097 -0.0019172946 0)
(0.0010501807 -0.0017701669 -2.903835e-20)
(0.0011514375 -0.0017701669 -1.9539069e-20)
(0.0012545011 -0.0017701669 1.9222943e-20)
(0.0013594036 -0.0017701669 -2.7615601e-20)
(0.001466178 -0.0017701669 0)
(0.0015748576 -0.0017701669 0)
(0.0016854764 -0.0017701669 9.7593486e-21)
(0.001798069 -0.0017701669 1.6217642e-20)
(0.0019126708 -0.0017701669 1.7439174e-20)
(0.0020293174 -0.0017701669 0)
(0.0021480453 -0.0017701669 0)
(0.0022688917 -0.0017701669 0)
(0.0023918946 -0.0017701669 1.4845088e-20)
(0.0025170921 -0.0017701669 0)
(0.0026445237 -0.0017701669 -3.0164165e-20)
(0.0027742291 -0.0017701669 -2.966175e-20)
(0.0029062489 -0.0017701669 5.8336341e-20)
(0.0030406243 -0.0017701669 0)
(0.0031773975 -0.0017701669 0)
(0.0033166111 -0.0017701669 -4.0855155e-20)
(0.0034583089 -0.0017701669 -1.4392329e-20)
(0.003602535 -0.0017701669 7.8975195e-20)
(0.0037493347 -0.0017701669 0)
(0.0038987536 -0.0017701669 0)
(0.0040508388 -0.0017701669 0)
(0.0042056377 -0.0017701669 2.5097568e-20)
(0.0043631987 -0.0017701669 0)
(0.0045235712 -0.0017701669 0)
(0.0046868053 -0.0017701669 0)
(0.004852952 -0.0017701669 -1.0990206e-20)
(0.0050220634 -0.0017701669 1.0797544e-20)
(0.0051941923 -0.0017701669 0)
(0.0053693926 -0.0017701669 4.3194993e-20)
(0.005547719 -0.0017701669 0)
(0.0057292274 -0.0017701669 0)
(0.0059139746 -0.0017701669 -2.1273253e-20)
(0.0061020182 -0.0017701669 0)
(0.0062934172 -0.0017701669 0)
(0.0064882315 -0.0017701669 0)
(0.0066865219 -0.0017701669 0)
(0.0068883505 -0.0017701669 0)
(0.0070937804 -0.0017701669 1.9283067e-20)
(0.0073028759 -0.0017701669 0)
(0.0075157023 -0.0017701669 -3.5824634e-20)
(0.0077323264 -0.0017701669 0)
(0.0079528157 -0.0017701669 0)
(0.0081772394 -0.0017701669 -1.7778519e-20)
(0.0084056675 -0.0017701669 -3.3480661e-20)
(0.0086381717 -0.0017701669 0)
(0.0088748244 -0.0017701669 0)
(0.0091156998 -0.0017701669 0)
(0.0093608734 -0.0017701669 0)
(0.0096104217 -0.0017701669 0)
(0.0098644227 -0.0017701669 -7.1888986e-21)
(0.010122956 -0.0017701669 0)
(0.010386102 -0.0017701669 0)
(0.010653944 -0.0017701669 -1.3634785e-20)
(0.010926565 -0.0017701669 0)
(0.011204051 -0.0017701669 0)
(0.011486488 -0.0017701669 0)
(0.011773965 -0.0017701669 0)
(0.012066571 -0.0017701669 0)
(0.012364399 -0.0017701669 0)
(0.01266754 -0.0017701669 0)
(0.01297609 -0.0017701669 -3.7013553e-20)
(0.013290146 -0.0017701669 2.4762687e-20)
(0.013609806 -0.0017701669 2.4354936e-20)
(0.01393517 -0.0017701669 0)
(0.01426634 -0.0017701669 -6.9176729e-20)
(0.014603418 -0.0017701669 -3.4008451e-20)
(0.014946512 -0.0017701669 2.2794312e-20)
(0.015295728 -0.0017701669 0)
(0.015651174 -0.0017701669 0)
(0.016012963 -0.0017701669 3.1788494e-20)
(0.016381208 -0.0017701669 0)
(0.016756023 -0.0017701669 0)
(0.017137526 -0.0017701669 3.0223599e-20)
(0.017525837 -0.0017701669 9.4047869e-21)
(0.017921076 -0.0017701669 0)
(0.018323368 -0.0017701669 2.8739559e-20)
(0.018732838 -0.0017701669 0)
(0.019149615 -0.0017701669 1.0268266e-20)
(0.019573828 -0.0017701669 1.8723494e-20)
(0.020005611 -0.0017701669 0)
(0.020445098 -0.0017701669 -1.6619237e-20)
(0.020892427 -0.0017701669 0)
(0.021347738 -0.0017701669 -3.3589129e-20)
(0.021811174 -0.0017701669 -3.3026767e-20)
(0.022282878 -0.0017701669 0)
(0.022762999 -0.0017701669 0)
(0.023251688 -0.0017701669 0)
(0.023749097 -0.0017701669 0)
(0.0010501807 -0.001631553 0)
(0.0011514375 -0.001631553 0)
(0.0012545011 -0.001631553 0)
(0.0013594036 -0.001631553 0)
(0.001466178 -0.001631553 0)
(0.0015748576 -0.001631553 0)
(0.0016854764 -0.001631553 2.7787203e-20)
(0.001798069 -0.001631553 0)
(0.0019126708 -0.001631553 0)
(0.0020293174 -0.001631553 0)
(0.0021480453 -0.001631553 0)
(0.0022688917 -0.001631553 0)
(0.0023918945 -0.001631553 0)
(0.0025170922 -0.001631553 -3.2467172e-20)
(0.0026445237 -0.001631553 0)
(0.0027742291 -0.001631553 0)
(0.0029062489 -0.001631553 0)
(0.0030406244 -0.001631553 0)
(0.0031773975 -0.001631553 0)
(0.0033166111 -0.001631553 0)
(0.0034583089 -0.001631553 0)
(0.003602535 -0.001631553 0)
(0.0037493347 -0.001631553 0)
(0.0038987536 -0.001631553 4.0419407e-20)
(0.0040508388 -0.001631553 0)
(0.0042056377 -0.001631553 0)
(0.0043631988 -0.001631553 0)
(0.0045235712 -0.001631553 0)
(0.0046868053 -0.001631553 0)
(0.004852952 -0.001631553 -1.3171078e-20)
(0.0050220634 -0.001631553 0)
(0.0051941923 -0.001631553 0)
(0.0053693926 -0.001631553 0)
(0.005547719 -0.001631553 3.4111353e-20)
(0.0057292274 -0.001631553 0)
(0.0059139745 -0.001631553 0)
(0.0061020182 -0.001631553 0)
(0.0062934173 -0.001631553 1.012619e-20)
(0.0064882315 -0.001631553 0)
(0.0066865219 -0.001631553 -9.774265e-21)
(0.0068883505 -0.001631553 0)
(0.0070937804 -0.001631553 0)
(0.0073028759 -0.001631553 0)
(0.0075157024 -0.001631553 9.1066778e-21)
(0.0077323264 -0.001631553 0)
(0.0079528157 -0.001631553 0)
(0.0081772394 -0.001631553 0)
(0.0084056675 -0.001631553 0)
(0.0086381717 -0.001631553 0)
(0.0088748244 -0.001631553 0)
(0.0091156998 -0.001631553 -3.3690805e-20)
(0.0093608734 -0.001631553 -2.5221392e-20)
(0.0096104217 -0.001631553 0)
(0.0098644228 -0.001631553 0)
(0.010122956 -0.001631553 4.7991736e-20)
(0.010386103 -0.001631553 0)
(0.010653944 -0.001631553 0)
(0.010926565 -0.001631553 -1.4218623e-20)
(0.011204051 -0.001631553 0)
(0.011486488 -0.001631553 0)
(0.011773965 -0.001631553 2.8473464e-20)
(0.012066571 -0.001631553 0)
(0.012364399 -0.001631553 0)
(0.01266754 -0.001631553 0)
(0.012976091 -0.001631553 0)
(0.013290147 -0.001631553 2.6191158e-20)
(0.013609806 -0.001631553 0)
(0.01393517 -0.001631553 0)
(0.01426634 -0.001631553 0)
(0.014603418 -0.001631553 0)
(0.014946512 -0.001631553 0)
(0.015295727 -0.001631553 0)
(0.015651174 -0.001631553 4.5127379e-20)
(0.016012963 -0.001631553 -3.3648501e-20)
(0.016381208 -0.001631553 -3.3084989e-20)
(0.016756023 -0.001631553 0)
(0.017137527 -0.001631553 0)
(0.017525837 -0.001631553 0)
(0.017921076 -0.001631553 -3.0928175e-20)
(0.018323368 -0.001631553 0)
(0.018732838 -0.001631553 0)
(0.019149615 -0.001631553 0)
(0.019573828 -0.001631553 0)
(0.02000561 -0.001631553 0)
(0.020445098 -0.001631553 0)
(0.020892427 -0.001631553 0)
(0.021347738 -0.001631553 -1.8532785e-20)
(0.021811173 -0.001631553 0)
(0.022282878 -0.001631553 0)
(0.022762999 -0.001631553 0)
(0.023251688 -0.001631553 0)
(0.023749096 -0.001631553 0)
(0.0010501807 -0.0015009603 2.2184876e-20)
(0.0011514375 -0.0015009603 0)
(0.001254501 -0.0015009603 -3.144639e-20)
(0.0013594036 -0.0015009603 0)
(0.001466178 -0.0015009603 -2.0772494e-20)
(0.0015748576 -0.0015009603 0)
(0.0016854764 -0.0015009603 0)
(0.001798069 -0.0015009603 -2.891241e-20)
(0.0019126708 -0.0015009603 0)
(0.0020293174 -0.0015009603 0)
(0.0021480453 -0.0015009603 0)
(0.0022688918 -0.0015009603 0)
(0.0023918945 -0.0015009603 0)
(0.0025170921 -0.0015009603 -3.4368863e-20)
(0.0026445237 -0.0015009603 0)
(0.0027742291 -0.0015009603 0)
(0.0029062489 -0.0015009603 0)
(0.0030406243 -0.0015009603 0)
(0.0031773975 -0.0015009603 0)
(0.0033166111 -0.0015009603 0)
(0.0034583089 -0.0015009603 0)
(0.003602535 -0.0015009603 0)
(0.0037493347 -0.0015009603 0)
(0.0038987536 -0.0015009603 0)
(0.0040508388 -0.0015009603 5.7117842e-20)
(0.0042056377 -0.0015009603 1.4795243e-20)
(0.0043631987 -0.0015009603 1.3056441e-20)
(0.0045235712 -0.0015009603 0)
(0.0046868053 -0.0015009603 0)
(0.004852952 -0.0015009603 -3.865105e-20)
(0.0050220634 -0.0015009603 0)
(0.0051941923 -0.0015009603 0)
(0.0053693926 -0.0015009603 2.4989664e-20)
(0.005547719 -0.0015009603 0)
(0.0057292274 -0.0015009603 0)
(0.0059139746 -0.0015009603 0)
(0.0061020183 -0.0015009603 0)
(0.0062934173 -0.0015009603 1.0748155e-20)
(0.0064882315 -0.0015009603 0)
(0.0066865219 -0.0015009603 0)
(0.0068883505 -0.0015009603 0)
(0.0070937804 -0.0015009603 0)
(0.0073028759 -0.0015009603 0)
(0.0075157023 -0.0015009603 9.6660234e-21)
(0.0077323264 -0.0015009603 -7.0993524e-20)
(0.0079528157 -0.0015009603 -2.0166021e-20)
(0.0081772394 -0.0015009603 1.9838895e-20)
(0.0084056675 -0.0015009603 -9.0058342e-21)
(0.0086381716 -0.0015009603 0)
(0.0088748244 -0.0015009603 0)
(0.0091156998 -0.0015009603 0)
(0.0093608734 -0.0015009603 3.5068769e-20)
(0.0096104217 -0.0015009603 0)
(0.0098644228 -0.0015009603 3.3902338e-20)
(0.010122956 -0.0015009603 0)
(0.010386102 -0.0015009603 3.2776472e-20)
(0.010653945 -0.0015009603 -3.2228159e-20)
(0.010926565 -0.0015009603 0)
(0.011204051 -0.0015009603 0)
(0.011486488 -0.0015009603 0)
(0.011773965 -0.0015009603 0)
(0.012066571 -0.0015009603 0)
(0.012364398 -0.0015009603 0)
(0.01266754 -0.0015009603 1.3572453e-20)
(0.012976091 -0.0015009603 0)
(0.013290147 -0.0015009603 0)
(0.013609807 -0.0015009603 0)
(0.01393517 -0.0015009603 0)
(0.01426634 -0.0015009603 1.2423764e-20)
(0.014603418 -0.0015009603 1.2205984e-20)
(0.014946512 -0.0015009603 3.7481731e-20)
(0.015295727 -0.0015009603 2.5069387e-20)
(0.015651174 -0.0015009603 0)
(0.016012963 -0.0015009603 0)
(0.016381208 -0.0015009603 -3.5024627e-20)
(0.016756023 -0.0015009603 1.0977058e-20)
(0.017137526 -0.0015009603 0)
(0.017525837 -0.0015009603 0)
(0.017921076 -0.0015009603 0)
(0.018323368 -0.0015009603 2.1960461e-20)
(0.018732838 -0.0015009603 -4.1697995e-20)
(0.019149615 -0.0015009603 0)
(0.019573828 -0.0015009603 4.03012e-20)
(0.02000561 -0.0015009603 0)
(0.020445098 -0.0015009603 9.361746e-21)
(0.020892427 -0.0015009603 -9.1976555e-21)
(0.021347738 -0.0015009603 -6.6266364e-20)
(0.021811173 -0.0015009603 0)
(0.022282878 -0.0015009603 0)
(0.022763 -0.0015009603 0)
(0.023251688 -0.0015009603 0)
(0.023749097 -0.0015009603 0)
(0.0010501807 -0.0013779246 0)
(0.0011514375 -0.0013779246 0)
(0.0012545011 -0.0013779246 0)
(0.0013594036 -0.0013779246 0)
(0.001466178 -0.0013779246 0)
(0.0015748576 -0.0013779246 0)
(0.0016854764 -0.0013779246 -9.8696601e-21)
(0.001798069 -0.0013779246 -4.0292383e-20)
(0.0019126707 -0.0013779246 0)
(0.0020293174 -0.0013779246 0)
(0.0021480453 -0.0013779246 0)
(0.0022688917 -0.0013779246 0)
(0.0023918945 -0.0013779246 0)
(0.0025170921 -0.0013779246 0)
(0.0026445237 -0.0013779246 0)
(0.0027742291 -0.0013779246 0)
(0.0029062489 -0.0013779246 0)
(0.0030406243 -0.0013779246 0)
(0.0031773975 -0.0013779246 0)
(0.0033166111 -0.0013779246 0)
(0.0034583089 -0.0013779246 0)
(0.003602535 -0.0013779246 -3.1785234e-20)
(0.0037493347 -0.0013779246 0)
(0.0038987536 -0.0013779246 -3.073291e-20)
(0.0040508388 -0.0013779246 -1.4357355e-20)
(0.0042056377 -0.0013779246 0)
(0.0043631987 -0.0013779246 0)
(0.0045235712 -0.0013779246 1.3615432e-20)
(0.0046868052 -0.0013779246 0)
(0.004852952 -0.0013779246 -1.4648072e-20)
(0.0050220634 -0.0013779246 0)
(0.0051941923 -0.0013779246 0)
(0.0053693926 -0.0013779246 0)
(0.005547719 -0.0013779246 5.1990156e-20)
(0.0057292274 -0.0013779246 0)
(0.0059139745 -0.0013779246 0)
(0.0061020182 -0.0013779246 2.4729594e-20)
(0.0062934172 -0.0013779246 -1.1408316e-20)
(0.0064882315 -0.0013779246 0)
(0.0066865219 -0.0013779246 0)
(0.0068883505 -0.0013779246 0)
(0.0070937804 -0.0013779246 0)
(0.0073028759 -0.0013779246 0)
(0.0075157023 -0.0013779246 0)
(0.0077323264 -0.0013779246 -1.0079862e-20)
(0.0079528157 -0.0013779246 0)
(0.0081772394 -0.0013779246 0)
(0.0084056675 -0.0013779246 -9.5589806e-21)
(0.0086381717 -0.0013779246 0)
(0.0088748244 -0.0013779246 0)
(0.0091156998 -0.0013779246 -2.8700887e-20)
(0.0093608734 -0.0013779246 0)
(0.0096104217 -0.0013779246 0)
(0.0098644228 -0.0013779246 3.589216e-20)
(0.010122956 -0.0013779246 -2.6843442e-20)
(0.010386102 -0.0013779246 4.2994969e-20)
(0.010653944 -0.0013779246 0)
(0.010926565 -0.0013779246 0)
(0.011204051 -0.0013779246 0)
(0.011486488 -0.0013779246 0)
(0.011773964 -0.0013779246 0)
(0.012066571 -0.0013779246 0)
(0.012364398 -0.0013779246 0)
(0.01266754 -0.0013779246 0)
(0.012976091 -0.0013779246 2.2736137e-20)
(0.013290146 -0.0013779246 0)
(0.013609807 -0.0013779246 0)
(0.01393517 -0.0013779246 0)
(0.01426634 -0.0013779246 2.7879522e-20)
(0.014603418 -0.0013779246 2.5911373e-20)
(0.014946512 -0.0013779246 0)
(0.015295728 -0.0013779246 -1.4011259e-20)
(0.015651174 -0.0013779246 0)
(0.016012963 -0.0013779246 0)
(0.016381208 -0.0013779246 0)
(0.016756023 -0.0013779246 3.6459671e-20)
(0.017137526 -0.0013779246 0)
(0.017525837 -0.0013779246 0)
(0.017921076 -0.0013779246 0)
(0.018323368 -0.0013779246 -1.0855483e-20)
(0.018732838 -0.0013779246 0)
(0.019149615 -0.0013779246 0)
(0.019573828 -0.0013779246 0)
(0.020005611 -0.0013779246 -3.1848038e-20)
(0.020445098 -0.0013779246 0)
(0.020892427 -0.0013779246 3.0793588e-20)
(0.021347738 -0.0013779246 9.5914073e-21)
(0.021811173 -0.0013779246 -9.4232874e-21)
(0.022282878 -0.0013779246 -2.9280075e-20)
(0.022763 -0.0013779246 0)
(0.023251688 -0.0013779246 0)
(0.023749096 -0.0013779246 0)
(0.0010501807 -0.0012620086 0)
(0.0011514375 -0.0012620086 -2.4394734e-20)
(0.001254501 -0.0012620086 0)
(0.0013594036 -0.0012620086 -5.8245228e-20)
(0.001466178 -0.0012620086 0)
(0.0015748576 -0.0012620086 0)
(0.0016854764 -0.0012620086 0)
(0.0017980691 -0.0012620086 0)
(0.0019126708 -0.0012620086 0)
(0.0020293174 -0.0012620086 0)
(0.0021480453 -0.0012620086 0)
(0.0022688918 -0.0012620086 0)
(0.0023918945 -0.0012620086 0)
(0.0025170921 -0.0012620086 3.8529815e-20)
(0.0026445237 -0.0012620086 0)
(0.0027742291 -0.0012620086 0)
(0.0029062489 -0.0012620086 0)
(0.0030406243 -0.0012620086 0)
(0.0031773975 -0.0012620086 0)
(0.0033166111 -0.0012620086 0)
(0.0034583089 -0.0012620086 3.4218508e-20)
(0.003602535 -0.0012620086 3.3645041e-20)
(0.0037493347 -0.0012620086 0)
(0.0038987536 -0.0012620086 0)
(0.0040508388 -0.0012620086 0)
(0.0042056377 -0.0012620086 0)
(0.0043631987 -0.0012620086 0)
(0.0045235712 -0.0012620086 0)
(0.0046868052 -0.0012620086 0)
(0.004852952 -0.0012620086 2.9404739e-20)
(0.0050220634 -0.0012620086 0)
(0.0051941923 -0.0012620086 0)
(0.0053693926 -0.0012620086 0)
(0.005547719 -0.0012620086 1.2996704e-20)
(0.0057292274 -0.0012620086 0)
(0.0059139745 -0.0012620086 0)
(0.0061020183 -0.0012620086 0)
(0.0062934173 -0.0012620086 0)
(0.0064882315 -0.0012620086 0)
(0.0066865219 -0.0012620086 2.488223e-20)
(0.0068883505 -0.0012620086 0)
(0.0070937804 -0.0012620086 0)
(0.0073028759 -0.0012620086 0)
(0.0075157023 -0.0012620086 -1.0889887e-20)
(0.0077323264 -0.0012620086 -2.2903801e-20)
(0.0079528157 -0.0012620086 0)
(0.0081772394 -0.0012620086 0)
(0.0084056675 -0.0012620086 0)
(0.0086381717 -0.0012620086 0)
(0.0088748244 -0.0012620086 0)
(0.0091156998 -0.0012620086 0)
(0.0093608734 -0.0012620086 0)
(0.0096104217 -0.0012620086 0)
(0.0098644227 -0.0012620086 9.124596e-21)
(0.010122956 -0.0012620086 -1.943509e-20)
(0.010386103 -0.0012620086 0)
(0.010653944 -0.0012620086 0)
(0.010926565 -0.0012620086 2.7010066e-20)
(0.011204051 -0.0012620086 0)
(0.011486488 -0.0012620086 0)
(0.011773965 -0.0012620086 2.5692023e-20)
(0.012066571 -0.0012620086 0)
(0.012364399 -0.0012620086 0)
(0.01266754 -0.0012620086 0)
(0.012976091 -0.0012620086 0)
(0.013290146 -0.0012620086 0)
(0.013609807 -0.0012620086 -7.2503737e-21)
(0.013935171 -0.0012620086 0)
(0.01426634 -0.0012620086 0)
(0.014603418 -0.0012620086 0)
(0.014946512 -0.0012620086 2.8526491e-20)
(0.015295727 -0.0012620086 0)
(0.015651174 -0.0012620086 4.0628254e-20)
(0.016012963 -0.0012620086 0)
(0.016381207 -0.0012620086 -3.9268608e-20)
(0.016756023 -0.0012620086 0)
(0.017137526 -0.0012620086 0)
(0.017525837 -0.0012620086 0)
(0.017921076 -0.0012620086 -1.3233711e-20)
(0.018323368 -0.0012620086 0)
(0.018732838 -0.0012620086 2.4146381e-20)
(0.019149615 -0.0012620086 0)
(0.019573828 -0.0012620086 -2.3359555e-20)
(0.02000561 -0.0012620086 0)
(0.020445098 -0.0012620086 0)
(0.020892427 -0.0012620086 0)
(0.021347738 -0.0012620086 0)
(0.021811173 -0.0012620086 6.3024153e-20)
(0.022282878 -0.0012620086 0)
(0.022762999 -0.0012620086 0)
(0.023251688 -0.0012620086 0)
(0.023749097 -0.0012620086 0)
(0.0010501807 -0.0011528003 0)
(0.0011514375 -0.0011528003 0)
(0.0012545011 -0.0011528003 0)
(0.0013594036 -0.0011528003 0)
(0.001466178 -0.0011528003 -3.6064802e-20)
(0.0015748576 -0.0011528003 0)
(0.0016854764 -0.0011528003 0)
(0.0017980691 -0.0011528003 0)
(0.0019126708 -0.0011528003 2.2971564e-20)
(0.0020293174 -0.0011528003 0)
(0.0021480453 -0.0011528003 3.2585414e-20)
(0.0022688917 -0.0011528003 0)
(0.0023918945 -0.0011528003 0)
(0.0025170921 -0.0011528003 3.0979351e-20)
(0.0026445237 -0.0011528003 0)
(0.0027742291 -0.0011528003 0)
(0.0029062489 -0.0011528003 0)
(0.0030406244 -0.0011528003 0)
(0.0031773975 -0.0011528003 0)
(0.0033166111 -0.0011528003 0)
(0.0034583089 -0.0011528003 0)
(0.003602535 -0.0011528003 1.8562446e-20)
(0.0037493347 -0.0011528003 2.6642239e-20)
(0.0038987536 -0.0011528003 0)
(0.0040508388 -0.0011528003 0)
(0.0042056377 -0.0011528003 0)
(0.0043631987 -0.0011528003 0)
(0.0045235712 -0.0011528003 0)
(0.0046868052 -0.0011528003 0)
(0.004852952 -0.0011528003 2.3715193e-20)
(0.0050220634 -0.0011528003 0)
(0.0051941923 -0.0011528003 0)
(0.0053693926 -0.0011528003 -1.5546964e-20)
(0.005547719 -0.0011528003 0)
(0.0057292274 -0.0011528003 0)
(0.0059139745 -0.0011528003 -4.1452456e-20)
(0.0061020182 -0.0011528003 0)
(0.0062934172 -0.0011528003 -1.4358615e-20)
(0.0064882315 -0.0011528003 0)
(0.0066865219 -0.0011528003 0)
(0.0068883505 -0.0011528003 -3.8071636e-20)
(0.0070937805 -0.0011528003 0)
(0.0073028759 -0.0011528003 0)
(0.0075157024 -0.0011528003 0)
(0.0077323264 -0.0011528003 0)
(0.0079528157 -0.0011528003 0)
(0.0081772394 -0.0011528003 0)
(0.0084056676 -0.0011528003 -3.3813705e-20)
(0.0086381717 -0.0011528003 0)
(0.0088748244 -0.0011528003 -2.2295869e-20)
(0.0091156998 -0.0011528003 0)
(0.0093608734 -0.0011528003 0)
(0.0096104217 -0.0011528003 0)
(0.0098644228 -0.0011528003 0)
(0.010122956 -0.0011528003 0)
(0.010386102 -0.0011528003 0)
(0.010653945 -0.0011528003 2.905944e-20)
(0.010926565 -0.0011528003 1.9552982e-20)
(0.011204051 -0.0011528003 0)
(0.011486488 -0.0011528003 2.7635701e-20)
(0.011773964 -0.0011528003 -1.8620317e-20)
(0.012066571 -0.0011528003 0)
(0.012364398 -0.0011528003 -1.8025533e-20)
(0.01266754 -0.0011528003 0)
(0.012976091 -0.0011528003 0)
(0.013290146 -0.0011528003 0)
(0.013609806 -0.0011528003 -7.6956972e-21)
(0.01393517 -0.0011528003 0)
(0.01426634 -0.0011528003 0)
(0.014603418 -0.0011528003 3.0697974e-20)
(0.014946512 -0.0011528003 0)
(0.015295728 -0.0011528003 0)
(0.015651174 -0.0011528003 0)
(0.016012963 -0.0011528003 -1.5104981e-20)
(0.016381208 -0.0011528003 1.4866566e-20)
(0.016756023 -0.0011528003 1.4632339e-20)
(0.017137526 -0.0011528003 0)
(0.017525837 -0.0011528003 -1.4176163e-20)
(0.017921076 -0.0011528003 0)
(0.018323368 -0.0011528003 0)
(0.018732839 -0.0011528003 2.553698e-20)
(0.019149615 -0.0011528003 -2.5115697e-20)
(0.019573828 -0.0011528003 0)
(0.02000561 -0.0011528003 0)
(0.020445098 -0.0011528003 0)
(0.020892427 -0.0011528003 0)
(0.021347738 -0.0011528003 0)
(0.021811173 -0.0011528003 2.2738667e-20)
(0.022282878 -0.0011528003 0)
(0.022762999 -0.0011528003 0)
(0.023251688 -0.0011528003 0)
(0.023749097 -0.0011528003 0)
(0.0010501807 -0.0010499116 0)
(0.0011514375 -0.0010499115 1.2893488e-20)
(0.0012545011 -0.0010499115 -2.6840761e-20)
(0.0013594036 -0.0010499116 -3.8842007e-20)
(0.001466178 -0.0010499115 0)
(0.0015748576 -0.0010499116 0)
(0.0016854764 -0.0010499116 0)
(0.001798069 -0.0010499116 0)
(0.0019126708 -0.0010499115 1.2897931e-20)
(0.0020293173 -0.0010499115 0)
(0.0021480453 -0.0010499116 -4.5490552e-20)
(0.0022688917 -0.0010499115 0)
(0.0023918945 -0.0010499116 0)
(0.0025170921 -0.0010499115 0)
(0.0026445237 -0.0010499115 -3.224124e-20)
(0.0027742291 -0.0010499116 0)
(0.0029062489 -0.0010499115 0)
(0.0030406244 -0.0010499116 0)
(0.0031773975 -0.0010499116 0)
(0.0033166112 -0.0010499115 2.9640001e-20)
(0.0034583089 -0.0010499116 -1.9933129e-20)
(0.003602535 -0.0010499115 0)
(0.0037493347 -0.0010499115 -2.8186159e-20)
(0.0038987536 -0.0010499115 0)
(0.0040508388 -0.0010499115 0)
(0.0042056377 -0.0010499115 0)
(0.0043631987 -0.0010499116 0)
(0.0045235712 -0.0010499115 -1.7787352e-20)
(0.0046868053 -0.0010499115 2.5499973e-20)
(0.004852952 -0.0010499115 3.2937158e-20)
(0.0050220634 -0.0010499116 0)
(0.0051941923 -0.0010499116 -1.6675321e-20)
(0.0053693926 -0.0010499116 7.4517785e-21)
(0.005547719 -0.0010499115 0)
(0.0057292274 -0.0010499116 3.0277038e-20)
(0.0059139745 -0.0010499115 0)
(0.0061020182 -0.0010499115 0)
(0.0062934172 -0.0010499115 2.8790271e-20)
(0.0064882315 -0.0010499115 0)
(0.0066865219 -0.0010499116 4.2515965e-20)
(0.0068883505 -0.0010499116 2.7380324e-20)
(0.0070937805 -0.0010499115 0)
(0.0073028759 -0.0010499115 -2.6481102e-20)
(0.0075157023 -0.0010499115 -1.3774546e-20)
(0.0077323264 -0.0010499115 1.2053634e-20)
(0.0079528157 -0.0010499115 1.1842326e-20)
(0.0081772394 -0.0010499115 -3.6409999e-20)
(0.0084056675 -0.0010499116 -1.2936593e-20)
(0.0086381717 -0.0010499116 0)
(0.0088748244 -0.0010499115 0)
(0.0091156998 -0.0010499115 0)
(0.0093608734 -0.0010499115 1.0650033e-20)
(0.0096104217 -0.0010499116 -1.0463332e-20)
(0.0098644227 -0.0010499115 0)
(0.010122956 -0.0010499116 -3.1804885e-20)
(0.010386102 -0.0010499115 4.1196445e-20)
(0.010653944 -0.0010499115 0)
(0.010926565 -0.0010499115 0)
(0.011204051 -0.0010499115 0)
(0.011486488 -0.0010499116 0)
(0.011773964 -0.0010499116 -1.9671517e-20)
(0.012066571 -0.0010499116 3.7200278e-20)
(0.012364398 -0.0010499115 -8.7671819e-21)
(0.01266754 -0.0010499115 0)
(0.012976091 -0.0010499116 0)
(0.013290146 -0.0010499115 0)
(0.013609806 -0.0010499115 0)
(0.013935171 -0.0010499116 3.3606595e-20)
(0.01426634 -0.0010499115 0)
(0.014603418 -0.0010499115 0)
(0.014946512 -0.0010499115 0)
(0.015295728 -0.0010499115 0)
(0.015651174 -0.0010499115 1.6197803e-20)
(0.016012963 -0.0010499115 0)
(0.016381207 -0.0010499115 2.9868573e-20)
(0.016756023 -0.0010499116 -2.9371346e-20)
(0.017137526 -0.0010499115 0)
(0.017525837 -0.0010499115 0)
(0.017921076 -0.0010499116 6.9075671e-20)
(0.018323368 -0.0010499115 -2.7468101e-20)
(0.018732838 -0.0010499115 -3.9766601e-20)
(0.019149615 -0.0010499115 1.2530009e-20)
(0.019573828 -0.0010499115 0)
(0.020005611 -0.0010499115 0)
(0.020445098 -0.0010499115 0)
(0.020892427 -0.0010499116 2.4854293e-20)
(0.021347738 -0.0010499115 0)
(0.021811174 -0.0010499115 0)
(0.022282878 -0.0010499116 1.1070935e-20)
(0.022763 -0.0010499116 0)
(0.023251688 -0.0010499115 0)
(0.023749097 -0.0010499116 -3.3002363e-20)
(-0.0077504422 -0.000984375 0)
(-0.0072657678 -0.000984375 0)
(-0.00680914 -0.000984375 0)
(-0.0063789359 -0.000984375 1.008002e-20)
(-0.0059736265 -0.000984375 0)
(-0.0055917711 -0.000984375 0)
(-0.0052320125 -0.000984375 0)
(-0.004893072 -0.000984375 0)
(-0.0045737451 -0.000984375 -1.3580014e-20)
(-0.0042728965 -0.000984375 0)
(-0.0039894572 -0.000984375 0)
(-0.0037224197 -0.000984375 0)
(-0.0034708348 -0.000984375 0)
(-0.0032338084 -0.000984375 -2.8948772e-20)
(-0.003010498 -0.000984375 0)
(-0.0028001098 -0.000984375 0)
(-0.0026018963 -0.000984375 0)
(-0.0024151527 -0.000984375 0)
(-0.0022392155 -0.000984375 0)
(-0.0020734591 -0.000984375 0)
(-0.0019172946 -0.000984375 0)
(-0.0017701669 -0.000984375 -2.3611449e-20)
(-0.001631553 -0.000984375 0)
(-0.0015009603 -0.000984375 0)
(-0.0013779246 -0.000984375 0)
(-0.0012620086 -0.000984375 0)
(-0.0011528003 -0.000984375 0)
(-0.0010499115 -0.000984375 0)
(-0.0077504422 -0.000953125 0)
(-0.0072657678 -0.000953125 0)
(-0.00680914 -0.000953125 0)
(-0.0063789359 -0.000953125 1.008002e-20)
(-0.0059736265 -0.000953125 0)
(-0.0055917711 -0.000953125 0)
(-0.0052320125 -0.000953125 0)
(-0.004893072 -0.000953125 0)
(-0.004573745 -0.000953125 -1.3580014e-20)
(-0.0042728965 -0.000953125 0)
(-0.0039894572 -0.000953125 0)
(-0.0037224197 -0.000953125 0)
(-0.0034708348 -0.000953125 0)
(-0.0032338084 -0.000953125 -2.8948772e-20)
(-0.003010498 -0.000953125 0)
(-0.0028001098 -0.000953125 0)
(-0.0026018962 -0.000953125 0)
(-0.0024151527 -0.000953125 0)
(-0.0022392155 -0.000953125 0)
(-0.0020734591 -0.000953125 0)
(-0.0019172946 -0.000953125 0)
(-0.0017701669 -0.000953125 -2.3611449e-20)
(-0.001631553 -0.000953125 0)
(-0.0015009603 -0.000953125 0)
(-0.0013779246 -0.000953125 0)
(-0.0012620086 -0.000953125 0)
(-0.0011528003 -0.000953125 0)
(-0.0010499115 -0.000953125 0)
(-0.0077504422 -0.000921875 2.6041197e-20)
(-0.0072657678 -0.000921875 0)
(-0.00680914 -0.000921875 -2.0499274e-20)
(-0.0063789359 -0.000921875 -1.1585856e-20)
(-0.0059736265 -0.000921875 0)
(-0.0055917711 -0.000921875 -1.2862139e-20)
(-0.0052320125 -0.000921875 1.3559657e-20)
(-0.004893072 -0.000921875 0)
(-0.004573745 -0.000921875 0)
(-0.0042728965 -0.000921875 0)
(-0.0039894572 -0.000921875 0)
(-0.0037224197 -0.000921875 -3.3984159e-20)
(-0.0034708348 -0.000921875 0)
(-0.0032338084 -0.000921875 2.8948772e-20)
(-0.003010498 -0.000921875 -3.0634335e-20)
(-0.0028001098 -0.000921875 3.2423447e-20)
(-0.0026018962 -0.000921875 -5.7706027e-20)
(-0.0024151527 -0.000921875 -2.472734e-20)
(-0.0022392155 -0.000921875 0)
(-0.0020734591 -0.000921875 2.766753e-20)
(-0.0019172946 -0.000921875 3.6216553e-20)
(-0.0017701669 -0.000921875 0)
(-0.001631553 -0.000921875 -2.496921e-20)
(-0.0015009603 -0.000921875 -2.6410365e-20)
(-0.0013779246 -0.000921875 -8.8113957e-21)
(-0.0012620086 -0.000921875 0)
(-0.0011528003 -0.000921875 0)
(-0.0010499115 -0.000921875 -1.0536785e-20)
(-0.0077504422 -0.000890625 0)
(-0.0072657678 -0.000890625 0)
(-0.00680914 -0.000890625 0)
(-0.0063789359 -0.000890625 1.008002e-20)
(-0.0059736265 -0.000890625 0)
(-0.0055917711 -0.000890625 0)
(-0.0052320125 -0.000890625 0)
(-0.004893072 -0.000890625 0)
(-0.0045737451 -0.000890625 -1.3580014e-20)
(-0.0042728965 -0.000890625 0)
(-0.0039894572 -0.000890625 0)
(-0.0037224197 -0.000890625 0)
(-0.0034708348 -0.000890625 0)
(-0.0032338084 -0.000890625 -2.8948772e-20)
(-0.003010498 -0.000890625 0)
(-0.0028001098 -0.000890625 0)
(-0.0026018962 -0.000890625 0)
(-0.0024151527 -0.000890625 0)
(-0.0022392155 -0.000890625 0)
(-0.0020734591 -0.000890625 0)
(-0.0019172946 -0.000890625 0)
(-0.0017701669 -0.000890625 -2.3611449e-20)
(-0.001631553 -0.000890625 0)
(-0.0015009603 -0.000890625 0)
(-0.0013779246 -0.000890625 0)
(-0.0012620086 -0.000890625 0)
(-0.0011528003 -0.000890625 0)
(-0.0010499115 -0.000890625 0)
(-0.0077504422 -0.000859375 0)
(-0.0072657678 -0.000859375 0)
(-0.00680914 -0.000859375 0)
(-0.006378936 -0.000859375 1.008002e-20)
(-0.0059736265 -0.000859375 0)
(-0.0055917711 -0.000859375 0)
(-0.0052320125 -0.000859375 0)
(-0.004893072 -0.000859375 0)
(-0.0045737451 -0.000859375 -1.3580014e-20)
(-0.0042728965 -0.000859375 0)
(-0.0039894572 -0.000859375 0)
(-0.0037224197 -0.000859375 0)
(-0.0034708348 -0.000859375 0)
(-0.0032338084 -0.000859375 -2.8948772e-20)
(-0.003010498 -0.000859375 0)
(-0.0028001098 -0.000859375 0)
(-0.0026018962 -0.000859375 0)
(-0.0024151527 -0.000859375 0)
(-0.0022392155 -0.000859375 0)
(-0.0020734591 -0.000859375 0)
(-0.0019172946 -0.000859375 0)
(-0.0017701669 -0.000859375 -2.3611449e-20)
(-0.001631553 -0.000859375 0)
(-0.0015009603 -0.000859375 0)
(-0.0013779246 -0.000859375 0)
(-0.0012620086 -0.000859375 0)
(-0.0011528003 -0.000859375 0)
(-0.0010499115 -0.000859375 0)
(-0.0077504422 -0.000828125 0)
(-0.0072657678 -0.000828125 0)
(-0.00680914 -0.000828125 0)
(-0.0063789359 -0.000828125 1.008002e-20)
(-0.0059736265 -0.000828125 0)
(-0.0055917711 -0.000828125 0)
(-0.0052320125 -0.000828125 0)
(-0.004893072 -0.000828125 0)
(-0.0045737451 -0.000828125 -1.3580014e-20)
(-0.0042728965 -0.000828125 0)
(-0.0039894572 -0.000828125 0)
(-0.0037224197 -0.000828125 0)
(-0.0034708348 -0.000828125 0)
(-0.0032338084 -0.000828125 -2.8948772e-20)
(-0.003010498 -0.000828125 0)
(-0.0028001098 -0.000828125 0)
(-0.0026018962 -0.000828125 0)
(-0.0024151527 -0.000828125 0)
(-0.0022392155 -0.000828125 0)
(-0.0020734591 -0.000828125 0)
(-0.0019172946 -0.000828125 0)
(-0.0017701669 -0.000828125 -2.3611449e-20)
(-0.001631553 -0.000828125 0)
(-0.0015009603 -0.000828125 0)
(-0.0013779246 -0.000828125 0)
(-0.0012620086 -0.000828125 0)
(-0.0011528003 -0.000828125 0)
(-0.0010499115 -0.000828125 0)
(-0.0077504422 -0.000796875 0)
(-0.0072657678 -0.000796875 0)
(-0.00680914 -0.000796875 1.1002555e-20)
(-0.006378936 -0.000796875 0)
(-0.0059736265 -0.000796875 0)
(-0.0055917711 -0.000796875 1.2862139e-20)
(-0.0052320125 -0.000796875 0)
(-0.004893072 -0.000796875 -2.7094201e-20)
(-0.0045737451 -0.000796875 0)
(-0.0042728965 -0.000796875 0)
(-0.0039894572 -0.000796875 0)
(-0.0037224197 -0.000796875 0)
(-0.0034708348 -0.000796875 0)
(-0.0032338084 -0.000796875 -9.1476452e-21)
(-0.003010498 -0.000796875 0)
(-0.0028001098 -0.000796875 -1.030587e-20)
(-0.0026018963 -0.000796875 5.7706027e-20)
(-0.0024151527 -0.000796875 0)
(-0.0022392155 -0.000796875 -3.8477532e-20)
(-0.0020734592 -0.000796875 -4.0748377e-20)
(-0.0019172946 -0.000796875 0)
(-0.0017701669 -0.000796875 -1.6242912e-20)
(-0.001631553 -0.000796875 0)
(-0.0015009603 -0.000796875 0)
(-0.0013779246 -0.000796875 -1.9128628e-20)
(-0.0012620086 -0.000796875 0)
(-0.0011528003 -0.000796875 -3.1286984e-20)
(-0.0010499115 -0.000796875 -1.0536785e-20)
(-0.0077504422 -0.000765625 0)
(-0.0072657678 -0.000765625 0)
(-0.00680914 -0.000765625 0)
(-0.0063789359 -0.000765625 1.008002e-20)
(-0.0059736265 -0.000765625 0)
(-0.0055917711 -0.000765625 0)
(-0.0052320125 -0.000765625 0)
(-0.004893072 -0.000765625 0)
(-0.0045737451 -0.000765625 -1.3580014e-20)
(-0.0042728965 -0.000765625 0)
(-0.0039894572 -0.000765625 0)
(-0.0037224197 -0.000765625 0)
(-0.0034708348 -0.000765625 0)
(-0.0032338084 -0.000765625 -2.8948772e-20)
(-0.003010498 -0.000765625 0)
(-0.0028001098 -0.000765625 0)
(-0.0026018962 -0.000765625 0)
(-0.0024151527 -0.000765625 0)
(-0.0022392155 -0.000765625 0)
(-0.0020734591 -0.000765625 0)
(-0.0019172946 -0.000765625 0)
(-0.0017701669 -0.000765625 -2.3611449e-20)
(-0.001631553 -0.000765625 0)
(-0.0015009603 -0.000765625 0)
(-0.0013779246 -0.000765625 0)
(-0.0012620086 -0.000765625 0)
(-0.0011528003 -0.000765625 0)
(-0.0010499116 -0.000765625 0)
(-0.0077504422 -0.000734375 0)
(-0.0072657678 -0.000734375 0)
(-0.00680914 -0.000734375 0)
(-0.006378936 -0.000734375 1.008002e-20)
(-0.0059736265 -0.000734375 0)
(-0.0055917711 -0.000734375 0)
(-0.0052320125 -0.000734375 0)
(-0.004893072 -0.000734375 0)
(-0.0045737451 -0.000734375 -1.3580014e-20)
(-0.0042728965 -0.000734375 0)
(-0.0039894572 -0.000734375 0)
(-0.0037224197 -0.000734375 0)
(-0.0034708348 -0.000734375 0)
(-0.0032338084 -0.000734375 -2.8948772e-20)
(-0.003010498 -0.000734375 0)
(-0.0028001098 -0.000734375 0)
(-0.0026018962 -0.000734375 0)
(-0.0024151527 -0.000734375 0)
(-0.0022392155 -0.000734375 0)
(-0.0020734591 -0.000734375 0)
(-0.0019172946 -0.000734375 0)
(-0.0017701669 -0.000734375 -2.3611449e-20)
(-0.001631553 -0.000734375 0)
(-0.0015009603 -0.000734375 0)
(-0.0013779246 -0.000734375 0)
(-0.0012620086 -0.000734375 0)
(-0.0011528003 -0.000734375 0)
(-0.0010499116 -0.000734375 0)
(-0.0077504422 -0.000703125 0)
(-0.0072657678 -0.000703125 0)
(-0.00680914 -0.000703125 0)
(-0.0063789359 -0.000703125 1.008002e-20)
(-0.0059736265 -0.000703125 0)
(-0.0055917711 -0.000703125 0)
(-0.0052320125 -0.000703125 0)
(-0.004893072 -0.000703125 0)
(-0.004573745 -0.000703125 -1.3580014e-20)
(-0.0042728965 -0.000703125 0)
(-0.0039894572 -0.000703125 0)
(-0.0037224197 -0.000703125 0)
(-0.0034708348 -0.000703125 0)
(-0.0032338084 -0.000703125 -2.8948772e-20)
(-0.003010498 -0.000703125 0)
(-0.0028001098 -0.000703125 0)
(-0.0026018963 -0.000703125 0)
(-0.0024151527 -0.000703125 0)
(-0.0022392155 -0.000703125 0)
(-0.0020734591 -0.000703125 0)
(-0.0019172946 -0.000703125 0)
(-0.0017701669 -0.000703125 -2.3611449e-20)
(-0.001631553 -0.000703125 0)
(-0.0015009603 -0.000703125 0)
(-0.0013779246 -0.000703125 0)
(-0.0012620086 -0.000703125 0)
(-0.0011528003 -0.000703125 0)
(-0.0010499116 -0.000703125 0)
(-0.0077504422 -0.000671875 2.6041197e-20)
(-0.0072657678 -0.000671875 0)
(-0.00680914 -0.000671875 -9.4967187e-21)
(-0.0063789359 -0.000671875 -1.1585856e-20)
(-0.0059736265 -0.000671875 0)
(-0.0055917711 -0.000671875 0)
(-0.0052320125 -0.000671875 1.3559657e-20)
(-0.004893072 -0.000671875 0)
(-0.004573745 -0.000671875 0)
(-0.0042728965 -0.000671875 0)
(-0.0039894572 -0.000671875 0)
(-0.0037224197 -0.000671875 -3.3984159e-20)
(-0.0034708348 -0.000671875 0)
(-0.0032338084 -0.000671875 2.8948772e-20)
(-0.003010498 -0.000671875 -3.0634335e-20)
(-0.0028001098 -0.000671875 3.2423447e-20)
(-0.0026018962 -0.000671875 0)
(-0.0024151527 -0.000671875 -2.472734e-20)
(-0.0022392155 -0.000671875 1.3829735e-20)
(-0.0020734591 -0.000671875 -1.3080847e-20)
(-0.0019172946 -0.000671875 3.6216553e-20)
(-0.0017701669 -0.000671875 0)
(-0.001631553 -0.000671875 -2.496921e-20)
(-0.0015009603 -0.000671875 0)
(-0.0013779246 -0.000671875 -1.9128628e-20)
(-0.0012620086 -0.000671875 0)
(-0.0011528003 -0.000671875 0)
(-0.0010499115 -0.000671875 -1.0536785e-20)
(-0.0077504422 -0.000640625 0)
(-0.0072657678 -0.000640625 0)
(-0.00680914 -0.000640625 0)
(-0.0063789359 -0.000640625 1.008002e-20)
(-0.0059736265 -0.000640625 0)
(-0.0055917711 -0.000640625 0)
(-0.0052320125 -0.000640625 0)
(-0.004893072 -0.000640625 0)
(-0.004573745 -0.000640625 -1.3580014e-20)
(-0.0042728965 -0.000640625 0)
(-0.0039894572 -0.000640625 0)
(-0.0037224197 -0.000640625 0)
(-0.0034708348 -0.000640625 0)
(-0.0032338084 -0.000640625 -2.8948772e-20)
(-0.003010498 -0.000640625 0)
(-0.0028001098 -0.000640625 0)
(-0.0026018962 -0.000640625 0)
(-0.0024151527 -0.000640625 0)
(-0.0022392155 -0.000640625 0)
(-0.0020734592 -0.000640625 0)
(-0.0019172946 -0.000640625 0)
(-0.0017701669 -0.000640625 -2.3611449e-20)
(-0.001631553 -0.000640625 0)
(-0.0015009603 -0.000640625 0)
(-0.0013779246 -0.000640625 0)
(-0.0012620086 -0.000640625 0)
(-0.0011528003 -0.000640625 0)
(-0.0010499115 -0.000640625 0)
(-0.0077504422 -0.000609375 0)
(-0.0072657678 -0.000609375 0)
(-0.00680914 -0.000609375 0)
(-0.006378936 -0.000609375 1.008002e-20)
(-0.0059736265 -0.000609375 0)
(-0.0055917711 -0.000609375 0)
(-0.0052320125 -0.000609375 0)
(-0.004893072 -0.000609375 0)
(-0.0045737451 -0.000609375 -1.3580014e-20)
(-0.0042728965 -0.000609375 0)
(-0.0039894572 -0.000609375 0)
(-0.0037224197 -0.000609375 0)
(-0.0034708348 -0.000609375 0)
(-0.0032338084 -0.000609375 -2.8948772e-20)
(-0.003010498 -0.000609375 0)
(-0.0028001098 -0.000609375 0)
(-0.0026018963 -0.000609375 0)
(-0.0024151527 -0.000609375 0)
(-0.0022392155 -0.000609375 0)
(-0.0020734591 -0.000609375 0)
(-0.0019172946 -0.000609375 0)
(-0.0017701669 -0.000609375 -2.3611449e-20)
(-0.001631553 -0.000609375 0)
(-0.0015009603 -0.000609375 0)
(-0.0013779246 -0.000609375 0)
(-0.0012620086 -0.000609375 0)
(-0.0011528003 -0.000609375 0)
(-0.0010499116 -0.000609375 0)
(-0.0077504422 -0.000578125 0)
(-0.0072657678 -0.000578125 0)
(-0.00680914 -0.000578125 0)
(-0.006378936 -0.000578125 1.008002e-20)
(-0.0059736265 -0.000578125 0)
(-0.0055917711 -0.000578125 0)
(-0.0052320125 -0.000578125 0)
(-0.004893072 -0.000578125 0)
(-0.0045737451 -0.000578125 -1.3580014e-20)
(-0.0042728965 -0.000578125 0)
(-0.0039894572 -0.000578125 0)
(-0.0037224197 -0.000578125 0)
(-0.0034708348 -0.000578125 0)
(-0.0032338084 -0.000578125 -2.8948772e-20)
(-0.003010498 -0.000578125 0)
(-0.0028001098 -0.000578125 0)
(-0.0026018962 -0.000578125 0)
(-0.0024151527 -0.000578125 0)
(-0.0022392155 -0.000578125 0)
(-0.0020734591 -0.000578125 0)
(-0.0019172946 -0.000578125 0)
(-0.0017701669 -0.000578125 -2.3611449e-20)
(-0.001631553 -0.000578125 0)
(-0.0015009603 -0.000578125 0)
(-0.0013779246 -0.000578125 0)
(-0.0012620086 -0.000578125 0)
(-0.0011528003 -0.000578125 0)
(-0.0010499116 -0.000578125 0)
(-0.0077504422 -0.000546875 0)
(-0.0072657678 -0.000546875 0)
(-0.00680914 -0.000546875 1.1002555e-20)
(-0.006378936 -0.000546875 0)
(-0.0059736265 -0.000546875 0)
(-0.0055917711 -0.000546875 1.2862139e-20)
(-0.0052320125 -0.000546875 0)
(-0.004893072 -0.000546875 -2.7094201e-20)
(-0.0045737451 -0.000546875 0)
(-0.0042728965 -0.000546875 0)
(-0.0039894572 -0.000546875 0)
(-0.0037224197 -0.000546875 0)
(-0.0034708348 -0.000546875 0)
(-0.0032338084 -0.000546875 -9.1476452e-21)
(-0.003010498 -0.000546875 0)
(-0.0028001098 -0.000546875 -1.030587e-20)
(-0.0026018962 -0.000546875 5.7706027e-20)
(-0.0024151527 -0.000546875 0)
(-0.0022392155 -0.000546875 -3.8477532e-20)
(-0.0020734591 -0.000546875 -4.0748377e-20)
(-0.0019172946 -0.000546875 0)
(-0.0017701669 -0.000546875 -1.6242912e-20)
(-0.001631553 -0.000546875 0)
(-0.0015009603 -0.000546875 0)
(-0.0013779246 -0.000546875 -1.9128628e-20)
(-0.0012620086 -0.000546875 0)
(-0.0011528003 -0.000546875 -3.1286984e-20)
(-0.0010499115 -0.000546875 -1.0536785e-20)
(-0.0077504422 -0.000515625 0)
(-0.0072657678 -0.000515625 0)
(-0.00680914 -0.000515625 0)
(-0.0063789359 -0.000515625 1.008002e-20)
(-0.0059736265 -0.000515625 0)
(-0.0055917711 -0.000515625 0)
(-0.0052320125 -0.000515625 0)
(-0.004893072 -0.000515625 0)
(-0.0045737451 -0.000515625 -1.3580014e-20)
(-0.0042728965 -0.000515625 0)
(-0.0039894572 -0.000515625 0)
(-0.0037224197 -0.000515625 0)
(-0.0034708348 -0.000515625 0)
(-0.0032338084 -0.000515625 -2.8948772e-20)
(-0.003010498 -0.000515625 0)
(-0.0028001098 -0.000515625 0)
(-0.0026018962 -0.000515625 0)
(-0.0024151527 -0.000515625 0)
(-0.0022392155 -0.000515625 0)
(-0.0020734591 -0.000515625 0)
(-0.0019172946 -0.000515625 0)
(-0.0017701669 -0.000515625 -2.3611449e-20)
(-0.001631553 -0.000515625 0)
(-0.0015009603 -0.000515625 0)
(-0.0013779246 -0.000515625 0)
(-0.0012620086 -0.000515625 0)
(-0.0011528003 -0.000515625 0)
(-0.0010499115 -0.000515625 0)
(-0.0077504422 -0.000484375 0)
(-0.0072657678 -0.000484375 0)
(-0.00680914 -0.000484375 0)
(-0.0063789359 -0.000484375 1.008002e-20)
(-0.0059736265 -0.000484375 0)
(-0.0055917711 -0.000484375 0)
(-0.0052320125 -0.000484375 0)
(-0.004893072 -0.000484375 0)
(-0.004573745 -0.000484375 -1.3580014e-20)
(-0.0042728965 -0.000484375 0)
(-0.0039894572 -0.000484375 0)
(-0.0037224197 -0.000484375 0)
(-0.0034708348 -0.000484375 0)
(-0.0032338084 -0.000484375 -2.8948772e-20)
(-0.003010498 -0.000484375 0)
(-0.0028001098 -0.000484375 0)
(-0.0026018962 -0.000484375 0)
(-0.0024151527 -0.000484375 0)
(-0.0022392154 -0.000484375 0)
(-0.0020734591 -0.000484375 0)
(-0.0019172946 -0.000484375 0)
(-0.0017701669 -0.000484375 -2.3611449e-20)
(-0.001631553 -0.000484375 0)
(-0.0015009603 -0.000484375 0)
(-0.0013779246 -0.000484375 0)
(-0.0012620086 -0.000484375 0)
(-0.0011528003 -0.000484375 0)
(-0.0010499115 -0.000484375 0)
(-0.0077504422 -0.000453125 0)
(-0.0072657678 -0.000453125 0)
(-0.00680914 -0.000453125 0)
(-0.0063789359 -0.000453125 4.1825916e-20)
(-0.0059736265 -0.000453125 0)
(-0.0055917711 -0.000453125 3.5574745e-20)
(-0.0052320125 -0.000453125 0)
(-0.004893072 -0.000453125 0)
(-0.0045737451 -0.000453125 0)
(-0.0042728965 -0.000453125 0)
(-0.0039894572 -0.000453125 0)
(-0.0037224197 -0.000453125 3.3984159e-20)
(-0.0034708348 -0.000453125 0)
(-0.0032338084 -0.000453125 -9.1476452e-21)
(-0.003010498 -0.000453125 -9.7094995e-21)
(-0.0028001098 -0.000453125 -4.2729317e-20)
(-0.0026018962 -0.000453125 0)
(-0.0024151527 -0.000453125 0)
(-0.0022392155 -0.000453125 2.6153633e-20)
(-0.0020734591 -0.000453125 1.4586683e-20)
(-0.0019172946 -0.000453125 0)
(-0.0017701669 -0.000453125 0)
(-0.001631553 -0.000453125 -2.496921e-20)
(-0.0015009603 -0.000453125 -1.8108855e-20)
(-0.0013779246 -0.000453125 -1.7622791e-20)
(-0.0012620086 -0.000453125 -9.3526051e-21)
(-0.0011528003 -0.000453125 3.1286984e-20)
(-0.0010499115 -0.000453125 0)
(-0.0077504422 -0.000421875 0)
(-0.0072657678 -0.000421875 0)
(-0.00680914 -0.000421875 0)
(-0.006378936 -0.000421875 1.008002e-20)
(-0.0059736265 -0.000421875 0)
(-0.0055917711 -0.000421875 0)
(-0.0052320125 -0.000421875 0)
(-0.004893072 -0.000421875 0)
(-0.0045737451 -0.000421875 -1.3580014e-20)
(-0.0042728965 -0.000421875 0)
(-0.0039894572 -0.000421875 0)
(-0.0037224197 -0.000421875 0)
(-0.0034708348 -0.000421875 0)
(-0.0032338084 -0.000421875 -2.8948772e-20)
(-0.003010498 -0.000421875 0)
(-0.0028001098 -0.000421875 0)
(-0.0026018962 -0.000421875 0)
(-0.0024151527 -0.000421875 0)
(-0.0022392155 -0.000421875 0)
(-0.0020734591 -0.000421875 0)
(-0.0019172946 -0.000421875 0)
(-0.0017701669 -0.000421875 -2.3611449e-20)
(-0.001631553 -0.000421875 0)
(-0.0015009603 -0.000421875 0)
(-0.0013779246 -0.000421875 0)
(-0.0012620086 -0.000421875 0)
(-0.0011528003 -0.000421875 0)
(-0.0010499115 -0.000421875 0)
(-0.0077504422 -0.000390625 0)
(-0.0072657678 -0.000390625 0)
(-0.00680914 -0.000390625 3.9492711e-20)
(-0.0063789359 -0.000390625 -1.008002e-20)
(-0.0059736265 -0.000390625 -2.2904133e-20)
(-0.0055917711 -0.000390625 0)
(-0.0052320125 -0.000390625 2.5613477e-20)
(-0.0048930721 -0.000390625 -3.9888384e-20)
(-0.004573745 -0.000390625 -1.5085851e-20)
(-0.0042728965 -0.000390625 0)
(-0.0039894572 -0.000390625 0)
(-0.0037224197 -0.000390625 0)
(-0.0034708348 -0.000390625 0)
(-0.0032338084 -0.000390625 0)
(-0.003010498 -0.000390625 3.0634335e-20)
(-0.0028001098 -0.000390625 -4.2729317e-20)
(-0.0026018962 -0.000390625 0)
(-0.0024151527 -0.000390625 -1.1610752e-20)
(-0.0022392155 -0.000390625 -2.6153633e-20)
(-0.0020734591 -0.000390625 -1.4586683e-20)
(-0.0019172947 -0.000390625 1.5390123e-20)
(-0.0017701669 -0.000390625 3.0979987e-20)
(-0.001631553 -0.000390625 0)
(-0.0015009603 -0.000390625 1.8108855e-20)
(-0.0013779246 -0.000390625 -1.7622791e-20)
(-0.0012620086 -0.000390625 9.3526051e-21)
(-0.0011528003 -0.000390625 0)
(-0.0010499116 -0.000390625 0)
(-0.0077504422 -0.000359375 0)
(-0.0072657678 -0.000359375 0)
(-0.00680914 -0.000359375 0)
(-0.006378936 -0.000359375 1.008002e-20)
(-0.0059736265 -0.000359375 0)
(-0.0055917711 -0.000359375 0)
(-0.0052320125 -0.000359375 0)
(-0.004893072 -0.000359375 0)
(-0.004573745 -0.000359375 -1.3580014e-20)
(-0.0042728965 -0.000359375 0)
(-0.0039894572 -0.000359375 0)
(-0.0037224197 -0.000359375 0)
(-0.0034708348 -0.000359375 0)
(-0.0032338084 -0.000359375 -2.8948772e-20)
(-0.003010498 -0.000359375 0)
(-0.0028001098 -0.000359375 0)
(-0.0026018962 -0.000359375 0)
(-0.0024151527 -0.000359375 0)
(-0.0022392155 -0.000359375 0)
(-0.0020734591 -0.000359375 0)
(-0.0019172946 -0.000359375 0)
(-0.0017701669 -0.000359375 -2.3611449e-20)
(-0.001631553 -0.000359375 0)
(-0.0015009603 -0.000359375 0)
(-0.0013779246 -0.000359375 0)
(-0.0012620086 -0.000359375 0)
(-0.0011528003 -0.000359375 0)
(-0.0010499115 -0.000359375 0)
(-0.0077504422 -0.000328125 0)
(-0.0072657678 -0.000328125 0)
(-0.00680914 -0.000328125 0)
(-0.0063789359 -0.000328125 3.1745896e-20)
(-0.0059736265 -0.000328125 0)
(-0.0055917711 -0.000328125 3.5574745e-20)
(-0.0052320125 -0.000328125 0)
(-0.004893072 -0.000328125 0)
(-0.004573745 -0.000328125 0)
(-0.0042728965 -0.000328125 0)
(-0.0039894572 -0.000328125 0)
(-0.0037224197 -0.000328125 3.3984159e-20)
(-0.0034708348 -0.000328125 0)
(-0.0032338084 -0.000328125 1.9801127e-20)
(-0.003010498 -0.000328125 -9.7094995e-21)
(-0.0028001098 -0.000328125 -4.2729317e-20)
(-0.0026018962 -0.000328125 0)
(-0.0024151527 -0.000328125 0)
(-0.0022392155 -0.000328125 0)
(-0.0020734591 -0.000328125 0)
(-0.0019172946 -0.000328125 -3.6216553e-20)
(-0.0017701669 -0.000328125 0)
(-0.001631553 -0.000328125 -2.496921e-20)
(-0.0015009603 -0.000328125 0)
(-0.0013779246 -0.000328125 -1.7622791e-20)
(-0.0012620086 -0.000328125 0)
(-0.0011528003 -0.000328125 3.1286984e-20)
(-0.0010499115 -0.000328125 0)
(-0.0077504422 -0.000296875 0)
(-0.0072657678 -0.000296875 0)
(-0.00680914 -0.000296875 0)
(-0.0063789359 -0.000296875 1.008002e-20)
(-0.0059736265 -0.000296875 0)
(-0.0055917711 -0.000296875 0)
(-0.0052320125 -0.000296875 0)
(-0.004893072 -0.000296875 0)
(-0.0045737451 -0.000296875 -1.3580014e-20)
(-0.0042728965 -0.000296875 0)
(-0.0039894572 -0.000296875 0)
(-0.0037224197 -0.000296875 0)
(-0.0034708348 -0.000296875 0)
(-0.0032338084 -0.000296875 -2.8948772e-20)
(-0.003010498 -0.000296875 0)
(-0.0028001098 -0.000296875 0)
(-0.0026018962 -0.000296875 0)
(-0.0024151527 -0.000296875 0)
(-0.0022392155 -0.000296875 0)
(-0.0020734591 -0.000296875 0)
(-0.0019172946 -0.000296875 0)
(-0.0017701669 -0.000296875 -2.3611449e-20)
(-0.001631553 -0.000296875 0)
(-0.0015009603 -0.000296875 0)
(-0.0013779246 -0.000296875 0)
(-0.0012620086 -0.000296875 0)
(-0.0011528003 -0.000296875 0)
(-0.0010499116 -0.000296875 0)
(-0.0077504422 -0.000265625 0)
(-0.0072657678 -0.000265625 0)
(-0.00680914 -0.000265625 3.9492711e-20)
(-0.0063789359 -0.000265625 -1.008002e-20)
(-0.0059736265 -0.000265625 -2.2904133e-20)
(-0.0055917711 -0.000265625 0)
(-0.0052320125 -0.000265625 2.5613477e-20)
(-0.004893072 -0.000265625 -3.9888384e-20)
(-0.004573745 -0.000265625 -1.5085851e-20)
(-0.0042728965 -0.000265625 0)
(-0.0039894572 -0.000265625 0)
(-0.0037224197 -0.000265625 0)
(-0.0034708348 -0.000265625 0)
(-0.0032338084 -0.000265625 0)
(-0.003010498 -0.000265625 3.0634335e-20)
(-0.0028001098 -0.000265625 -4.2729317e-20)
(-0.0026018963 -0.000265625 0)
(-0.0024151527 -0.000265625 -1.1610752e-20)
(-0.0022392155 -0.000265625 -2.6153633e-20)
(-0.0020734591 -0.000265625 -1.4586683e-20)
(-0.0019172947 -0.000265625 1.5390123e-20)
(-0.0017701669 -0.000265625 3.0979987e-20)
(-0.001631553 -0.000265625 0)
(-0.0015009603 -0.000265625 1.8108855e-20)
(-0.0013779246 -0.000265625 -1.7622791e-20)
(-0.0012620086 -0.000265625 9.3526051e-21)
(-0.0011528003 -0.000265625 0)
(-0.0010499115 -0.000265625 0)
(-0.0077504422 -0.000234375 0)
(-0.0072657678 -0.000234375 0)
(-0.00680914 -0.000234375 0)
(-0.006378936 -0.000234375 0)
(-0.0059736265 -0.000234375 1.2204985e-20)
(-0.0055917711 -0.000234375 0)
(-0.0052320125 -0.000234375 0)
(-0.004893072 -0.000234375 0)
(-0.004573745 -0.000234375 2.8665865e-20)
(-0.0042728965 -0.000234375 0)
(-0.0039894572 -0.000234375 0)
(-0.0037224197 -0.000234375 0)
(-0.0034708348 -0.000234375 0)
(-0.0032338084 -0.000234375 0)
(-0.003010498 -0.000234375 0)
(-0.0028001098 -0.000234375 3.2423447e-20)
(-0.0026018963 -0.000234375 0)
(-0.0024151527 -0.000234375 0)
(-0.0022392154 -0.000234375 0)
(-0.0020734591 -0.000234375 1.4586683e-20)
(-0.0019172946 -0.000234375 0)
(-0.0017701669 -0.000234375 1.4737075e-20)
(-0.001631553 -0.000234375 1.7148085e-20)
(-0.0015009603 -0.000234375 0)
(-0.0013779246 -0.000234375 -3.6751419e-20)
(-0.0012620086 -0.000234375 0)
(-0.0011528003 -0.000234375 0)
(-0.0010499115 -0.000234375 0)
(-0.0077504422 -0.000203125 0)
(-0.0072657678 -0.000203125 0)
(-0.00680914 -0.000203125 0)
(-0.0063789359 -0.000203125 -2.1665876e-20)
(-0.0059736265 -0.000203125 -1.2204985e-20)
(-0.0055917711 -0.000203125 0)
(-0.0052320125 -0.000203125 0)
(-0.004893072 -0.000203125 0)
(-0.0045737451 -0.000203125 0)
(-0.0042728965 -0.000203125 0)
(-0.0039894572 -0.000203125 0)
(-0.0037224197 -0.000203125 -3.3984159e-20)
(-0.0034708348 -0.000203125 0)
(-0.0032338084 -0.000203125 -2.8948772e-20)
(-0.003010498 -0.000203125 1.1215336e-20)
(-0.0028001098 -0.000203125 3.2423447e-20)
(-0.0026018963 -0.000203125 1.2444707e-20)
(-0.0024151527 -0.000203125 0)
(-0.0022392155 -0.000203125 -2.6153633e-20)
(-0.0020734591 -0.000203125 0)
(-0.0019172946 -0.000203125 0)
(-0.0017701669 -0.000203125 1.6242912e-20)
(-0.001631553 -0.000203125 3.2790334e-20)
(-0.0015009603 -0.000203125 0)
(-0.0013779246 -0.000203125 0)
(-0.0012620086 -0.000203125 0)
(-0.0011528003 -0.000203125 -2.1359935e-20)
(-0.0010499115 -0.000203125 0)
(-0.0077504422 -0.000171875 0)
(-0.0072657678 -0.000171875 0)
(-0.00680914 -0.000171875 0)
(-0.0063789359 -0.000171875 0)
(-0.0059736265 -0.000171875 0)
(-0.0055917711 -0.000171875 0)
(-0.0052320125 -0.000171875 0)
(-0.004893072 -0.000171875 0)
(-0.004573745 -0.000171875 2.8665865e-20)
(-0.0042728965 -0.000171875 0)
(-0.0039894572 -0.000171875 0)
(-0.0037224197 -0.000171875 0)
(-0.0034708348 -0.000171875 0)
(-0.0032338084 -0.000171875 -2.8948772e-20)
(-0.003010498 -0.000171875 0)
(-0.0028001098 -0.000171875 3.2423447e-20)
(-0.0026018962 -0.000171875 0)
(-0.0024151527 -0.000171875 0)
(-0.0022392154 -0.000171875 -2.6153633e-20)
(-0.0020734591 -0.000171875 1.4586683e-20)
(-0.0019172947 -0.000171875 0)
(-0.0017701669 -0.000171875 3.0979987e-20)
(-0.001631553 -0.000171875 1.7148085e-20)
(-0.0015009603 -0.000171875 0)
(-0.0013779246 -0.000171875 -3.6751419e-20)
(-0.0012620086 -0.000171875 0)
(-0.0011528003 -0.000171875 0)
(-0.0010499115 -0.000171875 0)
(-0.0077504422 -0.000140625 0)
(-0.0072657678 -0.000140625 0)
(-0.00680914 -0.000140625 0)
(-0.0063789359 -0.000140625 -2.1665876e-20)
(-0.0059736265 -0.000140625 -1.2204985e-20)
(-0.0055917711 -0.000140625 0)
(-0.0052320125 -0.000140625 0)
(-0.004893072 -0.000140625 0)
(-0.004573745 -0.000140625 0)
(-0.0042728965 -0.000140625 0)
(-0.0039894572 -0.000140625 0)
(-0.0037224197 -0.000140625 -3.3984159e-20)
(-0.0034708348 -0.000140625 0)
(-0.0032338084 -0.000140625 -2.8948772e-20)
(-0.003010498 -0.000140625 1.1215336e-20)
(-0.0028001098 -0.000140625 3.2423447e-20)
(-0.0026018963 -0.000140625 1.2444707e-20)
(-0.0024151527 -0.000140625 0)
(-0.0022392154 -0.000140625 -2.6153633e-20)
(-0.0020734591 -0.000140625 0)
(-0.0019172947 -0.000140625 0)
(-0.0017701669 -0.000140625 1.6242912e-20)
(-0.001631553 -0.000140625 3.2790334e-20)
(-0.0015009603 -0.000140625 0)
(-0.0013779246 -0.000140625 0)
(-0.0012620086 -0.000140625 0)
(-0.0011528003 -0.000140625 -2.1359935e-20)
(-0.0010499115 -0.000140625 0)
(-0.0077504422 -0.000109375 0)
(-0.0072657678 -0.000109375 0)
(-0.00680914 -0.000109375 0)
(-0.006378936 -0.000109375 -2.1665876e-20)
(-0.0059736265 -0.000109375 1.2204985e-20)
(-0.0055917711 -0.000109375 0)
(-0.0052320125 -0.000109375 0)
(-0.004893072 -0.000109375 0)
(-0.004573745 -0.000109375 0)
(-0.0042728965 -0.000109375 0)
(-0.0039894572 -0.000109375 0)
(-0.0037224197 -0.000109375 -3.3984159e-20)
(-0.0034708348 -0.000109375 0)
(-0.0032338084 -0.000109375 0)
(-0.003010498 -0.000109375 0)
(-0.0028001098 -0.000109375 3.2423447e-20)
(-0.0026018963 -0.000109375 0)
(-0.0024151527 -0.000109375 0)
(-0.0022392154 -0.000109375 0)
(-0.0020734591 -0.000109375 0)
(-0.0019172947 -0.000109375 0)
(-0.0017701669 -0.000109375 0)
(-0.001631553 -0.000109375 3.2790334e-20)
(-0.0015009603 -0.000109375 0)
(-0.0013779246 -0.000109375 0)
(-0.0012620086 -0.000109375 0)
(-0.0011528003 -0.000109375 0)
(-0.0010499115 -0.000109375 0)
(-0.0077504422 -7.8125e-05 0)
(-0.0072657678 -7.8125e-05 0)
(-0.00680914 -7.8125e-05 0)
(-0.0063789359 -7.8125e-05 0)
(-0.0059736265 -7.8125e-05 0)
(-0.0055917711 -7.8125e-05 0)
(-0.0052320125 -7.8125e-05 0)
(-0.004893072 -7.8125e-05 0)
(-0.004573745 -7.8125e-05 0)
(-0.0042728965 -7.8125e-05 0)
(-0.0039894572 -7.8125e-05 0)
(-0.0037224197 -7.8125e-05 -3.3984159e-20)
(-0.0034708348 -7.8125e-05 0)
(-0.0032338084 -7.8125e-05 -2.8948772e-20)
(-0.003010498 -7.8125e-05 0)
(-0.0028001098 -7.8125e-05 3.2423447e-20)
(-0.0026018963 -7.8125e-05 0)
(-0.0024151527 -7.8125e-05 0)
(-0.0022392154 -7.8125e-05 0)
(-0.0020734591 -7.8125e-05 0)
(-0.0019172947 -7.8125e-05 0)
(-0.0017701669 -7.8125e-05 0)
(-0.001631553 -7.8125e-05 0)
(-0.0015009603 -7.8125e-05 0)
(-0.0013779246 -7.8125e-05 0)
(-0.0012620086 -7.8125e-05 0)
(-0.0011528003 -7.8125e-05 0)
(-0.0010499115 -7.8125e-05 0)
(-0.0077504422 -4.6875e-05 0)
(-0.0072657678 -4.6875e-05 0)
(-0.00680914 -4.6875e-05 0)
(-0.0063789359 -4.6875e-05 0)
(-0.0059736265 -4.6875e-05 0)
(-0.0055917711 -4.6875e-05 0)
(-0.0052320125 -4.6875e-05 0)
(-0.004893072 -4.6875e-05 0)
(-0.0045737451 -4.6875e-05 0)
(-0.0042728965 -4.6875e-05 0)
(-0.0039894572 -4.6875e-05 0)
(-0.0037224197 -4.6875e-05 -3.3984159e-20)
(-0.0034708348 -4.6875e-05 0)
(-0.0032338084 -4.6875e-05 -2.8948772e-20)
(-0.003010498 -4.6875e-05 0)
(-0.0028001098 -4.6875e-05 3.2423447e-20)
(-0.0026018963 -4.6875e-05 0)
(-0.0024151527 -4.6875e-05 0)
(-0.0022392154 -4.6875e-05 0)
(-0.0020734591 -4.6875e-05 0)
(-0.0019172946 -4.6875e-05 0)
(-0.0017701669 -4.6875e-05 0)
(-0.001631553 -4.6875e-05 0)
(-0.0015009603 -4.6875e-05 0)
(-0.0013779246 -4.6875e-05 0)
(-0.0012620086 -4.6875e-05 0)
(-0.0011528003 -4.6875e-05 0)
(-0.0010499115 -4.6875e-05 0)
(-0.0077504422 -1.5625e-05 0)
(-0.0072657678 -1.5625e-05 0)
(-0.00680914 -1.5625e-05 0)
(-0.006378936 -1.5625e-05 0)
(-0.0059736265 -1.5625e-05 0)
(-0.0055917711 -1.5625e-05 0)
(-0.0052320125 -1.5625e-05 0)
(-0.004893072 -1.5625e-05 0)
(-0.0045737451 -1.5625e-05 0)
(-0.0042728965 -1.5625e-05 0)
(-0.0039894572 -1.5625e-05 0)
(-0.0037224197 -1.5625e-05 -3.3984159e-20)
(-0.0034708348 -1.5625e-05 0)
(-0.0032338084 -1.5625e-05 -2.8948772e-20)
(-0.003010498 -1.5625e-05 0)
(-0.0028001098 -1.5625e-05 3.2423447e-20)
(-0.0026018963 -1.5625e-05 0)
(-0.0024151527 -1.5625e-05 0)
(-0.0022392154 -1.5625e-05 0)
(-0.0020734591 -1.5625e-05 0)
(-0.0019172947 -1.5625e-05 0)
(-0.0017701669 -1.5625e-05 0)
(-0.001631553 -1.5625e-05 0)
(-0.0015009603 -1.5625e-05 0)
(-0.0013779246 -1.5625e-05 0)
(-0.0012620086 -1.5625e-05 0)
(-0.0011528003 -1.5625e-05 0)
(-0.0010499115 -1.5625e-05 0)
(-0.0077504422 1.5625e-05 0)
(-0.0072657678 1.5625e-05 0)
(-0.00680914 1.5625e-05 0)
(-0.006378936 1.5625e-05 0)
(-0.0059736265 1.5625e-05 0)
(-0.0055917711 1.5625e-05 0)
(-0.0052320125 1.5625e-05 0)
(-0.004893072 1.5625e-05 0)
(-0.0045737451 1.5625e-05 0)
(-0.0042728965 1.5625e-05 0)
(-0.0039894572 1.5625e-05 0)
(-0.0037224197 1.5625e-05 -3.3984159e-20)
(-0.0034708348 1.5625e-05 0)
(-0.0032338084 1.5625e-05 -2.8948772e-20)
(-0.003010498 1.5625e-05 0)
(-0.0028001098 1.5625e-05 3.2423447e-20)
(-0.0026018963 1.5625e-05 0)
(-0.0024151527 1.5625e-05 0)
(-0.0022392154 1.5625e-05 0)
(-0.0020734591 1.5625e-05 0)
(-0.0019172947 1.5625e-05 0)
(-0.0017701669 1.5625e-05 0)
(-0.001631553 1.5625e-05 0)
(-0.0015009603 1.5625e-05 0)
(-0.0013779246 1.5625e-05 0)
(-0.0012620086 1.5625e-05 0)
(-0.0011528003 1.5625e-05 0)
(-0.0010499115 1.5625e-05 0)
(-0.0077504422 4.6875e-05 0)
(-0.0072657678 4.6875e-05 0)
(-0.00680914 4.6875e-05 0)
(-0.0063789359 4.6875e-05 0)
(-0.0059736265 4.6875e-05 0)
(-0.0055917711 4.6875e-05 0)
(-0.0052320125 4.6875e-05 0)
(-0.004893072 4.6875e-05 0)
(-0.004573745 4.6875e-05 0)
(-0.0042728965 4.6875e-05 0)
(-0.0039894572 4.6875e-05 0)
(-0.0037224197 4.6875e-05 -3.3984159e-20)
(-0.0034708348 4.6875e-05 0)
(-0.0032338084 4.6875e-05 -2.8948772e-20)
(-0.003010498 4.6875e-05 0)
(-0.0028001098 4.6875e-05 3.2423447e-20)
(-0.0026018963 4.6875e-05 0)
(-0.0024151527 4.6875e-05 0)
(-0.0022392154 4.6875e-05 0)
(-0.0020734591 4.6875e-05 0)
(-0.0019172946 4.6875e-05 0)
(-0.0017701669 4.6875e-05 0)
(-0.001631553 4.6875e-05 0)
(-0.0015009603 4.6875e-05 0)
(-0.0013779246 4.6875e-05 0)
(-0.0012620086 4.6875e-05 0)
(-0.0011528003 4.6875e-05 0)
(-0.0010499115 4.6875e-05 0)
(-0.0077504422 7.8125e-05 0)
(-0.0072657678 7.8125e-05 0)
(-0.00680914 7.8125e-05 0)
(-0.0063789359 7.8125e-05 0)
(-0.0059736265 7.8125e-05 0)
(-0.0055917711 7.8125e-05 0)
(-0.0052320125 7.8125e-05 0)
(-0.004893072 7.8125e-05 0)
(-0.004573745 7.8125e-05 0)
(-0.0042728965 7.8125e-05 0)
(-0.0039894572 7.8125e-05 0)
(-0.0037224197 7.8125e-05 -3.3984159e-20)
(-0.0034708348 7.8125e-05 0)
(-0.0032338084 7.8125e-05 -2.8948772e-20)
(-0.003010498 7.8125e-05 0)
(-0.0028001098 7.8125e-05 3.2423447e-20)
(-0.0026018963 7.8125e-05 0)
(-0.0024151527 7.8125e-05 0)
(-0.0022392154 7.8125e-05 0)
(-0.0020734591 7.8125e-05 0)
(-0.0019172947 7.8125e-05 0)
(-0.0017701669 7.8125e-05 0)
(-0.001631553 7.8125e-05 0)
(-0.0015009603 7.8125e-05 0)
(-0.0013779246 7.8125e-05 0)
(-0.0012620086 7.8125e-05 0)
(-0.0011528003 7.8125e-05 0)
(-0.0010499115 7.8125e-05 0)
(-0.0077504422 0.000109375 0)
(-0.0072657678 0.000109375 0)
(-0.00680914 0.000109375 0)
(-0.006378936 0.000109375 0)
(-0.0059736265 0.000109375 -1.2204985e-20)
(-0.0055917711 0.000109375 0)
(-0.0052320125 0.000109375 0)
(-0.004893072 0.000109375 0)
(-0.004573745 0.000109375 0)
(-0.0042728965 0.000109375 0)
(-0.0039894572 0.000109375 0)
(-0.0037224197 0.000109375 -3.3984159e-20)
(-0.0034708348 0.000109375 0)
(-0.0032338084 0.000109375 -2.8948772e-20)
(-0.003010498 0.000109375 1.1215336e-20)
(-0.0028001098 0.000109375 3.2423447e-20)
(-0.0026018962 0.000109375 1.2444707e-20)
(-0.0024151527 0.000109375 0)
(-0.0022392155 0.000109375 0)
(-0.0020734591 0.000109375 0)
(-0.0019172947 0.000109375 0)
(-0.0017701669 0.000109375 0)
(-0.001631553 0.000109375 0)
(-0.0015009603 0.000109375 0)
(-0.0013779246 0.000109375 0)
(-0.0012620086 0.000109375 0)
(-0.0011528003 0.000109375 -2.1359935e-20)
(-0.0010499115 0.000109375 0)
(-0.0077504422 0.000140625 0)
(-0.0072657678 0.000140625 0)
(-0.00680914 0.000140625 0)
(-0.0063789359 0.000140625 0)
(-0.0059736265 0.000140625 1.2204985e-20)
(-0.0055917711 0.000140625 0)
(-0.0052320125 0.000140625 0)
(-0.004893072 0.000140625 0)
(-0.004573745 0.000140625 2.8665865e-20)
(-0.0042728965 0.000140625 0)
(-0.0039894572 0.000140625 0)
(-0.0037224197 0.000140625 0)
(-0.0034708348 0.000140625 0)
(-0.0032338084 0.000140625 0)
(-0.003010498 0.000140625 0)
(-0.0028001098 0.000140625 3.2423447e-20)
(-0.0026018962 0.000140625 0)
(-0.0024151527 0.000140625 0)
(-0.0022392155 0.000140625 0)
(-0.0020734591 0.000140625 1.4586683e-20)
(-0.0019172946 0.000140625 0)
(-0.0017701669 0.000140625 1.4737075e-20)
(-0.001631553 0.000140625 1.7148085e-20)
(-0.0015009603 0.000140625 0)
(-0.0013779246 0.000140625 -3.6751419e-20)
(-0.0012620086 0.000140625 0)
(-0.0011528003 0.000140625 0)
(-0.0010499115 0.000140625 0)
(-0.0077504422 0.000171875 0)
(-0.0072657678 0.000171875 0)
(-0.00680914 0.000171875 0)
(-0.0063789359 0.000171875 0)
(-0.0059736265 0.000171875 0)
(-0.0055917711 0.000171875 0)
(-0.0052320125 0.000171875 0)
(-0.004893072 0.000171875 0)
(-0.004573745 0.000171875 2.8665865e-20)
(-0.0042728965 0.000171875 0)
(-0.0039894572 0.000171875 0)
(-0.0037224197 0.000171875 0)
(-0.0034708348 0.000171875 0)
(-0.0032338084 0.000171875 -2.8948772e-20)
(-0.003010498 0.000171875 0)
(-0.0028001098 0.000171875 3.2423447e-20)
(-0.0026018963 0.000171875 0)
(-0.0024151527 0.000171875 0)
(-0.0022392154 0.000171875 -2.6153633e-20)
(-0.0020734591 0.000171875 1.4586683e-20)
(-0.0019172946 0.000171875 0)
(-0.0017701669 0.000171875 3.0979987e-20)
(-0.001631553 0.000171875 1.7148085e-20)
(-0.0015009603 0.000171875 0)
(-0.0013779246 0.000171875 -3.6751419e-20)
(-0.0012620086 0.000171875 0)
(-0.0011528003 0.000171875 0)
(-0.0010499115 0.000171875 0)
(-0.0077504422 0.000203125 0)
(-0.0072657678 0.000203125 0)
(-0.00680914 0.000203125 0)
(-0.0063789359 0.000203125 0)
(-0.0059736265 0.000203125 0)
(-0.0055917711 0.000203125 0)
(-0.0052320125 0.000203125 0)
(-0.004893072 0.000203125 0)
(-0.004573745 0.000203125 2.8665865e-20)
(-0.0042728965 0.000203125 0)
(-0.0039894572 0.000203125 0)
(-0.0037224197 0.000203125 0)
(-0.0034708348 0.000203125 0)
(-0.0032338084 0.000203125 -2.8948772e-20)
(-0.003010498 0.000203125 0)
(-0.0028001098 0.000203125 3.2423447e-20)
(-0.0026018963 0.000203125 0)
(-0.0024151527 0.000203125 0)
(-0.0022392154 0.000203125 -2.6153633e-20)
(-0.0020734591 0.000203125 1.4586683e-20)
(-0.0019172946 0.000203125 0)
(-0.0017701669 0.000203125 3.0979987e-20)
(-0.001631553 0.000203125 1.7148085e-20)
(-0.0015009603 0.000203125 0)
(-0.0013779246 0.000203125 -3.6751419e-20)
(-0.0012620086 0.000203125 0)
(-0.0011528003 0.000203125 0)
(-0.0010499115 0.000203125 0)
(-0.0077504422 0.000234375 0)
(-0.0072657678 0.000234375 0)
(-0.00680914 0.000234375 0)
(-0.006378936 0.000234375 -2.1665876e-20)
(-0.0059736265 0.000234375 -1.2204985e-20)
(-0.0055917711 0.000234375 0)
(-0.0052320125 0.000234375 0)
(-0.004893072 0.000234375 0)
(-0.004573745 0.000234375 0)
(-0.0042728965 0.000234375 0)
(-0.0039894572 0.000234375 0)
(-0.0037224197 0.000234375 -3.3984159e-20)
(-0.0034708348 0.000234375 0)
(-0.0032338084 0.000234375 -2.8948772e-20)
(-0.003010498 0.000234375 1.1215336e-20)
(-0.0028001098 0.000234375 3.2423447e-20)
(-0.0026018962 0.000234375 1.2444707e-20)
(-0.0024151527 0.000234375 0)
(-0.0022392155 0.000234375 -2.6153633e-20)
(-0.0020734591 0.000234375 0)
(-0.0019172947 0.000234375 0)
(-0.0017701669 0.000234375 1.6242912e-20)
(-0.001631553 0.000234375 3.2790334e-20)
(-0.0015009603 0.000234375 0)
(-0.0013779246 0.000234375 0)
(-0.0012620086 0.000234375 0)
(-0.0011528003 0.000234375 -2.1359935e-20)
(-0.0010499115 0.000234375 0)
(-0.0077504422 0.000265625 0)
(-0.0072657678 0.000265625 0)
(-0.00680914 0.000265625 0)
(-0.0063789359 0.000265625 4.1825916e-20)
(-0.0059736265 0.000265625 0)
(-0.0055917711 0.000265625 3.5574745e-20)
(-0.0052320125 0.000265625 0)
(-0.004893072 0.000265625 0)
(-0.004573745 0.000265625 0)
(-0.0042728965 0.000265625 0)
(-0.0039894572 0.000265625 0)
(-0.0037224197 0.000265625 3.3984159e-20)
(-0.0034708348 0.000265625 0)
(-0.0032338084 0.000265625 -9.1476452e-21)
(-0.003010498 0.000265625 -9.7094995e-21)
(-0.0028001098 0.000265625 -4.2729317e-20)
(-0.0026018962 0.000265625 0)
(-0.0024151527 0.000265625 0)
(-0.0022392155 0.000265625 2.6153633e-20)
(-0.0020734591 0.000265625 1.4586683e-20)
(-0.0019172946 0.000265625 0)
(-0.0017701669 0.000265625 0)
(-0.001631553 0.000265625 -2.496921e-20)
(-0.0015009603 0.000265625 -1.8108855e-20)
(-0.0013779246 0.000265625 -1.7622791e-20)
(-0.0012620086 0.000265625 -9.3526051e-21)
(-0.0011528003 0.000265625 3.1286984e-20)
(-0.0010499115 0.000265625 0)
(-0.0077504422 0.000296875 0)
(-0.0072657678 0.000296875 0)
(-0.00680914 0.000296875 0)
(-0.0063789359 0.000296875 1.008002e-20)
(-0.0059736265 0.000296875 0)
(-0.0055917711 0.000296875 0)
(-0.0052320125 0.000296875 0)
(-0.004893072 0.000296875 0)
(-0.0045737451 0.000296875 -1.3580014e-20)
(-0.0042728965 0.000296875 0)
(-0.0039894572 0.000296875 0)
(-0.0037224197 0.000296875 0)
(-0.0034708348 0.000296875 0)
(-0.0032338084 0.000296875 -2.8948772e-20)
(-0.003010498 0.000296875 0)
(-0.0028001098 0.000296875 0)
(-0.0026018962 0.000296875 0)
(-0.0024151527 0.000296875 0)
(-0.0022392155 0.000296875 0)
(-0.0020734591 0.000296875 0)
(-0.0019172946 0.000296875 0)
(-0.0017701669 0.000296875 -2.3611449e-20)
(-0.001631553 0.000296875 0)
(-0.0015009603 0.000296875 0)
(-0.0013779246 0.000296875 0)
(-0.0012620086 0.000296875 0)
(-0.0011528003 0.000296875 0)
(-0.0010499116 0.000296875 0)
(-0.0077504422 0.000328125 0)
(-0.0072657678 0.000328125 0)
(-0.00680914 0.000328125 0)
(-0.0063789359 0.000328125 3.1745896e-20)
(-0.0059736265 0.000328125 0)
(-0.0055917711 0.000328125 3.5574745e-20)
(-0.0052320125 0.000328125 0)
(-0.004893072 0.000328125 0)
(-0.004573745 0.000328125 0)
(-0.0042728965 0.000328125 0)
(-0.0039894572 0.000328125 0)
(-0.0037224197 0.000328125 3.3984159e-20)
(-0.0034708348 0.000328125 0)
(-0.0032338084 0.000328125 1.9801127e-20)
(-0.003010498 0.000328125 -9.7094995e-21)
(-0.0028001098 0.000328125 -4.2729317e-20)
(-0.0026018962 0.000328125 0)
(-0.0024151527 0.000328125 0)
(-0.0022392155 0.000328125 0)
(-0.0020734591 0.000328125 0)
(-0.0019172946 0.000328125 -3.6216553e-20)
(-0.0017701669 0.000328125 0)
(-0.001631553 0.000328125 -2.496921e-20)
(-0.0015009603 0.000328125 0)
(-0.0013779246 0.000328125 -1.7622791e-20)
(-0.0012620086 0.000328125 0)
(-0.0011528003 0.000328125 3.1286984e-20)
(-0.0010499115 0.000328125 0)
(-0.0077504422 0.000359375 0)
(-0.0072657678 0.000359375 0)
(-0.00680914 0.000359375 0)
(-0.006378936 0.000359375 1.008002e-20)
(-0.0059736265 0.000359375 0)
(-0.0055917711 0.000359375 0)
(-0.0052320125 0.000359375 0)
(-0.004893072 0.000359375 0)
(-0.004573745 0.000359375 -1.3580014e-20)
(-0.0042728965 0.000359375 0)
(-0.0039894572 0.000359375 0)
(-0.0037224197 0.000359375 0)
(-0.0034708348 0.000359375 0)
(-0.0032338084 0.000359375 -2.8948772e-20)
(-0.003010498 0.000359375 0)
(-0.0028001098 0.000359375 0)
(-0.0026018962 0.000359375 0)
(-0.0024151527 0.000359375 0)
(-0.0022392155 0.000359375 0)
(-0.0020734591 0.000359375 0)
(-0.0019172946 0.000359375 0)
(-0.0017701669 0.000359375 -2.3611449e-20)
(-0.001631553 0.000359375 0)
(-0.0015009603 0.000359375 0)
(-0.0013779246 0.000359375 0)
(-0.0012620086 0.000359375 0)
(-0.0011528003 0.000359375 0)
(-0.0010499115 0.000359375 0)
(-0.0077504422 0.000390625 0)
(-0.0072657678 0.000390625 0)
(-0.00680914 0.000390625 0)
(-0.0063789359 0.000390625 3.1745896e-20)
(-0.0059736265 0.000390625 0)
(-0.0055917711 0.000390625 3.5574745e-20)
(-0.0052320125 0.000390625 0)
(-0.004893072 0.000390625 0)
(-0.004573745 0.000390625 0)
(-0.0042728965 0.000390625 0)
(-0.0039894572 0.000390625 0)
(-0.0037224197 0.000390625 3.3984159e-20)
(-0.0034708348 0.000390625 0)
(-0.0032338084 0.000390625 1.9801127e-20)
(-0.003010498 0.000390625 -9.7094995e-21)
(-0.0028001098 0.000390625 -4.2729317e-20)
(-0.0026018962 0.000390625 0)
(-0.0024151527 0.000390625 0)
(-0.0022392155 0.000390625 0)
(-0.0020734591 0.000390625 0)
(-0.0019172946 0.000390625 -3.6216553e-20)
(-0.0017701669 0.000390625 0)
(-0.001631553 0.000390625 -2.496921e-20)
(-0.0015009603 0.000390625 0)
(-0.0013779246 0.000390625 -1.7622791e-20)
(-0.0012620086 0.000390625 0)
(-0.0011528003 0.000390625 3.1286984e-20)
(-0.0010499115 0.000390625 0)
(-0.0077504422 0.000421875 0)
(-0.0072657678 0.000421875 0)
(-0.00680914 0.000421875 0)
(-0.006378936 0.000421875 1.008002e-20)
(-0.0059736265 0.000421875 0)
(-0.0055917711 0.000421875 0)
(-0.0052320125 0.000421875 0)
(-0.004893072 0.000421875 0)
(-0.0045737451 0.000421875 -1.3580014e-20)
(-0.0042728965 0.000421875 0)
(-0.0039894572 0.000421875 0)
(-0.0037224197 0.000421875 0)
(-0.0034708348 0.000421875 0)
(-0.0032338084 0.000421875 -2.8948772e-20)
(-0.003010498 0.000421875 0)
(-0.0028001098 0.000421875 0)
(-0.0026018962 0.000421875 0)
(-0.0024151527 0.000421875 0)
(-0.0022392155 0.000421875 0)
(-0.0020734591 0.000421875 0)
(-0.0019172946 0.000421875 0)
(-0.0017701669 0.000421875 -2.3611449e-20)
(-0.001631553 0.000421875 0)
(-0.0015009603 0.000421875 0)
(-0.0013779246 0.000421875 0)
(-0.0012620086 0.000421875 0)
(-0.0011528003 0.000421875 0)
(-0.0010499115 0.000421875 0)
(-0.0077504422 0.000453125 0)
(-0.0072657678 0.000453125 0)
(-0.00680914 0.000453125 3.9492711e-20)
(-0.0063789359 0.000453125 -1.008002e-20)
(-0.0059736265 0.000453125 -2.2904133e-20)
(-0.0055917711 0.000453125 0)
(-0.0052320125 0.000453125 2.5613477e-20)
(-0.0048930721 0.000453125 -3.9888384e-20)
(-0.004573745 0.000453125 -1.5085851e-20)
(-0.0042728965 0.000453125 0)
(-0.0039894572 0.000453125 0)
(-0.0037224197 0.000453125 0)
(-0.0034708348 0.000453125 0)
(-0.0032338084 0.000453125 0)
(-0.003010498 0.000453125 3.0634335e-20)
(-0.0028001098 0.000453125 -4.2729317e-20)
(-0.0026018963 0.000453125 0)
(-0.0024151527 0.000453125 -1.1610752e-20)
(-0.0022392155 0.000453125 -2.6153633e-20)
(-0.0020734591 0.000453125 -1.4586683e-20)
(-0.0019172947 0.000453125 1.5390123e-20)
(-0.0017701669 0.000453125 3.0979987e-20)
(-0.001631553 0.000453125 0)
(-0.0015009603 0.000453125 1.8108855e-20)
(-0.0013779246 0.000453125 -1.7622791e-20)
(-0.0012620086 0.000453125 9.3526051e-21)
(-0.0011528003 0.000453125 0)
(-0.0010499115 0.000453125 0)
(-0.0077504422 0.000484375 0)
(-0.0072657678 0.000484375 0)
(-0.00680914 0.000484375 0)
(-0.0063789359 0.000484375 1.008002e-20)
(-0.0059736265 0.000484375 0)
(-0.0055917711 0.000484375 0)
(-0.0052320125 0.000484375 0)
(-0.004893072 0.000484375 0)
(-0.0045737451 0.000484375 -1.3580014e-20)
(-0.0042728965 0.000484375 0)
(-0.0039894572 0.000484375 0)
(-0.0037224197 0.000484375 0)
(-0.0034708348 0.000484375 0)
(-0.0032338084 0.000484375 -2.8948772e-20)
(-0.003010498 0.000484375 0)
(-0.0028001098 0.000484375 0)
(-0.0026018962 0.000484375 0)
(-0.0024151527 0.000484375 0)
(-0.0022392154 0.000484375 0)
(-0.0020734591 0.000484375 0)
(-0.0019172946 0.000484375 0)
(-0.0017701669 0.000484375 -2.3611449e-20)
(-0.001631553 0.000484375 0)
(-0.0015009603 0.000484375 0)
(-0.0013779246 0.000484375 0)
(-0.0012620086 0.000484375 0)
(-0.0011528003 0.000484375 0)
(-0.0010499115 0.000484375 0)
(-0.0077504422 0.000515625 0)
(-0.0072657678 0.000515625 0)
(-0.00680914 0.000515625 0)
(-0.0063789359 0.000515625 1.008002e-20)
(-0.0059736265 0.000515625 0)
(-0.0055917711 0.000515625 0)
(-0.0052320125 0.000515625 0)
(-0.004893072 0.000515625 0)
(-0.0045737451 0.000515625 -1.3580014e-20)
(-0.0042728965 0.000515625 0)
(-0.0039894572 0.000515625 0)
(-0.0037224197 0.000515625 0)
(-0.0034708348 0.000515625 0)
(-0.0032338084 0.000515625 -2.8948772e-20)
(-0.003010498 0.000515625 0)
(-0.0028001098 0.000515625 0)
(-0.0026018962 0.000515625 0)
(-0.0024151527 0.000515625 0)
(-0.0022392155 0.000515625 0)
(-0.0020734591 0.000515625 0)
(-0.0019172946 0.000515625 0)
(-0.0017701669 0.000515625 -2.3611449e-20)
(-0.001631553 0.000515625 0)
(-0.0015009603 0.000515625 0)
(-0.0013779246 0.000515625 0)
(-0.0012620086 0.000515625 0)
(-0.0011528003 0.000515625 0)
(-0.0010499116 0.000515625 0)
(-0.0077504422 0.000546875 2.6041197e-20)
(-0.0072657678 0.000546875 0)
(-0.00680914 0.000546875 -2.0499274e-20)
(-0.0063789359 0.000546875 -1.1585856e-20)
(-0.0059736265 0.000546875 0)
(-0.0055917711 0.000546875 -1.2862139e-20)
(-0.0052320125 0.000546875 1.3559657e-20)
(-0.004893072 0.000546875 0)
(-0.004573745 0.000546875 0)
(-0.0042728965 0.000546875 0)
(-0.0039894572 0.000546875 0)
(-0.0037224197 0.000546875 -3.3984159e-20)
(-0.0034708348 0.000546875 0)
(-0.0032338084 0.000546875 2.8948772e-20)
(-0.003010498 0.000546875 -3.0634335e-20)
(-0.0028001098 0.000546875 3.2423447e-20)
(-0.0026018962 0.000546875 -5.7706027e-20)
(-0.0024151527 0.000546875 -2.472734e-20)
(-0.0022392155 0.000546875 0)
(-0.0020734591 0.000546875 2.766753e-20)
(-0.0019172946 0.000546875 3.6216553e-20)
(-0.0017701669 0.000546875 0)
(-0.001631553 0.000546875 -2.496921e-20)
(-0.0015009603 0.000546875 -2.6410365e-20)
(-0.0013779246 0.000546875 -8.8113957e-21)
(-0.0012620086 0.000546875 0)
(-0.0011528003 0.000546875 0)
(-0.0010499116 0.000546875 -1.0536785e-20)
(-0.0077504422 0.000578125 0)
(-0.0072657678 0.000578125 0)
(-0.00680914 0.000578125 0)
(-0.006378936 0.000578125 1.008002e-20)
(-0.0059736265 0.000578125 0)
(-0.0055917711 0.000578125 0)
(-0.0052320125 0.000578125 0)
(-0.004893072 0.000578125 0)
(-0.0045737451 0.000578125 -1.3580014e-20)
(-0.0042728965 0.000578125 0)
(-0.0039894572 0.000578125 0)
(-0.0037224197 0.000578125 0)
(-0.0034708348 0.000578125 0)
(-0.0032338084 0.000578125 -2.8948772e-20)
(-0.003010498 0.000578125 0)
(-0.0028001098 0.000578125 0)
(-0.0026018962 0.000578125 0)
(-0.0024151527 0.000578125 0)
(-0.0022392155 0.000578125 0)
(-0.0020734591 0.000578125 0)
(-0.0019172946 0.000578125 0)
(-0.0017701669 0.000578125 -2.3611449e-20)
(-0.001631553 0.000578125 0)
(-0.0015009603 0.000578125 0)
(-0.0013779246 0.000578125 0)
(-0.0012620086 0.000578125 0)
(-0.0011528003 0.000578125 0)
(-0.0010499115 0.000578125 0)
(-0.0077504422 0.000609375 0)
(-0.0072657678 0.000609375 0)
(-0.00680914 0.000609375 0)
(-0.006378936 0.000609375 1.008002e-20)
(-0.0059736265 0.000609375 0)
(-0.0055917711 0.000609375 0)
(-0.0052320125 0.000609375 0)
(-0.004893072 0.000609375 0)
(-0.0045737451 0.000609375 -1.3580014e-20)
(-0.0042728965 0.000609375 0)
(-0.0039894572 0.000609375 0)
(-0.0037224197 0.000609375 0)
(-0.0034708348 0.000609375 0)
(-0.0032338084 0.000609375 -2.8948772e-20)
(-0.003010498 0.000609375 0)
(-0.0028001098 0.000609375 0)
(-0.0026018962 0.000609375 0)
(-0.0024151527 0.000609375 0)
(-0.0022392155 0.000609375 0)
(-0.0020734591 0.000609375 0)
(-0.0019172946 0.000609375 0)
(-0.0017701669 0.000609375 -2.3611449e-20)
(-0.001631553 0.000609375 0)
(-0.0015009603 0.000609375 0)
(-0.0013779246 0.000609375 0)
(-0.0012620086 0.000609375 0)
(-0.0011528003 0.000609375 0)
(-0.0010499115 0.000609375 0)
(-0.0077504422 0.000640625 0)
(-0.0072657678 0.000640625 0)
(-0.00680914 0.000640625 0)
(-0.0063789359 0.000640625 1.008002e-20)
(-0.0059736265 0.000640625 0)
(-0.0055917711 0.000640625 0)
(-0.0052320125 0.000640625 0)
(-0.004893072 0.000640625 0)
(-0.0045737451 0.000640625 -1.3580014e-20)
(-0.0042728965 0.000640625 0)
(-0.0039894572 0.000640625 0)
(-0.0037224197 0.000640625 0)
(-0.0034708348 0.000640625 0)
(-0.0032338084 0.000640625 -2.8948772e-20)
(-0.003010498 0.000640625 0)
(-0.0028001098 0.000640625 0)
(-0.0026018962 0.000640625 0)
(-0.0024151527 0.000640625 0)
(-0.0022392155 0.000640625 0)
(-0.0020734591 0.000640625 0)
(-0.0019172946 0.000640625 0)
(-0.0017701669 0.000640625 -2.3611449e-20)
(-0.001631553 0.000640625 0)
(-0.0015009603 0.000640625 0)
(-0.0013779246 0.000640625 0)
(-0.0012620086 0.000640625 0)
(-0.0011528003 0.000640625 0)
(-0.0010499115 0.000640625 0)
(-0.0077504422 0.000671875 2.6041197e-20)
(-0.0072657678 0.000671875 0)
(-0.00680914 0.000671875 -9.4967187e-21)
(-0.006378936 0.000671875 -1.1585856e-20)
(-0.0059736265 0.000671875 0)
(-0.0055917711 0.000671875 0)
(-0.0052320125 0.000671875 1.3559657e-20)
(-0.004893072 0.000671875 0)
(-0.004573745 0.000671875 0)
(-0.0042728965 0.000671875 0)
(-0.0039894572 0.000671875 0)
(-0.0037224197 0.000671875 -3.3984159e-20)
(-0.0034708348 0.000671875 0)
(-0.0032338084 0.000671875 2.8948772e-20)
(-0.003010498 0.000671875 -3.0634335e-20)
(-0.0028001098 0.000671875 3.2423447e-20)
(-0.0026018962 0.000671875 0)
(-0.0024151527 0.000671875 -2.472734e-20)
(-0.0022392155 0.000671875 1.3829735e-20)
(-0.0020734591 0.000671875 -1.3080847e-20)
(-0.0019172946 0.000671875 3.6216553e-20)
(-0.0017701669 0.000671875 0)
(-0.001631553 0.000671875 -2.496921e-20)
(-0.0015009603 0.000671875 0)
(-0.0013779246 0.000671875 -1.9128628e-20)
(-0.0012620086 0.000671875 0)
(-0.0011528003 0.000671875 0)
(-0.0010499115 0.000671875 -1.0536785e-20)
(-0.0077504422 0.000703125 0)
(-0.0072657678 0.000703125 0)
(-0.00680914 0.000703125 0)
(-0.0063789359 0.000703125 1.008002e-20)
(-0.0059736265 0.000703125 0)
(-0.0055917711 0.000703125 0)
(-0.0052320125 0.000703125 0)
(-0.004893072 0.000703125 0)
(-0.0045737451 0.000703125 -1.3580014e-20)
(-0.0042728965 0.000703125 0)
(-0.0039894572 0.000703125 0)
(-0.0037224197 0.000703125 0)
(-0.0034708348 0.000703125 0)
(-0.0032338084 0.000703125 -2.8948772e-20)
(-0.003010498 0.000703125 0)
(-0.0028001098 0.000703125 0)
(-0.0026018962 0.000703125 0)
(-0.0024151527 0.000703125 0)
(-0.0022392155 0.000703125 0)
(-0.0020734591 0.000703125 0)
(-0.0019172946 0.000703125 0)
(-0.0017701669 0.000703125 -2.3611449e-20)
(-0.001631553 0.000703125 0)
(-0.0015009603 0.000703125 0)
(-0.0013779246 0.000703125 0)
(-0.0012620086 0.000703125 0)
(-0.0011528003 0.000703125 0)
(-0.0010499115 0.000703125 0)
(-0.0077504422 0.000734375 0)
(-0.0072657678 0.000734375 0)
(-0.00680914 0.000734375 0)
(-0.006378936 0.000734375 1.008002e-20)
(-0.0059736265 0.000734375 0)
(-0.0055917711 0.000734375 0)
(-0.0052320125 0.000734375 0)
(-0.004893072 0.000734375 0)
(-0.0045737451 0.000734375 -1.3580014e-20)
(-0.0042728965 0.000734375 0)
(-0.0039894572 0.000734375 0)
(-0.0037224197 0.000734375 0)
(-0.0034708348 0.000734375 0)
(-0.0032338084 0.000734375 -2.8948772e-20)
(-0.003010498 0.000734375 0)
(-0.0028001098 0.000734375 0)
(-0.0026018962 0.000734375 0)
(-0.0024151527 0.000734375 0)
(-0.0022392155 0.000734375 0)
(-0.0020734591 0.000734375 0)
(-0.0019172946 0.000734375 0)
(-0.0017701669 0.000734375 -2.3611449e-20)
(-0.001631553 0.000734375 0)
(-0.0015009603 0.000734375 0)
(-0.0013779246 0.000734375 0)
(-0.0012620086 0.000734375 0)
(-0.0011528003 0.000734375 0)
(-0.0010499115 0.000734375 0)
(-0.0077504422 0.000765625 0)
(-0.0072657678 0.000765625 0)
(-0.00680914 0.000765625 0)
(-0.0063789359 0.000765625 1.008002e-20)
(-0.0059736265 0.000765625 0)
(-0.0055917711 0.000765625 0)
(-0.0052320125 0.000765625 0)
(-0.004893072 0.000765625 0)
(-0.004573745 0.000765625 -1.3580014e-20)
(-0.0042728965 0.000765625 0)
(-0.0039894572 0.000765625 0)
(-0.0037224197 0.000765625 0)
(-0.0034708348 0.000765625 0)
(-0.0032338084 0.000765625 -2.8948772e-20)
(-0.003010498 0.000765625 0)
(-0.0028001098 0.000765625 0)
(-0.0026018962 0.000765625 0)
(-0.0024151527 0.000765625 0)
(-0.0022392155 0.000765625 0)
(-0.0020734591 0.000765625 0)
(-0.0019172946 0.000765625 0)
(-0.0017701669 0.000765625 -2.3611449e-20)
(-0.001631553 0.000765625 0)
(-0.0015009603 0.000765625 0)
(-0.0013779246 0.000765625 0)
(-0.0012620086 0.000765625 0)
(-0.0011528003 0.000765625 0)
(-0.0010499116 0.000765625 0)
(-0.0077504422 0.000796875 2.6041197e-20)
(-0.0072657678 0.000796875 0)
(-0.00680914 0.000796875 -9.4967187e-21)
(-0.0063789359 0.000796875 -1.1585856e-20)
(-0.0059736265 0.000796875 0)
(-0.0055917711 0.000796875 0)
(-0.0052320125 0.000796875 1.3559657e-20)
(-0.004893072 0.000796875 0)
(-0.004573745 0.000796875 0)
(-0.0042728965 0.000796875 0)
(-0.0039894572 0.000796875 0)
(-0.0037224197 0.000796875 -3.3984159e-20)
(-0.0034708348 0.000796875 0)
(-0.0032338084 0.000796875 2.8948772e-20)
(-0.003010498 0.000796875 -3.0634335e-20)
(-0.0028001098 0.000796875 3.2423447e-20)
(-0.0026018962 0.000796875 0)
(-0.0024151527 0.000796875 -2.472734e-20)
(-0.0022392155 0.000796875 1.3829735e-20)
(-0.0020734591 0.000796875 -1.3080847e-20)
(-0.0019172946 0.000796875 3.6216553e-20)
(-0.0017701669 0.000796875 0)
(-0.001631553 0.000796875 -2.496921e-20)
(-0.0015009603 0.000796875 0)
(-0.0013779246 0.000796875 -1.9128628e-20)
(-0.0012620086 0.000796875 0)
(-0.0011528003 0.000796875 0)
(-0.0010499115 0.000796875 -1.0536785e-20)
(-0.0077504422 0.000828125 0)
(-0.0072657678 0.000828125 0)
(-0.00680914 0.000828125 0)
(-0.0063789359 0.000828125 1.008002e-20)
(-0.0059736265 0.000828125 0)
(-0.0055917711 0.000828125 0)
(-0.0052320125 0.000828125 0)
(-0.004893072 0.000828125 0)
(-0.0045737451 0.000828125 -1.3580014e-20)
(-0.0042728965 0.000828125 0)
(-0.0039894572 0.000828125 0)
(-0.0037224197 0.000828125 0)
(-0.0034708348 0.000828125 0)
(-0.0032338084 0.000828125 -2.8948772e-20)
(-0.003010498 0.000828125 0)
(-0.0028001098 0.000828125 0)
(-0.0026018962 0.000828125 0)
(-0.0024151527 0.000828125 0)
(-0.0022392155 0.000828125 0)
(-0.0020734591 0.000828125 0)
(-0.0019172946 0.000828125 0)
(-0.0017701669 0.000828125 -2.3611449e-20)
(-0.001631553 0.000828125 0)
(-0.0015009603 0.000828125 0)
(-0.0013779246 0.000828125 0)
(-0.0012620086 0.000828125 0)
(-0.0011528003 0.000828125 0)
(-0.0010499116 0.000828125 0)
(-0.0077504422 0.000859375 0)
(-0.0072657678 0.000859375 0)
(-0.00680914 0.000859375 0)
(-0.006378936 0.000859375 1.008002e-20)
(-0.0059736265 0.000859375 0)
(-0.0055917711 0.000859375 0)
(-0.0052320125 0.000859375 0)
(-0.004893072 0.000859375 0)
(-0.0045737451 0.000859375 -1.3580014e-20)
(-0.0042728965 0.000859375 0)
(-0.0039894572 0.000859375 0)
(-0.0037224197 0.000859375 0)
(-0.0034708348 0.000859375 0)
(-0.0032338084 0.000859375 -2.8948772e-20)
(-0.003010498 0.000859375 0)
(-0.0028001098 0.000859375 0)
(-0.0026018962 0.000859375 0)
(-0.0024151527 0.000859375 0)
(-0.0022392155 0.000859375 0)
(-0.0020734591 0.000859375 0)
(-0.0019172946 0.000859375 0)
(-0.0017701669 0.000859375 -2.3611449e-20)
(-0.001631553 0.000859375 0)
(-0.0015009603 0.000859375 0)
(-0.0013779246 0.000859375 0)
(-0.0012620086 0.000859375 0)
(-0.0011528003 0.000859375 0)
(-0.0010499116 0.000859375 0)
(-0.0077504422 0.000890625 0)
(-0.0072657678 0.000890625 0)
(-0.00680914 0.000890625 0)
(-0.0063789359 0.000890625 1.008002e-20)
(-0.0059736265 0.000890625 0)
(-0.0055917711 0.000890625 0)
(-0.0052320125 0.000890625 0)
(-0.004893072 0.000890625 0)
(-0.0045737451 0.000890625 -1.3580014e-20)
(-0.0042728965 0.000890625 0)
(-0.0039894572 0.000890625 0)
(-0.0037224197 0.000890625 0)
(-0.0034708348 0.000890625 0)
(-0.0032338084 0.000890625 -2.8948772e-20)
(-0.003010498 0.000890625 0)
(-0.0028001098 0.000890625 0)
(-0.0026018962 0.000890625 0)
(-0.0024151527 0.000890625 0)
(-0.0022392155 0.000890625 0)
(-0.0020734591 0.000890625 0)
(-0.0019172946 0.000890625 0)
(-0.0017701669 0.000890625 -2.3611449e-20)
(-0.001631553 0.000890625 0)
(-0.0015009603 0.000890625 0)
(-0.0013779246 0.000890625 0)
(-0.0012620086 0.000890625 0)
(-0.0011528003 0.000890625 0)
(-0.0010499116 0.000890625 0)
(-0.0077504422 0.000921875 0)
(-0.0072657678 0.000921875 0)
(-0.00680914 0.000921875 1.1002555e-20)
(-0.006378936 0.000921875 0)
(-0.0059736265 0.000921875 0)
(-0.0055917711 0.000921875 1.2862139e-20)
(-0.0052320125 0.000921875 0)
(-0.004893072 0.000921875 -2.7094201e-20)
(-0.0045737451 0.000921875 0)
(-0.0042728965 0.000921875 0)
(-0.0039894572 0.000921875 0)
(-0.0037224197 0.000921875 0)
(-0.0034708348 0.000921875 0)
(-0.0032338084 0.000921875 -9.1476452e-21)
(-0.003010498 0.000921875 0)
(-0.0028001098 0.000921875 -1.030587e-20)
(-0.0026018963 0.000921875 5.7706027e-20)
(-0.0024151527 0.000921875 0)
(-0.0022392155 0.000921875 -3.8477532e-20)
(-0.0020734592 0.000921875 -4.0748377e-20)
(-0.0019172946 0.000921875 0)
(-0.0017701669 0.000921875 -1.6242912e-20)
(-0.001631553 0.000921875 0)
(-0.0015009603 0.000921875 0)
(-0.0013779246 0.000921875 -1.9128628e-20)
(-0.0012620086 0.000921875 0)
(-0.0011528003 0.000921875 -3.1286984e-20)
(-0.0010499116 0.000921875 -1.0536785e-20)
(-0.0077504422 0.000953125 0)
(-0.0072657678 0.000953125 0)
(-0.00680914 0.000953125 0)
(-0.0063789359 0.000953125 1.008002e-20)
(-0.0059736265 0.000953125 0)
(-0.0055917711 0.000953125 0)
(-0.0052320125 0.000953125 0)
(-0.004893072 0.000953125 0)
(-0.004573745 0.000953125 -1.3580014e-20)
(-0.0042728965 0.000953125 0)
(-0.0039894572 0.000953125 0)
(-0.0037224197 0.000953125 0)
(-0.0034708348 0.000953125 0)
(-0.0032338084 0.000953125 -2.8948772e-20)
(-0.003010498 0.000953125 0)
(-0.0028001098 0.000953125 0)
(-0.0026018962 0.000953125 0)
(-0.0024151527 0.000953125 0)
(-0.0022392155 0.000953125 0)
(-0.0020734591 0.000953125 0)
(-0.0019172946 0.000953125 0)
(-0.0017701669 0.000953125 -2.3611449e-20)
(-0.001631553 0.000953125 0)
(-0.0015009603 0.000953125 0)
(-0.0013779246 0.000953125 0)
(-0.0012620086 0.000953125 0)
(-0.0011528003 0.000953125 0)
(-0.0010499116 0.000953125 0)
(-0.0077504422 0.000984375 0)
(-0.0072657678 0.000984375 0)
(-0.00680914 0.000984375 0)
(-0.0063789359 0.000984375 1.008002e-20)
(-0.0059736265 0.000984375 0)
(-0.0055917711 0.000984375 0)
(-0.0052320125 0.000984375 0)
(-0.004893072 0.000984375 0)
(-0.0045737451 0.000984375 -1.3580014e-20)
(-0.0042728965 0.000984375 0)
(-0.0039894572 0.000984375 0)
(-0.0037224197 0.000984375 0)
(-0.0034708348 0.000984375 0)
(-0.0032338084 0.000984375 -2.8948772e-20)
(-0.003010498 0.000984375 0)
(-0.0028001098 0.000984375 0)
(-0.0026018962 0.000984375 0)
(-0.0024151527 0.000984375 0)
(-0.0022392155 0.000984375 0)
(-0.0020734591 0.000984375 0)
(-0.0019172946 0.000984375 0)
(-0.0017701669 0.000984375 -2.3611449e-20)
(-0.001631553 0.000984375 0)
(-0.0015009603 0.000984375 0)
(-0.0013779246 0.000984375 0)
(-0.0012620086 0.000984375 0)
(-0.0011528003 0.000984375 0)
(-0.0010499116 0.000984375 0)
(-0.000984375 -0.000984375 0)
(-0.000953125 -0.000984375 0)
(-0.000921875 -0.000984375 -1.8334869e-20)
(-0.000890625 -0.000984375 0)
(-0.000859375 -0.000984375 0)
(-0.000828125 -0.000984375 0)
(-0.000796875 -0.000984375 3.5163902e-20)
(-0.000765625 -0.000984375 0)
(-0.000734375 -0.000984375 0)
(-0.000703125 -0.000984375 0)
(-0.000671875 -0.000984375 -1.8334869e-20)
(-0.000640625 -0.000984375 0)
(-0.000609375 -0.000984375 0)
(-0.000578125 -0.000984375 0)
(-0.000546875 -0.000984375 3.5163902e-20)
(-0.000515625 -0.000984375 0)
(-0.000484375 -0.000984375 0)
(-0.000453125 -0.000984375 -3.6669738e-20)
(-0.000421875 -0.000984375 0)
(-0.000390625 -0.000984375 0)
(-0.000359375 -0.000984375 0)
(-0.000328125 -0.000984375 -3.6669738e-20)
(-0.000296875 -0.000984375 0)
(-0.000265625 -0.000984375 0)
(-0.000234375 -0.000984375 -3.5163902e-20)
(-0.000203125 -0.000984375 0)
(-0.000171875 -0.000984375 -3.5163902e-20)
(-0.000140625 -0.000984375 0)
(-0.000109375 -0.000984375 0)
(-7.8125e-05 -0.000984375 0)
(-4.6875e-05 -0.000984375 0)
(-1.5625e-05 -0.000984375 0)
(1.5625e-05 -0.000984375 0)
(4.6875e-05 -0.000984375 0)
(7.8125e-05 -0.000984375 0)
(0.000109375 -0.000984375 0)
(0.000140625 -0.000984375 -3.5163902e-20)
(0.000171875 -0.000984375 -3.5163902e-20)
(0.000203125 -0.000984375 -3.5163902e-20)
(0.000234375 -0.000984375 0)
(0.000265625 -0.000984375 -3.6669738e-20)
(0.000296875 -0.000984375 0)
(0.000328125 -0.000984375 -3.6669738e-20)
(0.000359375 -0.000984375 0)
(0.000390625 -0.000984375 -3.6669738e-20)
(0.000421875 -0.000984375 0)
(0.000453125 -0.000984375 0)
(0.000484375 -0.000984375 0)
(0.000515625 -0.000984375 0)
(0.000546875 -0.000984375 -1.8334869e-20)
(0.000578125 -0.000984375 0)
(0.000609375 -0.000984375 0)
(0.000640625 -0.000984375 0)
(0.000671875 -0.000984375 -1.8334869e-20)
(0.000703125 -0.000984375 0)
(0.000734375 -0.000984375 0)
(0.000765625 -0.000984375 0)
(0.000796875 -0.000984375 -1.8334869e-20)
(0.000828125 -0.000984375 0)
(0.000859375 -0.000984375 0)
(0.000890625 -0.000984375 0)
(0.000921875 -0.000984375 3.5163902e-20)
(0.000953125 -0.000984375 0)
(0.000984375 -0.000984375 0)
(-0.000984375 -0.000953125 0)
(-0.000953125 -0.000953125 0)
(-0.000921875 -0.000953125 -1.8334869e-20)
(-0.000890625 -0.000953125 0)
(-0.000859375 -0.000953125 0)
(-0.000828125 -0.000953125 0)
(-0.000796875 -0.000953125 3.5163902e-20)
(-0.000765625 -0.000953125 0)
(-0.000734375 -0.000953125 0)
(-0.000703125 -0.000953125 0)
(-0.000671875 -0.000953125 -1.8334869e-20)
(-0.000640625 -0.000953125 0)
(-0.000609375 -0.000953125 0)
(-0.000578125 -0.000953125 0)
(-0.000546875 -0.000953125 3.5163902e-20)
(-0.000515625 -0.000953125 0)
(-0.000484375 -0.000953125 0)
(-0.000453125 -0.000953125 -3.6669738e-20)
(-0.000421875 -0.000953125 0)
(-0.000390625 -0.000953125 0)
(-0.000359375 -0.000953125 0)
(-0.000328125 -0.000953125 -3.6669738e-20)
(-0.000296875 -0.000953125 0)
(-0.000265625 -0.000953125 0)
(-0.000234375 -0.000953125 -3.5163902e-20)
(-0.000203125 -0.000953125 0)
(-0.000171875 -0.000953125 -3.5163902e-20)
(-0.000140625 -0.000953125 0)
(-0.000109375 -0.000953125 0)
(-7.8125e-05 -0.000953125 0)
(-4.6875e-05 -0.000953125 0)
(-1.5625e-05 -0.000953125 0)
(1.5625e-05 -0.000953125 0)
(4.6875e-05 -0.000953125 0)
(7.8125e-05 -0.000953125 0)
(0.000109375 -0.000953125 0)
(0.000140625 -0.000953125 -3.5163902e-20)
(0.000171875 -0.000953125 -3.5163902e-20)
(0.000203125 -0.000953125 -3.5163902e-20)
(0.000234375 -0.000953125 0)
(0.000265625 -0.000953125 -3.6669738e-20)
(0.000296875 -0.000953125 0)
(0.000328125 -0.000953125 -3.6669738e-20)
(0.000359375 -0.000953125 0)
(0.000390625 -0.000953125 -3.6669738e-20)
(0.000421875 -0.000953125 0)
(0.000453125 -0.000953125 0)
(0.000484375 -0.000953125 0)
(0.000515625 -0.000953125 0)
(0.000546875 -0.000953125 -1.8334869e-20)
(0.000578125 -0.000953125 0)
(0.000609375 -0.000953125 0)
(0.000640625 -0.000953125 0)
(0.000671875 -0.000953125 -1.8334869e-20)
(0.000703125 -0.000953125 0)
(0.000734375 -0.000953125 0)
(0.000765625 -0.000953125 0)
(0.000796875 -0.000953125 -1.8334869e-20)
(0.000828125 -0.000953125 0)
(0.000859375 -0.000953125 0)
(0.000890625 -0.000953125 0)
(0.000921875 -0.000953125 3.5163902e-20)
(0.000953125 -0.000953125 0)
(0.000984375 -0.000953125 0)
(-0.000984375 -0.000921875 1.8334869e-20)
(-0.000953125 -0.000921875 1.8334869e-20)
(-0.000921875 -0.000921875 0)
(-0.000890625 -0.000921875 1.8334869e-20)
(-0.000859375 -0.000921875 1.8334869e-20)
(-0.000828125 -0.000921875 1.8334869e-20)
(-0.000796875 -0.000921875 0)
(-0.000765625 -0.000921875 1.8334869e-20)
(-0.000734375 -0.000921875 1.8334869e-20)
(-0.000703125 -0.000921875 1.8334869e-20)
(-0.000671875 -0.000921875 0)
(-0.000640625 -0.000921875 1.8334869e-20)
(-0.000609375 -0.000921875 1.8334869e-20)
(-0.000578125 -0.000921875 1.8334869e-20)
(-0.000546875 -0.000921875 0)
(-0.000515625 -0.000921875 1.8334869e-20)
(-0.000484375 -0.000921875 1.8334869e-20)
(-0.000453125 -0.000921875 0)
(-0.000421875 -0.000921875 1.8334869e-20)
(-0.000390625 -0.000921875 0)
(-0.000359375 -0.000921875 1.8334869e-20)
(-0.000328125 -0.000921875 0)
(-0.000296875 -0.000921875 1.8334869e-20)
(-0.000265625 -0.000921875 0)
(-0.000234375 -0.000921875 -1.6829033e-20)
(-0.000203125 -0.000921875 5.3498771e-20)
(-0.000171875 -0.000921875 1.8334869e-20)
(-0.000140625 -0.000921875 5.3498771e-20)
(-0.000109375 -0.000921875 -1.6829033e-20)
(-7.8125e-05 -0.000921875 1.8334869e-20)
(-4.6875e-05 -0.000921875 1.8334869e-20)
(-1.5625e-05 -0.000921875 1.8334869e-20)
(1.5625e-05 -0.000921875 1.8334869e-20)
(4.6875e-05 -0.000921875 1.8334869e-20)
(7.8125e-05 -0.000921875 1.8334869e-20)
(0.000109375 -0.000921875 5.3498771e-20)
(0.000140625 -0.000921875 -1.6829033e-20)
(0.000171875 -0.000921875 1.8334869e-20)
(0.000203125 -0.000921875 1.8334869e-20)
(0.000234375 -0.000921875 5.3498771e-20)
(0.000265625 -0.000921875 0)
(0.000296875 -0.000921875 1.8334869e-20)
(0.000328125 -0.000921875 0)
(0.000359375 -0.000921875 1.8334869e-20)
(0.000390625 -0.000921875 0)
(0.000421875 -0.000921875 1.8334869e-20)
(0.000453125 -0.000921875 0)
(0.000484375 -0.000921875 1.8334869e-20)
(0.000515625 -0.000921875 1.8334869e-20)
(0.000546875 -0.000921875 0)
(0.000578125 -0.000921875 1.8334869e-20)
(0.000609375 -0.000921875 1.8334869e-20)
(0.000640625 -0.000921875 1.8334869e-20)
(0.000671875 -0.000921875 0)
(0.000703125 -0.000921875 1.8334869e-20)
(0.000734375 -0.000921875 1.8334869e-20)
(0.000765625 -0.000921875 1.8334869e-20)
(0.000796875 -0.000921875 0)
(0.000828125 -0.000921875 1.8334869e-20)
(0.000859375 -0.000921875 1.8334869e-20)
(0.000890625 -0.000921875 1.8334869e-20)
(0.000921875 -0.000921875 0)
(0.000953125 -0.000921875 1.8334869e-20)
(0.000984375 -0.000921875 1.8334869e-20)
(-0.000984375 -0.000890625 0)
(-0.000953125 -0.000890625 0)
(-0.000921875 -0.000890625 -1.8334869e-20)
(-0.000890625 -0.000890625 0)
(-0.000859375 -0.000890625 0)
(-0.000828125 -0.000890625 0)
(-0.000796875 -0.000890625 3.5163902e-20)
(-0.000765625 -0.000890625 0)
(-0.000734375 -0.000890625 0)
(-0.000703125 -0.000890625 0)
(-0.000671875 -0.000890625 -1.8334869e-20)
(-0.000640625 -0.000890625 0)
(-0.000609375 -0.000890625 0)
(-0.000578125 -0.000890625 0)
(-0.000546875 -0.000890625 3.5163902e-20)
(-0.000515625 -0.000890625 0)
(-0.000484375 -0.000890625 0)
(-0.000453125 -0.000890625 -3.6669738e-20)
(-0.000421875 -0.000890625 0)
(-0.000390625 -0.000890625 0)
(-0.000359375 -0.000890625 0)
(-0.000328125 -0.000890625 -3.6669738e-20)
(-0.000296875 -0.000890625 0)
(-0.000265625 -0.000890625 0)
(-0.000234375 -0.000890625 -3.5163902e-20)
(-0.000203125 -0.000890625 0)
(-0.000171875 -0.000890625 -3.5163902e-20)
(-0.000140625 -0.000890625 0)
(-0.000109375 -0.000890625 0)
(-7.8125e-05 -0.000890625 0)
(-4.6875e-05 -0.000890625 0)
(-1.5625e-05 -0.000890625 0)
(1.5625e-05 -0.000890625 0)
(4.6875e-05 -0.000890625 0)
(7.8125e-05 -0.000890625 0)
(0.000109375 -0.000890625 0)
(0.000140625 -0.000890625 -3.5163902e-20)
(0.000171875 -0.000890625 -3.5163902e-20)
(0.000203125 -0.000890625 -3.5163902e-20)
(0.000234375 -0.000890625 0)
(0.000265625 -0.000890625 -3.6669738e-20)
(0.000296875 -0.000890625 0)
(0.000328125 -0.000890625 -3.6669738e-20)
(0.000359375 -0.000890625 0)
(0.000390625 -0.000890625 -3.6669738e-20)
(0.000421875 -0.000890625 0)
(0.000453125 -0.000890625 0)
(0.000484375 -0.000890625 0)
(0.000515625 -0.000890625 0)
(0.000546875 -0.000890625 -1.8334869e-20)
(0.000578125 -0.000890625 0)
(0.000609375 -0.000890625 0)
(0.000640625 -0.000890625 0)
(0.000671875 -0.000890625 -1.8334869e-20)
(0.000703125 -0.000890625 0)
(0.000734375 -0.000890625 0)
(0.000765625 -0.000890625 0)
(0.000796875 -0.000890625 -1.8334869e-20)
(0.000828125 -0.000890625 0)
(0.000859375 -0.000890625 0)
(0.000890625 -0.000890625 0)
(0.000921875 -0.000890625 3.5163902e-20)
(0.000953125 -0.000890625 0)
(0.000984375 -0.000890625 0)
(-0.000984375 -0.000859375 0)
(-0.000953125 -0.000859375 0)
(-0.000921875 -0.000859375 -1.8334869e-20)
(-0.000890625 -0.000859375 0)
(-0.000859375 -0.000859375 0)
(-0.000828125 -0.000859375 0)
(-0.000796875 -0.000859375 3.5163902e-20)
(-0.000765625 -0.000859375 0)
(-0.000734375 -0.000859375 0)
(-0.000703125 -0.000859375 0)
(-0.000671875 -0.000859375 -1.8334869e-20)
(-0.000640625 -0.000859375 0)
(-0.000609375 -0.000859375 0)
(-0.000578125 -0.000859375 0)
(-0.000546875 -0.000859375 3.5163902e-20)
(-0.000515625 -0.000859375 0)
(-0.000484375 -0.000859375 0)
(-0.000453125 -0.000859375 -3.6669738e-20)
(-0.000421875 -0.000859375 0)
(-0.000390625 -0.000859375 0)
(-0.000359375 -0.000859375 0)
(-0.000328125 -0.000859375 -3.6669738e-20)
(-0.000296875 -0.000859375 0)
(-0.000265625 -0.000859375 0)
(-0.000234375 -0.000859375 -3.5163902e-20)
(-0.000203125 -0.000859375 0)
(-0.000171875 -0.000859375 -3.5163902e-20)
(-0.000140625 -0.000859375 0)
(-0.000109375 -0.000859375 0)
(-7.8125e-05 -0.000859375 0)
(-4.6875e-05 -0.000859375 0)
(-1.5625e-05 -0.000859375 0)
(1.5625e-05 -0.000859375 0)
(4.6875e-05 -0.000859375 0)
(7.8125e-05 -0.000859375 0)
(0.000109375 -0.000859375 0)
(0.000140625 -0.000859375 -3.5163902e-20)
(0.000171875 -0.000859375 -3.5163902e-20)
(0.000203125 -0.000859375 -3.5163902e-20)
(0.000234375 -0.000859375 0)
(0.000265625 -0.000859375 -3.6669738e-20)
(0.000296875 -0.000859375 0)
(0.000328125 -0.000859375 -3.6669738e-20)
(0.000359375 -0.000859375 0)
(0.000390625 -0.000859375 -3.6669738e-20)
(0.000421875 -0.000859375 0)
(0.000453125 -0.000859375 0)
(0.000484375 -0.000859375 0)
(0.000515625 -0.000859375 0)
(0.000546875 -0.000859375 -1.8334869e-20)
(0.000578125 -0.000859375 0)
(0.000609375 -0.000859375 0)
(0.000640625 -0.000859375 0)
(0.000671875 -0.000859375 -1.8334869e-20)
(0.000703125 -0.000859375 0)
(0.000734375 -0.000859375 0)
(0.000765625 -0.000859375 0)
(0.000796875 -0.000859375 -1.8334869e-20)
(0.000828125 -0.000859375 0)
(0.000859375 -0.000859375 0)
(0.000890625 -0.000859375 0)
(0.000921875 -0.000859375 3.5163902e-20)
(0.000953125 -0.000859375 0)
(0.000984375 -0.000859375 0)
(-0.000984375 -0.000828125 0)
(-0.000953125 -0.000828125 0)
(-0.000921875 -0.000828125 -1.8334869e-20)
(-0.000890625 -0.000828125 0)
(-0.000859375 -0.000828125 0)
(-0.000828125 -0.000828125 0)
(-0.000796875 -0.000828125 3.5163902e-20)
(-0.000765625 -0.000828125 0)
(-0.000734375 -0.000828125 0)
(-0.000703125 -0.000828125 0)
(-0.000671875 -0.000828125 -1.8334869e-20)
(-0.000640625 -0.000828125 0)
(-0.000609375 -0.000828125 0)
(-0.000578125 -0.000828125 0)
(-0.000546875 -0.000828125 3.5163902e-20)
(-0.000515625 -0.000828125 0)
(-0.000484375 -0.000828125 0)
(-0.000453125 -0.000828125 -3.6669738e-20)
(-0.000421875 -0.000828125 0)
(-0.000390625 -0.000828125 0)
(-0.000359375 -0.000828125 0)
(-0.000328125 -0.000828125 -3.6669738e-20)
(-0.000296875 -0.000828125 0)
(-0.000265625 -0.000828125 0)
(-0.000234375 -0.000828125 -3.5163902e-20)
(-0.000203125 -0.000828125 0)
(-0.000171875 -0.000828125 -3.5163902e-20)
(-0.000140625 -0.000828125 0)
(-0.000109375 -0.000828125 0)
(-7.8125e-05 -0.000828125 0)
(-4.6875e-05 -0.000828125 0)
(-1.5625e-05 -0.000828125 0)
(1.5625e-05 -0.000828125 0)
(4.6875e-05 -0.000828125 0)
(7.8125e-05 -0.000828125 0)
(0.000109375 -0.000828125 0)
(0.000140625 -0.000828125 -3.5163902e-20)
(0.000171875 -0.000828125 -3.5163902e-20)
(0.000203125 -0.000828125 -3.5163902e-20)
(0.000234375 -0.000828125 0)
(0.000265625 -0.000828125 -3.6669738e-20)
(0.000296875 -0.000828125 0)
(0.000328125 -0.000828125 -3.6669738e-20)
(0.000359375 -0.000828125 0)
(0.000390625 -0.000828125 -3.6669738e-20)
(0.000421875 -0.000828125 0)
(0.000453125 -0.000828125 0)
(0.000484375 -0.000828125 0)
(0.000515625 -0.000828125 0)
(0.000546875 -0.000828125 -1.8334869e-20)
(0.000578125 -0.000828125 0)
(0.000609375 -0.000828125 0)
(0.000640625 -0.000828125 0)
(0.000671875 -0.000828125 -1.8334869e-20)
(0.000703125 -0.000828125 0)
(0.000734375 -0.000828125 0)
(0.000765625 -0.000828125 0)
(0.000796875 -0.000828125 -1.8334869e-20)
(0.000828125 -0.000828125 0)
(0.000859375 -0.000828125 0)
(0.000890625 -0.000828125 0)
(0.000921875 -0.000828125 3.5163902e-20)
(0.000953125 -0.000828125 0)
(0.000984375 -0.000828125 0)
(-0.000984375 -0.000796875 -3.5163902e-20)
(-0.000953125 -0.000796875 -3.5163902e-20)
(-0.000921875 -0.000796875 0)
(-0.000890625 -0.000796875 -3.5163902e-20)
(-0.000859375 -0.000796875 -3.5163902e-20)
(-0.000828125 -0.000796875 -3.5163902e-20)
(-0.000796875 -0.000796875 0)
(-0.000765625 -0.000796875 -3.5163902e-20)
(-0.000734375 -0.000796875 -3.5163902e-20)
(-0.000703125 -0.000796875 -3.5163902e-20)
(-0.000671875 -0.000796875 0)
(-0.000640625 -0.000796875 -3.5163902e-20)
(-0.000609375 -0.000796875 -3.5163902e-20)
(-0.000578125 -0.000796875 -3.5163902e-20)
(-0.000546875 -0.000796875 0)
(-0.000515625 -0.000796875 -3.5163902e-20)
(-0.000484375 -0.000796875 -3.5163902e-20)
(-0.000453125 -0.000796875 0)
(-0.000421875 -0.000796875 -3.5163902e-20)
(-0.000390625 -0.000796875 0)
(-0.000359375 -0.000796875 -3.5163902e-20)
(-0.000328125 -0.000796875 0)
(-0.000296875 -0.000796875 -3.5163902e-20)
(-0.000265625 -0.000796875 0)
(-0.000234375 -0.000796875 0)
(-0.000203125 -0.000796875 3.5163902e-20)
(-0.000171875 -0.000796875 0)
(-0.000140625 -0.000796875 3.5163902e-20)
(-0.000109375 -0.000796875 0)
(-7.8125e-05 -0.000796875 0)
(-4.6875e-05 -0.000796875 0)
(-1.5625e-05 -0.000796875 0)
(1.5625e-05 -0.000796875 0)
(4.6875e-05 -0.000796875 0)
(7.8125e-05 -0.000796875 0)
(0.000109375 -0.000796875 3.5163902e-20)
(0.000140625 -0.000796875 0)
(0.000171875 -0.000796875 0)
(0.000203125 -0.000796875 0)
(0.000234375 -0.000796875 3.5163902e-20)
(0.000265625 -0.000796875 0)
(0.000296875 -0.000796875 -3.5163902e-20)
(0.000328125 -0.000796875 0)
(0.000359375 -0.000796875 -3.5163902e-20)
(0.000390625 -0.000796875 0)
(0.000421875 -0.000796875 -3.5163902e-20)
(0.000453125 -0.000796875 0)
(0.000484375 -0.000796875 -3.5163902e-20)
(0.000515625 -0.000796875 -3.5163902e-20)
(0.000546875 -0.000796875 0)
(0.000578125 -0.000796875 -3.5163902e-20)
(0.000609375 -0.000796875 -3.5163902e-20)
(0.000640625 -0.000796875 -3.5163902e-20)
(0.000671875 -0.000796875 0)
(0.000703125 -0.000796875 -3.5163902e-20)
(0.000734375 -0.000796875 -3.5163902e-20)
(0.000765625 -0.000796875 -3.5163902e-20)
(0.000796875 -0.000796875 0)
(0.000828125 -0.000796875 -3.5163902e-20)
(0.000859375 -0.000796875 -3.5163902e-20)
(0.000890625 -0.000796875 -3.5163902e-20)
(0.000921875 -0.000796875 0)
(0.000953125 -0.000796875 -3.5163902e-20)
(0.000984375 -0.000796875 -3.5163902e-20)
(-0.000984375 -0.000765625 0)
(-0.000953125 -0.000765625 0)
(-0.000921875 -0.000765625 -1.8334869e-20)
(-0.000890625 -0.000765625 0)
(-0.000859375 -0.000765625 0)
(-0.000828125 -0.000765625 0)
(-0.000796875 -0.000765625 3.5163902e-20)
(-0.000765625 -0.000765625 0)
(-0.000734375 -0.000765625 0)
(-0.000703125 -0.000765625 0)
(-0.000671875 -0.000765625 -1.8334869e-20)
(-0.000640625 -0.000765625 0)
(-0.000609375 -0.000765625 0)
(-0.000578125 -0.000765625 0)
(-0.000546875 -0.000765625 3.5163902e-20)
(-0.000515625 -0.000765625 0)
(-0.000484375 -0.000765625 0)
(-0.000453125 -0.000765625 -3.6669738e-20)
(-0.000421875 -0.000765625 0)
(-0.000390625 -0.000765625 0)
(-0.000359375 -0.000765625 0)
(-0.000328125 -0.000765625 -3.6669738e-20)
(-0.000296875 -0.000765625 0)
(-0.000265625 -0.000765625 0)
(-0.000234375 -0.000765625 -3.5163902e-20)
(-0.000203125 -0.000765625 0)
(-0.000171875 -0.000765625 -3.5163902e-20)
(-0.000140625 -0.000765625 0)
(-0.000109375 -0.000765625 0)
(-7.8125e-05 -0.000765625 0)
(-4.6875e-05 -0.000765625 0)
(-1.5625e-05 -0.000765625 0)
(1.5625e-05 -0.000765625 0)
(4.6875e-05 -0.000765625 0)
(7.8125e-05 -0.000765625 0)
(0.000109375 -0.000765625 0)
(0.000140625 -0.000765625 -3.5163902e-20)
(0.000171875 -0.000765625 -3.5163902e-20)
(0.000203125 -0.000765625 -3.5163902e-20)
(0.000234375 -0.000765625 0)
(0.000265625 -0.000765625 -3.6669738e-20)
(0.000296875 -0.000765625 0)
(0.000328125 -0.000765625 -3.6669738e-20)
(0.000359375 -0.000765625 0)
(0.000390625 -0.000765625 -3.6669738e-20)
(0.000421875 -0.000765625 0)
(0.000453125 -0.000765625 0)
(0.000484375 -0.000765625 0)
(0.000515625 -0.000765625 0)
(0.000546875 -0.000765625 -1.8334869e-20)
(0.000578125 -0.000765625 0)
(0.000609375 -0.000765625 0)
(0.000640625 -0.000765625 0)
(0.000671875 -0.000765625 -1.8334869e-20)
(0.000703125 -0.000765625 0)
(0.000734375 -0.000765625 0)
(0.000765625 -0.000765625 0)
(0.000796875 -0.000765625 -1.8334869e-20)
(0.000828125 -0.000765625 0)
(0.000859375 -0.000765625 0)
(0.000890625 -0.000765625 0)
(0.000921875 -0.000765625 3.5163902e-20)
(0.000953125 -0.000765625 0)
(0.000984375 -0.000765625 0)
(-0.000984375 -0.000734375 0)
(-0.000953125 -0.000734375 0)
(-0.000921875 -0.000734375 -1.8334869e-20)
(-0.000890625 -0.000734375 0)
(-0.000859375 -0.000734375 0)
(-0.000828125 -0.000734375 0)
(-0.000796875 -0.000734375 3.5163902e-20)
(-0.000765625 -0.000734375 0)
(-0.000734375 -0.000734375 0)
(-0.000703125 -0.000734375 0)
(-0.000671875 -0.000734375 -1.8334869e-20)
(-0.000640625 -0.000734375 0)
(-0.000609375 -0.000734375 0)
(-0.000578125 -0.000734375 0)
(-0.000546875 -0.000734375 3.5163902e-20)
(-0.000515625 -0.000734375 0)
(-0.000484375 -0.000734375 0)
(-0.000453125 -0.000734375 -3.6669738e-20)
(-0.000421875 -0.000734375 0)
(-0.000390625 -0.000734375 0)
(-0.000359375 -0.000734375 0)
(-0.000328125 -0.000734375 -3.6669738e-20)
(-0.000296875 -0.000734375 0)
(-0.000265625 -0.000734375 0)
(-0.000234375 -0.000734375 -3.5163902e-20)
(-0.000203125 -0.000734375 0)
(-0.000171875 -0.000734375 -3.5163902e-20)
(-0.000140625 -0.000734375 0)
(-0.000109375 -0.000734375 0)
(-7.8125e-05 -0.000734375 0)
(-4.6875e-05 -0.000734375 0)
(-1.5625e-05 -0.000734375 0)
(1.5625e-05 -0.000734375 0)
(4.6875e-05 -0.000734375 0)
(7.8125e-05 -0.000734375 0)
(0.000109375 -0.000734375 0)
(0.000140625 -0.000734375 -3.5163902e-20)
(0.000171875 -0.000734375 -3.5163902e-20)
(0.000203125 -0.000734375 -3.5163902e-20)
(0.000234375 -0.000734375 0)
(0.000265625 -0.000734375 -3.6669738e-20)
(0.000296875 -0.000734375 0)
(0.000328125 -0.000734375 -3.6669738e-20)
(0.000359375 -0.000734375 0)
(0.000390625 -0.000734375 -3.6669738e-20)
(0.000421875 -0.000734375 0)
(0.000453125 -0.000734375 0)
(0.000484375 -0.000734375 0)
(0.000515625 -0.000734375 0)
(0.000546875 -0.000734375 -1.8334869e-20)
(0.000578125 -0.000734375 0)
(0.000609375 -0.000734375 0)
(0.000640625 -0.000734375 0)
(0.000671875 -0.000734375 -1.8334869e-20)
(0.000703125 -0.000734375 0)
(0.000734375 -0.000734375 0)
(0.000765625 -0.000734375 0)
(0.000796875 -0.000734375 -1.8334869e-20)
(0.000828125 -0.000734375 0)
(0.000859375 -0.000734375 0)
(0.000890625 -0.000734375 0)
(0.000921875 -0.000734375 3.5163902e-20)
(0.000953125 -0.000734375 0)
(0.000984375 -0.000734375 0)
(-0.000984375 -0.000703125 0)
(-0.000953125 -0.000703125 0)
(-0.000921875 -0.000703125 -1.8334869e-20)
(-0.000890625 -0.000703125 0)
(-0.000859375 -0.000703125 0)
(-0.000828125 -0.000703125 0)
(-0.000796875 -0.000703125 3.5163902e-20)
(-0.000765625 -0.000703125 0)
(-0.000734375 -0.000703125 0)
(-0.000703125 -0.000703125 0)
(-0.000671875 -0.000703125 -1.8334869e-20)
(-0.000640625 -0.000703125 0)
(-0.000609375 -0.000703125 0)
(-0.000578125 -0.000703125 0)
(-0.000546875 -0.000703125 3.5163902e-20)
(-0.000515625 -0.000703125 0)
(-0.000484375 -0.000703125 0)
(-0.000453125 -0.000703125 -3.6669738e-20)
(-0.000421875 -0.000703125 0)
(-0.000390625 -0.000703125 0)
(-0.000359375 -0.000703125 0)
(-0.000328125 -0.000703125 -3.6669738e-20)
(-0.000296875 -0.000703125 0)
(-0.000265625 -0.000703125 0)
(-0.000234375 -0.000703125 -3.5163902e-20)
(-0.000203125 -0.000703125 0)
(-0.000171875 -0.000703125 -3.5163902e-20)
(-0.000140625 -0.000703125 0)
(-0.000109375 -0.000703125 0)
(-7.8125e-05 -0.000703125 0)
(-4.6875e-05 -0.000703125 0)
(-1.5625e-05 -0.000703125 0)
(1.5625e-05 -0.000703125 0)
(4.6875e-05 -0.000703125 0)
(7.8125e-05 -0.000703125 0)
(0.000109375 -0.000703125 0)
(0.000140625 -0.000703125 -3.5163902e-20)
(0.000171875 -0.000703125 -3.5163902e-20)
(0.000203125 -0.000703125 -3.5163902e-20)
(0.000234375 -0.000703125 0)
(0.000265625 -0.000703125 -3.6669738e-20)
(0.000296875 -0.000703125 0)
(0.000328125 -0.000703125 -3.6669738e-20)
(0.000359375 -0.000703125 0)
(0.000390625 -0.000703125 -3.6669738e-20)
(0.000421875 -0.000703125 0)
(0.000453125 -0.000703125 0)
(0.000484375 -0.000703125 0)
(0.000515625 -0.000703125 0)
(0.000546875 -0.000703125 -1.8334869e-20)
(0.000578125 -0.000703125 0)
(0.000609375 -0.000703125 0)
(0.000640625 -0.000703125 0)
(0.000671875 -0.000703125 -1.8334869e-20)
(0.000703125 -0.000703125 0)
(0.000734375 -0.000703125 0)
(0.000765625 -0.000703125 0)
(0.000796875 -0.000703125 -1.8334869e-20)
(0.000828125 -0.000703125 0)
(0.000859375 -0.000703125 0)
(0.000890625 -0.000703125 0)
(0.000921875 -0.000703125 3.5163902e-20)
(0.000953125 -0.000703125 0)
(0.000984375 -0.000703125 0)
(-0.000984375 -0.000671875 1.8334869e-20)
(-0.000953125 -0.000671875 1.8334869e-20)
(-0.000921875 -0.000671875 0)
(-0.000890625 -0.000671875 1.8334869e-20)
(-0.000859375 -0.000671875 1.8334869e-20)
(-0.000828125 -0.000671875 1.8334869e-20)
(-0.000796875 -0.000671875 0)
(-0.000765625 -0.000671875 1.8334869e-20)
(-0.000734375 -0.000671875 1.8334869e-20)
(-0.000703125 -0.000671875 1.8334869e-20)
(-0.000671875 -0.000671875 0)
(-0.000640625 -0.000671875 1.8334869e-20)
(-0.000609375 -0.000671875 1.8334869e-20)
(-0.000578125 -0.000671875 1.8334869e-20)
(-0.000546875 -0.000671875 0)
(-0.000515625 -0.000671875 1.8334869e-20)
(-0.000484375 -0.000671875 1.8334869e-20)
(-0.000453125 -0.000671875 0)
(-0.000421875 -0.000671875 1.8334869e-20)
(-0.000390625 -0.000671875 0)
(-0.000359375 -0.000671875 1.8334869e-20)
(-0.000328125 -0.000671875 0)
(-0.000296875 -0.000671875 1.8334869e-20)
(-0.000265625 -0.000671875 0)
(-0.000234375 -0.000671875 -1.6829033e-20)
(-0.000203125 -0.000671875 5.3498771e-20)
(-0.000171875 -0.000671875 1.8334869e-20)
(-0.000140625 -0.000671875 5.3498771e-20)
(-0.000109375 -0.000671875 -1.6829033e-20)
(-7.8125e-05 -0.000671875 1.8334869e-20)
(-4.6875e-05 -0.000671875 1.8334869e-20)
(-1.5625e-05 -0.000671875 1.8334869e-20)
(1.5625e-05 -0.000671875 1.8334869e-20)
(4.6875e-05 -0.000671875 1.8334869e-20)
(7.8125e-05 -0.000671875 1.8334869e-20)
(0.000109375 -0.000671875 5.3498771e-20)
(0.000140625 -0.000671875 -1.6829033e-20)
(0.000171875 -0.000671875 1.8334869e-20)
(0.000203125 -0.000671875 1.8334869e-20)
(0.000234375 -0.000671875 5.3498771e-20)
(0.000265625 -0.000671875 0)
(0.000296875 -0.000671875 1.8334869e-20)
(0.000328125 -0.000671875 0)
(0.000359375 -0.000671875 1.8334869e-20)
(0.000390625 -0.000671875 0)
(0.000421875 -0.000671875 1.8334869e-20)
(0.000453125 -0.000671875 0)
(0.000484375 -0.000671875 1.8334869e-20)
(0.000515625 -0.000671875 1.8334869e-20)
(0.000546875 -0.000671875 0)
(0.000578125 -0.000671875 1.8334869e-20)
(0.000609375 -0.000671875 1.8334869e-20)
(0.000640625 -0.000671875 1.8334869e-20)
(0.000671875 -0.000671875 0)
(0.000703125 -0.000671875 1.8334869e-20)
(0.000734375 -0.000671875 1.8334869e-20)
(0.000765625 -0.000671875 1.8334869e-20)
(0.000796875 -0.000671875 0)
(0.000828125 -0.000671875 1.8334869e-20)
(0.000859375 -0.000671875 1.8334869e-20)
(0.000890625 -0.000671875 1.8334869e-20)
(0.000921875 -0.000671875 0)
(0.000953125 -0.000671875 1.8334869e-20)
(0.000984375 -0.000671875 1.8334869e-20)
(-0.000984375 -0.000640625 0)
(-0.000953125 -0.000640625 0)
(-0.000921875 -0.000640625 -1.8334869e-20)
(-0.000890625 -0.000640625 0)
(-0.000859375 -0.000640625 0)
(-0.000828125 -0.000640625 0)
(-0.000796875 -0.000640625 3.5163902e-20)
(-0.000765625 -0.000640625 0)
(-0.000734375 -0.000640625 0)
(-0.000703125 -0.000640625 0)
(-0.000671875 -0.000640625 -1.8334869e-20)
(-0.000640625 -0.000640625 0)
(-0.000609375 -0.000640625 0)
(-0.000578125 -0.000640625 0)
(-0.000546875 -0.000640625 3.5163902e-20)
(-0.000515625 -0.000640625 0)
(-0.000484375 -0.000640625 0)
(-0.000453125 -0.000640625 -3.6669738e-20)
(-0.000421875 -0.000640625 0)
(-0.000390625 -0.000640625 0)
(-0.000359375 -0.000640625 0)
(-0.000328125 -0.000640625 -3.6669738e-20)
(-0.000296875 -0.000640625 0)
(-0.000265625 -0.000640625 0)
(-0.000234375 -0.000640625 -3.5163902e-20)
(-0.000203125 -0.000640625 0)
(-0.000171875 -0.000640625 -3.5163902e-20)
(-0.000140625 -0.000640625 0)
(-0.000109375 -0.000640625 0)
(-7.8125e-05 -0.000640625 0)
(-4.6875e-05 -0.000640625 0)
(-1.5625e-05 -0.000640625 0)
(1.5625e-05 -0.000640625 0)
(4.6875e-05 -0.000640625 0)
(7.8125e-05 -0.000640625 0)
(0.000109375 -0.000640625 0)
(0.000140625 -0.000640625 -3.5163902e-20)
(0.000171875 -0.000640625 -3.5163902e-20)
(0.000203125 -0.000640625 -3.5163902e-20)
(0.000234375 -0.000640625 0)
(0.000265625 -0.000640625 -3.6669738e-20)
(0.000296875 -0.000640625 0)
(0.000328125 -0.000640625 -3.6669738e-20)
(0.000359375 -0.000640625 0)
(0.000390625 -0.000640625 -3.6669738e-20)
(0.000421875 -0.000640625 0)
(0.000453125 -0.000640625 0)
(0.000484375 -0.000640625 0)
(0.000515625 -0.000640625 0)
(0.000546875 -0.000640625 -1.8334869e-20)
(0.000578125 -0.000640625 0)
(0.000609375 -0.000640625 0)
(0.000640625 -0.000640625 0)
(0.000671875 -0.000640625 -1.8334869e-20)
(0.000703125 -0.000640625 0)
(0.000734375 -0.000640625 0)
(0.000765625 -0.000640625 0)
(0.000796875 -0.000640625 -1.8334869e-20)
(0.000828125 -0.000640625 0)
(0.000859375 -0.000640625 0)
(0.000890625 -0.000640625 0)
(0.000921875 -0.000640625 3.5163902e-20)
(0.000953125 -0.000640625 0)
(0.000984375 -0.000640625 0)
(-0.000984375 -0.000609375 0)
(-0.000953125 -0.000609375 0)
(-0.000921875 -0.000609375 -1.8334869e-20)
(-0.000890625 -0.000609375 0)
(-0.000859375 -0.000609375 0)
(-0.000828125 -0.000609375 0)
(-0.000796875 -0.000609375 3.5163902e-20)
(-0.000765625 -0.000609375 0)
(-0.000734375 -0.000609375 0)
(-0.000703125 -0.000609375 0)
(-0.000671875 -0.000609375 -1.8334869e-20)
(-0.000640625 -0.000609375 0)
(-0.000609375 -0.000609375 0)
(-0.000578125 -0.000609375 0)
(-0.000546875 -0.000609375 3.5163902e-20)
(-0.000515625 -0.000609375 0)
(-0.000484375 -0.000609375 0)
(-0.000453125 -0.000609375 -3.6669738e-20)
(-0.000421875 -0.000609375 0)
(-0.000390625 -0.000609375 0)
(-0.000359375 -0.000609375 0)
(-0.000328125 -0.000609375 -3.6669738e-20)
(-0.000296875 -0.000609375 0)
(-0.000265625 -0.000609375 0)
(-0.000234375 -0.000609375 -3.5163902e-20)
(-0.000203125 -0.000609375 0)
(-0.000171875 -0.000609375 -3.5163902e-20)
(-0.000140625 -0.000609375 0)
(-0.000109375 -0.000609375 0)
(-7.8125e-05 -0.000609375 0)
(-4.6875e-05 -0.000609375 0)
(-1.5625e-05 -0.000609375 0)
(1.5625e-05 -0.000609375 0)
(4.6875e-05 -0.000609375 0)
(7.8125e-05 -0.000609375 0)
(0.000109375 -0.000609375 0)
(0.000140625 -0.000609375 -3.5163902e-20)
(0.000171875 -0.000609375 -3.5163902e-20)
(0.000203125 -0.000609375 -3.5163902e-20)
(0.000234375 -0.000609375 0)
(0.000265625 -0.000609375 -3.6669738e-20)
(0.000296875 -0.000609375 0)
(0.000328125 -0.000609375 -3.6669738e-20)
(0.000359375 -0.000609375 0)
(0.000390625 -0.000609375 -3.6669738e-20)
(0.000421875 -0.000609375 0)
(0.000453125 -0.000609375 0)
(0.000484375 -0.000609375 0)
(0.000515625 -0.000609375 0)
(0.000546875 -0.000609375 -1.8334869e-20)
(0.000578125 -0.000609375 0)
(0.000609375 -0.000609375 0)
(0.000640625 -0.000609375 0)
(0.000671875 -0.000609375 -1.8334869e-20)
(0.000703125 -0.000609375 0)
(0.000734375 -0.000609375 0)
(0.000765625 -0.000609375 0)
(0.000796875 -0.000609375 -1.8334869e-20)
(0.000828125 -0.000609375 0)
(0.000859375 -0.000609375 0)
(0.000890625 -0.000609375 0)
(0.000921875 -0.000609375 3.5163902e-20)
(0.000953125 -0.000609375 0)
(0.000984375 -0.000609375 0)
(-0.000984375 -0.000578125 0)
(-0.000953125 -0.000578125 0)
(-0.000921875 -0.000578125 -1.8334869e-20)
(-0.000890625 -0.000578125 0)
(-0.000859375 -0.000578125 0)
(-0.000828125 -0.000578125 0)
(-0.000796875 -0.000578125 3.5163902e-20)
(-0.000765625 -0.000578125 0)
(-0.000734375 -0.000578125 0)
(-0.000703125 -0.000578125 0)
(-0.000671875 -0.000578125 -1.8334869e-20)
(-0.000640625 -0.000578125 0)
(-0.000609375 -0.000578125 0)
(-0.000578125 -0.000578125 0)
(-0.000546875 -0.000578125 3.5163902e-20)
(-0.000515625 -0.000578125 0)
(-0.000484375 -0.000578125 0)
(-0.000453125 -0.000578125 -3.6669738e-20)
(-0.000421875 -0.000578125 0)
(-0.000390625 -0.000578125 0)
(-0.000359375 -0.000578125 0)
(-0.000328125 -0.000578125 -3.6669738e-20)
(-0.000296875 -0.000578125 0)
(-0.000265625 -0.000578125 0)
(-0.000234375 -0.000578125 -3.5163902e-20)
(-0.000203125 -0.000578125 0)
(-0.000171875 -0.000578125 -3.5163902e-20)
(-0.000140625 -0.000578125 0)
(-0.000109375 -0.000578125 0)
(-7.8125e-05 -0.000578125 0)
(-4.6875e-05 -0.000578125 0)
(-1.5625e-05 -0.000578125 0)
(1.5625e-05 -0.000578125 0)
(4.6875e-05 -0.000578125 0)
(7.8125e-05 -0.000578125 0)
(0.000109375 -0.000578125 0)
(0.000140625 -0.000578125 -3.5163902e-20)
(0.000171875 -0.000578125 -3.5163902e-20)
(0.000203125 -0.000578125 -3.5163902e-20)
(0.000234375 -0.000578125 0)
(0.000265625 -0.000578125 -3.6669738e-20)
(0.000296875 -0.000578125 0)
(0.000328125 -0.000578125 -3.6669738e-20)
(0.000359375 -0.000578125 0)
(0.000390625 -0.000578125 -3.6669738e-20)
(0.000421875 -0.000578125 0)
(0.000453125 -0.000578125 0)
(0.000484375 -0.000578125 0)
(0.000515625 -0.000578125 0)
(0.000546875 -0.000578125 -1.8334869e-20)
(0.000578125 -0.000578125 0)
(0.000609375 -0.000578125 0)
(0.000640625 -0.000578125 0)
(0.000671875 -0.000578125 -1.8334869e-20)
(0.000703125 -0.000578125 0)
(0.000734375 -0.000578125 0)
(0.000765625 -0.000578125 0)
(0.000796875 -0.000578125 -1.8334869e-20)
(0.000828125 -0.000578125 0)
(0.000859375 -0.000578125 0)
(0.000890625 -0.000578125 0)
(0.000921875 -0.000578125 3.5163902e-20)
(0.000953125 -0.000578125 0)
(0.000984375 -0.000578125 0)
(-0.000984375 -0.000546875 -3.5163902e-20)
(-0.000953125 -0.000546875 -3.5163902e-20)
(-0.000921875 -0.000546875 0)
(-0.000890625 -0.000546875 -3.5163902e-20)
(-0.000859375 -0.000546875 -3.5163902e-20)
(-0.000828125 -0.000546875 -3.5163902e-20)
(-0.000796875 -0.000546875 0)
(-0.000765625 -0.000546875 -3.5163902e-20)
(-0.000734375 -0.000546875 -3.5163902e-20)
(-0.000703125 -0.000546875 -3.5163902e-20)
(-0.000671875 -0.000546875 0)
(-0.000640625 -0.000546875 -3.5163902e-20)
(-0.000609375 -0.000546875 -3.5163902e-20)
(-0.000578125 -0.000546875 -3.5163902e-20)
(-0.000546875 -0.000546875 0)
(-0.000515625 -0.000546875 -3.5163902e-20)
(-0.000484375 -0.000546875 -3.5163902e-20)
(-0.000453125 -0.000546875 0)
(-0.000421875 -0.000546875 -3.5163902e-20)
(-0.000390625 -0.000546875 0)
(-0.000359375 -0.000546875 -3.5163902e-20)
(-0.000328125 -0.000546875 0)
(-0.000296875 -0.000546875 -3.5163902e-20)
(-0.000265625 -0.000546875 0)
(-0.000234375 -0.000546875 0)
(-0.000203125 -0.000546875 3.5163902e-20)
(-0.000171875 -0.000546875 0)
(-0.000140625 -0.000546875 3.5163902e-20)
(-0.000109375 -0.000546875 0)
(-7.8125e-05 -0.000546875 0)
(-4.6875e-05 -0.000546875 0)
(-1.5625e-05 -0.000546875 0)
(1.5625e-05 -0.000546875 0)
(4.6875e-05 -0.000546875 0)
(7.8125e-05 -0.000546875 0)
(0.000109375 -0.000546875 3.5163902e-20)
(0.000140625 -0.000546875 0)
(0.000171875 -0.000546875 0)
(0.000203125 -0.000546875 0)
(0.000234375 -0.000546875 3.5163902e-20)
(0.000265625 -0.000546875 0)
(0.000296875 -0.000546875 -3.5163902e-20)
(0.000328125 -0.000546875 0)
(0.000359375 -0.000546875 -3.5163902e-20)
(0.000390625 -0.000546875 0)
(0.000421875 -0.000546875 -3.5163902e-20)
(0.000453125 -0.000546875 0)
(0.000484375 -0.000546875 -3.5163902e-20)
(0.000515625 -0.000546875 -3.5163902e-20)
(0.000546875 -0.000546875 0)
(0.000578125 -0.000546875 -3.5163902e-20)
(0.000609375 -0.000546875 -3.5163902e-20)
(0.000640625 -0.000546875 -3.5163902e-20)
(0.000671875 -0.000546875 0)
(0.000703125 -0.000546875 -3.5163902e-20)
(0.000734375 -0.000546875 -3.5163902e-20)
(0.000765625 -0.000546875 -3.5163902e-20)
(0.000796875 -0.000546875 0)
(0.000828125 -0.000546875 -3.5163902e-20)
(0.000859375 -0.000546875 -3.5163902e-20)
(0.000890625 -0.000546875 -3.5163902e-20)
(0.000921875 -0.000546875 0)
(0.000953125 -0.000546875 -3.5163902e-20)
(0.000984375 -0.000546875 -3.5163902e-20)
(-0.000984375 -0.000515625 0)
(-0.000953125 -0.000515625 0)
(-0.000921875 -0.000515625 -1.8334869e-20)
(-0.000890625 -0.000515625 0)
(-0.000859375 -0.000515625 0)
(-0.000828125 -0.000515625 0)
(-0.000796875 -0.000515625 3.5163902e-20)
(-0.000765625 -0.000515625 0)
(-0.000734375 -0.000515625 0)
(-0.000703125 -0.000515625 0)
(-0.000671875 -0.000515625 -1.8334869e-20)
(-0.000640625 -0.000515625 0)
(-0.000609375 -0.000515625 0)
(-0.000578125 -0.000515625 0)
(-0.000546875 -0.000515625 3.5163902e-20)
(-0.000515625 -0.000515625 0)
(-0.000484375 -0.000515625 0)
(-0.000453125 -0.000515625 -3.6669738e-20)
(-0.000421875 -0.000515625 0)
(-0.000390625 -0.000515625 0)
(-0.000359375 -0.000515625 0)
(-0.000328125 -0.000515625 -3.6669738e-20)
(-0.000296875 -0.000515625 0)
(-0.000265625 -0.000515625 0)
(-0.000234375 -0.000515625 -3.5163902e-20)
(-0.000203125 -0.000515625 0)
(-0.000171875 -0.000515625 -3.5163902e-20)
(-0.000140625 -0.000515625 0)
(-0.000109375 -0.000515625 0)
(-7.8125e-05 -0.000515625 0)
(-4.6875e-05 -0.000515625 0)
(-1.5625e-05 -0.000515625 0)
(1.5625e-05 -0.000515625 0)
(4.6875e-05 -0.000515625 0)
(7.8125e-05 -0.000515625 0)
(0.000109375 -0.000515625 0)
(0.000140625 -0.000515625 -3.5163902e-20)
(0.000171875 -0.000515625 -3.5163902e-20)
(0.000203125 -0.000515625 -3.5163902e-20)
(0.000234375 -0.000515625 0)
(0.000265625 -0.000515625 -3.6669738e-20)
(0.000296875 -0.000515625 0)
(0.000328125 -0.000515625 -3.6669738e-20)
(0.000359375 -0.000515625 0)
(0.000390625 -0.000515625 -3.6669738e-20)
(0.000421875 -0.000515625 0)
(0.000453125 -0.000515625 0)
(0.000484375 -0.000515625 0)
(0.000515625 -0.000515625 0)
(0.000546875 -0.000515625 -1.8334869e-20)
(0.000578125 -0.000515625 0)
(0.000609375 -0.000515625 0)
(0.000640625 -0.000515625 0)
(0.000671875 -0.000515625 -1.8334869e-20)
(0.000703125 -0.000515625 0)
(0.000734375 -0.000515625 0)
(0.000765625 -0.000515625 0)
(0.000796875 -0.000515625 -1.8334869e-20)
(0.000828125 -0.000515625 0)
(0.000859375 -0.000515625 0)
(0.000890625 -0.000515625 0)
(0.000921875 -0.000515625 3.5163902e-20)
(0.000953125 -0.000515625 0)
(0.000984375 -0.000515625 0)
(-0.000984375 -0.000484375 0)
(-0.000953125 -0.000484375 0)
(-0.000921875 -0.000484375 -1.8334869e-20)
(-0.000890625 -0.000484375 0)
(-0.000859375 -0.000484375 0)
(-0.000828125 -0.000484375 0)
(-0.000796875 -0.000484375 3.5163902e-20)
(-0.000765625 -0.000484375 0)
(-0.000734375 -0.000484375 0)
(-0.000703125 -0.000484375 0)
(-0.000671875 -0.000484375 -1.8334869e-20)
(-0.000640625 -0.000484375 0)
(-0.000609375 -0.000484375 0)
(-0.000578125 -0.000484375 0)
(-0.000546875 -0.000484375 3.5163902e-20)
(-0.000515625 -0.000484375 0)
(-0.000484375 -0.000484375 0)
(-0.000453125 -0.000484375 -3.6669738e-20)
(-0.000421875 -0.000484375 0)
(-0.000390625 -0.000484375 0)
(-0.000359375 -0.000484375 0)
(-0.000328125 -0.000484375 -3.6669738e-20)
(-0.000296875 -0.000484375 0)
(-0.000265625 -0.000484375 0)
(-0.000234375 -0.000484375 -3.5163902e-20)
(-0.000203125 -0.000484375 0)
(-0.000171875 -0.000484375 -3.591682e-20)
(-0.000140625 -0.000484375 0)
(0.000140625 -0.000484375 -3.591682e-20)
(0.000171875 -0.000484375 -3.591682e-20)
(0.000203125 -0.000484375 -3.591682e-20)
(0.000234375 -0.000484375 0)
(0.000265625 -0.000484375 -3.6669738e-20)
(0.000296875 -0.000484375 0)
(0.000328125 -0.000484375 -3.6669738e-20)
(0.000359375 -0.000484375 0)
(0.000390625 -0.000484375 -3.6669738e-20)
(0.000421875 -0.000484375 0)
(0.000453125 -0.000484375 0)
(0.000484375 -0.000484375 0)
(0.000515625 -0.000484375 0)
(0.000546875 -0.000484375 -1.8334869e-20)
(0.000578125 -0.000484375 0)
(0.000609375 -0.000484375 0)
(0.000640625 -0.000484375 0)
(0.000671875 -0.000484375 -1.8334869e-20)
(0.000703125 -0.000484375 0)
(0.000734375 -0.000484375 0)
(0.000765625 -0.000484375 0)
(0.000796875 -0.000484375 -1.8334869e-20)
(0.000828125 -0.000484375 0)
(0.000859375 -0.000484375 0)
(0.000890625 -0.000484375 0)
(0.000921875 -0.000484375 3.5163902e-20)
(0.000953125 -0.000484375 0)
(0.000984375 -0.000484375 0)
(-0.000984375 -0.000453125 3.6669738e-20)
(-0.000953125 -0.000453125 3.6669738e-20)
(-0.000921875 -0.000453125 0)
(-0.000890625 -0.000453125 3.6669738e-20)
(-0.000859375 -0.000453125 3.6669738e-20)
(-0.000828125 -0.000453125 3.6669738e-20)
(-0.000796875 -0.000453125 0)
(-0.000765625 -0.000453125 3.6669738e-20)
(-0.000734375 -0.000453125 3.6669738e-20)
(-0.000703125 -0.000453125 3.6669738e-20)
(-0.000671875 -0.000453125 0)
(-0.000640625 -0.000453125 3.6669738e-20)
(-0.000609375 -0.000453125 3.6669738e-20)
(-0.000578125 -0.000453125 3.6669738e-20)
(-0.000546875 -0.000453125 0)
(-0.000515625 -0.000453125 3.6669738e-20)
(-0.000484375 -0.000453125 3.6669738e-20)
(-0.000453125 -0.000453125 0)
(-0.000421875 -0.000453125 3.6669738e-20)
(-0.000390625 -0.000453125 0)
(-0.000359375 -0.000453125 3.6669738e-20)
(-0.000328125 -0.000453125 0)
(-0.000296875 -0.000453125 3.6669738e-20)
(-0.000265625 -0.000453125 0)
(-0.000234375 -0.000453125 -2.5243549e-20)
(0.000234375 -0.000453125 -2.5243549e-20)
(0.000265625 -0.000453125 0)
(0.000296875 -0.000453125 3.6669738e-20)
(0.000328125 -0.000453125 0)
(0.000359375 -0.000453125 3.6669738e-20)
(0.000390625 -0.000453125 0)
(0.000421875 -0.000453125 3.6669738e-20)
(0.000453125 -0.000453125 0)
(0.000484375 -0.000453125 3.6669738e-20)
(0.000515625 -0.000453125 3.6669738e-20)
(0.000546875 -0.000453125 0)
(0.000578125 -0.000453125 3.6669738e-20)
(0.000609375 -0.000453125 3.6669738e-20)
(0.000640625 -0.000453125 3.6669738e-20)
(0.000671875 -0.000453125 0)
(0.000703125 -0.000453125 3.6669738e-20)
(0.000734375 -0.000453125 3.6669738e-20)
(0.000765625 -0.000453125 3.6669738e-20)
(0.000796875 -0.000453125 0)
(0.000828125 -0.000453125 3.6669738e-20)
(0.000859375 -0.000453125 3.6669738e-20)
(0.000890625 -0.000453125 3.6669738e-20)
(0.000921875 -0.000453125 0)
(0.000953125 -0.000453125 3.6669738e-20)
(0.000984375 -0.000453125 3.6669738e-20)
(-0.000984375 -0.000421875 0)
(-0.000953125 -0.000421875 0)
(-0.000921875 -0.000421875 -1.8334869e-20)
(-0.000890625 -0.000421875 0)
(-0.000859375 -0.000421875 0)
(-0.000828125 -0.000421875 0)
(-0.000796875 -0.000421875 3.5163902e-20)
(-0.000765625 -0.000421875 0)
(-0.000734375 -0.000421875 0)
(-0.000703125 -0.000421875 0)
(-0.000671875 -0.000421875 -1.8334869e-20)
(-0.000640625 -0.000421875 0)
(-0.000609375 -0.000421875 0)
(-0.000578125 -0.000421875 0)
(-0.000546875 -0.000421875 3.5163902e-20)
(-0.000515625 -0.000421875 0)
(-0.000484375 -0.000421875 0)
(-0.000453125 -0.000421875 -3.6669738e-20)
(-0.000421875 -0.000421875 0)
(-0.000390625 -0.000421875 0)
(-0.000359375 -0.000421875 0)
(-0.000328125 -0.000421875 -3.6669738e-20)
(-0.000296875 -0.000421875 0)
(0.000296875 -0.000421875 0)
(0.000328125 -0.000421875 -3.6669738e-20)
(0.000359375 -0.000421875 0)
(0.000390625 -0.000421875 -3.6669738e-20)
(0.000421875 -0.000421875 0)
(0.000453125 -0.000421875 0)
(0.000484375 -0.000421875 0)
(0.000515625 -0.000421875 0)
(0.000546875 -0.000421875 -1.8334869e-20)
(0.000578125 -0.000421875 0)
(0.000609375 -0.000421875 0)
(0.000640625 -0.000421875 0)
(0.000671875 -0.000421875 -1.8334869e-20)
(0.000703125 -0.000421875 0)
(0.000734375 -0.000421875 0)
(0.000765625 -0.000421875 0)
(0.000796875 -0.000421875 -1.8334869e-20)
(0.000828125 -0.000421875 0)
(0.000859375 -0.000421875 0)
(0.000890625 -0.000421875 0)
(0.000921875 -0.000421875 3.5163902e-20)
(0.000953125 -0.000421875 0)
(0.000984375 -0.000421875 0)
(-0.000984375 -0.000390625 0)
(-0.000953125 -0.000390625 0)
(-0.000921875 -0.000390625 0)
(-0.000890625 -0.000390625 0)
(-0.000859375 -0.000390625 0)
(-0.000828125 -0.000390625 0)
(-0.000796875 -0.000390625 0)
(-0.000765625 -0.000390625 0)
(-0.000734375 -0.000390625 0)
(-0.000703125 -0.000390625 0)
(-0.000671875 -0.000390625 0)
(-0.000640625 -0.000390625 0)
(-0.000609375 -0.000390625 0)
(-0.000578125 -0.000390625 0)
(-0.000546875 -0.000390625 0)
(-0.000515625 -0.000390625 0)
(-0.000484375 -0.000390625 0)
(-0.000453125 -0.000390625 0)
(-0.000421875 -0.000390625 0)
(-0.000390625 -0.000390625 0)
(-0.000359375 -0.000390625 0)
(-0.000328125 -0.000390625 0)
(0.000328125 -0.000390625 0)
(0.000359375 -0.000390625 0)
(0.000390625 -0.000390625 0)
(0.000421875 -0.000390625 0)
(0.000453125 -0.000390625 0)
(0.000484375 -0.000390625 0)
(0.000515625 -0.000390625 0)
(0.000546875 -0.000390625 0)
(0.000578125 -0.000390625 0)
(0.000609375 -0.000390625 0)
(0.000640625 -0.000390625 0)
(0.000671875 -0.000390625 0)
(0.000703125 -0.000390625 0)
(0.000734375 -0.000390625 0)
(0.000765625 -0.000390625 0)
(0.000796875 -0.000390625 0)
(0.000828125 -0.000390625 0)
(0.000859375 -0.000390625 0)
(0.000890625 -0.000390625 0)
(0.000921875 -0.000390625 0)
(0.000953125 -0.000390625 0)
(0.000984375 -0.000390625 0)
(-0.000984375 -0.000359375 0)
(-0.000953125 -0.000359375 0)
(-0.000921875 -0.000359375 -1.8334869e-20)
(-0.000890625 -0.000359375 0)
(-0.000859375 -0.000359375 0)
(-0.000828125 -0.000359375 0)
(-0.000796875 -0.000359375 3.5163902e-20)
(-0.000765625 -0.000359375 0)
(-0.000734375 -0.000359375 0)
(-0.000703125 -0.000359375 0)
(-0.000671875 -0.000359375 -1.8334869e-20)
(-0.000640625 -0.000359375 0)
(-0.000609375 -0.000359375 0)
(-0.000578125 -0.000359375 0)
(-0.000546875 -0.000359375 3.5163902e-20)
(-0.000515625 -0.000359375 0)
(-0.000484375 -0.000359375 0)
(-0.000453125 -0.000359375 -3.6669738e-20)
(-0.000421875 -0.000359375 0)
(-0.000390625 -0.000359375 0)
(-0.000359375 -0.000359375 0)
(0.000359375 -0.000359375 0)
(0.000390625 -0.000359375 -3.6669738e-20)
(0.000421875 -0.000359375 0)
(0.000453125 -0.000359375 0)
(0.000484375 -0.000359375 0)
(0.000515625 -0.000359375 0)
(0.000546875 -0.000359375 -1.8334869e-20)
(0.000578125 -0.000359375 0)
(0.000609375 -0.000359375 0)
(0.000640625 -0.000359375 0)
(0.000671875 -0.000359375 -1.8334869e-20)
(0.000703125 -0.000359375 0)
(0.000734375 -0.000359375 0)
(0.000765625 -0.000359375 0)
(0.000796875 -0.000359375 -1.8334869e-20)
(0.000828125 -0.000359375 0)
(0.000859375 -0.000359375 0)
(0.000890625 -0.000359375 0)
(0.000921875 -0.000359375 3.5163902e-20)
(0.000953125 -0.000359375 0)
(0.000984375 -0.000359375 0)
(-0.000984375 -0.000328125 3.6669738e-20)
(-0.000953125 -0.000328125 3.6669738e-20)
(-0.000921875 -0.000328125 0)
(-0.000890625 -0.000328125 3.6669738e-20)
(-0.000859375 -0.000328125 3.6669738e-20)
(-0.000828125 -0.000328125 3.6669738e-20)
(-0.000796875 -0.000328125 0)
(-0.000765625 -0.000328125 3.6669738e-20)
(-0.000734375 -0.000328125 3.6669738e-20)
(-0.000703125 -0.000328125 3.6669738e-20)
(-0.000671875 -0.000328125 0)
(-0.000640625 -0.000328125 3.6669738e-20)
(-0.000609375 -0.000328125 3.6669738e-20)
(-0.000578125 -0.000328125 3.6669738e-20)
(-0.000546875 -0.000328125 0)
(-0.000515625 -0.000328125 3.6669738e-20)
(-0.000484375 -0.000328125 3.6669738e-20)
(-0.000453125 -0.000328125 0)
(-0.000421875 -0.000328125 3.6669738e-20)
(-0.000390625 -0.000328125 0)
(0.000390625 -0.000328125 0)
(0.000421875 -0.000328125 3.6669738e-20)
(0.000453125 -0.000328125 0)
(0.000484375 -0.000328125 3.6669738e-20)
(0.000515625 -0.000328125 3.6669738e-20)
(0.000546875 -0.000328125 0)
(0.000578125 -0.000328125 3.6669738e-20)
(0.000609375 -0.000328125 3.6669738e-20)
(0.000640625 -0.000328125 3.6669738e-20)
(0.000671875 -0.000328125 0)
(0.000703125 -0.000328125 3.6669738e-20)
(0.000734375 -0.000328125 3.6669738e-20)
(0.000765625 -0.000328125 3.6669738e-20)
(0.000796875 -0.000328125 0)
(0.000828125 -0.000328125 3.6669738e-20)
(0.000859375 -0.000328125 3.6669738e-20)
(0.000890625 -0.000328125 3.6669738e-20)
(0.000921875 -0.000328125 0)
(0.000953125 -0.000328125 3.6669738e-20)
(0.000984375 -0.000328125 3.6669738e-20)
(-0.000984375 -0.000296875 0)
(-0.000953125 -0.000296875 0)
(-0.000921875 -0.000296875 -1.8334869e-20)
(-0.000890625 -0.000296875 0)
(-0.000859375 -0.000296875 0)
(-0.000828125 -0.000296875 0)
(-0.000796875 -0.000296875 3.5163902e-20)
(-0.000765625 -0.000296875 0)
(-0.000734375 -0.000296875 0)
(-0.000703125 -0.000296875 0)
(-0.000671875 -0.000296875 -1.8334869e-20)
(-0.000640625 -0.000296875 0)
(-0.000609375 -0.000296875 0)
(-0.000578125 -0.000296875 0)
(-0.000546875 -0.000296875 3.5163902e-20)
(-0.000515625 -0.000296875 0)
(-0.000484375 -0.000296875 0)
(-0.000453125 -0.000296875 -3.6669738e-20)
(-0.000421875 -0.000296875 0)
(0.000421875 -0.000296875 0)
(0.000453125 -0.000296875 0)
(0.000484375 -0.000296875 0)
(0.000515625 -0.000296875 0)
(0.000546875 -0.000296875 -1.8334869e-20)
(0.000578125 -0.000296875 0)
(0.000609375 -0.000296875 0)
(0.000640625 -0.000296875 0)
(0.000671875 -0.000296875 -1.8334869e-20)
(0.000703125 -0.000296875 0)
(0.000734375 -0.000296875 0)
(0.000765625 -0.000296875 0)
(0.000796875 -0.000296875 -1.8334869e-20)
(0.000828125 -0.000296875 0)
(0.000859375 -0.000296875 0)
(0.000890625 -0.000296875 0)
(0.000921875 -0.000296875 3.5163902e-20)
(0.000953125 -0.000296875 0)
(0.000984375 -0.000296875 0)
(-0.000984375 -0.000265625 0)
(-0.000953125 -0.000265625 0)
(-0.000921875 -0.000265625 0)
(-0.000890625 -0.000265625 0)
(-0.000859375 -0.000265625 0)
(-0.000828125 -0.000265625 0)
(-0.000796875 -0.000265625 0)
(-0.000765625 -0.000265625 0)
(-0.000734375 -0.000265625 0)
(-0.000703125 -0.000265625 0)
(-0.000671875 -0.000265625 0)
(-0.000640625 -0.000265625 0)
(-0.000609375 -0.000265625 0)
(-0.000578125 -0.000265625 0)
(-0.000546875 -0.000265625 0)
(-0.000515625 -0.000265625 0)
(-0.000484375 -0.000265625 0)
(-0.000453125 -0.000265625 0)
(0.000453125 -0.000265625 0)
(0.000484375 -0.000265625 0)
(0.000515625 -0.000265625 0)
(0.000546875 -0.000265625 0)
(0.000578125 -0.000265625 0)
(0.000609375 -0.000265625 0)
(0.000640625 -0.000265625 0)
(0.000671875 -0.000265625 0)
(0.000703125 -0.000265625 0)
(0.000734375 -0.000265625 0)
(0.000765625 -0.000265625 0)
(0.000796875 -0.000265625 0)
(0.000828125 -0.000265625 0)
(0.000859375 -0.000265625 0)
(0.000890625 -0.000265625 0)
(0.000921875 -0.000265625 0)
(0.000953125 -0.000265625 0)
(0.000984375 -0.000265625 0)
(-0.000984375 -0.000234375 3.5163902e-20)
(-0.000953125 -0.000234375 3.5163902e-20)
(-0.000921875 -0.000234375 1.6829033e-20)
(-0.000890625 -0.000234375 3.5163902e-20)
(-0.000859375 -0.000234375 3.5163902e-20)
(-0.000828125 -0.000234375 3.5163902e-20)
(-0.000796875 -0.000234375 0)
(-0.000765625 -0.000234375 3.5163902e-20)
(-0.000734375 -0.000234375 3.5163902e-20)
(-0.000703125 -0.000234375 3.5163902e-20)
(-0.000671875 -0.000234375 1.6829033e-20)
(-0.000640625 -0.000234375 3.5163902e-20)
(-0.000609375 -0.000234375 3.5163902e-20)
(-0.000578125 -0.000234375 3.5163902e-20)
(-0.000546875 -0.000234375 0)
(-0.000515625 -0.000234375 3.5163902e-20)
(-0.000484375 -0.000234375 3.5163902e-20)
(-0.000453125 -0.000234375 2.5243549e-20)
(0.000453125 -0.000234375 0)
(0.000484375 -0.000234375 3.5163902e-20)
(0.000515625 -0.000234375 3.5163902e-20)
(0.000546875 -0.000234375 1.6829033e-20)
(0.000578125 -0.000234375 3.5163902e-20)
(0.000609375 -0.000234375 3.5163902e-20)
(0.000640625 -0.000234375 3.5163902e-20)
(0.000671875 -0.000234375 1.6829033e-20)
(0.000703125 -0.000234375 3.5163902e-20)
(0.000734375 -0.000234375 3.5163902e-20)
(0.000765625 -0.000234375 3.5163902e-20)
(0.000796875 -0.000234375 1.6829033e-20)
(0.000828125 -0.000234375 3.5163902e-20)
(0.000859375 -0.000234375 3.5163902e-20)
(0.000890625 -0.000234375 3.5163902e-20)
(0.000921875 -0.000234375 0)
(0.000953125 -0.000234375 3.5163902e-20)
(0.000984375 -0.000234375 3.5163902e-20)
(-0.000984375 -0.000203125 0)
(-0.000953125 -0.000203125 0)
(-0.000921875 -0.000203125 -5.3498771e-20)
(-0.000890625 -0.000203125 0)
(-0.000859375 -0.000203125 0)
(-0.000828125 -0.000203125 0)
(-0.000796875 -0.000203125 -3.5163902e-20)
(-0.000765625 -0.000203125 0)
(-0.000734375 -0.000203125 0)
(-0.000703125 -0.000203125 0)
(-0.000671875 -0.000203125 -5.3498771e-20)
(-0.000640625 -0.000203125 0)
(-0.000609375 -0.000203125 0)
(-0.000578125 -0.000203125 0)
(-0.000546875 -0.000203125 -3.5163902e-20)
(-0.000515625 -0.000203125 0)
(-0.000484375 -0.000203125 0)
(0.000484375 -0.000203125 0)
(0.000515625 -0.000203125 0)
(0.000546875 -0.000203125 -5.3498771e-20)
(0.000578125 -0.000203125 0)
(0.000609375 -0.000203125 0)
(0.000640625 -0.000203125 0)
(0.000671875 -0.000203125 -5.3498771e-20)
(0.000703125 -0.000203125 0)
(0.000734375 -0.000203125 0)
(0.000765625 -0.000203125 0)
(0.000796875 -0.000203125 -5.3498771e-20)
(0.000828125 -0.000203125 0)
(0.000859375 -0.000203125 0)
(0.000890625 -0.000203125 0)
(0.000921875 -0.000203125 -3.5163902e-20)
(0.000953125 -0.000203125 0)
(0.000984375 -0.000203125 0)
(-0.000984375 -0.000171875 3.5163902e-20)
(-0.000953125 -0.000171875 3.5163902e-20)
(-0.000921875 -0.000171875 -1.8334869e-20)
(-0.000890625 -0.000171875 3.5163902e-20)
(-0.000859375 -0.000171875 3.5163902e-20)
(-0.000828125 -0.000171875 3.5163902e-20)
(-0.000796875 -0.000171875 0)
(-0.000765625 -0.000171875 3.5163902e-20)
(-0.000734375 -0.000171875 3.5163902e-20)
(-0.000703125 -0.000171875 3.5163902e-20)
(-0.000671875 -0.000171875 -1.8334869e-20)
(-0.000640625 -0.000171875 3.5163902e-20)
(-0.000609375 -0.000171875 3.5163902e-20)
(-0.000578125 -0.000171875 3.5163902e-20)
(-0.000546875 -0.000171875 0)
(-0.000515625 -0.000171875 3.5163902e-20)
(-0.000484375 -0.000171875 3.591682e-20)
(0.000484375 -0.000171875 3.5163902e-20)
(0.000515625 -0.000171875 3.5163902e-20)
(0.000546875 -0.000171875 -1.8334869e-20)
(0.000578125 -0.000171875 3.5163902e-20)
(0.000609375 -0.000171875 3.5163902e-20)
(0.000640625 -0.000171875 3.5163902e-20)
(0.000671875 -0.000171875 -1.8334869e-20)
(0.000703125 -0.000171875 3.5163902e-20)
(0.000734375 -0.000171875 3.5163902e-20)
(0.000765625 -0.000171875 3.5163902e-20)
(0.000796875 -0.000171875 -1.8334869e-20)
(0.000828125 -0.000171875 3.5163902e-20)
(0.000859375 -0.000171875 3.5163902e-20)
(0.000890625 -0.000171875 3.5163902e-20)
(0.000921875 -0.000171875 0)
(0.000953125 -0.000171875 3.5163902e-20)
(0.000984375 -0.000171875 3.5163902e-20)
(-0.000984375 -0.000140625 0)
(-0.000953125 -0.000140625 0)
(-0.000921875 -0.000140625 -5.3498771e-20)
(-0.000890625 -0.000140625 0)
(-0.000859375 -0.000140625 0)
(-0.000828125 -0.000140625 0)
(-0.000796875 -0.000140625 -3.5163902e-20)
(-0.000765625 -0.000140625 0)
(-0.000734375 -0.000140625 0)
(-0.000703125 -0.000140625 0)
(-0.000671875 -0.000140625 -5.3498771e-20)
(-0.000640625 -0.000140625 0)
(-0.000609375 -0.000140625 0)
(-0.000578125 -0.000140625 0)
(-0.000546875 -0.000140625 -3.5163902e-20)
(-0.000515625 -0.000140625 0)
(-0.000484375 -0.000140625 0)
(0.000484375 -0.000140625 0)
(0.000515625 -0.000140625 0)
(0.000546875 -0.000140625 -5.3498771e-20)
(0.000578125 -0.000140625 0)
(0.000609375 -0.000140625 0)
(0.000640625 -0.000140625 0)
(0.000671875 -0.000140625 -5.3498771e-20)
(0.000703125 -0.000140625 0)
(0.000734375 -0.000140625 0)
(0.000765625 -0.000140625 0)
(0.000796875 -0.000140625 -5.3498771e-20)
(0.000828125 -0.000140625 0)
(0.000859375 -0.000140625 0)
(0.000890625 -0.000140625 0)
(0.000921875 -0.000140625 -3.5163902e-20)
(0.000953125 -0.000140625 0)
(0.000984375 -0.000140625 0)
(-0.000984375 -0.000109375 0)
(-0.000953125 -0.000109375 0)
(-0.000921875 -0.000109375 1.6829033e-20)
(-0.000890625 -0.000109375 0)
(-0.000859375 -0.000109375 0)
(-0.000828125 -0.000109375 0)
(-0.000796875 -0.000109375 0)
(-0.000765625 -0.000109375 0)
(-0.000734375 -0.000109375 0)
(-0.000703125 -0.000109375 0)
(-0.000671875 -0.000109375 1.6829033e-20)
(-0.000640625 -0.000109375 0)
(-0.000609375 -0.000109375 0)
(-0.000578125 -0.000109375 0)
(-0.000546875 -0.000109375 0)
(-0.000515625 -0.000109375 0)
(0.000515625 -0.000109375 0)
(0.000546875 -0.000109375 1.6829033e-20)
(0.000578125 -0.000109375 0)
(0.000609375 -0.000109375 0)
(0.000640625 -0.000109375 0)
(0.000671875 -0.000109375 1.6829033e-20)
(0.000703125 -0.000109375 0)
(0.000734375 -0.000109375 0)
(0.000765625 -0.000109375 0)
(0.000796875 -0.000109375 1.6829033e-20)
(0.000828125 -0.000109375 0)
(0.000859375 -0.000109375 0)
(0.000890625 -0.000109375 0)
(0.000921875 -0.000109375 0)
(0.000953125 -0.000109375 0)
(0.000984375 -0.000109375 0)
(-0.000984375 -7.8125e-05 0)
(-0.000953125 -7.8125e-05 0)
(-0.000921875 -7.8125e-05 -1.8334869e-20)
(-0.000890625 -7.8125e-05 0)
(-0.000859375 -7.8125e-05 0)
(-0.000828125 -7.8125e-05 0)
(-0.000796875 -7.8125e-05 0)
(-0.000765625 -7.8125e-05 0)
(-0.000734375 -7.8125e-05 0)
(-0.000703125 -7.8125e-05 0)
(-0.000671875 -7.8125e-05 -1.8334869e-20)
(-0.000640625 -7.8125e-05 0)
(-0.000609375 -7.8125e-05 0)
(-0.000578125 -7.8125e-05 0)
(-0.000546875 -7.8125e-05 0)
(-0.000515625 -7.8125e-05 0)
(0.000515625 -7.8125e-05 0)
(0.000546875 -7.8125e-05 -1.8334869e-20)
(0.000578125 -7.8125e-05 0)
(0.000609375 -7.8125e-05 0)
(0.000640625 -7.8125e-05 0)
(0.000671875 -7.8125e-05 -1.8334869e-20)
(0.000703125 -7.8125e-05 0)
(0.000734375 -7.8125e-05 0)
(0.000765625 -7.8125e-05 0)
(0.000796875 -7.8125e-05 -1.8334869e-20)
(0.000828125 -7.8125e-05 0)
(0.000859375 -7.8125e-05 0)
(0.000890625 -7.8125e-05 0)
(0.000921875 -7.8125e-05 0)
(0.000953125 -7.8125e-05 0)
(0.000984375 -7.8125e-05 0)
(-0.000984375 -4.6875e-05 0)
(-0.000953125 -4.6875e-05 0)
(-0.000921875 -4.6875e-05 -1.8334869e-20)
(-0.000890625 -4.6875e-05 0)
(-0.000859375 -4.6875e-05 0)
(-0.000828125 -4.6875e-05 0)
(-0.000796875 -4.6875e-05 0)
(-0.000765625 -4.6875e-05 0)
(-0.000734375 -4.6875e-05 0)
(-0.000703125 -4.6875e-05 0)
(-0.000671875 -4.6875e-05 -1.8334869e-20)
(-0.000640625 -4.6875e-05 0)
(-0.000609375 -4.6875e-05 0)
(-0.000578125 -4.6875e-05 0)
(-0.000546875 -4.6875e-05 0)
(-0.000515625 -4.6875e-05 0)
(0.000515625 -4.6875e-05 0)
(0.000546875 -4.6875e-05 -1.8334869e-20)
(0.000578125 -4.6875e-05 0)
(0.000609375 -4.6875e-05 0)
(0.000640625 -4.6875e-05 0)
(0.000671875 -4.6875e-05 -1.8334869e-20)
(0.000703125 -4.6875e-05 0)
(0.000734375 -4.6875e-05 0)
(0.000765625 -4.6875e-05 0)
(0.000796875 -4.6875e-05 -1.8334869e-20)
(0.000828125 -4.6875e-05 0)
(0.000859375 -4.6875e-05 0)
(0.000890625 -4.6875e-05 0)
(0.000921875 -4.6875e-05 0)
(0.000953125 -4.6875e-05 0)
(0.000984375 -4.6875e-05 0)
(-0.000984375 -1.5625e-05 0)
(-0.000953125 -1.5625e-05 0)
(-0.000921875 -1.5625e-05 -1.8334869e-20)
(-0.000890625 -1.5625e-05 0)
(-0.000859375 -1.5625e-05 0)
(-0.000828125 -1.5625e-05 0)
(-0.000796875 -1.5625e-05 0)
(-0.000765625 -1.5625e-05 0)
(-0.000734375 -1.5625e-05 0)
(-0.000703125 -1.5625e-05 0)
(-0.000671875 -1.5625e-05 -1.8334869e-20)
(-0.000640625 -1.5625e-05 0)
(-0.000609375 -1.5625e-05 0)
(-0.000578125 -1.5625e-05 0)
(-0.000546875 -1.5625e-05 0)
(-0.000515625 -1.5625e-05 0)
(0.000515625 -1.5625e-05 0)
(0.000546875 -1.5625e-05 -1.8334869e-20)
(0.000578125 -1.5625e-05 0)
(0.000609375 -1.5625e-05 0)
(0.000640625 -1.5625e-05 0)
(0.000671875 -1.5625e-05 -1.8334869e-20)
(0.000703125 -1.5625e-05 0)
(0.000734375 -1.5625e-05 0)
(0.000765625 -1.5625e-05 0)
(0.000796875 -1.5625e-05 -1.8334869e-20)
(0.000828125 -1.5625e-05 0)
(0.000859375 -1.5625e-05 0)
(0.000890625 -1.5625e-05 0)
(0.000921875 -1.5625e-05 0)
(0.000953125 -1.5625e-05 0)
(0.000984375 -1.5625e-05 0)
(-0.000984375 1.5625e-05 0)
(-0.000953125 1.5625e-05 0)
(-0.000921875 1.5625e-05 -1.8334869e-20)
(-0.000890625 1.5625e-05 0)
(-0.000859375 1.5625e-05 0)
(-0.000828125 1.5625e-05 0)
(-0.000796875 1.5625e-05 0)
(-0.000765625 1.5625e-05 0)
(-0.000734375 1.5625e-05 0)
(-0.000703125 1.5625e-05 0)
(-0.000671875 1.5625e-05 -1.8334869e-20)
(-0.000640625 1.5625e-05 0)
(-0.000609375 1.5625e-05 0)
(-0.000578125 1.5625e-05 0)
(-0.000546875 1.5625e-05 0)
(-0.000515625 1.5625e-05 0)
(0.000515625 1.5625e-05 0)
(0.000546875 1.5625e-05 -1.8334869e-20)
(0.000578125 1.5625e-05 0)
(0.000609375 1.5625e-05 0)
(0.000640625 1.5625e-05 0)
(0.000671875 1.5625e-05 -1.8334869e-20)
(0.000703125 1.5625e-05 0)
(0.000734375 1.5625e-05 0)
(0.000765625 1.5625e-05 0)
(0.000796875 1.5625e-05 -1.8334869e-20)
(0.000828125 1.5625e-05 0)
(0.000859375 1.5625e-05 0)
(0.000890625 1.5625e-05 0)
(0.000921875 1.5625e-05 0)
(0.000953125 1.5625e-05 0)
(0.000984375 1.5625e-05 0)
(-0.000984375 4.6875e-05 0)
(-0.000953125 4.6875e-05 0)
(-0.000921875 4.6875e-05 -1.8334869e-20)
(-0.000890625 4.6875e-05 0)
(-0.000859375 4.6875e-05 0)
(-0.000828125 4.6875e-05 0)
(-0.000796875 4.6875e-05 0)
(-0.000765625 4.6875e-05 0)
(-0.000734375 4.6875e-05 0)
(-0.000703125 4.6875e-05 0)
(-0.000671875 4.6875e-05 -1.8334869e-20)
(-0.000640625 4.6875e-05 0)
(-0.000609375 4.6875e-05 0)
(-0.000578125 4.6875e-05 0)
(-0.000546875 4.6875e-05 0)
(-0.000515625 4.6875e-05 0)
(0.000515625 4.6875e-05 0)
(0.000546875 4.6875e-05 -1.8334869e-20)
(0.000578125 4.6875e-05 0)
(0.000609375 4.6875e-05 0)
(0.000640625 4.6875e-05 0)
(0.000671875 4.6875e-05 -1.8334869e-20)
(0.000703125 4.6875e-05 0)
(0.000734375 4.6875e-05 0)
(0.000765625 4.6875e-05 0)
(0.000796875 4.6875e-05 -1.8334869e-20)
(0.000828125 4.6875e-05 0)
(0.000859375 4.6875e-05 0)
(0.000890625 4.6875e-05 0)
(0.000921875 4.6875e-05 0)
(0.000953125 4.6875e-05 0)
(0.000984375 4.6875e-05 0)
(-0.000984375 7.8125e-05 0)
(-0.000953125 7.8125e-05 0)
(-0.000921875 7.8125e-05 -1.8334869e-20)
(-0.000890625 7.8125e-05 0)
(-0.000859375 7.8125e-05 0)
(-0.000828125 7.8125e-05 0)
(-0.000796875 7.8125e-05 0)
(-0.000765625 7.8125e-05 0)
(-0.000734375 7.8125e-05 0)
(-0.000703125 7.8125e-05 0)
(-0.000671875 7.8125e-05 -1.8334869e-20)
(-0.000640625 7.8125e-05 0)
(-0.000609375 7.8125e-05 0)
(-0.000578125 7.8125e-05 0)
(-0.000546875 7.8125e-05 0)
(-0.000515625 7.8125e-05 0)
(0.000515625 7.8125e-05 0)
(0.000546875 7.8125e-05 -1.8334869e-20)
(0.000578125 7.8125e-05 0)
(0.000609375 7.8125e-05 0)
(0.000640625 7.8125e-05 0)
(0.000671875 7.8125e-05 -1.8334869e-20)
(0.000703125 7.8125e-05 0)
(0.000734375 7.8125e-05 0)
(0.000765625 7.8125e-05 0)
(0.000796875 7.8125e-05 -1.8334869e-20)
(0.000828125 7.8125e-05 0)
(0.000859375 7.8125e-05 0)
(0.000890625 7.8125e-05 0)
(0.000921875 7.8125e-05 0)
(0.000953125 7.8125e-05 0)
(0.000984375 7.8125e-05 0)
(-0.000984375 0.000109375 0)
(-0.000953125 0.000109375 0)
(-0.000921875 0.000109375 -5.3498771e-20)
(-0.000890625 0.000109375 0)
(-0.000859375 0.000109375 0)
(-0.000828125 0.000109375 0)
(-0.000796875 0.000109375 -3.5163902e-20)
(-0.000765625 0.000109375 0)
(-0.000734375 0.000109375 0)
(-0.000703125 0.000109375 0)
(-0.000671875 0.000109375 -5.3498771e-20)
(-0.000640625 0.000109375 0)
(-0.000609375 0.000109375 0)
(-0.000578125 0.000109375 0)
(-0.000546875 0.000109375 -3.5163902e-20)
(-0.000515625 0.000109375 0)
(0.000515625 0.000109375 0)
(0.000546875 0.000109375 -5.3498771e-20)
(0.000578125 0.000109375 0)
(0.000609375 0.000109375 0)
(0.000640625 0.000109375 0)
(0.000671875 0.000109375 -5.3498771e-20)
(0.000703125 0.000109375 0)
(0.000734375 0.000109375 0)
(0.000765625 0.000109375 0)
(0.000796875 0.000109375 -5.3498771e-20)
(0.000828125 0.000109375 0)
(0.000859375 0.000109375 0)
(0.000890625 0.000109375 0)
(0.000921875 0.000109375 -3.5163902e-20)
(0.000953125 0.000109375 0)
(0.000984375 0.000109375 0)
(-0.000984375 0.000140625 3.5163902e-20)
(-0.000953125 0.000140625 3.5163902e-20)
(-0.000921875 0.000140625 1.6829033e-20)
(-0.000890625 0.000140625 3.5163902e-20)
(-0.000859375 0.000140625 3.5163902e-20)
(-0.000828125 0.000140625 3.5163902e-20)
(-0.000796875 0.000140625 0)
(-0.000765625 0.000140625 3.5163902e-20)
(-0.000734375 0.000140625 3.5163902e-20)
(-0.000703125 0.000140625 3.5163902e-20)
(-0.000671875 0.000140625 1.6829033e-20)
(-0.000640625 0.000140625 3.5163902e-20)
(-0.000609375 0.000140625 3.5163902e-20)
(-0.000578125 0.000140625 3.5163902e-20)
(-0.000546875 0.000140625 0)
(-0.000515625 0.000140625 3.5163902e-20)
(-0.000484375 0.000140625 3.591682e-20)
(0.000484375 0.000140625 3.5163902e-20)
(0.000515625 0.000140625 3.5163902e-20)
(0.000546875 0.000140625 1.6829033e-20)
(0.000578125 0.000140625 3.5163902e-20)
(0.000609375 0.000140625 3.5163902e-20)
(0.000640625 0.000140625 3.5163902e-20)
(0.000671875 0.000140625 1.6829033e-20)
(0.000703125 0.000140625 3.5163902e-20)
(0.000734375 0.000140625 3.5163902e-20)
(0.000765625 0.000140625 3.5163902e-20)
(0.000796875 0.000140625 1.6829033e-20)
(0.000828125 0.000140625 3.5163902e-20)
(0.000859375 0.000140625 3.5163902e-20)
(0.000890625 0.000140625 3.5163902e-20)
(0.000921875 0.000140625 0)
(0.000953125 0.000140625 3.5163902e-20)
(0.000984375 0.000140625 3.5163902e-20)
(-0.000984375 0.000171875 3.5163902e-20)
(-0.000953125 0.000171875 3.5163902e-20)
(-0.000921875 0.000171875 -1.8334869e-20)
(-0.000890625 0.000171875 3.5163902e-20)
(-0.000859375 0.000171875 3.5163902e-20)
(-0.000828125 0.000171875 3.5163902e-20)
(-0.000796875 0.000171875 0)
(-0.000765625 0.000171875 3.5163902e-20)
(-0.000734375 0.000171875 3.5163902e-20)
(-0.000703125 0.000171875 3.5163902e-20)
(-0.000671875 0.000171875 -1.8334869e-20)
(-0.000640625 0.000171875 3.5163902e-20)
(-0.000609375 0.000171875 3.5163902e-20)
(-0.000578125 0.000171875 3.5163902e-20)
(-0.000546875 0.000171875 0)
(-0.000515625 0.000171875 3.5163902e-20)
(-0.000484375 0.000171875 3.591682e-20)
(0.000484375 0.000171875 3.5163902e-20)
(0.000515625 0.000171875 3.5163902e-20)
(0.000546875 0.000171875 -1.8334869e-20)
(0.000578125 0.000171875 3.5163902e-20)
(0.000609375 0.000171875 3.5163902e-20)
(0.000640625 0.000171875 3.5163902e-20)
(0.000671875 0.000171875 -1.8334869e-20)
(0.000703125 0.000171875 3.5163902e-20)
(0.000734375 0.000171875 3.5163902e-20)
(0.000765625 0.000171875 3.5163902e-20)
(0.000796875 0.000171875 -1.8334869e-20)
(0.000828125 0.000171875 3.5163902e-20)
(0.000859375 0.000171875 3.5163902e-20)
(0.000890625 0.000171875 3.5163902e-20)
(0.000921875 0.000171875 0)
(0.000953125 0.000171875 3.5163902e-20)
(0.000984375 0.000171875 3.5163902e-20)
(-0.000984375 0.000203125 3.5163902e-20)
(-0.000953125 0.000203125 3.5163902e-20)
(-0.000921875 0.000203125 -1.8334869e-20)
(-0.000890625 0.000203125 3.5163902e-20)
(-0.000859375 0.000203125 3.5163902e-20)
(-0.000828125 0.000203125 3.5163902e-20)
(-0.000796875 0.000203125 0)
(-0.000765625 0.000203125 3.5163902e-20)
(-0.000734375 0.000203125 3.5163902e-20)
(-0.000703125 0.000203125 3.5163902e-20)
(-0.000671875 0.000203125 -1.8334869e-20)
(-0.000640625 0.000203125 3.5163902e-20)
(-0.000609375 0.000203125 3.5163902e-20)
(-0.000578125 0.000203125 3.5163902e-20)
(-0.000546875 0.000203125 0)
(-0.000515625 0.000203125 3.5163902e-20)
(-0.000484375 0.000203125 3.591682e-20)
(0.000484375 0.000203125 3.5163902e-20)
(0.000515625 0.000203125 3.5163902e-20)
(0.000546875 0.000203125 -1.8334869e-20)
(0.000578125 0.000203125 3.5163902e-20)
(0.000609375 0.000203125 3.5163902e-20)
(0.000640625 0.000203125 3.5163902e-20)
(0.000671875 0.000203125 -1.8334869e-20)
(0.000703125 0.000203125 3.5163902e-20)
(0.000734375 0.000203125 3.5163902e-20)
(0.000765625 0.000203125 3.5163902e-20)
(0.000796875 0.000203125 -1.8334869e-20)
(0.000828125 0.000203125 3.5163902e-20)
(0.000859375 0.000203125 3.5163902e-20)
(0.000890625 0.000203125 3.5163902e-20)
(0.000921875 0.000203125 0)
(0.000953125 0.000203125 3.5163902e-20)
(0.000984375 0.000203125 3.5163902e-20)
(-0.000984375 0.000234375 0)
(-0.000953125 0.000234375 0)
(-0.000921875 0.000234375 -5.3498771e-20)
(-0.000890625 0.000234375 0)
(-0.000859375 0.000234375 0)
(-0.000828125 0.000234375 0)
(-0.000796875 0.000234375 -3.5163902e-20)
(-0.000765625 0.000234375 0)
(-0.000734375 0.000234375 0)
(-0.000703125 0.000234375 0)
(-0.000671875 0.000234375 -5.3498771e-20)
(-0.000640625 0.000234375 0)
(-0.000609375 0.000234375 0)
(-0.000578125 0.000234375 0)
(-0.000546875 0.000234375 -3.5163902e-20)
(-0.000515625 0.000234375 0)
(-0.000484375 0.000234375 0)
(-0.000453125 0.000234375 2.5243549e-20)
(0.000453125 0.000234375 0)
(0.000484375 0.000234375 0)
(0.000515625 0.000234375 0)
(0.000546875 0.000234375 -5.3498771e-20)
(0.000578125 0.000234375 0)
(0.000609375 0.000234375 0)
(0.000640625 0.000234375 0)
(0.000671875 0.000234375 -5.3498771e-20)
(0.000703125 0.000234375 0)
(0.000734375 0.000234375 0)
(0.000765625 0.000234375 0)
(0.000796875 0.000234375 -5.3498771e-20)
(0.000828125 0.000234375 0)
(0.000859375 0.000234375 0)
(0.000890625 0.000234375 0)
(0.000921875 0.000234375 -3.5163902e-20)
(0.000953125 0.000234375 0)
(0.000984375 0.000234375 0)
(-0.000984375 0.000265625 3.6669738e-20)
(-0.000953125 0.000265625 3.6669738e-20)
(-0.000921875 0.000265625 0)
(-0.000890625 0.000265625 3.6669738e-20)
(-0.000859375 0.000265625 3.6669738e-20)
(-0.000828125 0.000265625 3.6669738e-20)
(-0.000796875 0.000265625 0)
(-0.000765625 0.000265625 3.6669738e-20)
(-0.000734375 0.000265625 3.6669738e-20)
(-0.000703125 0.000265625 3.6669738e-20)
(-0.000671875 0.000265625 0)
(-0.000640625 0.000265625 3.6669738e-20)
(-0.000609375 0.000265625 3.6669738e-20)
(-0.000578125 0.000265625 3.6669738e-20)
(-0.000546875 0.000265625 0)
(-0.000515625 0.000265625 3.6669738e-20)
(-0.000484375 0.000265625 3.6669738e-20)
(-0.000453125 0.000265625 0)
(0.000453125 0.000265625 0)
(0.000484375 0.000265625 3.6669738e-20)
(0.000515625 0.000265625 3.6669738e-20)
(0.000546875 0.000265625 0)
(0.000578125 0.000265625 3.6669738e-20)
(0.000609375 0.000265625 3.6669738e-20)
(0.000640625 0.000265625 3.6669738e-20)
(0.000671875 0.000265625 0)
(0.000703125 0.000265625 3.6669738e-20)
(0.000734375 0.000265625 3.6669738e-20)
(0.000765625 0.000265625 3.6669738e-20)
(0.000796875 0.000265625 0)
(0.000828125 0.000265625 3.6669738e-20)
(0.000859375 0.000265625 3.6669738e-20)
(0.000890625 0.000265625 3.6669738e-20)
(0.000921875 0.000265625 0)
(0.000953125 0.000265625 3.6669738e-20)
(0.000984375 0.000265625 3.6669738e-20)
(-0.000984375 0.000296875 0)
(-0.000953125 0.000296875 0)
(-0.000921875 0.000296875 -1.8334869e-20)
(-0.000890625 0.000296875 0)
(-0.000859375 0.000296875 0)
(-0.000828125 0.000296875 0)
(-0.000796875 0.000296875 3.5163902e-20)
(-0.000765625 0.000296875 0)
(-0.000734375 0.000296875 0)
(-0.000703125 0.000296875 0)
(-0.000671875 0.000296875 -1.8334869e-20)
(-0.000640625 0.000296875 0)
(-0.000609375 0.000296875 0)
(-0.000578125 0.000296875 0)
(-0.000546875 0.000296875 3.5163902e-20)
(-0.000515625 0.000296875 0)
(-0.000484375 0.000296875 0)
(-0.000453125 0.000296875 -3.6669738e-20)
(-0.000421875 0.000296875 0)
(0.000421875 0.000296875 0)
(0.000453125 0.000296875 0)
(0.000484375 0.000296875 0)
(0.000515625 0.000296875 0)
(0.000546875 0.000296875 -1.8334869e-20)
(0.000578125 0.000296875 0)
(0.000609375 0.000296875 0)
(0.000640625 0.000296875 0)
(0.000671875 0.000296875 -1.8334869e-20)
(0.000703125 0.000296875 0)
(0.000734375 0.000296875 0)
(0.000765625 0.000296875 0)
(0.000796875 0.000296875 -1.8334869e-20)
(0.000828125 0.000296875 0)
(0.000859375 0.000296875 0)
(0.000890625 0.000296875 0)
(0.000921875 0.000296875 3.5163902e-20)
(0.000953125 0.000296875 0)
(0.000984375 0.000296875 0)
(-0.000984375 0.000328125 3.6669738e-20)
(-0.000953125 0.000328125 3.6669738e-20)
(-0.000921875 0.000328125 0)
(-0.000890625 0.000328125 3.6669738e-20)
(-0.000859375 0.000328125 3.6669738e-20)
(-0.000828125 0.000328125 3.6669738e-20)
(-0.000796875 0.000328125 0)
(-0.000765625 0.000328125 3.6669738e-20)
(-0.000734375 0.000328125 3.6669738e-20)
(-0.000703125 0.000328125 3.6669738e-20)
(-0.000671875 0.000328125 0)
(-0.000640625 0.000328125 3.6669738e-20)
(-0.000609375 0.000328125 3.6669738e-20)
(-0.000578125 0.000328125 3.6669738e-20)
(-0.000546875 0.000328125 0)
(-0.000515625 0.000328125 3.6669738e-20)
(-0.000484375 0.000328125 3.6669738e-20)
(-0.000453125 0.000328125 0)
(-0.000421875 0.000328125 3.6669738e-20)
(-0.000390625 0.000328125 0)
(0.000390625 0.000328125 0)
(0.000421875 0.000328125 3.6669738e-20)
(0.000453125 0.000328125 0)
(0.000484375 0.000328125 3.6669738e-20)
(0.000515625 0.000328125 3.6669738e-20)
(0.000546875 0.000328125 0)
(0.000578125 0.000328125 3.6669738e-20)
(0.000609375 0.000328125 3.6669738e-20)
(0.000640625 0.000328125 3.6669738e-20)
(0.000671875 0.000328125 0)
(0.000703125 0.000328125 3.6669738e-20)
(0.000734375 0.000328125 3.6669738e-20)
(0.000765625 0.000328125 3.6669738e-20)
(0.000796875 0.000328125 0)
(0.000828125 0.000328125 3.6669738e-20)
(0.000859375 0.000328125 3.6669738e-20)
(0.000890625 0.000328125 3.6669738e-20)
(0.000921875 0.000328125 0)
(0.000953125 0.000328125 3.6669738e-20)
(0.000984375 0.000328125 3.6669738e-20)
(-0.000984375 0.000359375 0)
(-0.000953125 0.000359375 0)
(-0.000921875 0.000359375 -1.8334869e-20)
(-0.000890625 0.000359375 0)
(-0.000859375 0.000359375 0)
(-0.000828125 0.000359375 0)
(-0.000796875 0.000359375 3.5163902e-20)
(-0.000765625 0.000359375 0)
(-0.000734375 0.000359375 0)
(-0.000703125 0.000359375 0)
(-0.000671875 0.000359375 -1.8334869e-20)
(-0.000640625 0.000359375 0)
(-0.000609375 0.000359375 0)
(-0.000578125 0.000359375 0)
(-0.000546875 0.000359375 3.5163902e-20)
(-0.000515625 0.000359375 0)
(-0.000484375 0.000359375 0)
(-0.000453125 0.000359375 -3.6669738e-20)
(-0.000421875 0.000359375 0)
(-0.000390625 0.000359375 0)
(-0.000359375 0.000359375 0)
(0.000359375 0.000359375 0)
(0.000390625 0.000359375 -3.6669738e-20)
(0.000421875 0.000359375 0)
(0.000453125 0.000359375 0)
(0.000484375 0.000359375 0)
(0.000515625 0.000359375 0)
(0.000546875 0.000359375 -1.8334869e-20)
(0.000578125 0.000359375 0)
(0.000609375 0.000359375 0)
(0.000640625 0.000359375 0)
(0.000671875 0.000359375 -1.8334869e-20)
(0.000703125 0.000359375 0)
(0.000734375 0.000359375 0)
(0.000765625 0.000359375 0)
(0.000796875 0.000359375 -1.8334869e-20)
(0.000828125 0.000359375 0)
(0.000859375 0.000359375 0)
(0.000890625 0.000359375 0)
(0.000921875 0.000359375 3.5163902e-20)
(0.000953125 0.000359375 0)
(0.000984375 0.000359375 0)
(-0.000984375 0.000390625 3.6669738e-20)
(-0.000953125 0.000390625 3.6669738e-20)
(-0.000921875 0.000390625 0)
(-0.000890625 0.000390625 3.6669738e-20)
(-0.000859375 0.000390625 3.6669738e-20)
(-0.000828125 0.000390625 3.6669738e-20)
(-0.000796875 0.000390625 0)
(-0.000765625 0.000390625 3.6669738e-20)
(-0.000734375 0.000390625 3.6669738e-20)
(-0.000703125 0.000390625 3.6669738e-20)
(-0.000671875 0.000390625 0)
(-0.000640625 0.000390625 3.6669738e-20)
(-0.000609375 0.000390625 3.6669738e-20)
(-0.000578125 0.000390625 3.6669738e-20)
(-0.000546875 0.000390625 0)
(-0.000515625 0.000390625 3.6669738e-20)
(-0.000484375 0.000390625 3.6669738e-20)
(-0.000453125 0.000390625 0)
(-0.000421875 0.000390625 3.6669738e-20)
(-0.000390625 0.000390625 0)
(-0.000359375 0.000390625 3.6669738e-20)
(-0.000328125 0.000390625 0)
(0.000328125 0.000390625 0)
(0.000359375 0.000390625 3.6669738e-20)
(0.000390625 0.000390625 0)
(0.000421875 0.000390625 3.6669738e-20)
(0.000453125 0.000390625 0)
(0.000484375 0.000390625 3.6669738e-20)
(0.000515625 0.000390625 3.6669738e-20)
(0.000546875 0.000390625 0)
(0.000578125 0.000390625 3.6669738e-20)
(0.000609375 0.000390625 3.6669738e-20)
(0.000640625 0.000390625 3.6669738e-20)
(0.000671875 0.000390625 0)
(0.000703125 0.000390625 3.6669738e-20)
(0.000734375 0.000390625 3.6669738e-20)
(0.000765625 0.000390625 3.6669738e-20)
(0.000796875 0.000390625 0)
(0.000828125 0.000390625 3.6669738e-20)
(0.000859375 0.000390625 3.6669738e-20)
(0.000890625 0.000390625 3.6669738e-20)
(0.000921875 0.000390625 0)
(0.000953125 0.000390625 3.6669738e-20)
(0.000984375 0.000390625 3.6669738e-20)
(-0.000984375 0.000421875 0)
(-0.000953125 0.000421875 0)
(-0.000921875 0.000421875 -1.8334869e-20)
(-0.000890625 0.000421875 0)
(-0.000859375 0.000421875 0)
(-0.000828125 0.000421875 0)
(-0.000796875 0.000421875 3.5163902e-20)
(-0.000765625 0.000421875 0)
(-0.000734375 0.000421875 0)
(-0.000703125 0.000421875 0)
(-0.000671875 0.000421875 -1.8334869e-20)
(-0.000640625 0.000421875 0)
(-0.000609375 0.000421875 0)
(-0.000578125 0.000421875 0)
(-0.000546875 0.000421875 3.5163902e-20)
(-0.000515625 0.000421875 0)
(-0.000484375 0.000421875 0)
(-0.000453125 0.000421875 -3.6669738e-20)
(-0.000421875 0.000421875 0)
(-0.000390625 0.000421875 0)
(-0.000359375 0.000421875 0)
(-0.000328125 0.000421875 -3.6669738e-20)
(-0.000296875 0.000421875 0)
(0.000296875 0.000421875 0)
(0.000328125 0.000421875 -3.6669738e-20)
(0.000359375 0.000421875 0)
(0.000390625 0.000421875 -3.6669738e-20)
(0.000421875 0.000421875 0)
(0.000453125 0.000421875 0)
(0.000484375 0.000421875 0)
(0.000515625 0.000421875 0)
(0.000546875 0.000421875 -1.8334869e-20)
(0.000578125 0.000421875 0)
(0.000609375 0.000421875 0)
(0.000640625 0.000421875 0)
(0.000671875 0.000421875 -1.8334869e-20)
(0.000703125 0.000421875 0)
(0.000734375 0.000421875 0)
(0.000765625 0.000421875 0)
(0.000796875 0.000421875 -1.8334869e-20)
(0.000828125 0.000421875 0)
(0.000859375 0.000421875 0)
(0.000890625 0.000421875 0)
(0.000921875 0.000421875 3.5163902e-20)
(0.000953125 0.000421875 0)
(0.000984375 0.000421875 0)
(-0.000984375 0.000453125 0)
(-0.000953125 0.000453125 0)
(-0.000921875 0.000453125 0)
(-0.000890625 0.000453125 0)
(-0.000859375 0.000453125 0)
(-0.000828125 0.000453125 0)
(-0.000796875 0.000453125 0)
(-0.000765625 0.000453125 0)
(-0.000734375 0.000453125 0)
(-0.000703125 0.000453125 0)
(-0.000671875 0.000453125 0)
(-0.000640625 0.000453125 0)
(-0.000609375 0.000453125 0)
(-0.000578125 0.000453125 0)
(-0.000546875 0.000453125 0)
(-0.000515625 0.000453125 0)
(-0.000484375 0.000453125 0)
(-0.000453125 0.000453125 0)
(-0.000421875 0.000453125 0)
(-0.000390625 0.000453125 0)
(-0.000359375 0.000453125 0)
(-0.000328125 0.000453125 0)
(-0.000296875 0.000453125 0)
(-0.000265625 0.000453125 0)
(-0.000234375 0.000453125 0)
(0.000234375 0.000453125 0)
(0.000265625 0.000453125 0)
(0.000296875 0.000453125 0)
(0.000328125 0.000453125 0)
(0.000359375 0.000453125 0)
(0.000390625 0.000453125 0)
(0.000421875 0.000453125 0)
(0.000453125 0.000453125 0)
(0.000484375 0.000453125 0)
(0.000515625 0.000453125 0)
(0.000546875 0.000453125 0)
(0.000578125 0.000453125 0)
(0.000609375 0.000453125 0)
(0.000640625 0.000453125 0)
(0.000671875 0.000453125 0)
(0.000703125 0.000453125 0)
(0.000734375 0.000453125 0)
(0.000765625 0.000453125 0)
(0.000796875 0.000453125 0)
(0.000828125 0.000453125 0)
(0.000859375 0.000453125 0)
(0.000890625 0.000453125 0)
(0.000921875 0.000453125 0)
(0.000953125 0.000453125 0)
(0.000984375 0.000453125 0)
(-0.000984375 0.000484375 0)
(-0.000953125 0.000484375 0)
(-0.000921875 0.000484375 -1.8334869e-20)
(-0.000890625 0.000484375 0)
(-0.000859375 0.000484375 0)
(-0.000828125 0.000484375 0)
(-0.000796875 0.000484375 3.5163902e-20)
(-0.000765625 0.000484375 0)
(-0.000734375 0.000484375 0)
(-0.000703125 0.000484375 0)
(-0.000671875 0.000484375 -1.8334869e-20)
(-0.000640625 0.000484375 0)
(-0.000609375 0.000484375 0)
(-0.000578125 0.000484375 0)
(-0.000546875 0.000484375 3.5163902e-20)
(-0.000515625 0.000484375 0)
(-0.000484375 0.000484375 0)
(-0.000453125 0.000484375 -3.6669738e-20)
(-0.000421875 0.000484375 0)
(-0.000390625 0.000484375 0)
(-0.000359375 0.000484375 0)
(-0.000328125 0.000484375 -3.6669738e-20)
(-0.000296875 0.000484375 0)
(-0.000265625 0.000484375 0)
(-0.000234375 0.000484375 -3.5163902e-20)
(-0.000203125 0.000484375 0)
(-0.000171875 0.000484375 -3.5163902e-20)
(-0.000140625 0.000484375 0)
(0.000140625 0.000484375 -3.5163902e-20)
(0.000171875 0.000484375 -3.5163902e-20)
(0.000203125 0.000484375 -3.5163902e-20)
(0.000234375 0.000484375 0)
(0.000265625 0.000484375 -3.6669738e-20)
(0.000296875 0.000484375 0)
(0.000328125 0.000484375 -3.6669738e-20)
(0.000359375 0.000484375 0)
(0.000390625 0.000484375 -3.6669738e-20)
(0.000421875 0.000484375 0)
(0.000453125 0.000484375 0)
(0.000484375 0.000484375 0)
(0.000515625 0.000484375 0)
(0.000546875 0.000484375 -1.8334869e-20)
(0.000578125 0.000484375 0)
(0.000609375 0.000484375 0)
(0.000640625 0.000484375 0)
(0.000671875 0.000484375 -1.8334869e-20)
(0.000703125 0.000484375 0)
(0.000734375 0.000484375 0)
(0.000765625 0.000484375 0)
(0.000796875 0.000484375 -1.8334869e-20)
(0.000828125 0.000484375 0)
(0.000859375 0.000484375 0)
(0.000890625 0.000484375 0)
(0.000921875 0.000484375 3.5163902e-20)
(0.000953125 0.000484375 0)
(0.000984375 0.000484375 0)
(-0.000984375 0.000515625 0)
(-0.000953125 0.000515625 0)
(-0.000921875 0.000515625 -1.8334869e-20)
(-0.000890625 0.000515625 0)
(-0.000859375 0.000515625 0)
(-0.000828125 0.000515625 0)
(-0.000796875 0.000515625 3.5163902e-20)
(-0.000765625 0.000515625 0)
(-0.000734375 0.000515625 0)
(-0.000703125 0.000515625 0)
(-0.000671875 0.000515625 -1.8334869e-20)
(-0.000640625 0.000515625 0)
(-0.000609375 0.000515625 0)
(-0.000578125 0.000515625 0)
(-0.000546875 0.000515625 3.5163902e-20)
(-0.000515625 0.000515625 0)
(-0.000484375 0.000515625 0)
(-0.000453125 0.000515625 -3.6669738e-20)
(-0.000421875 0.000515625 0)
(-0.000390625 0.000515625 0)
(-0.000359375 0.000515625 0)
(-0.000328125 0.000515625 -3.6669738e-20)
(-0.000296875 0.000515625 0)
(-0.000265625 0.000515625 0)
(-0.000234375 0.000515625 -3.5163902e-20)
(-0.000203125 0.000515625 0)
(-0.000171875 0.000515625 -3.5163902e-20)
(-0.000140625 0.000515625 0)
(-0.000109375 0.000515625 0)
(-7.8125e-05 0.000515625 0)
(-4.6875e-05 0.000515625 0)
(-1.5625e-05 0.000515625 0)
(1.5625e-05 0.000515625 0)
(4.6875e-05 0.000515625 0)
(7.8125e-05 0.000515625 0)
(0.000109375 0.000515625 0)
(0.000140625 0.000515625 -3.5163902e-20)
(0.000171875 0.000515625 -3.5163902e-20)
(0.000203125 0.000515625 -3.5163902e-20)
(0.000234375 0.000515625 0)
(0.000265625 0.000515625 -3.6669738e-20)
(0.000296875 0.000515625 0)
(0.000328125 0.000515625 -3.6669738e-20)
(0.000359375 0.000515625 0)
(0.000390625 0.000515625 -3.6669738e-20)
(0.000421875 0.000515625 0)
(0.000453125 0.000515625 0)
(0.000484375 0.000515625 0)
(0.000515625 0.000515625 0)
(0.000546875 0.000515625 -1.8334869e-20)
(0.000578125 0.000515625 0)
(0.000609375 0.000515625 0)
(0.000640625 0.000515625 0)
(0.000671875 0.000515625 -1.8334869e-20)
(0.000703125 0.000515625 0)
(0.000734375 0.000515625 0)
(0.000765625 0.000515625 0)
(0.000796875 0.000515625 -1.8334869e-20)
(0.000828125 0.000515625 0)
(0.000859375 0.000515625 0)
(0.000890625 0.000515625 0)
(0.000921875 0.000515625 3.5163902e-20)
(0.000953125 0.000515625 0)
(0.000984375 0.000515625 0)
(-0.000984375 0.000546875 1.8334869e-20)
(-0.000953125 0.000546875 1.8334869e-20)
(-0.000921875 0.000546875 0)
(-0.000890625 0.000546875 1.8334869e-20)
(-0.000859375 0.000546875 1.8334869e-20)
(-0.000828125 0.000546875 1.8334869e-20)
(-0.000796875 0.000546875 0)
(-0.000765625 0.000546875 1.8334869e-20)
(-0.000734375 0.000546875 1.8334869e-20)
(-0.000703125 0.000546875 1.8334869e-20)
(-0.000671875 0.000546875 0)
(-0.000640625 0.000546875 1.8334869e-20)
(-0.000609375 0.000546875 1.8334869e-20)
(-0.000578125 0.000546875 1.8334869e-20)
(-0.000546875 0.000546875 0)
(-0.000515625 0.000546875 1.8334869e-20)
(-0.000484375 0.000546875 1.8334869e-20)
(-0.000453125 0.000546875 0)
(-0.000421875 0.000546875 1.8334869e-20)
(-0.000390625 0.000546875 0)
(-0.000359375 0.000546875 1.8334869e-20)
(-0.000328125 0.000546875 0)
(-0.000296875 0.000546875 1.8334869e-20)
(-0.000265625 0.000546875 0)
(-0.000234375 0.000546875 -1.6829033e-20)
(-0.000203125 0.000546875 5.3498771e-20)
(-0.000171875 0.000546875 1.8334869e-20)
(-0.000140625 0.000546875 5.3498771e-20)
(-0.000109375 0.000546875 -1.6829033e-20)
(-7.8125e-05 0.000546875 1.8334869e-20)
(-4.6875e-05 0.000546875 1.8334869e-20)
(-1.5625e-05 0.000546875 1.8334869e-20)
(1.5625e-05 0.000546875 1.8334869e-20)
(4.6875e-05 0.000546875 1.8334869e-20)
(7.8125e-05 0.000546875 1.8334869e-20)
(0.000109375 0.000546875 5.3498771e-20)
(0.000140625 0.000546875 -1.6829033e-20)
(0.000171875 0.000546875 1.8334869e-20)
(0.000203125 0.000546875 1.8334869e-20)
(0.000234375 0.000546875 5.3498771e-20)
(0.000265625 0.000546875 0)
(0.000296875 0.000546875 1.8334869e-20)
(0.000328125 0.000546875 0)
(0.000359375 0.000546875 1.8334869e-20)
(0.000390625 0.000546875 0)
(0.000421875 0.000546875 1.8334869e-20)
(0.000453125 0.000546875 0)
(0.000484375 0.000546875 1.8334869e-20)
(0.000515625 0.000546875 1.8334869e-20)
(0.000546875 0.000546875 0)
(0.000578125 0.000546875 1.8334869e-20)
(0.000609375 0.000546875 1.8334869e-20)
(0.000640625 0.000546875 1.8334869e-20)
(0.000671875 0.000546875 0)
(0.000703125 0.000546875 1.8334869e-20)
(0.000734375 0.000546875 1.8334869e-20)
(0.000765625 0.000546875 1.8334869e-20)
(0.000796875 0.000546875 0)
(0.000828125 0.000546875 1.8334869e-20)
(0.000859375 0.000546875 1.8334869e-20)
(0.000890625 0.000546875 1.8334869e-20)
(0.000921875 0.000546875 0)
(0.000953125 0.000546875 1.8334869e-20)
(0.000984375 0.000546875 1.8334869e-20)
(-0.000984375 0.000578125 0)
(-0.000953125 0.000578125 0)
(-0.000921875 0.000578125 -1.8334869e-20)
(-0.000890625 0.000578125 0)
(-0.000859375 0.000578125 0)
(-0.000828125 0.000578125 0)
(-0.000796875 0.000578125 3.5163902e-20)
(-0.000765625 0.000578125 0)
(-0.000734375 0.000578125 0)
(-0.000703125 0.000578125 0)
(-0.000671875 0.000578125 -1.8334869e-20)
(-0.000640625 0.000578125 0)
(-0.000609375 0.000578125 0)
(-0.000578125 0.000578125 0)
(-0.000546875 0.000578125 3.5163902e-20)
(-0.000515625 0.000578125 0)
(-0.000484375 0.000578125 0)
(-0.000453125 0.000578125 -3.6669738e-20)
(-0.000421875 0.000578125 0)
(-0.000390625 0.000578125 0)
(-0.000359375 0.000578125 0)
(-0.000328125 0.000578125 -3.6669738e-20)
(-0.000296875 0.000578125 0)
(-0.000265625 0.000578125 0)
(-0.000234375 0.000578125 -3.5163902e-20)
(-0.000203125 0.000578125 0)
(-0.000171875 0.000578125 -3.5163902e-20)
(-0.000140625 0.000578125 0)
(-0.000109375 0.000578125 0)
(-7.8125e-05 0.000578125 0)
(-4.6875e-05 0.000578125 0)
(-1.5625e-05 0.000578125 0)
(1.5625e-05 0.000578125 0)
(4.6875e-05 0.000578125 0)
(7.8125e-05 0.000578125 0)
(0.000109375 0.000578125 0)
(0.000140625 0.000578125 -3.5163902e-20)
(0.000171875 0.000578125 -3.5163902e-20)
(0.000203125 0.000578125 -3.5163902e-20)
(0.000234375 0.000578125 0)
(0.000265625 0.000578125 -3.6669738e-20)
(0.000296875 0.000578125 0)
(0.000328125 0.000578125 -3.6669738e-20)
(0.000359375 0.000578125 0)
(0.000390625 0.000578125 -3.6669738e-20)
(0.000421875 0.000578125 0)
(0.000453125 0.000578125 0)
(0.000484375 0.000578125 0)
(0.000515625 0.000578125 0)
(0.000546875 0.000578125 -1.8334869e-20)
(0.000578125 0.000578125 0)
(0.000609375 0.000578125 0)
(0.000640625 0.000578125 0)
(0.000671875 0.000578125 -1.8334869e-20)
(0.000703125 0.000578125 0)
(0.000734375 0.000578125 0)
(0.000765625 0.000578125 0)
(0.000796875 0.000578125 -1.8334869e-20)
(0.000828125 0.000578125 0)
(0.000859375 0.000578125 0)
(0.000890625 0.000578125 0)
(0.000921875 0.000578125 3.5163902e-20)
(0.000953125 0.000578125 0)
(0.000984375 0.000578125 0)
(-0.000984375 0.000609375 0)
(-0.000953125 0.000609375 0)
(-0.000921875 0.000609375 -1.8334869e-20)
(-0.000890625 0.000609375 0)
(-0.000859375 0.000609375 0)
(-0.000828125 0.000609375 0)
(-0.000796875 0.000609375 3.5163902e-20)
(-0.000765625 0.000609375 0)
(-0.000734375 0.000609375 0)
(-0.000703125 0.000609375 0)
(-0.000671875 0.000609375 -1.8334869e-20)
(-0.000640625 0.000609375 0)
(-0.000609375 0.000609375 0)
(-0.000578125 0.000609375 0)
(-0.000546875 0.000609375 3.5163902e-20)
(-0.000515625 0.000609375 0)
(-0.000484375 0.000609375 0)
(-0.000453125 0.000609375 -3.6669738e-20)
(-0.000421875 0.000609375 0)
(-0.000390625 0.000609375 0)
(-0.000359375 0.000609375 0)
(-0.000328125 0.000609375 -3.6669738e-20)
(-0.000296875 0.000609375 0)
(-0.000265625 0.000609375 0)
(-0.000234375 0.000609375 -3.5163902e-20)
(-0.000203125 0.000609375 0)
(-0.000171875 0.000609375 -3.5163902e-20)
(-0.000140625 0.000609375 0)
(-0.000109375 0.000609375 0)
(-7.8125e-05 0.000609375 0)
(-4.6875e-05 0.000609375 0)
(-1.5625e-05 0.000609375 0)
(1.5625e-05 0.000609375 0)
(4.6875e-05 0.000609375 0)
(7.8125e-05 0.000609375 0)
(0.000109375 0.000609375 0)
(0.000140625 0.000609375 -3.5163902e-20)
(0.000171875 0.000609375 -3.5163902e-20)
(0.000203125 0.000609375 -3.5163902e-20)
(0.000234375 0.000609375 0)
(0.000265625 0.000609375 -3.6669738e-20)
(0.000296875 0.000609375 0)
(0.000328125 0.000609375 -3.6669738e-20)
(0.000359375 0.000609375 0)
(0.000390625 0.000609375 -3.6669738e-20)
(0.000421875 0.000609375 0)
(0.000453125 0.000609375 0)
(0.000484375 0.000609375 0)
(0.000515625 0.000609375 0)
(0.000546875 0.000609375 -1.8334869e-20)
(0.000578125 0.000609375 0)
(0.000609375 0.000609375 0)
(0.000640625 0.000609375 0)
(0.000671875 0.000609375 -1.8334869e-20)
(0.000703125 0.000609375 0)
(0.000734375 0.000609375 0)
(0.000765625 0.000609375 0)
(0.000796875 0.000609375 -1.8334869e-20)
(0.000828125 0.000609375 0)
(0.000859375 0.000609375 0)
(0.000890625 0.000609375 0)
(0.000921875 0.000609375 3.5163902e-20)
(0.000953125 0.000609375 0)
(0.000984375 0.000609375 0)
(-0.000984375 0.000640625 0)
(-0.000953125 0.000640625 0)
(-0.000921875 0.000640625 -1.8334869e-20)
(-0.000890625 0.000640625 0)
(-0.000859375 0.000640625 0)
(-0.000828125 0.000640625 0)
(-0.000796875 0.000640625 3.5163902e-20)
(-0.000765625 0.000640625 0)
(-0.000734375 0.000640625 0)
(-0.000703125 0.000640625 0)
(-0.000671875 0.000640625 -1.8334869e-20)
(-0.000640625 0.000640625 0)
(-0.000609375 0.000640625 0)
(-0.000578125 0.000640625 0)
(-0.000546875 0.000640625 3.5163902e-20)
(-0.000515625 0.000640625 0)
(-0.000484375 0.000640625 0)
(-0.000453125 0.000640625 -3.6669738e-20)
(-0.000421875 0.000640625 0)
(-0.000390625 0.000640625 0)
(-0.000359375 0.000640625 0)
(-0.000328125 0.000640625 -3.6669738e-20)
(-0.000296875 0.000640625 0)
(-0.000265625 0.000640625 0)
(-0.000234375 0.000640625 -3.5163902e-20)
(-0.000203125 0.000640625 0)
(-0.000171875 0.000640625 -3.5163902e-20)
(-0.000140625 0.000640625 0)
(-0.000109375 0.000640625 0)
(-7.8125e-05 0.000640625 0)
(-4.6875e-05 0.000640625 0)
(-1.5625e-05 0.000640625 0)
(1.5625e-05 0.000640625 0)
(4.6875e-05 0.000640625 0)
(7.8125e-05 0.000640625 0)
(0.000109375 0.000640625 0)
(0.000140625 0.000640625 -3.5163902e-20)
(0.000171875 0.000640625 -3.5163902e-20)
(0.000203125 0.000640625 -3.5163902e-20)
(0.000234375 0.000640625 0)
(0.000265625 0.000640625 -3.6669738e-20)
(0.000296875 0.000640625 0)
(0.000328125 0.000640625 -3.6669738e-20)
(0.000359375 0.000640625 0)
(0.000390625 0.000640625 -3.6669738e-20)
(0.000421875 0.000640625 0)
(0.000453125 0.000640625 0)
(0.000484375 0.000640625 0)
(0.000515625 0.000640625 0)
(0.000546875 0.000640625 -1.8334869e-20)
(0.000578125 0.000640625 0)
(0.000609375 0.000640625 0)
(0.000640625 0.000640625 0)
(0.000671875 0.000640625 -1.8334869e-20)
(0.000703125 0.000640625 0)
(0.000734375 0.000640625 0)
(0.000765625 0.000640625 0)
(0.000796875 0.000640625 -1.8334869e-20)
(0.000828125 0.000640625 0)
(0.000859375 0.000640625 0)
(0.000890625 0.000640625 0)
(0.000921875 0.000640625 3.5163902e-20)
(0.000953125 0.000640625 0)
(0.000984375 0.000640625 0)
(-0.000984375 0.000671875 1.8334869e-20)
(-0.000953125 0.000671875 1.8334869e-20)
(-0.000921875 0.000671875 0)
(-0.000890625 0.000671875 1.8334869e-20)
(-0.000859375 0.000671875 1.8334869e-20)
(-0.000828125 0.000671875 1.8334869e-20)
(-0.000796875 0.000671875 0)
(-0.000765625 0.000671875 1.8334869e-20)
(-0.000734375 0.000671875 1.8334869e-20)
(-0.000703125 0.000671875 1.8334869e-20)
(-0.000671875 0.000671875 0)
(-0.000640625 0.000671875 1.8334869e-20)
(-0.000609375 0.000671875 1.8334869e-20)
(-0.000578125 0.000671875 1.8334869e-20)
(-0.000546875 0.000671875 0)
(-0.000515625 0.000671875 1.8334869e-20)
(-0.000484375 0.000671875 1.8334869e-20)
(-0.000453125 0.000671875 0)
(-0.000421875 0.000671875 1.8334869e-20)
(-0.000390625 0.000671875 0)
(-0.000359375 0.000671875 1.8334869e-20)
(-0.000328125 0.000671875 0)
(-0.000296875 0.000671875 1.8334869e-20)
(-0.000265625 0.000671875 0)
(-0.000234375 0.000671875 -1.6829033e-20)
(-0.000203125 0.000671875 5.3498771e-20)
(-0.000171875 0.000671875 1.8334869e-20)
(-0.000140625 0.000671875 5.3498771e-20)
(-0.000109375 0.000671875 -1.6829033e-20)
(-7.8125e-05 0.000671875 1.8334869e-20)
(-4.6875e-05 0.000671875 1.8334869e-20)
(-1.5625e-05 0.000671875 1.8334869e-20)
(1.5625e-05 0.000671875 1.8334869e-20)
(4.6875e-05 0.000671875 1.8334869e-20)
(7.8125e-05 0.000671875 1.8334869e-20)
(0.000109375 0.000671875 5.3498771e-20)
(0.000140625 0.000671875 -1.6829033e-20)
(0.000171875 0.000671875 1.8334869e-20)
(0.000203125 0.000671875 1.8334869e-20)
(0.000234375 0.000671875 5.3498771e-20)
(0.000265625 0.000671875 0)
(0.000296875 0.000671875 1.8334869e-20)
(0.000328125 0.000671875 0)
(0.000359375 0.000671875 1.8334869e-20)
(0.000390625 0.000671875 0)
(0.000421875 0.000671875 1.8334869e-20)
(0.000453125 0.000671875 0)
(0.000484375 0.000671875 1.8334869e-20)
(0.000515625 0.000671875 1.8334869e-20)
(0.000546875 0.000671875 0)
(0.000578125 0.000671875 1.8334869e-20)
(0.000609375 0.000671875 1.8334869e-20)
(0.000640625 0.000671875 1.8334869e-20)
(0.000671875 0.000671875 0)
(0.000703125 0.000671875 1.8334869e-20)
(0.000734375 0.000671875 1.8334869e-20)
(0.000765625 0.000671875 1.8334869e-20)
(0.000796875 0.000671875 0)
(0.000828125 0.000671875 1.8334869e-20)
(0.000859375 0.000671875 1.8334869e-20)
(0.000890625 0.000671875 1.8334869e-20)
(0.000921875 0.000671875 0)
(0.000953125 0.000671875 1.8334869e-20)
(0.000984375 0.000671875 1.8334869e-20)
(-0.000984375 0.000703125 0)
(-0.000953125 0.000703125 0)
(-0.000921875 0.000703125 -1.8334869e-20)
(-0.000890625 0.000703125 0)
(-0.000859375 0.000703125 0)
(-0.000828125 0.000703125 0)
(-0.000796875 0.000703125 3.5163902e-20)
(-0.000765625 0.000703125 0)
(-0.000734375 0.000703125 0)
(-0.000703125 0.000703125 0)
(-0.000671875 0.000703125 -1.8334869e-20)
(-0.000640625 0.000703125 0)
(-0.000609375 0.000703125 0)
(-0.000578125 0.000703125 0)
(-0.000546875 0.000703125 3.5163902e-20)
(-0.000515625 0.000703125 0)
(-0.000484375 0.000703125 0)
(-0.000453125 0.000703125 -3.6669738e-20)
(-0.000421875 0.000703125 0)
(-0.000390625 0.000703125 0)
(-0.000359375 0.000703125 0)
(-0.000328125 0.000703125 -3.6669738e-20)
(-0.000296875 0.000703125 0)
(-0.000265625 0.000703125 0)
(-0.000234375 0.000703125 -3.5163902e-20)
(-0.000203125 0.000703125 0)
(-0.000171875 0.000703125 -3.5163902e-20)
(-0.000140625 0.000703125 0)
(-0.000109375 0.000703125 0)
(-7.8125e-05 0.000703125 0)
(-4.6875e-05 0.000703125 0)
(-1.5625e-05 0.000703125 0)
(1.5625e-05 0.000703125 0)
(4.6875e-05 0.000703125 0)
(7.8125e-05 0.000703125 0)
(0.000109375 0.000703125 0)
(0.000140625 0.000703125 -3.5163902e-20)
(0.000171875 0.000703125 -3.5163902e-20)
(0.000203125 0.000703125 -3.5163902e-20)
(0.000234375 0.000703125 0)
(0.000265625 0.000703125 -3.6669738e-20)
(0.000296875 0.000703125 0)
(0.000328125 0.000703125 -3.6669738e-20)
(0.000359375 0.000703125 0)
(0.000390625 0.000703125 -3.6669738e-20)
(0.000421875 0.000703125 0)
(0.000453125 0.000703125 0)
(0.000484375 0.000703125 0)
(0.000515625 0.000703125 0)
(0.000546875 0.000703125 -1.8334869e-20)
(0.000578125 0.000703125 0)
(0.000609375 0.000703125 0)
(0.000640625 0.000703125 0)
(0.000671875 0.000703125 -1.8334869e-20)
(0.000703125 0.000703125 0)
(0.000734375 0.000703125 0)
(0.000765625 0.000703125 0)
(0.000796875 0.000703125 -1.8334869e-20)
(0.000828125 0.000703125 0)
(0.000859375 0.000703125 0)
(0.000890625 0.000703125 0)
(0.000921875 0.000703125 3.5163902e-20)
(0.000953125 0.000703125 0)
(0.000984375 0.000703125 0)
(-0.000984375 0.000734375 0)
(-0.000953125 0.000734375 0)
(-0.000921875 0.000734375 -1.8334869e-20)
(-0.000890625 0.000734375 0)
(-0.000859375 0.000734375 0)
(-0.000828125 0.000734375 0)
(-0.000796875 0.000734375 3.5163902e-20)
(-0.000765625 0.000734375 0)
(-0.000734375 0.000734375 0)
(-0.000703125 0.000734375 0)
(-0.000671875 0.000734375 -1.8334869e-20)
(-0.000640625 0.000734375 0)
(-0.000609375 0.000734375 0)
(-0.000578125 0.000734375 0)
(-0.000546875 0.000734375 3.5163902e-20)
(-0.000515625 0.000734375 0)
(-0.000484375 0.000734375 0)
(-0.000453125 0.000734375 -3.6669738e-20)
(-0.000421875 0.000734375 0)
(-0.000390625 0.000734375 0)
(-0.000359375 0.000734375 0)
(-0.000328125 0.000734375 -3.6669738e-20)
(-0.000296875 0.000734375 0)
(-0.000265625 0.000734375 0)
(-0.000234375 0.000734375 -3.5163902e-20)
(-0.000203125 0.000734375 0)
(-0.000171875 0.000734375 -3.5163902e-20)
(-0.000140625 0.000734375 0)
(-0.000109375 0.000734375 0)
(-7.8125e-05 0.000734375 0)
(-4.6875e-05 0.000734375 0)
(-1.5625e-05 0.000734375 0)
(1.5625e-05 0.000734375 0)
(4.6875e-05 0.000734375 0)
(7.8125e-05 0.000734375 0)
(0.000109375 0.000734375 0)
(0.000140625 0.000734375 -3.5163902e-20)
(0.000171875 0.000734375 -3.5163902e-20)
(0.000203125 0.000734375 -3.5163902e-20)
(0.000234375 0.000734375 0)
(0.000265625 0.000734375 -3.6669738e-20)
(0.000296875 0.000734375 0)
(0.000328125 0.000734375 -3.6669738e-20)
(0.000359375 0.000734375 0)
(0.000390625 0.000734375 -3.6669738e-20)
(0.000421875 0.000734375 0)
(0.000453125 0.000734375 0)
(0.000484375 0.000734375 0)
(0.000515625 0.000734375 0)
(0.000546875 0.000734375 -1.8334869e-20)
(0.000578125 0.000734375 0)
(0.000609375 0.000734375 0)
(0.000640625 0.000734375 0)
(0.000671875 0.000734375 -1.8334869e-20)
(0.000703125 0.000734375 0)
(0.000734375 0.000734375 0)
(0.000765625 0.000734375 0)
(0.000796875 0.000734375 -1.8334869e-20)
(0.000828125 0.000734375 0)
(0.000859375 0.000734375 0)
(0.000890625 0.000734375 0)
(0.000921875 0.000734375 3.5163902e-20)
(0.000953125 0.000734375 0)
(0.000984375 0.000734375 0)
(-0.000984375 0.000765625 0)
(-0.000953125 0.000765625 0)
(-0.000921875 0.000765625 -1.8334869e-20)
(-0.000890625 0.000765625 0)
(-0.000859375 0.000765625 0)
(-0.000828125 0.000765625 0)
(-0.000796875 0.000765625 3.5163902e-20)
(-0.000765625 0.000765625 0)
(-0.000734375 0.000765625 0)
(-0.000703125 0.000765625 0)
(-0.000671875 0.000765625 -1.8334869e-20)
(-0.000640625 0.000765625 0)
(-0.000609375 0.000765625 0)
(-0.000578125 0.000765625 0)
(-0.000546875 0.000765625 3.5163902e-20)
(-0.000515625 0.000765625 0)
(-0.000484375 0.000765625 0)
(-0.000453125 0.000765625 -3.6669738e-20)
(-0.000421875 0.000765625 0)
(-0.000390625 0.000765625 0)
(-0.000359375 0.000765625 0)
(-0.000328125 0.000765625 -3.6669738e-20)
(-0.000296875 0.000765625 0)
(-0.000265625 0.000765625 0)
(-0.000234375 0.000765625 -3.5163902e-20)
(-0.000203125 0.000765625 0)
(-0.000171875 0.000765625 -3.5163902e-20)
(-0.000140625 0.000765625 0)
(-0.000109375 0.000765625 0)
(-7.8125e-05 0.000765625 0)
(-4.6875e-05 0.000765625 0)
(-1.5625e-05 0.000765625 0)
(1.5625e-05 0.000765625 0)
(4.6875e-05 0.000765625 0)
(7.8125e-05 0.000765625 0)
(0.000109375 0.000765625 0)
(0.000140625 0.000765625 -3.5163902e-20)
(0.000171875 0.000765625 -3.5163902e-20)
(0.000203125 0.000765625 -3.5163902e-20)
(0.000234375 0.000765625 0)
(0.000265625 0.000765625 -3.6669738e-20)
(0.000296875 0.000765625 0)
(0.000328125 0.000765625 -3.6669738e-20)
(0.000359375 0.000765625 0)
(0.000390625 0.000765625 -3.6669738e-20)
(0.000421875 0.000765625 0)
(0.000453125 0.000765625 0)
(0.000484375 0.000765625 0)
(0.000515625 0.000765625 0)
(0.000546875 0.000765625 -1.8334869e-20)
(0.000578125 0.000765625 0)
(0.000609375 0.000765625 0)
(0.000640625 0.000765625 0)
(0.000671875 0.000765625 -1.8334869e-20)
(0.000703125 0.000765625 0)
(0.000734375 0.000765625 0)
(0.000765625 0.000765625 0)
(0.000796875 0.000765625 -1.8334869e-20)
(0.000828125 0.000765625 0)
(0.000859375 0.000765625 0)
(0.000890625 0.000765625 0)
(0.000921875 0.000765625 3.5163902e-20)
(0.000953125 0.000765625 0)
(0.000984375 0.000765625 0)
(-0.000984375 0.000796875 1.8334869e-20)
(-0.000953125 0.000796875 1.8334869e-20)
(-0.000921875 0.000796875 0)
(-0.000890625 0.000796875 1.8334869e-20)
(-0.000859375 0.000796875 1.8334869e-20)
(-0.000828125 0.000796875 1.8334869e-20)
(-0.000796875 0.000796875 0)
(-0.000765625 0.000796875 1.8334869e-20)
(-0.000734375 0.000796875 1.8334869e-20)
(-0.000703125 0.000796875 1.8334869e-20)
(-0.000671875 0.000796875 0)
(-0.000640625 0.000796875 1.8334869e-20)
(-0.000609375 0.000796875 1.8334869e-20)
(-0.000578125 0.000796875 1.8334869e-20)
(-0.000546875 0.000796875 0)
(-0.000515625 0.000796875 1.8334869e-20)
(-0.000484375 0.000796875 1.8334869e-20)
(-0.000453125 0.000796875 0)
(-0.000421875 0.000796875 1.8334869e-20)
(-0.000390625 0.000796875 0)
(-0.000359375 0.000796875 1.8334869e-20)
(-0.000328125 0.000796875 0)
(-0.000296875 0.000796875 1.8334869e-20)
(-0.000265625 0.000796875 0)
(-0.000234375 0.000796875 -1.6829033e-20)
(-0.000203125 0.000796875 5.3498771e-20)
(-0.000171875 0.000796875 1.8334869e-20)
(-0.000140625 0.000796875 5.3498771e-20)
(-0.000109375 0.000796875 -1.6829033e-20)
(-7.8125e-05 0.000796875 1.8334869e-20)
(-4.6875e-05 0.000796875 1.8334869e-20)
(-1.5625e-05 0.000796875 1.8334869e-20)
(1.5625e-05 0.000796875 1.8334869e-20)
(4.6875e-05 0.000796875 1.8334869e-20)
(7.8125e-05 0.000796875 1.8334869e-20)
(0.000109375 0.000796875 5.3498771e-20)
(0.000140625 0.000796875 -1.6829033e-20)
(0.000171875 0.000796875 1.8334869e-20)
(0.000203125 0.000796875 1.8334869e-20)
(0.000234375 0.000796875 5.3498771e-20)
(0.000265625 0.000796875 0)
(0.000296875 0.000796875 1.8334869e-20)
(0.000328125 0.000796875 0)
(0.000359375 0.000796875 1.8334869e-20)
(0.000390625 0.000796875 0)
(0.000421875 0.000796875 1.8334869e-20)
(0.000453125 0.000796875 0)
(0.000484375 0.000796875 1.8334869e-20)
(0.000515625 0.000796875 1.8334869e-20)
(0.000546875 0.000796875 0)
(0.000578125 0.000796875 1.8334869e-20)
(0.000609375 0.000796875 1.8334869e-20)
(0.000640625 0.000796875 1.8334869e-20)
(0.000671875 0.000796875 0)
(0.000703125 0.000796875 1.8334869e-20)
(0.000734375 0.000796875 1.8334869e-20)
(0.000765625 0.000796875 1.8334869e-20)
(0.000796875 0.000796875 0)
(0.000828125 0.000796875 1.8334869e-20)
(0.000859375 0.000796875 1.8334869e-20)
(0.000890625 0.000796875 1.8334869e-20)
(0.000921875 0.000796875 0)
(0.000953125 0.000796875 1.8334869e-20)
(0.000984375 0.000796875 1.8334869e-20)
(-0.000984375 0.000828125 0)
(-0.000953125 0.000828125 0)
(-0.000921875 0.000828125 -1.8334869e-20)
(-0.000890625 0.000828125 0)
(-0.000859375 0.000828125 0)
(-0.000828125 0.000828125 0)
(-0.000796875 0.000828125 3.5163902e-20)
(-0.000765625 0.000828125 0)
(-0.000734375 0.000828125 0)
(-0.000703125 0.000828125 0)
(-0.000671875 0.000828125 -1.8334869e-20)
(-0.000640625 0.000828125 0)
(-0.000609375 0.000828125 0)
(-0.000578125 0.000828125 0)
(-0.000546875 0.000828125 3.5163902e-20)
(-0.000515625 0.000828125 0)
(-0.000484375 0.000828125 0)
(-0.000453125 0.000828125 -3.6669738e-20)
(-0.000421875 0.000828125 0)
(-0.000390625 0.000828125 0)
(-0.000359375 0.000828125 0)
(-0.000328125 0.000828125 -3.6669738e-20)
(-0.000296875 0.000828125 0)
(-0.000265625 0.000828125 0)
(-0.000234375 0.000828125 -3.5163902e-20)
(-0.000203125 0.000828125 0)
(-0.000171875 0.000828125 -3.5163902e-20)
(-0.000140625 0.000828125 0)
(-0.000109375 0.000828125 0)
(-7.8125e-05 0.000828125 0)
(-4.6875e-05 0.000828125 0)
(-1.5625e-05 0.000828125 0)
(1.5625e-05 0.000828125 0)
(4.6875e-05 0.000828125 0)
(7.8125e-05 0.000828125 0)
(0.000109375 0.000828125 0)
(0.000140625 0.000828125 -3.5163902e-20)
(0.000171875 0.000828125 -3.5163902e-20)
(0.000203125 0.000828125 -3.5163902e-20)
(0.000234375 0.000828125 0)
(0.000265625 0.000828125 -3.6669738e-20)
(0.000296875 0.000828125 0)
(0.000328125 0.000828125 -3.6669738e-20)
(0.000359375 0.000828125 0)
(0.000390625 0.000828125 -3.6669738e-20)
(0.000421875 0.000828125 0)
(0.000453125 0.000828125 0)
(0.000484375 0.000828125 0)
(0.000515625 0.000828125 0)
(0.000546875 0.000828125 -1.8334869e-20)
(0.000578125 0.000828125 0)
(0.000609375 0.000828125 0)
(0.000640625 0.000828125 0)
(0.000671875 0.000828125 -1.8334869e-20)
(0.000703125 0.000828125 0)
(0.000734375 0.000828125 0)
(0.000765625 0.000828125 0)
(0.000796875 0.000828125 -1.8334869e-20)
(0.000828125 0.000828125 0)
(0.000859375 0.000828125 0)
(0.000890625 0.000828125 0)
(0.000921875 0.000828125 3.5163902e-20)
(0.000953125 0.000828125 0)
(0.000984375 0.000828125 0)
(-0.000984375 0.000859375 0)
(-0.000953125 0.000859375 0)
(-0.000921875 0.000859375 -1.8334869e-20)
(-0.000890625 0.000859375 0)
(-0.000859375 0.000859375 0)
(-0.000828125 0.000859375 0)
(-0.000796875 0.000859375 3.5163902e-20)
(-0.000765625 0.000859375 0)
(-0.000734375 0.000859375 0)
(-0.000703125 0.000859375 0)
(-0.000671875 0.000859375 -1.8334869e-20)
(-0.000640625 0.000859375 0)
(-0.000609375 0.000859375 0)
(-0.000578125 0.000859375 0)
(-0.000546875 0.000859375 3.5163902e-20)
(-0.000515625 0.000859375 0)
(-0.000484375 0.000859375 0)
(-0.000453125 0.000859375 -3.6669738e-20)
(-0.000421875 0.000859375 0)
(-0.000390625 0.000859375 0)
(-0.000359375 0.000859375 0)
(-0.000328125 0.000859375 -3.6669738e-20)
(-0.000296875 0.000859375 0)
(-0.000265625 0.000859375 0)
(-0.000234375 0.000859375 -3.5163902e-20)
(-0.000203125 0.000859375 0)
(-0.000171875 0.000859375 -3.5163902e-20)
(-0.000140625 0.000859375 0)
(-0.000109375 0.000859375 0)
(-7.8125e-05 0.000859375 0)
(-4.6875e-05 0.000859375 0)
(-1.5625e-05 0.000859375 0)
(1.5625e-05 0.000859375 0)
(4.6875e-05 0.000859375 0)
(7.8125e-05 0.000859375 0)
(0.000109375 0.000859375 0)
(0.000140625 0.000859375 -3.5163902e-20)
(0.000171875 0.000859375 -3.5163902e-20)
(0.000203125 0.000859375 -3.5163902e-20)
(0.000234375 0.000859375 0)
(0.000265625 0.000859375 -3.6669738e-20)
(0.000296875 0.000859375 0)
(0.000328125 0.000859375 -3.6669738e-20)
(0.000359375 0.000859375 0)
(0.000390625 0.000859375 -3.6669738e-20)
(0.000421875 0.000859375 0)
(0.000453125 0.000859375 0)
(0.000484375 0.000859375 0)
(0.000515625 0.000859375 0)
(0.000546875 0.000859375 -1.8334869e-20)
(0.000578125 0.000859375 0)
(0.000609375 0.000859375 0)
(0.000640625 0.000859375 0)
(0.000671875 0.000859375 -1.8334869e-20)
(0.000703125 0.000859375 0)
(0.000734375 0.000859375 0)
(0.000765625 0.000859375 0)
(0.000796875 0.000859375 -1.8334869e-20)
(0.000828125 0.000859375 0)
(0.000859375 0.000859375 0)
(0.000890625 0.000859375 0)
(0.000921875 0.000859375 3.5163902e-20)
(0.000953125 0.000859375 0)
(0.000984375 0.000859375 0)
(-0.000984375 0.000890625 0)
(-0.000953125 0.000890625 0)
(-0.000921875 0.000890625 -1.8334869e-20)
(-0.000890625 0.000890625 0)
(-0.000859375 0.000890625 0)
(-0.000828125 0.000890625 0)
(-0.000796875 0.000890625 3.5163902e-20)
(-0.000765625 0.000890625 0)
(-0.000734375 0.000890625 0)
(-0.000703125 0.000890625 0)
(-0.000671875 0.000890625 -1.8334869e-20)
(-0.000640625 0.000890625 0)
(-0.000609375 0.000890625 0)
(-0.000578125 0.000890625 0)
(-0.000546875 0.000890625 3.5163902e-20)
(-0.000515625 0.000890625 0)
(-0.000484375 0.000890625 0)
(-0.000453125 0.000890625 -3.6669738e-20)
(-0.000421875 0.000890625 0)
(-0.000390625 0.000890625 0)
(-0.000359375 0.000890625 0)
(-0.000328125 0.000890625 -3.6669738e-20)
(-0.000296875 0.000890625 0)
(-0.000265625 0.000890625 0)
(-0.000234375 0.000890625 -3.5163902e-20)
(-0.000203125 0.000890625 0)
(-0.000171875 0.000890625 -3.5163902e-20)
(-0.000140625 0.000890625 0)
(-0.000109375 0.000890625 0)
(-7.8125e-05 0.000890625 0)
(-4.6875e-05 0.000890625 0)
(-1.5625e-05 0.000890625 0)
(1.5625e-05 0.000890625 0)
(4.6875e-05 0.000890625 0)
(7.8125e-05 0.000890625 0)
(0.000109375 0.000890625 0)
(0.000140625 0.000890625 -3.5163902e-20)
(0.000171875 0.000890625 -3.5163902e-20)
(0.000203125 0.000890625 -3.5163902e-20)
(0.000234375 0.000890625 0)
(0.000265625 0.000890625 -3.6669738e-20)
(0.000296875 0.000890625 0)
(0.000328125 0.000890625 -3.6669738e-20)
(0.000359375 0.000890625 0)
(0.000390625 0.000890625 -3.6669738e-20)
(0.000421875 0.000890625 0)
(0.000453125 0.000890625 0)
(0.000484375 0.000890625 0)
(0.000515625 0.000890625 0)
(0.000546875 0.000890625 -1.8334869e-20)
(0.000578125 0.000890625 0)
(0.000609375 0.000890625 0)
(0.000640625 0.000890625 0)
(0.000671875 0.000890625 -1.8334869e-20)
(0.000703125 0.000890625 0)
(0.000734375 0.000890625 0)
(0.000765625 0.000890625 0)
(0.000796875 0.000890625 -1.8334869e-20)
(0.000828125 0.000890625 0)
(0.000859375 0.000890625 0)
(0.000890625 0.000890625 0)
(0.000921875 0.000890625 3.5163902e-20)
(0.000953125 0.000890625 0)
(0.000984375 0.000890625 0)
(-0.000984375 0.000921875 -3.5163902e-20)
(-0.000953125 0.000921875 -3.5163902e-20)
(-0.000921875 0.000921875 0)
(-0.000890625 0.000921875 -3.5163902e-20)
(-0.000859375 0.000921875 -3.5163902e-20)
(-0.000828125 0.000921875 -3.5163902e-20)
(-0.000796875 0.000921875 0)
(-0.000765625 0.000921875 -3.5163902e-20)
(-0.000734375 0.000921875 -3.5163902e-20)
(-0.000703125 0.000921875 -3.5163902e-20)
(-0.000671875 0.000921875 0)
(-0.000640625 0.000921875 -3.5163902e-20)
(-0.000609375 0.000921875 -3.5163902e-20)
(-0.000578125 0.000921875 -3.5163902e-20)
(-0.000546875 0.000921875 0)
(-0.000515625 0.000921875 -3.5163902e-20)
(-0.000484375 0.000921875 -3.5163902e-20)
(-0.000453125 0.000921875 0)
(-0.000421875 0.000921875 -3.5163902e-20)
(-0.000390625 0.000921875 0)
(-0.000359375 0.000921875 -3.5163902e-20)
(-0.000328125 0.000921875 0)
(-0.000296875 0.000921875 -3.5163902e-20)
(-0.000265625 0.000921875 0)
(-0.000234375 0.000921875 0)
(-0.000203125 0.000921875 3.5163902e-20)
(-0.000171875 0.000921875 0)
(-0.000140625 0.000921875 3.5163902e-20)
(-0.000109375 0.000921875 0)
(-7.8125e-05 0.000921875 0)
(-4.6875e-05 0.000921875 0)
(-1.5625e-05 0.000921875 0)
(1.5625e-05 0.000921875 0)
(4.6875e-05 0.000921875 0)
(7.8125e-05 0.000921875 0)
(0.000109375 0.000921875 3.5163902e-20)
(0.000140625 0.000921875 0)
(0.000171875 0.000921875 0)
(0.000203125 0.000921875 0)
(0.000234375 0.000921875 3.5163902e-20)
(0.000265625 0.000921875 0)
(0.000296875 0.000921875 -3.5163902e-20)
(0.000328125 0.000921875 0)
(0.000359375 0.000921875 -3.5163902e-20)
(0.000390625 0.000921875 0)
(0.000421875 0.000921875 -3.5163902e-20)
(0.000453125 0.000921875 0)
(0.000484375 0.000921875 -3.5163902e-20)
(0.000515625 0.000921875 -3.5163902e-20)
(0.000546875 0.000921875 0)
(0.000578125 0.000921875 -3.5163902e-20)
(0.000609375 0.000921875 -3.5163902e-20)
(0.000640625 0.000921875 -3.5163902e-20)
(0.000671875 0.000921875 0)
(0.000703125 0.000921875 -3.5163902e-20)
(0.000734375 0.000921875 -3.5163902e-20)
(0.000765625 0.000921875 -3.5163902e-20)
(0.000796875 0.000921875 0)
(0.000828125 0.000921875 -3.5163902e-20)
(0.000859375 0.000921875 -3.5163902e-20)
(0.000890625 0.000921875 -3.5163902e-20)
(0.000921875 0.000921875 0)
(0.000953125 0.000921875 -3.5163902e-20)
(0.000984375 0.000921875 -3.5163902e-20)
(-0.000984375 0.000953125 0)
(-0.000953125 0.000953125 0)
(-0.000921875 0.000953125 -1.8334869e-20)
(-0.000890625 0.000953125 0)
(-0.000859375 0.000953125 0)
(-0.000828125 0.000953125 0)
(-0.000796875 0.000953125 3.5163902e-20)
(-0.000765625 0.000953125 0)
(-0.000734375 0.000953125 0)
(-0.000703125 0.000953125 0)
(-0.000671875 0.000953125 -1.8334869e-20)
(-0.000640625 0.000953125 0)
(-0.000609375 0.000953125 0)
(-0.000578125 0.000953125 0)
(-0.000546875 0.000953125 3.5163902e-20)
(-0.000515625 0.000953125 0)
(-0.000484375 0.000953125 0)
(-0.000453125 0.000953125 -3.6669738e-20)
(-0.000421875 0.000953125 0)
(-0.000390625 0.000953125 0)
(-0.000359375 0.000953125 0)
(-0.000328125 0.000953125 -3.6669738e-20)
(-0.000296875 0.000953125 0)
(-0.000265625 0.000953125 0)
(-0.000234375 0.000953125 -3.5163902e-20)
(-0.000203125 0.000953125 0)
(-0.000171875 0.000953125 -3.5163902e-20)
(-0.000140625 0.000953125 0)
(-0.000109375 0.000953125 0)
(-7.8125e-05 0.000953125 0)
(-4.6875e-05 0.000953125 0)
(-1.5625e-05 0.000953125 0)
(1.5625e-05 0.000953125 0)
(4.6875e-05 0.000953125 0)
(7.8125e-05 0.000953125 0)
(0.000109375 0.000953125 0)
(0.000140625 0.000953125 -3.5163902e-20)
(0.000171875 0.000953125 -3.5163902e-20)
(0.000203125 0.000953125 -3.5163902e-20)
(0.000234375 0.000953125 0)
(0.000265625 0.000953125 -3.6669738e-20)
(0.000296875 0.000953125 0)
(0.000328125 0.000953125 -3.6669738e-20)
(0.000359375 0.000953125 0)
(0.000390625 0.000953125 -3.6669738e-20)
(0.000421875 0.000953125 0)
(0.000453125 0.000953125 0)
(0.000484375 0.000953125 0)
(0.000515625 0.000953125 0)
(0.000546875 0.000953125 -1.8334869e-20)
(0.000578125 0.000953125 0)
(0.000609375 0.000953125 0)
(0.000640625 0.000953125 0)
(0.000671875 0.000953125 -1.8334869e-20)
(0.000703125 0.000953125 0)
(0.000734375 0.000953125 0)
(0.000765625 0.000953125 0)
(0.000796875 0.000953125 -1.8334869e-20)
(0.000828125 0.000953125 0)
(0.000859375 0.000953125 0)
(0.000890625 0.000953125 0)
(0.000921875 0.000953125 3.5163902e-20)
(0.000953125 0.000953125 0)
(0.000984375 0.000953125 0)
(-0.000984375 0.000984375 0)
(-0.000953125 0.000984375 0)
(-0.000921875 0.000984375 -1.8334869e-20)
(-0.000890625 0.000984375 0)
(-0.000859375 0.000984375 0)
(-0.000828125 0.000984375 0)
(-0.000796875 0.000984375 3.5163902e-20)
(-0.000765625 0.000984375 0)
(-0.000734375 0.000984375 0)
(-0.000703125 0.000984375 0)
(-0.000671875 0.000984375 -1.8334869e-20)
(-0.000640625 0.000984375 0)
(-0.000609375 0.000984375 0)
(-0.000578125 0.000984375 0)
(-0.000546875 0.000984375 3.5163902e-20)
(-0.000515625 0.000984375 0)
(-0.000484375 0.000984375 0)
(-0.000453125 0.000984375 -3.6669738e-20)
(-0.000421875 0.000984375 0)
(-0.000390625 0.000984375 0)
(-0.000359375 0.000984375 0)
(-0.000328125 0.000984375 -3.6669738e-20)
(-0.000296875 0.000984375 0)
(-0.000265625 0.000984375 0)
(-0.000234375 0.000984375 -3.5163902e-20)
(-0.000203125 0.000984375 0)
(-0.000171875 0.000984375 -3.5163902e-20)
(-0.000140625 0.000984375 0)
(-0.000109375 0.000984375 0)
(-7.8125e-05 0.000984375 0)
(-4.6875e-05 0.000984375 0)
(-1.5625e-05 0.000984375 0)
(1.5625e-05 0.000984375 0)
(4.6875e-05 0.000984375 0)
(7.8125e-05 0.000984375 0)
(0.000109375 0.000984375 0)
(0.000140625 0.000984375 -3.5163902e-20)
(0.000171875 0.000984375 -3.5163902e-20)
(0.000203125 0.000984375 -3.5163902e-20)
(0.000234375 0.000984375 0)
(0.000265625 0.000984375 -3.6669738e-20)
(0.000296875 0.000984375 0)
(0.000328125 0.000984375 -3.6669738e-20)
(0.000359375 0.000984375 0)
(0.000390625 0.000984375 -3.6669738e-20)
(0.000421875 0.000984375 0)
(0.000453125 0.000984375 0)
(0.000484375 0.000984375 0)
(0.000515625 0.000984375 0)
(0.000546875 0.000984375 -1.8334869e-20)
(0.000578125 0.000984375 0)
(0.000609375 0.000984375 0)
(0.000640625 0.000984375 0)
(0.000671875 0.000984375 -1.8334869e-20)
(0.000703125 0.000984375 0)
(0.000734375 0.000984375 0)
(0.000765625 0.000984375 0)
(0.000796875 0.000984375 -1.8334869e-20)
(0.000828125 0.000984375 0)
(0.000859375 0.000984375 0)
(0.000890625 0.000984375 0)
(0.000921875 0.000984375 3.5163902e-20)
(0.000953125 0.000984375 0)
(0.000984375 0.000984375 0)
(0.0010501807 -0.000984375 0)
(0.0011514375 -0.000984375 0)
(0.001254501 -0.000984375 0)
(0.0013594036 -0.000984375 0)
(0.001466178 -0.000984375 0)
(0.0015748576 -0.000984375 0)
(0.0016854764 -0.000984375 0)
(0.001798069 -0.000984375 0)
(0.0019126708 -0.000984375 0)
(0.0020293174 -0.000984375 0)
(0.0021480453 -0.000984375 0)
(0.0022688917 -0.000984375 0)
(0.0023918945 -0.000984375 0)
(0.0025170922 -0.000984375 0)
(0.0026445237 -0.000984375 0)
(0.0027742291 -0.000984375 0)
(0.0029062489 -0.000984375 0)
(0.0030406243 -0.000984375 0)
(0.0031773975 -0.000984375 0)
(0.0033166111 -0.000984375 0)
(0.0034583089 -0.000984375 0)
(0.003602535 -0.000984375 0)
(0.0037493347 -0.000984375 0)
(0.0038987537 -0.000984375 -6.9776599e-21)
(0.0040508388 -0.000984375 0)
(0.0042056377 -0.000984375 0)
(0.0043631988 -0.000984375 0)
(0.0045235712 -0.000984375 0)
(0.0046868052 -0.000984375 0)
(0.004852952 -0.000984375 0)
(0.0050220634 -0.000984375 -3.8496667e-20)
(0.0051941923 -0.000984375 0)
(0.0053693926 -0.000984375 0)
(0.005547719 -0.000984375 1.1693104e-20)
(0.0057292274 -0.000984375 0)
(0.0059139746 -0.000984375 0)
(0.0061020182 -0.000984375 -2.3683559e-20)
(0.0062934173 -0.000984375 0)
(0.0064882315 -0.000984375 0)
(0.0066865219 -0.000984375 0)
(0.0068883505 -0.000984375 0)
(0.0070937804 -0.000984375 0)
(0.0073028759 -0.000984375 -5.2873842e-20)
(0.0075157023 -0.000984375 -6.1797303e-20)
(0.0077323264 -0.000984375 0)
(0.0079528157 -0.000984375 0)
(0.0081772394 -0.000984375 0)
(0.0084056676 -0.000984375 0)
(0.0086381716 -0.000984375 0)
(0.0088748244 -0.000984375 0)
(0.0091156998 -0.000984375 2.7475978e-20)
(0.0093608734 -0.000984375 -1.7009909e-20)
(0.0096104217 -0.000984375 0)
(0.0098644227 -0.000984375 0)
(0.010122956 -0.000984375 1.7636743e-20)
(0.010386102 -0.000984375 0)
(0.010653944 -0.000984375 0)
(0.010926565 -0.000984375 0)
(0.011204051 -0.000984375 0)
(0.011486488 -0.000984375 0)
(0.011773965 -0.000984375 -2.3266091e-20)
(0.012066571 -0.000984375 0)
(0.012364399 -0.000984375 0)
(0.01266754 -0.000984375 2.9020261e-20)
(0.01297609 -0.000984375 2.8537908e-20)
(0.013290146 -0.000984375 0)
(0.013609807 -0.000984375 0)
(0.01393517 -0.000984375 0)
(0.01426634 -0.000984375 5.3383218e-20)
(0.014603419 -0.000984375 0)
(0.014946512 -0.000984375 0)
(0.015295727 -0.000984375 0)
(0.015651174 -0.000984375 -1.3238618e-20)
(0.016012963 -0.000984375 1.1527114e-20)
(0.016381208 -0.000984375 0)
(0.016756023 -0.000984375 0)
(0.017137526 -0.000984375 0)
(0.017525837 -0.000984375 0)
(0.017921076 -0.000984375 0)
(0.018323368 -0.000984375 0)
(0.018732838 -0.000984375 3.2060301e-20)
(0.019149615 -0.000984375 -1.0006274e-20)
(0.019573828 -0.000984375 0)
(0.02000561 -0.000984375 0)
(0.020445098 -0.000984375 -1.8978371e-20)
(0.020892427 -0.000984375 0)
(0.021347738 -0.000984375 0)
(0.021811173 -0.000984375 -3.7501226e-20)
(0.022282878 -0.000984375 0)
(0.022763 -0.000984375 0)
(0.023251688 -0.000984375 0)
(0.023749096 -0.000984375 2.6658484e-20)
(0.0010501807 -0.000953125 0)
(0.0011514375 -0.000953125 0)
(0.0012545011 -0.000953125 0)
(0.0013594036 -0.000953125 0)
(0.001466178 -0.000953125 0)
(0.0015748576 -0.000953125 0)
(0.0016854764 -0.000953125 0)
(0.0017980691 -0.000953125 0)
(0.0019126708 -0.000953125 0)
(0.0020293173 -0.000953125 0)
(0.0021480453 -0.000953125 0)
(0.0022688917 -0.000953125 0)
(0.0023918945 -0.000953125 0)
(0.0025170922 -0.000953125 0)
(0.0026445237 -0.000953125 0)
(0.0027742291 -0.000953125 0)
(0.0029062489 -0.000953125 0)
(0.0030406243 -0.000953125 0)
(0.0031773975 -0.000953125 0)
(0.0033166111 -0.000953125 0)
(0.0034583089 -0.000953125 0)
(0.003602535 -0.000953125 0)
(0.0037493347 -0.000953125 0)
(0.0038987537 -0.000953125 -6.9776599e-21)
(0.0040508388 -0.000953125 0)
(0.0042056377 -0.000953125 0)
(0.0043631988 -0.000953125 0)
(0.0045235712 -0.000953125 0)
(0.0046868053 -0.000953125 0)
(0.004852952 -0.000953125 0)
(0.0050220634 -0.000953125 -3.8496667e-20)
(0.0051941923 -0.000953125 0)
(0.0053693926 -0.000953125 0)
(0.005547719 -0.000953125 1.1693104e-20)
(0.0057292274 -0.000953125 0)
(0.0059139746 -0.000953125 0)
(0.0061020182 -0.000953125 -2.3683559e-20)
(0.0062934172 -0.000953125 0)
(0.0064882315 -0.000953125 0)
(0.0066865219 -0.000953125 0)
(0.0068883505 -0.000953125 0)
(0.0070937805 -0.000953125 0)
(0.0073028759 -0.000953125 -5.2873842e-20)
(0.0075157023 -0.000953125 -6.1797303e-20)
(0.0077323264 -0.000953125 0)
(0.0079528157 -0.000953125 0)
(0.0081772394 -0.000953125 0)
(0.0084056675 -0.000953125 0)
(0.0086381716 -0.000953125 0)
(0.0088748244 -0.000953125 0)
(0.0091156998 -0.000953125 2.7475978e-20)
(0.0093608734 -0.000953125 -1.7009909e-20)
(0.0096104217 -0.000953125 0)
(0.0098644227 -0.000953125 0)
(0.010122956 -0.000953125 1.7636743e-20)
(0.010386102 -0.000953125 0)
(0.010653944 -0.000953125 0)
(0.010926565 -0.000953125 0)
(0.011204051 -0.000953125 0)
(0.011486488 -0.000953125 0)
(0.011773965 -0.000953125 -2.3266091e-20)
(0.012066571 -0.000953125 0)
(0.012364399 -0.000953125 0)
(0.01266754 -0.000953125 2.9020261e-20)
(0.012976091 -0.000953125 2.8537908e-20)
(0.013290146 -0.000953125 0)
(0.013609807 -0.000953125 0)
(0.013935171 -0.000953125 0)
(0.01426634 -0.000953125 5.3383218e-20)
(0.014603419 -0.000953125 0)
(0.014946512 -0.000953125 0)
(0.015295728 -0.000953125 0)
(0.015651174 -0.000953125 -1.3238618e-20)
(0.016012963 -0.000953125 1.1527114e-20)
(0.016381208 -0.000953125 0)
(0.016756023 -0.000953125 0)
(0.017137527 -0.000953125 0)
(0.017525837 -0.000953125 0)
(0.017921076 -0.000953125 0)
(0.018323368 -0.000953125 0)
(0.018732838 -0.000953125 3.2060301e-20)
(0.019149615 -0.000953125 -1.0006274e-20)
(0.019573828 -0.000953125 0)
(0.02000561 -0.000953125 0)
(0.020445098 -0.000953125 -1.8978371e-20)
(0.020892427 -0.000953125 0)
(0.021347738 -0.000953125 0)
(0.021811173 -0.000953125 -3.7501226e-20)
(0.022282878 -0.000953125 0)
(0.022763 -0.000953125 0)
(0.023251688 -0.000953125 0)
(0.023749096 -0.000953125 2.6658484e-20)
(0.0010501807 -0.000921875 0)
(0.0011514375 -0.000921875 1.0296543e-20)
(0.001254501 -0.000921875 3.1853965e-20)
(0.0013594036 -0.000921875 -9.9386994e-21)
(0.001466178 -0.000921875 0)
(0.0015748576 -0.000921875 -3.0285719e-20)
(0.0016854764 -0.000921875 0)
(0.001798069 -0.000921875 3.8545374e-20)
(0.0019126707 -0.000921875 0)
(0.0020293173 -0.000921875 0)
(0.0021480453 -0.000921875 -1.9068599e-20)
(0.0022688917 -0.000921875 0)
(0.0023918945 -0.000921875 -1.8458214e-20)
(0.0025170921 -0.000921875 0)
(0.0026445237 -0.000921875 -2.6050663e-20)
(0.0027742291 -0.000921875 0)
(0.0029062489 -0.000921875 0)
(0.0030406243 -0.000921875 0)
(0.0031773975 -0.000921875 0)
(0.0033166111 -0.000921875 0)
(0.0034583089 -0.000921875 0)
(0.003602535 -0.000921875 3.0421402e-20)
(0.0037493346 -0.000921875 0)
(0.0038987536 -0.000921875 0)
(0.0040508388 -0.000921875 0)
(0.0042056377 -0.000921875 0)
(0.0043631988 -0.000921875 -2.7974187e-20)
(0.0045235712 -0.000921875 -1.4508008e-20)
(0.0046868052 -0.000921875 0)
(0.004852952 -0.000921875 -2.6606412e-20)
(0.0050220634 -0.000921875 2.616639e-20)
(0.0051941923 -0.000921875 1.3619957e-20)
(0.0053693925 -0.000921875 0)
(0.005547719 -0.000921875 0)
(0.0057292274 -0.000921875 -2.448208e-20)
(0.0059139745 -0.000921875 1.128672e-20)
(0.0061020182 -0.000921875 2.3683559e-20)
(0.0062934172 -0.000921875 0)
(0.0064882315 -0.000921875 0)
(0.0066865219 -0.000921875 0)
(0.0068883505 -0.000921875 0)
(0.0070937804 -0.000921875 0)
(0.0073028759 -0.000921875 4.1395572e-20)
(0.0075157023 -0.000921875 0)
(0.0077323264 -0.000921875 0)
(0.0079528157 -0.000921875 -2.987714e-20)
(0.0081772394 -0.000921875 2.937977e-20)
(0.0084056675 -0.000921875 0)
(0.0086381716 -0.000921875 1.9442639e-20)
(0.0088748244 -0.000921875 -1.91282e-20)
(0.0091156998 -0.000921875 0)
(0.0093608734 -0.000921875 0)
(0.0096104217 -0.000921875 1.8217553e-20)
(0.0098644228 -0.000921875 0)
(0.010122956 -0.000921875 0)
(0.010386102 -0.000921875 0)
(0.010653944 -0.000921875 0)
(0.010926565 -0.000921875 0)
(0.011204051 -0.000921875 0)
(0.011486488 -0.000921875 2.365443e-20)
(0.011773965 -0.000921875 -2.3266091e-20)
(0.012066571 -0.000921875 0)
(0.012364398 -0.000921875 2.9511189e-20)
(0.01266754 -0.000921875 -1.3757212e-20)
(0.01297609 -0.000921875 7.0591853e-20)
(0.013290146 -0.000921875 0)
(0.013609806 -0.000921875 -4.0644699e-20)
(0.01393517 -0.000921875 2.7141014e-20)
(0.01426634 -0.000921875 3.9284496e-20)
(0.014603419 -0.000921875 2.625012e-20)
(0.014946512 -0.000921875 -1.3661045e-20)
(0.015295727 -0.000921875 -2.5390153e-20)
(0.015651174 -0.000921875 0)
(0.016012963 -0.000921875 -4.9120127e-20)
(0.016381208 -0.000921875 -8.2286849e-20)
(0.016756023 -0.000921875 4.601178e-20)
(0.017137526 -0.000921875 -5.7668851e-20)
(0.017525837 -0.000921875 0)
(0.017921076 -0.000921875 -3.3160459e-20)
(0.018323368 -0.000921875 -1.1872371e-20)
(0.018732838 -0.000921875 0)
(0.019149615 -0.000921875 -4.1530934e-20)
(0.019573828 -0.000921875 -9.8308693e-21)
(0.02000561 -0.000921875 0)
(0.020445098 -0.000921875 -2.0484207e-20)
(0.020892427 -0.000921875 9.3228613e-21)
(0.021347738 -0.000921875 -6.7127437e-20)
(0.021811173 -0.000921875 0)
(0.022282878 -0.000921875 0)
(0.022762999 -0.000921875 3.625022e-20)
(0.023251688 -0.000921875 0)
(0.023749097 -0.000921875 8.3842158e-21)
(0.0010501807 -0.000890625 0)
(0.0011514375 -0.000890625 0)
(0.0012545011 -0.000890625 0)
(0.0013594036 -0.000890625 0)
(0.001466178 -0.000890625 0)
(0.0015748576 -0.000890625 0)
(0.0016854764 -0.000890625 0)
(0.001798069 -0.000890625 0)
(0.0019126708 -0.000890625 0)
(0.0020293174 -0.000890625 0)
(0.0021480453 -0.000890625 0)
(0.0022688918 -0.000890625 0)
(0.0023918945 -0.000890625 0)
(0.0025170922 -0.000890625 0)
(0.0026445237 -0.000890625 0)
(0.0027742291 -0.000890625 0)
(0.0029062489 -0.000890625 0)
(0.0030406243 -0.000890625 0)
(0.0031773975 -0.000890625 0)
(0.0033166112 -0.000890625 0)
(0.0034583089 -0.000890625 0)
(0.003602535 -0.000890625 0)
(0.0037493347 -0.000890625 0)
(0.0038987537 -0.000890625 -6.9776599e-21)
(0.0040508388 -0.000890625 0)
(0.0042056377 -0.000890625 0)
(0.0043631988 -0.000890625 0)
(0.0045235712 -0.000890625 0)
(0.0046868053 -0.000890625 0)
(0.004852952 -0.000890625 0)
(0.0050220634 -0.000890625 -3.8496667e-20)
(0.0051941923 -0.000890625 0)
(0.0053693926 -0.000890625 0)
(0.005547719 -0.000890625 1.1693104e-20)
(0.0057292274 -0.000890625 0)
(0.0059139745 -0.000890625 0)
(0.0061020182 -0.000890625 -2.3683559e-20)
(0.0062934172 -0.000890625 0)
(0.0064882315 -0.000890625 0)
(0.0066865219 -0.000890625 0)
(0.0068883505 -0.000890625 0)
(0.0070937805 -0.000890625 0)
(0.0073028759 -0.000890625 -5.2873842e-20)
(0.0075157024 -0.000890625 -6.1797303e-20)
(0.0077323264 -0.000890625 0)
(0.0079528157 -0.000890625 0)
(0.0081772394 -0.000890625 0)
(0.0084056676 -0.000890625 0)
(0.0086381717 -0.000890625 0)
(0.0088748244 -0.000890625 0)
(0.0091156998 -0.000890625 2.7475978e-20)
(0.0093608734 -0.000890625 -1.7009909e-20)
(0.0096104217 -0.000890625 0)
(0.0098644227 -0.000890625 0)
(0.010122956 -0.000890625 1.7636743e-20)
(0.010386102 -0.000890625 0)
(0.010653944 -0.000890625 0)
(0.010926565 -0.000890625 0)
(0.011204051 -0.000890625 0)
(0.011486488 -0.000890625 0)
(0.011773965 -0.000890625 -2.3266091e-20)
(0.012066571 -0.000890625 0)
(0.012364399 -0.000890625 0)
(0.01266754 -0.000890625 2.9020261e-20)
(0.01297609 -0.000890625 2.8537908e-20)
(0.013290146 -0.000890625 0)
(0.013609807 -0.000890625 0)
(0.01393517 -0.000890625 0)
(0.01426634 -0.000890625 5.3383218e-20)
(0.014603419 -0.000890625 0)
(0.014946512 -0.000890625 0)
(0.015295727 -0.000890625 0)
(0.015651174 -0.000890625 -1.3238618e-20)
(0.016012963 -0.000890625 1.1527114e-20)
(0.016381207 -0.000890625 0)
(0.016756023 -0.000890625 0)
(0.017137526 -0.000890625 0)
(0.017525837 -0.000890625 0)
(0.017921076 -0.000890625 0)
(0.018323368 -0.000890625 0)
(0.018732838 -0.000890625 3.2060301e-20)
(0.019149615 -0.000890625 -1.0006274e-20)
(0.019573828 -0.000890625 0)
(0.02000561 -0.000890625 0)
(0.020445098 -0.000890625 -1.8978371e-20)
(0.020892427 -0.000890625 0)
(0.021347738 -0.000890625 0)
(0.021811173 -0.000890625 -3.7501226e-20)
(0.022282878 -0.000890625 0)
(0.022763 -0.000890625 0)
(0.023251688 -0.000890625 0)
(0.023749096 -0.000890625 2.6658484e-20)
(0.0010501807 -0.000859375 0)
(0.0011514375 -0.000859375 0)
(0.0012545011 -0.000859375 0)
(0.0013594036 -0.000859375 0)
(0.001466178 -0.000859375 0)
(0.0015748576 -0.000859375 0)
(0.0016854764 -0.000859375 0)
(0.001798069 -0.000859375 0)
(0.0019126708 -0.000859375 0)
(0.0020293174 -0.000859375 0)
(0.0021480453 -0.000859375 0)
(0.0022688917 -0.000859375 0)
(0.0023918945 -0.000859375 0)
(0.0025170921 -0.000859375 0)
(0.0026445237 -0.000859375 0)
(0.0027742291 -0.000859375 0)
(0.0029062489 -0.000859375 0)
(0.0030406243 -0.000859375 0)
(0.0031773975 -0.000859375 0)
(0.0033166111 -0.000859375 0)
(0.0034583089 -0.000859375 0)
(0.003602535 -0.000859375 0)
(0.0037493347 -0.000859375 0)
(0.0038987537 -0.000859375 -6.9776599e-21)
(0.0040508388 -0.000859375 0)
(0.0042056377 -0.000859375 0)
(0.0043631988 -0.000859375 0)
(0.0045235712 -0.000859375 0)
(0.0046868052 -0.000859375 0)
(0.004852952 -0.000859375 0)
(0.0050220634 -0.000859375 -3.8496667e-20)
(0.0051941923 -0.000859375 0)
(0.0053693926 -0.000859375 0)
(0.005547719 -0.000859375 1.1693104e-20)
(0.0057292274 -0.000859375 0)
(0.0059139745 -0.000859375 0)
(0.0061020182 -0.000859375 -2.3683559e-20)
(0.0062934172 -0.000859375 0)
(0.0064882315 -0.000859375 0)
(0.0066865219 -0.000859375 0)
(0.0068883505 -0.000859375 0)
(0.0070937805 -0.000859375 0)
(0.0073028759 -0.000859375 -5.2873842e-20)
(0.0075157024 -0.000859375 -6.1797303e-20)
(0.0077323264 -0.000859375 0)
(0.0079528157 -0.000859375 0)
(0.0081772394 -0.000859375 0)
(0.0084056675 -0.000859375 0)
(0.0086381717 -0.000859375 0)
(0.0088748244 -0.000859375 0)
(0.0091156998 -0.000859375 2.7475978e-20)
(0.0093608734 -0.000859375 -1.7009909e-20)
(0.0096104217 -0.000859375 0)
(0.0098644227 -0.000859375 0)
(0.010122956 -0.000859375 1.7636743e-20)
(0.010386102 -0.000859375 0)
(0.010653944 -0.000859375 0)
(0.010926565 -0.000859375 0)
(0.011204051 -0.000859375 0)
(0.011486488 -0.000859375 0)
(0.011773965 -0.000859375 -2.3266091e-20)
(0.012066571 -0.000859375 0)
(0.012364399 -0.000859375 0)
(0.01266754 -0.000859375 2.9020261e-20)
(0.012976091 -0.000859375 2.8537908e-20)
(0.013290146 -0.000859375 0)
(0.013609807 -0.000859375 0)
(0.013935171 -0.000859375 0)
(0.01426634 -0.000859375 5.3383218e-20)
(0.014603419 -0.000859375 0)
(0.014946512 -0.000859375 0)
(0.015295727 -0.000859375 0)
(0.015651174 -0.000859375 -1.3238618e-20)
(0.016012963 -0.000859375 1.1527114e-20)
(0.016381208 -0.000859375 0)
(0.016756023 -0.000859375 0)
(0.017137526 -0.000859375 0)
(0.017525837 -0.000859375 0)
(0.017921076 -0.000859375 0)
(0.018323368 -0.000859375 0)
(0.018732839 -0.000859375 3.2060301e-20)
(0.019149615 -0.000859375 -1.0006274e-20)
(0.019573828 -0.000859375 0)
(0.02000561 -0.000859375 0)
(0.020445098 -0.000859375 -1.8978371e-20)
(0.020892427 -0.000859375 0)
(0.021347738 -0.000859375 0)
(0.021811173 -0.000859375 -3.7501226e-20)
(0.022282878 -0.000859375 0)
(0.022762999 -0.000859375 0)
(0.023251688 -0.000859375 0)
(0.023749096 -0.000859375 2.6658484e-20)
(0.0010501807 -0.000828125 0)
(0.0011514375 -0.000828125 0)
(0.0012545011 -0.000828125 0)
(0.0013594036 -0.000828125 0)
(0.001466178 -0.000828125 0)
(0.0015748576 -0.000828125 0)
(0.0016854764 -0.000828125 0)
(0.0017980691 -0.000828125 0)
(0.0019126708 -0.000828125 0)
(0.0020293174 -0.000828125 0)
(0.0021480453 -0.000828125 0)
(0.0022688917 -0.000828125 0)
(0.0023918945 -0.000828125 0)
(0.0025170921 -0.000828125 0)
(0.0026445237 -0.000828125 0)
(0.0027742291 -0.000828125 0)
(0.0029062489 -0.000828125 0)
(0.0030406243 -0.000828125 0)
(0.0031773975 -0.000828125 0)
(0.0033166111 -0.000828125 0)
(0.0034583089 -0.000828125 0)
(0.003602535 -0.000828125 0)
(0.0037493347 -0.000828125 0)
(0.0038987537 -0.000828125 -6.9776599e-21)
(0.0040508388 -0.000828125 0)
(0.0042056377 -0.000828125 0)
(0.0043631988 -0.000828125 0)
(0.0045235712 -0.000828125 0)
(0.0046868052 -0.000828125 0)
(0.004852952 -0.000828125 0)
(0.0050220634 -0.000828125 -3.8496667e-20)
(0.0051941923 -0.000828125 0)
(0.0053693926 -0.000828125 0)
(0.005547719 -0.000828125 1.1693104e-20)
(0.0057292274 -0.000828125 0)
(0.0059139745 -0.000828125 0)
(0.0061020182 -0.000828125 -2.3683559e-20)
(0.0062934173 -0.000828125 0)
(0.0064882315 -0.000828125 0)
(0.0066865219 -0.000828125 0)
(0.0068883505 -0.000828125 0)
(0.0070937805 -0.000828125 0)
(0.0073028759 -0.000828125 -5.2873842e-20)
(0.0075157024 -0.000828125 -6.1797303e-20)
(0.0077323264 -0.000828125 0)
(0.0079528157 -0.000828125 0)
(0.0081772394 -0.000828125 0)
(0.0084056676 -0.000828125 0)
(0.0086381717 -0.000828125 0)
(0.0088748244 -0.000828125 0)
(0.0091156998 -0.000828125 2.7475978e-20)
(0.0093608734 -0.000828125 -1.7009909e-20)
(0.0096104217 -0.000828125 0)
(0.0098644227 -0.000828125 0)
(0.010122956 -0.000828125 1.7636743e-20)
(0.010386102 -0.000828125 0)
(0.010653944 -0.000828125 0)
(0.010926565 -0.000828125 0)
(0.011204051 -0.000828125 0)
(0.011486488 -0.000828125 0)
(0.011773965 -0.000828125 -2.3266091e-20)
(0.012066571 -0.000828125 0)
(0.012364399 -0.000828125 0)
(0.01266754 -0.000828125 2.9020261e-20)
(0.012976091 -0.000828125 2.8537908e-20)
(0.013290147 -0.000828125 0)
(0.013609807 -0.000828125 0)
(0.01393517 -0.000828125 0)
(0.01426634 -0.000828125 5.3383218e-20)
(0.014603419 -0.000828125 0)
(0.014946512 -0.000828125 0)
(0.015295727 -0.000828125 0)
(0.015651174 -0.000828125 -1.3238618e-20)
(0.016012963 -0.000828125 1.1527114e-20)
(0.016381208 -0.000828125 0)
(0.016756023 -0.000828125 0)
(0.017137526 -0.000828125 0)
(0.017525837 -0.000828125 0)
(0.017921076 -0.000828125 0)
(0.018323368 -0.000828125 0)
(0.018732838 -0.000828125 3.2060301e-20)
(0.019149615 -0.000828125 -1.0006274e-20)
(0.019573828 -0.000828125 0)
(0.020005611 -0.000828125 0)
(0.020445098 -0.000828125 -1.8978371e-20)
(0.020892427 -0.000828125 0)
(0.021347738 -0.000828125 0)
(0.021811173 -0.000828125 -3.7501226e-20)
(0.022282878 -0.000828125 0)
(0.022763 -0.000828125 0)
(0.023251688 -0.000828125 0)
(0.023749096 -0.000828125 2.6658484e-20)
(0.0010501807 -0.000796875 0)
(0.0011514375 -0.000796875 0)
(0.001254501 -0.000796875 -3.1853965e-20)
(0.0013594036 -0.000796875 4.1260634e-20)
(0.001466178 -0.000796875 -3.0799232e-20)
(0.0015748576 -0.000796875 0)
(0.0016854764 -0.000796875 2.9781181e-20)
(0.001798069 -0.000796875 0)
(0.0019126708 -0.000796875 0)
(0.0020293174 -0.000796875 0)
(0.0021480453 -0.000796875 0)
(0.0022688917 -0.000796875 0)
(0.0023918945 -0.000796875 1.8458214e-20)
(0.0025170921 -0.000796875 0)
(0.0026445237 -0.000796875 2.6050663e-20)
(0.0027742291 -0.000796875 4.320255e-20)
(0.0029062489 -0.000796875 0)
(0.0030406244 -0.000796875 0)
(0.0031773975 -0.000796875 0)
(0.0033166111 -0.000796875 0)
(0.0034583089 -0.000796875 3.0937348e-20)
(0.003602535 -0.000796875 0)
(0.0037493346 -0.000796875 4.4118836e-20)
(0.0038987537 -0.000796875 0)
(0.0040508388 -0.000796875 0)
(0.0042056377 -0.000796875 0)
(0.0043631987 -0.000796875 2.7974187e-20)
(0.0045235712 -0.000796875 -5.5020358e-20)
(0.0046868053 -0.000796875 0)
(0.004852952 -0.000796875 3.91567e-20)
(0.0050220634 -0.000796875 -5.233278e-20)
(0.0051941923 -0.000796875 0)
(0.0053693926 -0.000796875 1.1901754e-20)
(0.005547719 -0.000796875 0)
(0.0057292274 -0.000796875 0)
(0.0059139745 -0.000796875 4.8158554e-20)
(0.0061020183 -0.000796875 -2.3683559e-20)
(0.0062934173 -0.000796875 0)
(0.0064882315 -0.000796875 -3.3616265e-20)
(0.0066865219 -0.000796875 0)
(0.0068883505 -0.000796875 0)
(0.0070937804 -0.000796875 -2.180658e-20)
(0.0073028759 -0.000796875 -4.1395572e-20)
(0.0075157023 -0.000796875 3.0898651e-20)
(0.0077323264 -0.000796875 0)
(0.0079528157 -0.000796875 2.987714e-20)
(0.0081772394 -0.000796875 0)
(0.0084056675 -0.000796875 -2.8891123e-20)
(0.0086381717 -0.000796875 0)
(0.0088748244 -0.000796875 0)
(0.0091156998 -0.000796875 0)
(0.0093608734 -0.000796875 0)
(0.0096104217 -0.000796875 0)
(0.0098644228 -0.000796875 0)
(0.010122956 -0.000796875 0)
(0.010386103 -0.000796875 0)
(0.010653944 -0.000796875 3.2646376e-20)
(0.010926566 -0.000796875 0)
(0.011204051 -0.000796875 0)
(0.011486488 -0.000796875 0)
(0.011773965 -0.000796875 2.3266091e-20)
(0.012066571 -0.000796875 0)
(0.012364399 -0.000796875 -7.0013382e-21)
(0.01266754 -0.000796875 0)
(0.01297609 -0.000796875 -7.0591853e-20)
(0.013290147 -0.000796875 0)
(0.013609807 -0.000796875 -1.4552124e-20)
(0.01393517 -0.000796875 0)
(0.01426634 -0.000796875 0)
(0.014603419 -0.000796875 -2.625012e-20)
(0.014946512 -0.000796875 0)
(0.015295728 -0.000796875 -1.3447995e-20)
(0.015651174 -0.000796875 0)
(0.016012963 -0.000796875 -1.303295e-20)
(0.016381208 -0.000796875 0)
(0.016756023 -0.000796875 0)
(0.017137526 -0.000796875 5.7668851e-20)
(0.017525837 -0.000796875 -1.0739815e-20)
(0.017921076 -0.000796875 0)
(0.018323368 -0.000796875 0)
(0.018732838 -0.000796875 0)
(0.019149615 -0.000796875 0)
(0.019573828 -0.000796875 -9.8308693e-21)
(0.02000561 -0.000796875 -3.0481377e-20)
(0.020445098 -0.000796875 2.0484207e-20)
(0.020892427 -0.000796875 -9.3228613e-21)
(0.021347738 -0.000796875 -2.8984021e-20)
(0.021811173 -0.000796875 3.7501226e-20)
(0.022282878 -0.000796875 0)
(0.022763 -0.000796875 -3.625022e-20)
(0.023251688 -0.000796875 0)
(0.023749097 -0.000796875 -8.3842158e-21)
(0.0010501807 -0.000765625 0)
(0.0011514375 -0.000765625 0)
(0.001254501 -0.000765625 0)
(0.0013594036 -0.000765625 0)
(0.001466178 -0.000765625 0)
(0.0015748576 -0.000765625 0)
(0.0016854764 -0.000765625 0)
(0.0017980691 -0.000765625 0)
(0.0019126708 -0.000765625 0)
(0.0020293174 -0.000765625 0)
(0.0021480453 -0.000765625 0)
(0.0022688917 -0.000765625 0)
(0.0023918945 -0.000765625 0)
(0.0025170922 -0.000765625 0)
(0.0026445237 -0.000765625 0)
(0.0027742291 -0.000765625 0)
(0.0029062489 -0.000765625 0)
(0.0030406243 -0.000765625 0)
(0.0031773975 -0.000765625 0)
(0.0033166112 -0.000765625 0)
(0.0034583089 -0.000765625 0)
(0.003602535 -0.000765625 0)
(0.0037493347 -0.000765625 0)
(0.0038987537 -0.000765625 -6.9776599e-21)
(0.0040508388 -0.000765625 0)
(0.0042056377 -0.000765625 0)
(0.0043631988 -0.000765625 0)
(0.0045235712 -0.000765625 0)
(0.0046868052 -0.000765625 0)
(0.004852952 -0.000765625 0)
(0.0050220634 -0.000765625 -3.8496667e-20)
(0.0051941923 -0.000765625 0)
(0.0053693926 -0.000765625 0)
(0.005547719 -0.000765625 1.1693104e-20)
(0.0057292274 -0.000765625 0)
(0.0059139745 -0.000765625 0)
(0.0061020182 -0.000765625 -2.3683559e-20)
(0.0062934173 -0.000765625 0)
(0.0064882315 -0.000765625 0)
(0.0066865219 -0.000765625 0)
(0.0068883505 -0.000765625 0)
(0.0070937805 -0.000765625 0)
(0.0073028759 -0.000765625 -5.2873842e-20)
(0.0075157024 -0.000765625 -6.1797303e-20)
(0.0077323264 -0.000765625 0)
(0.0079528157 -0.000765625 0)
(0.0081772394 -0.000765625 0)
(0.0084056676 -0.000765625 0)
(0.0086381717 -0.000765625 0)
(0.0088748244 -0.000765625 0)
(0.0091156998 -0.000765625 2.7475978e-20)
(0.0093608734 -0.000765625 -1.7009909e-20)
(0.0096104217 -0.000765625 0)
(0.0098644227 -0.000765625 0)
(0.010122956 -0.000765625 1.7636743e-20)
(0.010386102 -0.000765625 0)
(0.010653944 -0.000765625 0)
(0.010926565 -0.000765625 0)
(0.011204051 -0.000765625 0)
(0.011486488 -0.000765625 0)
(0.011773965 -0.000765625 -2.3266091e-20)
(0.012066571 -0.000765625 0)
(0.012364399 -0.000765625 0)
(0.01266754 -0.000765625 2.9020261e-20)
(0.012976091 -0.000765625 2.8537908e-20)
(0.013290146 -0.000765625 0)
(0.013609807 -0.000765625 0)
(0.01393517 -0.000765625 0)
(0.01426634 -0.000765625 5.3383218e-20)
(0.014603419 -0.000765625 0)
(0.014946512 -0.000765625 0)
(0.015295728 -0.000765625 0)
(0.015651174 -0.000765625 -1.3238618e-20)
(0.016012963 -0.000765625 1.1527114e-20)
(0.016381208 -0.000765625 0)
(0.016756023 -0.000765625 0)
(0.017137527 -0.000765625 0)
(0.017525837 -0.000765625 0)
(0.017921076 -0.000765625 0)
(0.018323368 -0.000765625 0)
(0.018732838 -0.000765625 3.2060301e-20)
(0.019149615 -0.000765625 -1.0006274e-20)
(0.019573828 -0.000765625 0)
(0.02000561 -0.000765625 0)
(0.020445098 -0.000765625 -1.8978371e-20)
(0.020892427 -0.000765625 0)
(0.021347738 -0.000765625 0)
(0.021811173 -0.000765625 -3.7501226e-20)
(0.022282878 -0.000765625 0)
(0.022763 -0.000765625 0)
(0.023251688 -0.000765625 0)
(0.023749096 -0.000765625 2.6658484e-20)
(0.0010501807 -0.000734375 0)
(0.0011514375 -0.000734375 0)
(0.0012545011 -0.000734375 0)
(0.0013594036 -0.000734375 0)
(0.001466178 -0.000734375 0)
(0.0015748576 -0.000734375 0)
(0.0016854764 -0.000734375 0)
(0.001798069 -0.000734375 0)
(0.0019126708 -0.000734375 0)
(0.0020293174 -0.000734375 0)
(0.0021480453 -0.000734375 0)
(0.0022688917 -0.000734375 0)
(0.0023918945 -0.000734375 0)
(0.0025170922 -0.000734375 0)
(0.0026445237 -0.000734375 0)
(0.0027742291 -0.000734375 0)
(0.0029062489 -0.000734375 0)
(0.0030406243 -0.000734375 0)
(0.0031773975 -0.000734375 0)
(0.0033166112 -0.000734375 0)
(0.0034583089 -0.000734375 0)
(0.003602535 -0.000734375 0)
(0.0037493347 -0.000734375 0)
(0.0038987537 -0.000734375 -6.9776599e-21)
(0.0040508388 -0.000734375 0)
(0.0042056377 -0.000734375 0)
(0.0043631988 -0.000734375 0)
(0.0045235712 -0.000734375 0)
(0.0046868052 -0.000734375 0)
(0.004852952 -0.000734375 0)
(0.0050220634 -0.000734375 -3.8496667e-20)
(0.0051941923 -0.000734375 0)
(0.0053693926 -0.000734375 0)
(0.005547719 -0.000734375 1.1693104e-20)
(0.0057292274 -0.000734375 0)
(0.0059139745 -0.000734375 0)
(0.0061020182 -0.000734375 -2.3683559e-20)
(0.0062934173 -0.000734375 0)
(0.0064882315 -0.000734375 0)
(0.0066865219 -0.000734375 0)
(0.0068883505 -0.000734375 0)
(0.0070937804 -0.000734375 0)
(0.0073028759 -0.000734375 -5.2873842e-20)
(0.0075157023 -0.000734375 -6.1797303e-20)
(0.0077323264 -0.000734375 0)
(0.0079528157 -0.000734375 0)
(0.0081772394 -0.000734375 0)
(0.0084056676 -0.000734375 0)
(0.0086381716 -0.000734375 0)
(0.0088748244 -0.000734375 0)
(0.0091156998 -0.000734375 2.7475978e-20)
(0.0093608734 -0.000734375 -1.7009909e-20)
(0.0096104217 -0.000734375 0)
(0.0098644227 -0.000734375 0)
(0.010122956 -0.000734375 1.7636743e-20)
(0.010386102 -0.000734375 0)
(0.010653944 -0.000734375 0)
(0.010926565 -0.000734375 0)
(0.011204051 -0.000734375 0)
(0.011486488 -0.000734375 0)
(0.011773965 -0.000734375 -2.3266091e-20)
(0.012066571 -0.000734375 0)
(0.012364399 -0.000734375 0)
(0.01266754 -0.000734375 2.9020261e-20)
(0.012976091 -0.000734375 2.8537908e-20)
(0.013290146 -0.000734375 0)
(0.013609807 -0.000734375 0)
(0.01393517 -0.000734375 0)
(0.01426634 -0.000734375 5.3383218e-20)
(0.014603419 -0.000734375 0)
(0.014946512 -0.000734375 0)
(0.015295728 -0.000734375 0)
(0.015651174 -0.000734375 -1.3238618e-20)
(0.016012963 -0.000734375 1.1527114e-20)
(0.016381208 -0.000734375 0)
(0.016756023 -0.000734375 0)
(0.017137527 -0.000734375 0)
(0.017525837 -0.000734375 0)
(0.017921076 -0.000734375 0)
(0.018323368 -0.000734375 0)
(0.018732838 -0.000734375 3.2060301e-20)
(0.019149615 -0.000734375 -1.0006274e-20)
(0.019573828 -0.000734375 0)
(0.02000561 -0.000734375 0)
(0.020445098 -0.000734375 -1.8978371e-20)
(0.020892427 -0.000734375 0)
(0.021347738 -0.000734375 0)
(0.021811174 -0.000734375 -3.7501226e-20)
(0.022282878 -0.000734375 0)
(0.022763 -0.000734375 0)
(0.023251688 -0.000734375 0)
(0.023749096 -0.000734375 2.6658484e-20)
(0.0010501807 -0.000703125 0)
(0.0011514375 -0.000703125 0)
(0.0012545011 -0.000703125 0)
(0.0013594036 -0.000703125 0)
(0.001466178 -0.000703125 0)
(0.0015748576 -0.000703125 0)
(0.0016854764 -0.000703125 0)
(0.0017980691 -0.000703125 0)
(0.0019126708 -0.000703125 0)
(0.0020293174 -0.000703125 0)
(0.0021480453 -0.000703125 0)
(0.0022688917 -0.000703125 0)
(0.0023918945 -0.000703125 0)
(0.0025170922 -0.000703125 0)
(0.0026445237 -0.000703125 0)
(0.0027742291 -0.000703125 0)
(0.0029062489 -0.000703125 0)
(0.0030406243 -0.000703125 0)
(0.0031773975 -0.000703125 0)
(0.0033166111 -0.000703125 0)
(0.0034583089 -0.000703125 0)
(0.003602535 -0.000703125 0)
(0.0037493347 -0.000703125 0)
(0.0038987537 -0.000703125 -6.9776599e-21)
(0.0040508388 -0.000703125 0)
(0.0042056377 -0.000703125 0)
(0.0043631988 -0.000703125 0)
(0.0045235712 -0.000703125 0)
(0.0046868052 -0.000703125 0)
(0.004852952 -0.000703125 0)
(0.0050220634 -0.000703125 -3.8496667e-20)
(0.0051941923 -0.000703125 0)
(0.0053693926 -0.000703125 0)
(0.005547719 -0.000703125 1.1693104e-20)
(0.0057292274 -0.000703125 0)
(0.0059139745 -0.000703125 0)
(0.0061020182 -0.000703125 -2.3683559e-20)
(0.0062934173 -0.000703125 0)
(0.0064882315 -0.000703125 0)
(0.0066865219 -0.000703125 0)
(0.0068883505 -0.000703125 0)
(0.0070937805 -0.000703125 0)
(0.0073028759 -0.000703125 -5.2873842e-20)
(0.0075157024 -0.000703125 -6.1797303e-20)
(0.0077323264 -0.000703125 0)
(0.0079528157 -0.000703125 0)
(0.0081772394 -0.000703125 0)
(0.0084056676 -0.000703125 0)
(0.0086381717 -0.000703125 0)
(0.0088748244 -0.000703125 0)
(0.0091156998 -0.000703125 2.7475978e-20)
(0.0093608734 -0.000703125 -1.7009909e-20)
(0.0096104217 -0.000703125 0)
(0.0098644228 -0.000703125 0)
(0.010122956 -0.000703125 1.7636743e-20)
(0.010386102 -0.000703125 0)
(0.010653945 -0.000703125 0)
(0.010926565 -0.000703125 0)
(0.011204051 -0.000703125 0)
(0.011486488 -0.000703125 0)
(0.011773965 -0.000703125 -2.3266091e-20)
(0.012066571 -0.000703125 0)
(0.012364399 -0.000703125 0)
(0.01266754 -0.000703125 2.9020261e-20)
(0.012976091 -0.000703125 2.8537908e-20)
(0.013290146 -0.000703125 0)
(0.013609807 -0.000703125 0)
(0.01393517 -0.000703125 0)
(0.01426634 -0.000703125 5.3383218e-20)
(0.014603419 -0.000703125 0)
(0.014946512 -0.000703125 0)
(0.015295727 -0.000703125 0)
(0.015651174 -0.000703125 -1.3238618e-20)
(0.016012963 -0.000703125 1.1527114e-20)
(0.016381208 -0.000703125 0)
(0.016756023 -0.000703125 0)
(0.017137526 -0.000703125 0)
(0.017525837 -0.000703125 0)
(0.017921076 -0.000703125 0)
(0.018323368 -0.000703125 0)
(0.018732838 -0.000703125 3.2060301e-20)
(0.019149615 -0.000703125 -1.0006274e-20)
(0.019573828 -0.000703125 0)
(0.02000561 -0.000703125 0)
(0.020445098 -0.000703125 -1.8978371e-20)
(0.020892427 -0.000703125 0)
(0.021347738 -0.000703125 0)
(0.021811173 -0.000703125 -3.7501226e-20)
(0.022282878 -0.000703125 0)
(0.022763 -0.000703125 0)
(0.023251688 -0.000703125 0)
(0.023749096 -0.000703125 2.6658484e-20)
(0.0010501807 -0.000671875 0)
(0.0011514375 -0.000671875 1.0296543e-20)
(0.0012545011 -0.000671875 0)
(0.0013594036 -0.000671875 0)
(0.001466178 -0.000671875 0)
(0.0015748576 -0.000671875 -3.0285719e-20)
(0.0016854764 -0.000671875 0)
(0.0017980691 -0.000671875 3.8545374e-20)
(0.0019126708 -0.000671875 0)
(0.0020293173 -0.000671875 0)
(0.0021480453 -0.000671875 -1.9068599e-20)
(0.0022688917 -0.000671875 0)
(0.0023918945 -0.000671875 0)
(0.0025170921 -0.000671875 0)
(0.0026445237 -0.000671875 0)
(0.0027742291 -0.000671875 0)
(0.0029062489 -0.000671875 0)
(0.0030406243 -0.000671875 0)
(0.0031773975 -0.000671875 0)
(0.0033166111 -0.000671875 0)
(0.0034583089 -0.000671875 0)
(0.003602535 -0.000671875 3.0421402e-20)
(0.0037493346 -0.000671875 0)
(0.0038987536 -0.000671875 0)
(0.0040508388 -0.000671875 0)
(0.0042056377 -0.000671875 -1.3470313e-20)
(0.0043631987 -0.000671875 0)
(0.0045235712 -0.000671875 -6.9528365e-20)
(0.0046868052 -0.000671875 0)
(0.004852952 -0.000671875 -2.6606412e-20)
(0.0050220634 -0.000671875 0)
(0.0051941923 -0.000671875 1.3619957e-20)
(0.0053693925 -0.000671875 0)
(0.005547719 -0.000671875 0)
(0.0057292274 -0.000671875 -2.448208e-20)
(0.0059139745 -0.000671875 2.4079277e-20)
(0.0061020182 -0.000671875 0)
(0.0062934172 -0.000671875 0)
(0.0064882315 -0.000671875 -3.3616265e-20)
(0.0066865219 -0.000671875 -1.0515842e-20)
(0.0068883505 -0.000671875 0)
(0.0070937804 -0.000671875 0)
(0.0073028759 -0.000671875 0)
(0.0075157024 -0.000671875 0)
(0.0077323264 -0.000671875 0)
(0.0079528157 -0.000671875 0)
(0.0081772394 -0.000671875 2.937977e-20)
(0.0084056675 -0.000671875 0)
(0.0086381716 -0.000671875 1.9442639e-20)
(0.0088748244 -0.000671875 -1.91282e-20)
(0.0091156998 -0.000671875 0)
(0.0093608734 -0.000671875 0)
(0.0096104217 -0.000671875 1.8217553e-20)
(0.0098644227 -0.000671875 0)
(0.010122956 -0.000671875 0)
(0.010386102 -0.000671875 -1.7353995e-20)
(0.010653944 -0.000671875 0)
(0.010926565 -0.000671875 0)
(0.011204051 -0.000671875 0)
(0.011486488 -0.000671875 2.365443e-20)
(0.011773964 -0.000671875 0)
(0.012066571 -0.000671875 0)
(0.012364398 -0.000671875 2.2509851e-20)
(0.01266754 -0.000671875 -1.3757212e-20)
(0.012976091 -0.000671875 0)
(0.013290146 -0.000671875 0)
(0.013609807 -0.000671875 -5.5196823e-20)
(0.01393517 -0.000671875 0)
(0.01426634 -0.000671875 3.9284496e-20)
(0.014603418 -0.000671875 0)
(0.014946512 -0.000671875 -1.3661045e-20)
(0.015295727 -0.000671875 -2.5390153e-20)
(0.015651174 -0.000671875 0)
(0.016012963 -0.000671875 -1.303295e-20)
(0.016381208 -0.000671875 -8.2286849e-20)
(0.016756023 -0.000671875 4.601178e-20)
(0.017137526 -0.000671875 0)
(0.017525837 -0.000671875 0)
(0.017921076 -0.000671875 -3.3160459e-20)
(0.018323368 -0.000671875 0)
(0.018732838 -0.000671875 0)
(0.019149615 -0.000671875 0)
(0.019573828 -0.000671875 -9.8308693e-21)
(0.02000561 -0.000671875 -4.0139891e-20)
(0.020445098 -0.000671875 0)
(0.020892427 -0.000671875 0)
(0.021347738 -0.000671875 -6.7127437e-20)
(0.021811173 -0.000671875 0)
(0.022282878 -0.000671875 0)
(0.022762999 -0.000671875 0)
(0.023251688 -0.000671875 0)
(0.023749097 -0.000671875 0)
(0.0010501807 -0.000640625 0)
(0.0011514375 -0.000640625 0)
(0.0012545011 -0.000640625 0)
(0.0013594036 -0.000640625 0)
(0.001466178 -0.000640625 0)
(0.0015748576 -0.000640625 0)
(0.0016854764 -0.000640625 0)
(0.0017980691 -0.000640625 0)
(0.0019126708 -0.000640625 0)
(0.0020293174 -0.000640625 0)
(0.0021480453 -0.000640625 0)
(0.0022688918 -0.000640625 0)
(0.0023918945 -0.000640625 0)
(0.0025170922 -0.000640625 0)
(0.0026445237 -0.000640625 0)
(0.0027742291 -0.000640625 0)
(0.0029062489 -0.000640625 0)
(0.0030406243 -0.000640625 0)
(0.0031773975 -0.000640625 0)
(0.0033166111 -0.000640625 0)
(0.0034583089 -0.000640625 0)
(0.003602535 -0.000640625 0)
(0.0037493347 -0.000640625 0)
(0.0038987537 -0.000640625 -6.9776599e-21)
(0.0040508388 -0.000640625 0)
(0.0042056377 -0.000640625 0)
(0.0043631988 -0.000640625 0)
(0.0045235712 -0.000640625 0)
(0.0046868052 -0.000640625 0)
(0.004852952 -0.000640625 0)
(0.0050220634 -0.000640625 -3.8496667e-20)
(0.0051941923 -0.000640625 0)
(0.0053693926 -0.000640625 0)
(0.005547719 -0.000640625 1.1693104e-20)
(0.0057292274 -0.000640625 0)
(0.0059139746 -0.000640625 0)
(0.0061020182 -0.000640625 -2.3683559e-20)
(0.0062934172 -0.000640625 0)
(0.0064882315 -0.000640625 0)
(0.0066865219 -0.000640625 0)
(0.0068883505 -0.000640625 0)
(0.0070937804 -0.000640625 0)
(0.0073028759 -0.000640625 -5.2873842e-20)
(0.0075157023 -0.000640625 -6.1797303e-20)
(0.0077323264 -0.000640625 0)
(0.0079528157 -0.000640625 0)
(0.0081772394 -0.000640625 0)
(0.0084056676 -0.000640625 0)
(0.0086381717 -0.000640625 0)
(0.0088748244 -0.000640625 0)
(0.0091156998 -0.000640625 2.7475978e-20)
(0.0093608734 -0.000640625 -1.7009909e-20)
(0.0096104217 -0.000640625 0)
(0.0098644227 -0.000640625 0)
(0.010122956 -0.000640625 1.7636743e-20)
(0.010386102 -0.000640625 0)
(0.010653944 -0.000640625 0)
(0.010926565 -0.000640625 0)
(0.011204051 -0.000640625 0)
(0.011486488 -0.000640625 0)
(0.011773965 -0.000640625 -2.3266091e-20)
(0.012066571 -0.000640625 0)
(0.012364399 -0.000640625 0)
(0.01266754 -0.000640625 2.9020261e-20)
(0.012976091 -0.000640625 2.8537908e-20)
(0.013290146 -0.000640625 0)
(0.013609807 -0.000640625 0)
(0.01393517 -0.000640625 0)
(0.01426634 -0.000640625 5.3383218e-20)
(0.014603418 -0.000640625 0)
(0.014946512 -0.000640625 0)
(0.015295728 -0.000640625 0)
(0.015651174 -0.000640625 -1.3238618e-20)
(0.016012963 -0.000640625 1.1527114e-20)
(0.016381208 -0.000640625 0)
(0.016756023 -0.000640625 0)
(0.017137527 -0.000640625 0)
(0.017525837 -0.000640625 0)
(0.017921076 -0.000640625 0)
(0.018323368 -0.000640625 0)
(0.018732838 -0.000640625 3.2060301e-20)
(0.019149615 -0.000640625 -1.0006274e-20)
(0.019573828 -0.000640625 0)
(0.02000561 -0.000640625 0)
(0.020445098 -0.000640625 -1.8978371e-20)
(0.020892427 -0.000640625 0)
(0.021347738 -0.000640625 0)
(0.021811173 -0.000640625 -3.7501226e-20)
(0.022282878 -0.000640625 0)
(0.022763 -0.000640625 0)
(0.023251688 -0.000640625 0)
(0.023749096 -0.000640625 2.6658484e-20)
(0.0010501807 -0.000609375 0)
(0.0011514375 -0.000609375 0)
(0.0012545011 -0.000609375 0)
(0.0013594036 -0.000609375 0)
(0.001466178 -0.000609375 0)
(0.0015748576 -0.000609375 0)
(0.0016854764 -0.000609375 0)
(0.0017980691 -0.000609375 0)
(0.0019126708 -0.000609375 0)
(0.0020293174 -0.000609375 0)
(0.0021480453 -0.000609375 0)
(0.0022688917 -0.000609375 0)
(0.0023918945 -0.000609375 0)
(0.0025170922 -0.000609375 0)
(0.0026445237 -0.000609375 0)
(0.0027742291 -0.000609375 0)
(0.0029062489 -0.000609375 0)
(0.0030406243 -0.000609375 0)
(0.0031773975 -0.000609375 0)
(0.0033166111 -0.000609375 0)
(0.0034583089 -0.000609375 0)
(0.003602535 -0.000609375 0)
(0.0037493347 -0.000609375 0)
(0.0038987537 -0.000609375 -6.9776599e-21)
(0.0040508388 -0.000609375 0)
(0.0042056377 -0.000609375 0)
(0.0043631988 -0.000609375 0)
(0.0045235712 -0.000609375 0)
(0.0046868053 -0.000609375 0)
(0.004852952 -0.000609375 0)
(0.0050220634 -0.000609375 -3.8496667e-20)
(0.0051941923 -0.000609375 0)
(0.0053693926 -0.000609375 0)
(0.005547719 -0.000609375 1.1693104e-20)
(0.0057292274 -0.000609375 0)
(0.0059139746 -0.000609375 0)
(0.0061020182 -0.000609375 -2.3683559e-20)
(0.0062934173 -0.000609375 0)
(0.0064882315 -0.000609375 0)
(0.0066865219 -0.000609375 0)
(0.0068883505 -0.000609375 0)
(0.0070937804 -0.000609375 0)
(0.0073028759 -0.000609375 -5.2873842e-20)
(0.0075157024 -0.000609375 -6.1797303e-20)
(0.0077323264 -0.000609375 0)
(0.0079528157 -0.000609375 0)
(0.0081772394 -0.000609375 0)
(0.0084056675 -0.000609375 0)
(0.0086381716 -0.000609375 0)
(0.0088748244 -0.000609375 0)
(0.0091156998 -0.000609375 2.7475978e-20)
(0.0093608734 -0.000609375 -1.7009909e-20)
(0.0096104217 -0.000609375 0)
(0.0098644228 -0.000609375 0)
(0.010122956 -0.000609375 1.7636743e-20)
(0.010386102 -0.000609375 0)
(0.010653944 -0.000609375 0)
(0.010926565 -0.000609375 0)
(0.011204051 -0.000609375 0)
(0.011486488 -0.000609375 0)
(0.011773965 -0.000609375 -2.3266091e-20)
(0.012066571 -0.000609375 0)
(0.012364399 -0.000609375 0)
(0.01266754 -0.000609375 2.9020261e-20)
(0.012976091 -0.000609375 2.8537908e-20)
(0.013290146 -0.000609375 0)
(0.013609807 -0.000609375 0)
(0.01393517 -0.000609375 0)
(0.01426634 -0.000609375 5.3383218e-20)
(0.014603419 -0.000609375 0)
(0.014946512 -0.000609375 0)
(0.015295728 -0.000609375 0)
(0.015651174 -0.000609375 -1.3238618e-20)
(0.016012963 -0.000609375 1.1527114e-20)
(0.016381208 -0.000609375 0)
(0.016756023 -0.000609375 0)
(0.017137526 -0.000609375 0)
(0.017525837 -0.000609375 0)
(0.017921076 -0.000609375 0)
(0.018323368 -0.000609375 0)
(0.018732838 -0.000609375 3.2060301e-20)
(0.019149615 -0.000609375 -1.0006274e-20)
(0.019573828 -0.000609375 0)
(0.02000561 -0.000609375 0)
(0.020445098 -0.000609375 -1.8978371e-20)
(0.020892427 -0.000609375 0)
(0.021347738 -0.000609375 0)
(0.021811173 -0.000609375 -3.7501226e-20)
(0.022282878 -0.000609375 0)
(0.022763 -0.000609375 0)
(0.023251688 -0.000609375 0)
(0.023749097 -0.000609375 2.6658484e-20)
(0.0010501807 -0.000578125 0)
(0.0011514375 -0.000578125 0)
(0.001254501 -0.000578125 0)
(0.0013594036 -0.000578125 0)
(0.001466178 -0.000578125 0)
(0.0015748576 -0.000578125 0)
(0.0016854764 -0.000578125 0)
(0.001798069 -0.000578125 0)
(0.0019126708 -0.000578125 0)
(0.0020293174 -0.000578125 0)
(0.0021480453 -0.000578125 0)
(0.0022688917 -0.000578125 0)
(0.0023918945 -0.000578125 0)
(0.0025170922 -0.000578125 0)
(0.0026445237 -0.000578125 0)
(0.0027742291 -0.000578125 0)
(0.0029062489 -0.000578125 0)
(0.0030406243 -0.000578125 0)
(0.0031773975 -0.000578125 0)
(0.0033166111 -0.000578125 0)
(0.0034583089 -0.000578125 0)
(0.003602535 -0.000578125 0)
(0.0037493347 -0.000578125 0)
(0.0038987537 -0.000578125 -6.9776599e-21)
(0.0040508388 -0.000578125 0)
(0.0042056377 -0.000578125 0)
(0.0043631988 -0.000578125 0)
(0.0045235712 -0.000578125 0)
(0.0046868052 -0.000578125 0)
(0.004852952 -0.000578125 0)
(0.0050220634 -0.000578125 -3.8496667e-20)
(0.0051941923 -0.000578125 0)
(0.0053693926 -0.000578125 0)
(0.005547719 -0.000578125 1.1693104e-20)
(0.0057292274 -0.000578125 0)
(0.0059139745 -0.000578125 0)
(0.0061020183 -0.000578125 -2.3683559e-20)
(0.0062934173 -0.000578125 0)
(0.0064882315 -0.000578125 0)
(0.0066865219 -0.000578125 0)
(0.0068883505 -0.000578125 0)
(0.0070937805 -0.000578125 0)
(0.0073028759 -0.000578125 -5.2873842e-20)
(0.0075157023 -0.000578125 -6.1797303e-20)
(0.0077323264 -0.000578125 0)
(0.0079528157 -0.000578125 0)
(0.0081772394 -0.000578125 0)
(0.0084056676 -0.000578125 0)
(0.0086381716 -0.000578125 0)
(0.0088748244 -0.000578125 0)
(0.0091156998 -0.000578125 2.7475978e-20)
(0.0093608734 -0.000578125 -1.7009909e-20)
(0.0096104217 -0.000578125 0)
(0.0098644228 -0.000578125 0)
(0.010122956 -0.000578125 1.7636743e-20)
(0.010386102 -0.000578125 0)
(0.010653944 -0.000578125 0)
(0.010926565 -0.000578125 0)
(0.011204051 -0.000578125 0)
(0.011486488 -0.000578125 0)
(0.011773965 -0.000578125 -2.3266091e-20)
(0.012066571 -0.000578125 0)
(0.012364399 -0.000578125 0)
(0.01266754 -0.000578125 2.9020261e-20)
(0.012976091 -0.000578125 2.8537908e-20)
(0.013290146 -0.000578125 0)
(0.013609807 -0.000578125 0)
(0.01393517 -0.000578125 0)
(0.01426634 -0.000578125 5.3383218e-20)
(0.014603419 -0.000578125 0)
(0.014946512 -0.000578125 0)
(0.015295728 -0.000578125 0)
(0.015651174 -0.000578125 -1.3238618e-20)
(0.016012963 -0.000578125 1.1527114e-20)
(0.016381207 -0.000578125 0)
(0.016756023 -0.000578125 0)
(0.017137526 -0.000578125 0)
(0.017525837 -0.000578125 0)
(0.017921076 -0.000578125 0)
(0.018323368 -0.000578125 0)
(0.018732838 -0.000578125 3.2060301e-20)
(0.019149615 -0.000578125 -1.0006274e-20)
(0.019573828 -0.000578125 0)
(0.02000561 -0.000578125 0)
(0.020445098 -0.000578125 -1.8978371e-20)
(0.020892427 -0.000578125 0)
(0.021347738 -0.000578125 0)
(0.021811173 -0.000578125 -3.7501226e-20)
(0.022282878 -0.000578125 0)
(0.022763 -0.000578125 0)
(0.023251688 -0.000578125 0)
(0.023749096 -0.000578125 2.6658484e-20)
(0.0010501807 -0.000546875 0)
(0.0011514375 -0.000546875 0)
(0.001254501 -0.000546875 -3.1853965e-20)
(0.0013594036 -0.000546875 4.1260634e-20)
(0.001466178 -0.000546875 -3.0799232e-20)
(0.0015748576 -0.000546875 0)
(0.0016854764 -0.000546875 2.9781181e-20)
(0.001798069 -0.000546875 0)
(0.0019126708 -0.000546875 0)
(0.0020293174 -0.000546875 0)
(0.0021480453 -0.000546875 0)
(0.0022688917 -0.000546875 0)
(0.0023918945 -0.000546875 1.8458214e-20)
(0.0025170921 -0.000546875 0)
(0.0026445237 -0.000546875 2.6050663e-20)
(0.0027742291 -0.000546875 4.320255e-20)
(0.0029062489 -0.000546875 0)
(0.0030406243 -0.000546875 0)
(0.0031773975 -0.000546875 0)
(0.0033166111 -0.000546875 0)
(0.0034583089 -0.000546875 3.0937348e-20)
(0.0036025351 -0.000546875 0)
(0.0037493346 -0.000546875 4.4118836e-20)
(0.0038987536 -0.000546875 0)
(0.0040508388 -0.000546875 0)
(0.0042056377 -0.000546875 0)
(0.0043631988 -0.000546875 2.7974187e-20)
(0.0045235712 -0.000546875 -5.5020358e-20)
(0.0046868053 -0.000546875 0)
(0.004852952 -0.000546875 3.91567e-20)
(0.0050220634 -0.000546875 -5.233278e-20)
(0.0051941923 -0.000546875 0)
(0.0053693926 -0.000546875 1.1901754e-20)
(0.005547719 -0.000546875 0)
(0.0057292274 -0.000546875 0)
(0.0059139745 -0.000546875 4.8158554e-20)
(0.0061020182 -0.000546875 -2.3683559e-20)
(0.0062934173 -0.000546875 0)
(0.0064882315 -0.000546875 -3.3616265e-20)
(0.0066865219 -0.000546875 0)
(0.0068883505 -0.000546875 0)
(0.0070937804 -0.000546875 -2.180658e-20)
(0.0073028759 -0.000546875 -4.1395572e-20)
(0.0075157023 -0.000546875 3.0898651e-20)
(0.0077323264 -0.000546875 0)
(0.0079528157 -0.000546875 2.987714e-20)
(0.0081772394 -0.000546875 0)
(0.0084056676 -0.000546875 -2.8891123e-20)
(0.0086381717 -0.000546875 0)
(0.0088748244 -0.000546875 0)
(0.0091156998 -0.000546875 0)
(0.0093608734 -0.000546875 0)
(0.0096104217 -0.000546875 0)
(0.0098644227 -0.000546875 0)
(0.010122956 -0.000546875 0)
(0.010386102 -0.000546875 0)
(0.010653944 -0.000546875 3.2646376e-20)
(0.010926566 -0.000546875 0)
(0.011204051 -0.000546875 0)
(0.011486488 -0.000546875 0)
(0.011773965 -0.000546875 2.3266091e-20)
(0.012066571 -0.000546875 0)
(0.012364399 -0.000546875 -7.0013382e-21)
(0.01266754 -0.000546875 0)
(0.01297609 -0.000546875 -7.0591853e-20)
(0.013290146 -0.000546875 0)
(0.013609807 -0.000546875 -1.4552124e-20)
(0.013935171 -0.000546875 0)
(0.01426634 -0.000546875 0)
(0.014603418 -0.000546875 -2.625012e-20)
(0.014946512 -0.000546875 0)
(0.015295728 -0.000546875 -1.3447995e-20)
(0.015651174 -0.000546875 0)
(0.016012963 -0.000546875 -1.303295e-20)
(0.016381208 -0.000546875 0)
(0.016756023 -0.000546875 0)
(0.017137527 -0.000546875 5.7668851e-20)
(0.017525837 -0.000546875 -1.0739815e-20)
(0.017921076 -0.000546875 0)
(0.018323368 -0.000546875 0)
(0.018732838 -0.000546875 0)
(0.019149615 -0.000546875 0)
(0.019573828 -0.000546875 -9.8308693e-21)
(0.02000561 -0.000546875 -3.0481377e-20)
(0.020445098 -0.000546875 2.0484207e-20)
(0.020892427 -0.000546875 -9.3228613e-21)
(0.021347738 -0.000546875 -2.8984021e-20)
(0.021811173 -0.000546875 3.7501226e-20)
(0.022282878 -0.000546875 0)
(0.022763 -0.000546875 -3.625022e-20)
(0.023251688 -0.000546875 0)
(0.023749096 -0.000546875 -8.3842158e-21)
(0.0010501807 -0.000515625 0)
(0.0011514375 -0.000515625 0)
(0.0012545011 -0.000515625 0)
(0.0013594036 -0.000515625 0)
(0.001466178 -0.000515625 0)
(0.0015748576 -0.000515625 0)
(0.0016854764 -0.000515625 0)
(0.0017980691 -0.000515625 0)
(0.0019126708 -0.000515625 0)
(0.0020293174 -0.000515625 0)
(0.0021480453 -0.000515625 0)
(0.0022688918 -0.000515625 0)
(0.0023918945 -0.000515625 0)
(0.0025170922 -0.000515625 0)
(0.0026445237 -0.000515625 0)
(0.0027742291 -0.000515625 0)
(0.0029062489 -0.000515625 0)
(0.0030406243 -0.000515625 0)
(0.0031773975 -0.000515625 0)
(0.0033166111 -0.000515625 0)
(0.0034583089 -0.000515625 0)
(0.003602535 -0.000515625 0)
(0.0037493347 -0.000515625 0)
(0.0038987537 -0.000515625 -6.9776599e-21)
(0.0040508388 -0.000515625 0)
(0.0042056377 -0.000515625 0)
(0.0043631988 -0.000515625 0)
(0.0045235712 -0.000515625 0)
(0.0046868052 -0.000515625 0)
(0.004852952 -0.000515625 0)
(0.0050220634 -0.000515625 -3.8496667e-20)
(0.0051941923 -0.000515625 0)
(0.0053693926 -0.000515625 0)
(0.005547719 -0.000515625 1.1693104e-20)
(0.0057292274 -0.000515625 0)
(0.0059139745 -0.000515625 0)
(0.0061020182 -0.000515625 -2.3683559e-20)
(0.0062934173 -0.000515625 0)
(0.0064882315 -0.000515625 0)
(0.0066865219 -0.000515625 0)
(0.0068883505 -0.000515625 0)
(0.0070937804 -0.000515625 0)
(0.0073028759 -0.000515625 -5.2873842e-20)
(0.0075157023 -0.000515625 -6.1797303e-20)
(0.0077323264 -0.000515625 0)
(0.0079528157 -0.000515625 0)
(0.0081772394 -0.000515625 0)
(0.0084056675 -0.000515625 0)
(0.0086381716 -0.000515625 0)
(0.0088748244 -0.000515625 0)
(0.0091156998 -0.000515625 2.7475978e-20)
(0.0093608734 -0.000515625 -1.7009909e-20)
(0.0096104217 -0.000515625 0)
(0.0098644227 -0.000515625 0)
(0.010122956 -0.000515625 1.7636743e-20)
(0.010386102 -0.000515625 0)
(0.010653944 -0.000515625 0)
(0.010926565 -0.000515625 0)
(0.011204051 -0.000515625 0)
(0.011486488 -0.000515625 0)
(0.011773965 -0.000515625 -2.3266091e-20)
(0.012066571 -0.000515625 0)
(0.012364399 -0.000515625 0)
(0.01266754 -0.000515625 2.9020261e-20)
(0.012976091 -0.000515625 2.8537908e-20)
(0.013290146 -0.000515625 0)
(0.013609807 -0.000515625 0)
(0.013935171 -0.000515625 0)
(0.01426634 -0.000515625 5.3383218e-20)
(0.014603418 -0.000515625 0)
(0.014946512 -0.000515625 0)
(0.015295728 -0.000515625 0)
(0.015651174 -0.000515625 -1.3238618e-20)
(0.016012963 -0.000515625 1.1527114e-20)
(0.016381208 -0.000515625 0)
(0.016756023 -0.000515625 0)
(0.017137527 -0.000515625 0)
(0.017525837 -0.000515625 0)
(0.017921076 -0.000515625 0)
(0.018323368 -0.000515625 0)
(0.018732839 -0.000515625 3.2060301e-20)
(0.019149615 -0.000515625 -1.0006274e-20)
(0.019573828 -0.000515625 0)
(0.020005611 -0.000515625 0)
(0.020445098 -0.000515625 -1.8978371e-20)
(0.020892427 -0.000515625 0)
(0.021347738 -0.000515625 0)
(0.021811173 -0.000515625 -3.7501226e-20)
(0.022282878 -0.000515625 0)
(0.022763 -0.000515625 0)
(0.023251688 -0.000515625 0)
(0.023749096 -0.000515625 2.6658484e-20)
(0.0010501807 -0.000484375 0)
(0.0011514375 -0.000484375 0)
(0.001254501 -0.000484375 0)
(0.0013594036 -0.000484375 0)
(0.001466178 -0.000484375 0)
(0.0015748576 -0.000484375 0)
(0.0016854764 -0.000484375 0)
(0.001798069 -0.000484375 0)
(0.0019126708 -0.000484375 0)
(0.0020293174 -0.000484375 0)
(0.0021480453 -0.000484375 0)
(0.0022688917 -0.000484375 0)
(0.0023918945 -0.000484375 0)
(0.0025170922 -0.000484375 0)
(0.0026445237 -0.000484375 0)
(0.0027742291 -0.000484375 0)
(0.0029062489 -0.000484375 0)
(0.0030406243 -0.000484375 0)
(0.0031773975 -0.000484375 0)
(0.0033166111 -0.000484375 0)
(0.0034583089 -0.000484375 0)
(0.003602535 -0.000484375 0)
(0.0037493346 -0.000484375 0)
(0.0038987536 -0.000484375 -6.9776599e-21)
(0.0040508388 -0.000484375 0)
(0.0042056377 -0.000484375 0)
(0.0043631988 -0.000484375 0)
(0.0045235712 -0.000484375 0)
(0.0046868052 -0.000484375 0)
(0.004852952 -0.000484375 0)
(0.0050220634 -0.000484375 -3.8496667e-20)
(0.0051941923 -0.000484375 0)
(0.0053693926 -0.000484375 0)
(0.005547719 -0.000484375 1.1693104e-20)
(0.0057292274 -0.000484375 0)
(0.0059139745 -0.000484375 0)
(0.0061020182 -0.000484375 -2.3683559e-20)
(0.0062934173 -0.000484375 0)
(0.0064882315 -0.000484375 0)
(0.0066865219 -0.000484375 0)
(0.0068883505 -0.000484375 0)
(0.0070937804 -0.000484375 0)
(0.0073028759 -0.000484375 -5.2873842e-20)
(0.0075157023 -0.000484375 -6.1797303e-20)
(0.0077323264 -0.000484375 0)
(0.0079528157 -0.000484375 0)
(0.0081772394 -0.000484375 0)
(0.0084056675 -0.000484375 0)
(0.0086381716 -0.000484375 0)
(0.0088748244 -0.000484375 0)
(0.0091156998 -0.000484375 2.7475978e-20)
(0.0093608734 -0.000484375 -1.7009909e-20)
(0.0096104217 -0.000484375 0)
(0.0098644227 -0.000484375 0)
(0.010122956 -0.000484375 1.7636743e-20)
(0.010386102 -0.000484375 0)
(0.010653944 -0.000484375 0)
(0.010926565 -0.000484375 0)
(0.011204051 -0.000484375 0)
(0.011486488 -0.000484375 0)
(0.011773965 -0.000484375 -2.3266091e-20)
(0.012066571 -0.000484375 0)
(0.012364399 -0.000484375 0)
(0.01266754 -0.000484375 2.9020261e-20)
(0.012976091 -0.000484375 2.8537908e-20)
(0.013290146 -0.000484375 0)
(0.013609807 -0.000484375 0)
(0.01393517 -0.000484375 0)
(0.01426634 -0.000484375 5.3383218e-20)
(0.014603419 -0.000484375 0)
(0.014946512 -0.000484375 0)
(0.015295727 -0.000484375 0)
(0.015651174 -0.000484375 -1.3238618e-20)
(0.016012963 -0.000484375 1.1527114e-20)
(0.016381208 -0.000484375 0)
(0.016756023 -0.000484375 0)
(0.017137526 -0.000484375 0)
(0.017525837 -0.000484375 0)
(0.017921076 -0.000484375 0)
(0.018323368 -0.000484375 0)
(0.018732838 -0.000484375 3.2060301e-20)
(0.019149615 -0.000484375 -1.0006274e-20)
(0.019573828 -0.000484375 0)
(0.020005611 -0.000484375 0)
(0.020445098 -0.000484375 -1.8978371e-20)
(0.020892427 -0.000484375 0)
(0.021347738 -0.000484375 0)
(0.021811173 -0.000484375 -3.7501226e-20)
(0.022282878 -0.000484375 0)
(0.022762999 -0.000484375 0)
(0.023251688 -0.000484375 0)
(0.023749096 -0.000484375 2.6658484e-20)
(0.0010501807 -0.000453125 0)
(0.0011514375 -0.000453125 1.0296543e-20)
(0.0012545011 -0.000453125 2.1737922e-20)
(0.0013594036 -0.000453125 -3.1321934e-20)
(0.001466178 -0.000453125 -3.0799232e-20)
(0.0015748576 -0.000453125 0)
(0.0016854764 -0.000453125 -5.9562362e-20)
(0.001798069 -0.000453125 0)
(0.0019126707 -0.000453125 2.8798496e-20)
(0.0020293174 -0.000453125 -1.9381967e-20)
(0.0021480453 -0.000453125 -1.9068599e-20)
(0.0022688917 -0.000453125 0)
(0.0023918945 -0.000453125 0)
(0.0025170921 -0.000453125 0)
(0.0026445237 -0.000453125 0)
(0.0027742291 -0.000453125 0)
(0.0029062489 -0.000453125 3.3094894e-20)
(0.0030406244 -0.000453125 0)
(0.0031773975 -0.000453125 -3.1997059e-20)
(0.0033166111 -0.000453125 0)
(0.0034583089 -0.000453125 -1.6221592e-20)
(0.0036025351 -0.000453125 0)
(0.0037493346 -0.000453125 -2.9914503e-20)
(0.0038987536 -0.000453125 0)
(0.0040508388 -0.000453125 0)
(0.0042056377 -0.000453125 2.8446462e-20)
(0.0043631987 -0.000453125 0)
(0.0045235712 -0.000453125 -5.5020358e-20)
(0.0046868052 -0.000453125 0)
(0.004852952 -0.000453125 -1.4056124e-20)
(0.0050220634 -0.000453125 0)
(0.0051941923 -0.000453125 -2.5734077e-20)
(0.0053693925 -0.000453125 3.7211099e-20)
(0.005547719 -0.000453125 0)
(0.0057292274 -0.000453125 3.5970202e-20)
(0.0059139746 -0.000453125 0)
(0.0061020182 -0.000453125 2.3683559e-20)
(0.0062934172 -0.000453125 0)
(0.0064882315 -0.000453125 1.0703476e-20)
(0.0066865219 -0.000453125 0)
(0.0068883505 -0.000453125 0)
(0.0070937804 -0.000453125 3.1956952e-20)
(0.0073028759 -0.000453125 -9.9724339e-21)
(0.0075157024 -0.000453125 0)
(0.0077323264 -0.000453125 -2.0757533e-20)
(0.0079528157 -0.000453125 -2.0420039e-20)
(0.0081772394 -0.000453125 2.937977e-20)
(0.0084056676 -0.000453125 0)
(0.0086381716 -0.000453125 0)
(0.0088748244 -0.000453125 0)
(0.0091156998 -0.000453125 0)
(0.0093608734 -0.000453125 0)
(0.0096104217 -0.000453125 0)
(0.0098644228 -0.000453125 0)
(0.010122956 -0.000453125 -3.3767649e-20)
(0.010386102 -0.000453125 -3.3202153e-20)
(0.010653944 -0.000453125 0)
(0.010926565 -0.000453125 0)
(0.011204051 -0.000453125 1.5029143e-20)
(0.011486488 -0.000453125 0)
(0.011773964 -0.000453125 -2.3266091e-20)
(0.012066571 -0.000453125 0)
(0.012364398 -0.000453125 4.3513866e-20)
(0.01266754 -0.000453125 -1.3757212e-20)
(0.01297609 -0.000453125 1.5021872e-20)
(0.013290146 -0.000453125 0)
(0.013609806 -0.000453125 0)
(0.01393517 -0.000453125 0)
(0.01426634 -0.000453125 0)
(0.014603418 -0.000453125 2.625012e-20)
(0.014946512 -0.000453125 -1.2155209e-20)
(0.015295727 -0.000453125 0)
(0.015651174 -0.000453125 -4.9942799e-20)
(0.016012963 -0.000453125 -1.303295e-20)
(0.016381207 -0.000453125 3.5480912e-20)
(0.016756023 -0.000453125 2.3758808e-20)
(0.017137526 -0.000453125 0)
(0.017525837 -0.000453125 0)
(0.017921076 -0.000453125 0)
(0.018323368 -0.000453125 0)
(0.018732838 -0.000453125 2.187548e-20)
(0.019149615 -0.000453125 -2.1518385e-20)
(0.019573828 -0.000453125 0)
(0.02000561 -0.000453125 0)
(0.020445098 -0.000453125 0)
(0.020892427 -0.000453125 0)
(0.021347738 -0.000453125 2.8984021e-20)
(0.021811173 -0.000453125 5.7004758e-20)
(0.022282878 -0.000453125 0)
(0.022762999 -0.000453125 0)
(0.023251688 -0.000453125 0)
(0.023749097 -0.000453125 -2.6658484e-20)
(0.0010501807 -0.000421875 0)
(0.0011514375 -0.000421875 0)
(0.0012545011 -0.000421875 0)
(0.0013594036 -0.000421875 0)
(0.001466178 -0.000421875 0)
(0.0015748576 -0.000421875 0)
(0.0016854764 -0.000421875 0)
(0.0017980691 -0.000421875 0)
(0.0019126708 -0.000421875 0)
(0.0020293174 -0.000421875 0)
(0.0021480453 -0.000421875 0)
(0.0022688918 -0.000421875 0)
(0.0023918945 -0.000421875 0)
(0.0025170922 -0.000421875 0)
(0.0026445237 -0.000421875 0)
(0.0027742291 -0.000421875 0)
(0.0029062489 -0.000421875 0)
(0.0030406243 -0.000421875 0)
(0.0031773975 -0.000421875 0)
(0.0033166111 -0.000421875 0)
(0.0034583089 -0.000421875 0)
(0.003602535 -0.000421875 0)
(0.0037493347 -0.000421875 0)
(0.0038987536 -0.000421875 -6.9776599e-21)
(0.0040508388 -0.000421875 0)
(0.0042056377 -0.000421875 0)
(0.0043631988 -0.000421875 0)
(0.0045235712 -0.000421875 0)
(0.0046868053 -0.000421875 0)
(0.004852952 -0.000421875 0)
(0.0050220634 -0.000421875 -3.8496667e-20)
(0.0051941923 -0.000421875 0)
(0.0053693926 -0.000421875 0)
(0.005547719 -0.000421875 1.1693104e-20)
(0.0057292274 -0.000421875 0)
(0.0059139745 -0.000421875 0)
(0.0061020182 -0.000421875 -2.3683559e-20)
(0.0062934173 -0.000421875 0)
(0.0064882315 -0.000421875 0)
(0.0066865219 -0.000421875 0)
(0.0068883505 -0.000421875 0)
(0.0070937805 -0.000421875 0)
(0.0073028759 -0.000421875 -5.2873842e-20)
(0.0075157023 -0.000421875 -6.1797303e-20)
(0.0077323264 -0.000421875 0)
(0.0079528157 -0.000421875 0)
(0.0081772394 -0.000421875 0)
(0.0084056675 -0.000421875 0)
(0.0086381716 -0.000421875 0)
(0.0088748244 -0.000421875 0)
(0.0091156998 -0.000421875 2.7475978e-20)
(0.0093608734 -0.000421875 -1.7009909e-20)
(0.0096104217 -0.000421875 0)
(0.0098644227 -0.000421875 0)
(0.010122956 -0.000421875 1.7636743e-20)
(0.010386102 -0.000421875 0)
(0.010653944 -0.000421875 0)
(0.010926565 -0.000421875 0)
(0.011204051 -0.000421875 0)
(0.011486488 -0.000421875 0)
(0.011773965 -0.000421875 -2.3266091e-20)
(0.012066571 -0.000421875 0)
(0.012364399 -0.000421875 0)
(0.01266754 -0.000421875 2.9020261e-20)
(0.01297609 -0.000421875 2.8537908e-20)
(0.013290146 -0.000421875 0)
(0.013609807 -0.000421875 0)
(0.01393517 -0.000421875 0)
(0.01426634 -0.000421875 5.3383218e-20)
(0.014603419 -0.000421875 0)
(0.014946512 -0.000421875 0)
(0.015295728 -0.000421875 0)
(0.015651174 -0.000421875 -1.3238618e-20)
(0.016012963 -0.000421875 1.1527114e-20)
(0.016381208 -0.000421875 0)
(0.016756023 -0.000421875 0)
(0.017137527 -0.000421875 0)
(0.017525837 -0.000421875 0)
(0.017921076 -0.000421875 0)
(0.018323368 -0.000421875 0)
(0.018732838 -0.000421875 3.2060301e-20)
(0.019149615 -0.000421875 -1.0006274e-20)
(0.019573828 -0.000421875 0)
(0.02000561 -0.000421875 0)
(0.020445098 -0.000421875 -1.8978371e-20)
(0.020892427 -0.000421875 0)
(0.021347738 -0.000421875 0)
(0.021811173 -0.000421875 -3.7501226e-20)
(0.022282878 -0.000421875 0)
(0.022762999 -0.000421875 0)
(0.023251688 -0.000421875 0)
(0.023749096 -0.000421875 2.6658484e-20)
(0.0010501807 -0.000390625 0)
(0.0011514375 -0.000390625 -1.0296543e-20)
(0.001254501 -0.000390625 -1.1621879e-20)
(0.0013594036 -0.000390625 4.1260634e-20)
(0.001466178 -0.000390625 3.0799232e-20)
(0.0015748576 -0.000390625 0)
(0.0016854764 -0.000390625 3.9206296e-20)
(0.0017980691 -0.000390625 -2.928549e-20)
(0.0019126708 -0.000390625 -2.8798496e-20)
(0.0020293174 -0.000390625 0)
(0.0021480453 -0.000390625 0)
(0.0022688917 -0.000390625 0)
(0.0023918945 -0.000390625 0)
(0.0025170921 -0.000390625 0)
(0.0026445237 -0.000390625 -2.6050663e-20)
(0.0027742291 -0.000390625 0)
(0.0029062489 -0.000390625 -3.3094894e-20)
(0.0030406243 -0.000390625 0)
(0.0031773975 -0.000390625 3.1997059e-20)
(0.0033166111 -0.000390625 1.6484181e-20)
(0.0034583089 -0.000390625 0)
(0.003602535 -0.000390625 0)
(0.0037493347 -0.000390625 2.9914503e-20)
(0.0038987536 -0.000390625 0)
(0.0040508388 -0.000390625 0)
(0.0042056377 -0.000390625 -2.8446462e-20)
(0.0043631988 -0.000390625 0)
(0.0045235712 -0.000390625 -1.4508008e-20)
(0.0046868053 -0.000390625 0)
(0.004852952 -0.000390625 2.6606412e-20)
(0.0050220634 -0.000390625 0)
(0.0051941923 -0.000390625 2.5734077e-20)
(0.0053693925 -0.000390625 0)
(0.005547719 -0.000390625 0)
(0.0057292274 -0.000390625 0)
(0.0059139745 -0.000390625 0)
(0.0061020182 -0.000390625 -5.845598e-20)
(0.0062934173 -0.000390625 -1.0894468e-20)
(0.0064882315 -0.000390625 -1.0703476e-20)
(0.0066865219 -0.000390625 0)
(0.0068883505 -0.000390625 3.2500296e-20)
(0.0070937805 -0.000390625 0)
(0.0073028759 -0.000390625 -9.9724339e-21)
(0.0075157023 -0.000390625 0)
(0.0077323264 -0.000390625 0)
(0.0079528157 -0.000390625 0)
(0.0081772394 -0.000390625 -2.937977e-20)
(0.0084056676 -0.000390625 -2.8891123e-20)
(0.0086381717 -0.000390625 0)
(0.0088748244 -0.000390625 0)
(0.0091156999 -0.000390625 2.7475978e-20)
(0.0093608734 -0.000390625 -3.5525655e-20)
(0.0096104217 -0.000390625 3.4929269e-20)
(0.0098644228 -0.000390625 1.6418754e-20)
(0.010122956 -0.000390625 3.3767649e-20)
(0.010386103 -0.000390625 -1.7353995e-20)
(0.010653944 -0.000390625 -1.7076106e-20)
(0.010926565 -0.000390625 0)
(0.011204051 -0.000390625 0)
(0.011486488 -0.000390625 0)
(0.011773964 -0.000390625 -7.2534182e-21)
(0.012066571 -0.000390625 0)
(0.012364399 -0.000390625 0)
(0.01266754 -0.000390625 0)
(0.012976091 -0.000390625 -1.5021872e-20)
(0.013290146 -0.000390625 -2.8064043e-20)
(0.013609806 -0.000390625 0)
(0.01393517 -0.000390625 0)
(0.01426634 -0.000390625 -2.6691609e-20)
(0.014603418 -0.000390625 -2.625012e-20)
(0.014946512 -0.000390625 -1.2155209e-20)
(0.015295727 -0.000390625 -2.5390153e-20)
(0.015651174 -0.000390625 2.49714e-20)
(0.016012963 -0.000390625 -2.4560064e-20)
(0.016381208 -0.000390625 0)
(0.016756023 -0.000390625 -1.2632322e-20)
(0.017137526 -0.000390625 0)
(0.017525837 -0.000390625 0)
(0.017921076 -0.000390625 0)
(0.018323368 -0.000390625 -2.2238906e-20)
(0.018732838 -0.000390625 2.187548e-20)
(0.019149615 -0.000390625 -2.1518385e-20)
(0.019573828 -0.000390625 3.0998444e-20)
(0.02000561 -0.000390625 0)
(0.020445098 -0.000390625 2.9973393e-20)
(0.020892427 -0.000390625 0)
(0.021347738 -0.000390625 0)
(0.021811173 -0.000390625 3.7501226e-20)
(0.022282878 -0.000390625 3.687016e-20)
(0.022762999 -0.000390625 0)
(0.023251688 -0.000390625 0)
(0.023749096 -0.000390625 0)
(0.0010501807 -0.000359375 0)
(0.0011514375 -0.000359375 0)
(0.0012545011 -0.000359375 0)
(0.0013594036 -0.000359375 0)
(0.001466178 -0.000359375 0)
(0.0015748576 -0.000359375 0)
(0.0016854764 -0.000359375 0)
(0.001798069 -0.000359375 0)
(0.0019126708 -0.000359375 0)
(0.0020293174 -0.000359375 0)
(0.0021480453 -0.000359375 0)
(0.0022688917 -0.000359375 0)
(0.0023918945 -0.000359375 0)
(0.0025170922 -0.000359375 0)
(0.0026445237 -0.000359375 0)
(0.0027742291 -0.000359375 0)
(0.0029062489 -0.000359375 0)
(0.0030406243 -0.000359375 0)
(0.0031773975 -0.000359375 0)
(0.0033166111 -0.000359375 0)
(0.0034583089 -0.000359375 0)
(0.003602535 -0.000359375 0)
(0.0037493346 -0.000359375 0)
(0.0038987536 -0.000359375 -6.9776599e-21)
(0.0040508388 -0.000359375 0)
(0.0042056377 -0.000359375 0)
(0.0043631988 -0.000359375 0)
(0.0045235712 -0.000359375 0)
(0.0046868053 -0.000359375 0)
(0.004852952 -0.000359375 0)
(0.0050220634 -0.000359375 -3.8496667e-20)
(0.0051941923 -0.000359375 0)
(0.0053693926 -0.000359375 0)
(0.005547719 -0.000359375 1.1693104e-20)
(0.0057292274 -0.000359375 0)
(0.0059139746 -0.000359375 0)
(0.0061020182 -0.000359375 -2.3683559e-20)
(0.0062934172 -0.000359375 0)
(0.0064882315 -0.000359375 0)
(0.0066865219 -0.000359375 0)
(0.0068883505 -0.000359375 0)
(0.0070937804 -0.000359375 0)
(0.0073028759 -0.000359375 -5.2873842e-20)
(0.0075157023 -0.000359375 -6.1797303e-20)
(0.0077323264 -0.000359375 0)
(0.0079528157 -0.000359375 0)
(0.0081772394 -0.000359375 0)
(0.0084056675 -0.000359375 0)
(0.0086381716 -0.000359375 0)
(0.0088748244 -0.000359375 0)
(0.0091156998 -0.000359375 2.7475978e-20)
(0.0093608734 -0.000359375 -1.7009909e-20)
(0.0096104217 -0.000359375 0)
(0.0098644227 -0.000359375 0)
(0.010122956 -0.000359375 1.7636743e-20)
(0.010386102 -0.000359375 0)
(0.010653944 -0.000359375 0)
(0.010926565 -0.000359375 0)
(0.011204051 -0.000359375 0)
(0.011486488 -0.000359375 0)
(0.011773965 -0.000359375 -2.3266091e-20)
(0.012066571 -0.000359375 0)
(0.012364399 -0.000359375 0)
(0.01266754 -0.000359375 2.9020261e-20)
(0.012976091 -0.000359375 2.8537908e-20)
(0.013290146 -0.000359375 0)
(0.013609807 -0.000359375 0)
(0.01393517 -0.000359375 0)
(0.01426634 -0.000359375 5.3383218e-20)
(0.014603418 -0.000359375 0)
(0.014946512 -0.000359375 0)
(0.015295728 -0.000359375 0)
(0.015651174 -0.000359375 -1.3238618e-20)
(0.016012963 -0.000359375 1.1527114e-20)
(0.016381207 -0.000359375 0)
(0.016756023 -0.000359375 0)
(0.017137527 -0.000359375 0)
(0.017525837 -0.000359375 0)
(0.017921076 -0.000359375 0)
(0.018323368 -0.000359375 0)
(0.018732838 -0.000359375 3.2060301e-20)
(0.019149615 -0.000359375 -1.0006274e-20)
(0.019573828 -0.000359375 0)
(0.02000561 -0.000359375 0)
(0.020445098 -0.000359375 -1.8978371e-20)
(0.020892427 -0.000359375 0)
(0.021347738 -0.000359375 0)
(0.021811173 -0.000359375 -3.7501226e-20)
(0.022282878 -0.000359375 0)
(0.022762999 -0.000359375 0)
(0.023251688 -0.000359375 0)
(0.023749096 -0.000359375 2.6658484e-20)
(0.0010501807 -0.000328125 0)
(0.0011514375 -0.000328125 0)
(0.0012545011 -0.000328125 0)
(0.0013594036 -0.000328125 0)
(0.001466178 -0.000328125 0)
(0.0015748576 -0.000328125 0)
(0.0016854764 -0.000328125 -2.0356066e-20)
(0.001798069 -0.000328125 0)
(0.0019126707 -0.000328125 0)
(0.0020293174 -0.000328125 -1.9381967e-20)
(0.0021480453 -0.000328125 -1.9068599e-20)
(0.0022688917 -0.000328125 0)
(0.0023918945 -0.000328125 0)
(0.0025170921 -0.000328125 0)
(0.0026445237 -0.000328125 0)
(0.0027742291 -0.000328125 0)
(0.0029062489 -0.000328125 0)
(0.0030406243 -0.000328125 0)
(0.0031773975 -0.000328125 0)
(0.0033166111 -0.000328125 0)
(0.0034583089 -0.000328125 -1.6221592e-20)
(0.003602535 -0.000328125 -1.5963619e-20)
(0.0037493346 -0.000328125 0)
(0.0038987536 -0.000328125 0)
(0.0040508388 -0.000328125 0)
(0.0042056377 -0.000328125 0)
(0.0043631988 -0.000328125 0)
(0.0045235712 -0.000328125 -4.3524023e-20)
(0.0046868053 -0.000328125 0)
(0.004852952 -0.000328125 1.2550288e-20)
(0.0050220634 -0.000328125 0)
(0.0051941923 -0.000328125 -2.5734077e-20)
(0.0053693925 -0.000328125 3.7211099e-20)
(0.005547719 -0.000328125 0)
(0.0057292274 -0.000328125 3.5970202e-20)
(0.0059139745 -0.000328125 0)
(0.0061020182 -0.000328125 0)
(0.0062934173 -0.000328125 0)
(0.0064882315 -0.000328125 0)
(0.0066865219 -0.000328125 0)
(0.0068883505 -0.000328125 0)
(0.0070937804 -0.000328125 3.1956952e-20)
(0.0073028759 -0.000328125 -9.9724339e-21)
(0.0075157024 -0.000328125 0)
(0.0077323264 -0.000328125 -2.0757533e-20)
(0.0079528157 -0.000328125 -2.0420039e-20)
(0.0081772394 -0.000328125 2.937977e-20)
(0.0084056675 -0.000328125 0)
(0.0086381716 -0.000328125 0)
(0.0088748244 -0.000328125 0)
(0.0091156998 -0.000328125 0)
(0.0093608734 -0.000328125 0)
(0.0096104217 -0.000328125 0)
(0.0098644228 -0.000328125 -1.7924591e-20)
(0.010122956 -0.000328125 0)
(0.010386102 -0.000328125 -3.3202153e-20)
(0.010653944 -0.000328125 0)
(0.010926565 -0.000328125 0)
(0.011204051 -0.000328125 1.5029143e-20)
(0.011486488 -0.000328125 0)
(0.011773965 -0.000328125 -3.0519509e-20)
(0.012066571 -0.000328125 0)
(0.012364398 -0.000328125 1.4002676e-20)
(0.01266754 -0.000328125 -1.3757212e-20)
(0.01297609 -0.000328125 0)
(0.013290146 -0.000328125 0)
(0.013609806 -0.000328125 0)
(0.01393517 -0.000328125 0)
(0.01426634 -0.000328125 0)
(0.014603419 -0.000328125 0)
(0.014946512 -0.000328125 -1.2155209e-20)
(0.015295727 -0.000328125 -2.5390153e-20)
(0.015651174 -0.000328125 -2.49714e-20)
(0.016012963 -0.000328125 1.1527114e-20)
(0.016381208 -0.000328125 3.5480912e-20)
(0.016756023 -0.000328125 0)
(0.017137526 -0.000328125 0)
(0.017525837 -0.000328125 0)
(0.017921076 -0.000328125 0)
(0.018323368 -0.000328125 0)
(0.018732838 -0.000328125 2.187548e-20)
(0.019149615 -0.000328125 -2.1518385e-20)
(0.019573828 -0.000328125 0)
(0.02000561 -0.000328125 0)
(0.020445098 -0.000328125 0)
(0.020892427 -0.000328125 0)
(0.021347738 -0.000328125 2.8984021e-20)
(0.021811173 -0.000328125 3.7501226e-20)
(0.022282878 -0.000328125 0)
(0.022762999 -0.000328125 0)
(0.023251688 -0.000328125 0)
(0.023749096 -0.000328125 -2.6658484e-20)
(0.0010501807 -0.000296875 0)
(0.0011514375 -0.000296875 0)
(0.001254501 -0.000296875 0)
(0.0013594036 -0.000296875 0)
(0.001466178 -0.000296875 0)
(0.0015748576 -0.000296875 0)
(0.0016854764 -0.000296875 0)
(0.0017980691 -0.000296875 0)
(0.0019126708 -0.000296875 0)
(0.0020293174 -0.000296875 0)
(0.0021480453 -0.000296875 0)
(0.0022688917 -0.000296875 0)
(0.0023918945 -0.000296875 0)
(0.0025170922 -0.000296875 0)
(0.0026445237 -0.000296875 0)
(0.0027742291 -0.000296875 0)
(0.0029062489 -0.000296875 0)
(0.0030406243 -0.000296875 0)
(0.0031773975 -0.000296875 0)
(0.0033166111 -0.000296875 0)
(0.0034583089 -0.000296875 0)
(0.003602535 -0.000296875 0)
(0.0037493347 -0.000296875 0)
(0.0038987536 -0.000296875 -6.9776599e-21)
(0.0040508388 -0.000296875 0)
(0.0042056377 -0.000296875 0)
(0.0043631988 -0.000296875 0)
(0.0045235712 -0.000296875 0)
(0.0046868053 -0.000296875 0)
(0.004852952 -0.000296875 0)
(0.0050220634 -0.000296875 -3.8496667e-20)
(0.0051941923 -0.000296875 0)
(0.0053693925 -0.000296875 0)
(0.005547719 -0.000296875 1.1693104e-20)
(0.0057292274 -0.000296875 0)
(0.0059139745 -0.000296875 0)
(0.0061020182 -0.000296875 -2.3683559e-20)
(0.0062934172 -0.000296875 0)
(0.0064882315 -0.000296875 0)
(0.0066865219 -0.000296875 0)
(0.0068883505 -0.000296875 0)
(0.0070937804 -0.000296875 0)
(0.0073028759 -0.000296875 -5.2873842e-20)
(0.0075157023 -0.000296875 -6.1797303e-20)
(0.0077323264 -0.000296875 0)
(0.0079528157 -0.000296875 0)
(0.0081772394 -0.000296875 0)
(0.0084056675 -0.000296875 0)
(0.0086381716 -0.000296875 0)
(0.0088748244 -0.000296875 0)
(0.0091156998 -0.000296875 2.7475978e-20)
(0.0093608734 -0.000296875 -1.7009909e-20)
(0.0096104217 -0.000296875 0)
(0.0098644227 -0.000296875 0)
(0.010122956 -0.000296875 1.7636743e-20)
(0.010386102 -0.000296875 0)
(0.010653944 -0.000296875 0)
(0.010926565 -0.000296875 0)
(0.011204051 -0.000296875 0)
(0.011486488 -0.000296875 0)
(0.011773965 -0.000296875 -2.3266091e-20)
(0.012066571 -0.000296875 0)
(0.012364399 -0.000296875 0)
(0.01266754 -0.000296875 2.9020261e-20)
(0.012976091 -0.000296875 2.8537908e-20)
(0.013290147 -0.000296875 0)
(0.013609807 -0.000296875 0)
(0.01393517 -0.000296875 0)
(0.01426634 -0.000296875 5.3383218e-20)
(0.014603419 -0.000296875 0)
(0.014946512 -0.000296875 0)
(0.015295727 -0.000296875 0)
(0.015651174 -0.000296875 -1.3238618e-20)
(0.016012963 -0.000296875 1.1527114e-20)
(0.016381208 -0.000296875 0)
(0.016756023 -0.000296875 0)
(0.017137527 -0.000296875 0)
(0.017525837 -0.000296875 0)
(0.017921076 -0.000296875 0)
(0.018323368 -0.000296875 0)
(0.018732839 -0.000296875 3.2060301e-20)
(0.019149615 -0.000296875 -1.0006274e-20)
(0.019573828 -0.000296875 0)
(0.02000561 -0.000296875 0)
(0.020445098 -0.000296875 -1.8978371e-20)
(0.020892427 -0.000296875 0)
(0.021347738 -0.000296875 0)
(0.021811173 -0.000296875 -3.7501226e-20)
(0.022282878 -0.000296875 0)
(0.022763 -0.000296875 0)
(0.023251688 -0.000296875 0)
(0.023749096 -0.000296875 2.6658484e-20)
(0.0010501807 -0.000265625 0)
(0.0011514375 -0.000265625 -1.0296543e-20)
(0.0012545011 -0.000265625 -1.1621879e-20)
(0.0013594036 -0.000265625 4.1260634e-20)
(0.001466178 -0.000265625 3.0799232e-20)
(0.0015748576 -0.000265625 0)
(0.0016854764 -0.000265625 3.9206296e-20)
(0.0017980691 -0.000265625 -2.928549e-20)
(0.0019126708 -0.000265625 -2.8798496e-20)
(0.0020293174 -0.000265625 0)
(0.0021480453 -0.000265625 0)
(0.0022688917 -0.000265625 0)
(0.0023918945 -0.000265625 0)
(0.0025170921 -0.000265625 0)
(0.0026445237 -0.000265625 -2.6050663e-20)
(0.0027742291 -0.000265625 0)
(0.0029062489 -0.000265625 -3.3094894e-20)
(0.0030406244 -0.000265625 0)
(0.0031773975 -0.000265625 3.1997059e-20)
(0.0033166111 -0.000265625 1.6484181e-20)
(0.0034583089 -0.000265625 0)
(0.003602535 -0.000265625 0)
(0.0037493346 -0.000265625 2.9914503e-20)
(0.0038987536 -0.000265625 0)
(0.0040508388 -0.000265625 0)
(0.0042056377 -0.000265625 -2.8446462e-20)
(0.0043631988 -0.000265625 0)
(0.0045235712 -0.000265625 -1.4508008e-20)
(0.0046868052 -0.000265625 0)
(0.004852952 -0.000265625 2.6606412e-20)
(0.0050220634 -0.000265625 0)
(0.0051941923 -0.000265625 2.5734077e-20)
(0.0053693925 -0.000265625 0)
(0.005547719 -0.000265625 0)
(0.0057292274 -0.000265625 0)
(0.0059139746 -0.000265625 0)
(0.0061020183 -0.000265625 -5.845598e-20)
(0.0062934173 -0.000265625 -1.0894468e-20)
(0.0064882315 -0.000265625 -1.0703476e-20)
(0.0066865219 -0.000265625 0)
(0.0068883505 -0.000265625 3.2500296e-20)
(0.0070937804 -0.000265625 0)
(0.0073028759 -0.000265625 -9.9724339e-21)
(0.0075157024 -0.000265625 0)
(0.0077323264 -0.000265625 0)
(0.0079528157 -0.000265625 0)
(0.0081772394 -0.000265625 -2.937977e-20)
(0.0084056676 -0.000265625 -2.8891123e-20)
(0.0086381716 -0.000265625 0)
(0.0088748244 -0.000265625 0)
(0.0091156998 -0.000265625 2.7475978e-20)
(0.0093608734 -0.000265625 -3.5525655e-20)
(0.0096104217 -0.000265625 3.4929269e-20)
(0.0098644228 -0.000265625 1.6418754e-20)
(0.010122956 -0.000265625 3.3767649e-20)
(0.010386103 -0.000265625 -1.7353995e-20)
(0.010653944 -0.000265625 -1.7076106e-20)
(0.010926565 -0.000265625 0)
(0.011204051 -0.000265625 0)
(0.011486488 -0.000265625 0)
(0.011773964 -0.000265625 -7.2534182e-21)
(0.012066571 -0.000265625 0)
(0.012364399 -0.000265625 0)
(0.01266754 -0.000265625 0)
(0.012976091 -0.000265625 -1.5021872e-20)
(0.013290146 -0.000265625 -2.8064043e-20)
(0.013609806 -0.000265625 0)
(0.01393517 -0.000265625 0)
(0.01426634 -0.000265625 -2.6691609e-20)
(0.014603419 -0.000265625 -2.625012e-20)
(0.014946512 -0.000265625 -1.2155209e-20)
(0.015295728 -0.000265625 -2.5390153e-20)
(0.015651174 -0.000265625 2.49714e-20)
(0.016012963 -0.000265625 -2.4560064e-20)
(0.016381207 -0.000265625 0)
(0.016756023 -0.000265625 -1.2632322e-20)
(0.017137526 -0.000265625 0)
(0.017525837 -0.000265625 0)
(0.017921076 -0.000265625 0)
(0.018323368 -0.000265625 -2.2238906e-20)
(0.018732838 -0.000265625 2.187548e-20)
(0.019149615 -0.000265625 -2.1518385e-20)
(0.019573828 -0.000265625 3.0998444e-20)
(0.02000561 -0.000265625 0)
(0.020445098 -0.000265625 2.9973393e-20)
(0.020892427 -0.000265625 0)
(0.021347738 -0.000265625 0)
(0.021811173 -0.000265625 3.7501226e-20)
(0.022282878 -0.000265625 3.687016e-20)
(0.022763 -0.000265625 0)
(0.023251688 -0.000265625 0)
(0.023749097 -0.000265625 0)
(0.0010501807 -0.000234375 0)
(0.0011514375 -0.000234375 0)
(0.0012545011 -0.000234375 0)
(0.0013594036 -0.000234375 0)
(0.001466178 -0.000234375 -3.0799232e-20)
(0.0015748576 -0.000234375 0)
(0.0016854764 -0.000234375 0)
(0.001798069 -0.000234375 0)
(0.0019126707 -0.000234375 0)
(0.0020293173 -0.000234375 -1.9381967e-20)
(0.0021480453 -0.000234375 -1.9068599e-20)
(0.0022688917 -0.000234375 0)
(0.0023918945 -0.000234375 0)
(0.0025170921 -0.000234375 0)
(0.0026445237 -0.000234375 0)
(0.0027742291 -0.000234375 0)
(0.0029062489 -0.000234375 0)
(0.0030406243 -0.000234375 0)
(0.0031773975 -0.000234375 0)
(0.0033166111 -0.000234375 0)
(0.0034583089 -0.000234375 0)
(0.003602535 -0.000234375 -3.7650293e-20)
(0.0037493346 -0.000234375 -1.571017e-20)
(0.0038987536 -0.000234375 -1.395532e-20)
(0.0040508388 -0.000234375 0)
(0.0042056377 -0.000234375 0)
(0.0043631987 -0.000234375 -1.4740012e-20)
(0.0045235712 -0.000234375 0)
(0.0046868053 -0.000234375 0)
(0.004852952 -0.000234375 0)
(0.0050220634 -0.000234375 0)
(0.0051941923 -0.000234375 0)
(0.0053693925 -0.000234375 0)
(0.005547719 -0.000234375 0)
(0.0057292274 -0.000234375 0)
(0.0059139746 -0.000234375 0)
(0.0061020182 -0.000234375 -2.3683559e-20)
(0.0062934172 -0.000234375 -3.4189239e-20)
(0.0064882315 -0.000234375 0)
(0.0066865219 -0.000234375 -1.0515842e-20)
(0.0068883505 -0.000234375 0)
(0.0070937804 -0.000234375 4.2107325e-20)
(0.0073028759 -0.000234375 9.9724339e-21)
(0.0075157023 -0.000234375 -2.1101046e-20)
(0.0077323264 -0.000234375 0)
(0.0079528157 -0.000234375 0)
(0.0081772394 -0.000234375 2.937977e-20)
(0.0084056675 -0.000234375 0)
(0.0086381716 -0.000234375 0)
(0.0088748244 -0.000234375 0)
(0.0091156998 -0.000234375 0)
(0.0093608734 -0.000234375 1.8515746e-20)
(0.0096104217 -0.000234375 0)
(0.0098644227 -0.000234375 0)
(0.010122956 -0.000234375 1.7636743e-20)
(0.010386102 -0.000234375 0)
(0.010653945 -0.000234375 0)
(0.010926565 -0.000234375 2.4451931e-20)
(0.011204051 -0.000234375 0)
(0.011486488 -0.000234375 -3.1037294e-20)
(0.011773965 -0.000234375 0)
(0.012066571 -0.000234375 0)
(0.012364398 -0.000234375 0)
(0.01266754 -0.000234375 -2.9020261e-20)
(0.01297609 -0.000234375 1.5021872e-20)
(0.013290146 -0.000234375 -1.5058364e-21)
(0.013609807 -0.000234375 0)
(0.01393517 -0.000234375 0)
(0.01426634 -0.000234375 0)
(0.014603418 -0.000234375 0)
(0.014946512 -0.000234375 0)
(0.015295728 -0.000234375 0)
(0.015651174 -0.000234375 0)
(0.016012963 -0.000234375 -3.6087177e-20)
(0.016381208 -0.000234375 0)
(0.016756023 -0.000234375 -1.1126486e-20)
(0.017137526 -0.000234375 -3.4300143e-20)
(0.017525837 -0.000234375 0)
(0.017921076 -0.000234375 0)
(0.018323368 -0.000234375 0)
(0.018732838 -0.000234375 1.0184822e-20)
(0.019149615 -0.000234375 -3.152466e-20)
(0.019573828 -0.000234375 2.1167575e-20)
(0.02000561 -0.000234375 0)
(0.020445098 -0.000234375 -2.9973393e-20)
(0.020892427 -0.000234375 -2.947442e-20)
(0.021347738 -0.000234375 9.159395e-21)
(0.021811173 -0.000234375 1.9503531e-20)
(0.022282878 -0.000234375 0)
(0.022762999 -0.000234375 0)
(0.023251688 -0.000234375 0)
(0.023749096 -0.000234375 2.6658484e-20)
(0.0010501807 -0.000203125 0)
(0.0011514375 -0.000203125 0)
(0.001254501 -0.000203125 0)
(0.0013594036 -0.000203125 2.1383235e-20)
(0.001466178 -0.000203125 0)
(0.0015748576 -0.000203125 0)
(0.0016854764 -0.000203125 2.9781181e-20)
(0.0017980691 -0.000203125 0)
(0.0019126707 -0.000203125 -2.8798496e-20)
(0.0020293174 -0.000203125 0)
(0.0021480453 -0.000203125 0)
(0.0022688917 -0.000203125 0)
(0.0023918945 -0.000203125 0)
(0.0025170922 -0.000203125 0)
(0.0026445237 -0.000203125 0)
(0.0027742291 -0.000203125 0)
(0.0029062489 -0.000203125 -1.7300365e-20)
(0.0030406244 -0.000203125 -2.4782301e-20)
(0.0031773975 -0.000203125 0)
(0.0033166111 -0.000203125 0)
(0.0034583089 -0.000203125 0)
(0.003602535 -0.000203125 0)
(0.0037493347 -0.000203125 1.571017e-20)
(0.0038987536 -0.000203125 0)
(0.0040508388 -0.000203125 0)
(0.0042056377 -0.000203125 0)
(0.0043631987 -0.000203125 1.4740012e-20)
(0.0045235712 -0.000203125 0)
(0.0046868053 -0.000203125 0)
(0.004852952 -0.000203125 5.3212825e-20)
(0.0050220634 -0.000203125 -2.616639e-20)
(0.0051941923 -0.000203125 0)
(0.0053693925 -0.000203125 0)
(0.005547719 -0.000203125 0)
(0.0057292274 -0.000203125 0)
(0.0059139745 -0.000203125 2.4079277e-20)
(0.0061020183 -0.000203125 1.1088861e-20)
(0.0062934173 -0.000203125 -3.4189239e-20)
(0.0064882315 -0.000203125 0)
(0.0066865219 -0.000203125 0)
(0.0068883505 -0.000203125 0)
(0.0070937804 -0.000203125 -4.2107325e-20)
(0.0073028759 -0.000203125 0)
(0.0075157024 -0.000203125 0)
(0.0077323264 -0.000203125 0)
(0.0079528157 -0.000203125 -9.4571012e-21)
(0.0081772394 -0.000203125 -2.937977e-20)
(0.0084056676 -0.000203125 2.8891123e-20)
(0.0086381716 -0.000203125 0)
(0.0088748244 -0.000203125 0)
(0.0091156998 -0.000203125 0)
(0.0093608734 -0.000203125 1.8515746e-20)
(0.0096104217 -0.000203125 0)
(0.0098644228 -0.000203125 -5.2267935e-20)
(0.010122956 -0.000203125 1.7636743e-20)
(0.010386102 -0.000203125 -1.7353995e-20)
(0.010653945 -0.000203125 0)
(0.010926565 -0.000203125 -2.4451931e-20)
(0.011204051 -0.000203125 0)
(0.011486488 -0.000203125 0)
(0.011773965 -0.000203125 -3.0519509e-20)
(0.012066571 -0.000203125 0)
(0.012364398 -0.000203125 0)
(0.01266754 -0.000203125 -2.9020261e-20)
(0.01297609 -0.000203125 0)
(0.013290146 -0.000203125 -4.1343146e-20)
(0.013609807 -0.000203125 0)
(0.01393517 -0.000203125 -6.7099617e-20)
(0.01426634 -0.000203125 1.4098723e-20)
(0.014603418 -0.000203125 0)
(0.014946512 -0.000203125 2.4310418e-20)
(0.015295728 -0.000203125 1.3447995e-20)
(0.015651174 -0.000203125 0)
(0.016012963 -0.000203125 2.4560064e-20)
(0.016381207 -0.000203125 0)
(0.016756023 -0.000203125 0)
(0.017137526 -0.000203125 -1.0931436e-20)
(0.017525837 -0.000203125 0)
(0.017921076 -0.000203125 0)
(0.018323368 -0.000203125 0)
(0.018732839 -0.000203125 0)
(0.019149615 -0.000203125 0)
(0.019573828 -0.000203125 0)
(0.02000561 -0.000203125 0)
(0.020445098 -0.000203125 0)
(0.020892427 -0.000203125 -3.8797282e-20)
(0.021347738 -0.000203125 5.7968042e-20)
(0.021811173 -0.000203125 0)
(0.022282878 -0.000203125 0)
(0.022762999 -0.000203125 0)
(0.023251688 -0.000203125 0)
(0.023749096 -0.000203125 2.6658484e-20)
(0.0010501807 -0.000171875 0)
(0.0011514375 -0.000171875 0)
(0.0012545011 -0.000171875 0)
(0.0013594036 -0.000171875 0)
(0.001466178 -0.000171875 -3.0799232e-20)
(0.0015748576 -0.000171875 0)
(0.0016854764 -0.000171875 0)
(0.001798069 -0.000171875 0)
(0.0019126707 -0.000171875 0)
(0.0020293173 -0.000171875 -1.9381967e-20)
(0.0021480453 -0.000171875 -1.9068599e-20)
(0.0022688917 -0.000171875 0)
(0.0023918945 -0.000171875 0)
(0.0025170921 -0.000171875 0)
(0.0026445237 -0.000171875 0)
(0.0027742291 -0.000171875 0)
(0.0029062489 -0.000171875 0)
(0.0030406243 -0.000171875 0)
(0.0031773975 -0.000171875 0)
(0.0033166111 -0.000171875 0)
(0.0034583089 -0.000171875 0)
(0.003602535 -0.000171875 -1.4457783e-20)
(0.0037493347 -0.000171875 0)
(0.0038987536 -0.000171875 0)
(0.0040508388 -0.000171875 0)
(0.0042056377 -0.000171875 -2.8446462e-20)
(0.0043631987 -0.000171875 0)
(0.0045235712 -0.000171875 0)
(0.0046868053 -0.000171875 0)
(0.004852952 -0.000171875 3.91567e-20)
(0.0050220634 -0.000171875 -2.616639e-20)
(0.0051941923 -0.000171875 0)
(0.0053693925 -0.000171875 0)
(0.005547719 -0.000171875 0)
(0.0057292274 -0.000171875 0)
(0.0059139745 -0.000171875 0)
(0.0061020183 -0.000171875 -2.3683559e-20)
(0.0062934172 -0.000171875 -3.4189239e-20)
(0.0064882315 -0.000171875 0)
(0.0066865219 -0.000171875 -1.0515842e-20)
(0.0068883505 -0.000171875 0)
(0.0070937804 -0.000171875 0)
(0.0073028759 -0.000171875 9.9724339e-21)
(0.0075157023 -0.000171875 -2.1101046e-20)
(0.0077323264 -0.000171875 0)
(0.0079528157 -0.000171875 0)
(0.0081772394 -0.000171875 0)
(0.0084056675 -0.000171875 0)
(0.0086381716 -0.000171875 0)
(0.0088748244 -0.000171875 0)
(0.0091156998 -0.000171875 0)
(0.0093608734 -0.000171875 1.8515746e-20)
(0.0096104217 -0.000171875 0)
(0.0098644227 -0.000171875 -1.7924591e-20)
(0.010122956 -0.000171875 1.7636743e-20)
(0.010386103 -0.000171875 0)
(0.010653945 -0.000171875 -3.2646376e-20)
(0.010926565 -0.000171875 0)
(0.011204051 -0.000171875 0)
(0.011486488 -0.000171875 -3.1037294e-20)
(0.011773964 -0.000171875 0)
(0.012066571 -0.000171875 0)
(0.012364398 -0.000171875 0)
(0.01266754 -0.000171875 -2.9020261e-20)
(0.01297609 -0.000171875 1.5021872e-20)
(0.013290146 -0.000171875 0)
(0.013609806 -0.000171875 0)
(0.01393517 -0.000171875 0)
(0.01426634 -0.000171875 0)
(0.014603418 -0.000171875 0)
(0.014946512 -0.000171875 0)
(0.015295728 -0.000171875 0)
(0.015651174 -0.000171875 -1.3238618e-20)
(0.016012963 -0.000171875 -3.6087177e-20)
(0.016381207 -0.000171875 0)
(0.016756023 -0.000171875 -1.1126486e-20)
(0.017137526 -0.000171875 -3.4300143e-20)
(0.017525837 -0.000171875 0)
(0.017921076 -0.000171875 0)
(0.018323368 -0.000171875 0)
(0.018732839 -0.000171875 0)
(0.019149615 -0.000171875 0)
(0.019573828 -0.000171875 2.1167575e-20)
(0.02000561 -0.000171875 0)
(0.020445098 -0.000171875 -2.9973393e-20)
(0.020892427 -0.000171875 -2.947442e-20)
(0.021347738 -0.000171875 3.8143416e-20)
(0.021811173 -0.000171875 1.9503531e-20)
(0.022282878 -0.000171875 0)
(0.022762999 -0.000171875 0)
(0.023251688 -0.000171875 0)
(0.023749097 -0.000171875 2.6658484e-20)
(0.0010501807 -0.000140625 0)
(0.0011514375 -0.000140625 0)
(0.0012545011 -0.000140625 0)
(0.0013594036 -0.000140625 2.1383235e-20)
(0.001466178 -0.000140625 0)
(0.0015748576 -0.000140625 0)
(0.0016854764 -0.000140625 2.9781181e-20)
(0.0017980691 -0.000140625 0)
(0.0019126708 -0.000140625 -2.8798496e-20)
(0.0020293174 -0.000140625 0)
(0.0021480453 -0.000140625 0)
(0.0022688917 -0.000140625 0)
(0.0023918945 -0.000140625 0)
(0.0025170921 -0.000140625 0)
(0.0026445237 -0.000140625 0)
(0.0027742291 -0.000140625 0)
(0.0029062489 -0.000140625 -1.7300365e-20)
(0.0030406244 -0.000140625 -2.4782301e-20)
(0.0031773975 -0.000140625 0)
(0.0033166111 -0.000140625 0)
(0.0034583089 -0.000140625 0)
(0.0036025351 -0.000140625 0)
(0.0037493347 -0.000140625 1.571017e-20)
(0.0038987536 -0.000140625 0)
(0.0040508388 -0.000140625 0)
(0.0042056377 -0.000140625 0)
(0.0043631987 -0.000140625 1.4740012e-20)
(0.0045235712 -0.000140625 0)
(0.0046868053 -0.000140625 0)
(0.004852952 -0.000140625 5.3212825e-20)
(0.0050220634 -0.000140625 -2.616639e-20)
(0.0051941923 -0.000140625 0)
(0.0053693925 -0.000140625 0)
(0.005547719 -0.000140625 0)
(0.0057292274 -0.000140625 0)
(0.0059139745 -0.000140625 2.4079277e-20)
(0.0061020183 -0.000140625 1.1088861e-20)
(0.0062934172 -0.000140625 -3.4189239e-20)
(0.0064882315 -0.000140625 0)
(0.0066865219 -0.000140625 0)
(0.0068883505 -0.000140625 0)
(0.0070937805 -0.000140625 -4.2107325e-20)
(0.0073028759 -0.000140625 0)
(0.0075157024 -0.000140625 0)
(0.0077323264 -0.000140625 0)
(0.0079528157 -0.000140625 -9.4571012e-21)
(0.0081772394 -0.000140625 -2.937977e-20)
(0.0084056676 -0.000140625 2.8891123e-20)
(0.0086381716 -0.000140625 0)
(0.0088748244 -0.000140625 0)
(0.0091156998 -0.000140625 0)
(0.0093608734 -0.000140625 1.8515746e-20)
(0.0096104217 -0.000140625 0)
(0.0098644227 -0.000140625 -5.2267935e-20)
(0.010122956 -0.000140625 1.7636743e-20)
(0.010386102 -0.000140625 -1.7353995e-20)
(0.010653944 -0.000140625 0)
(0.010926566 -0.000140625 -2.4451931e-20)
(0.011204051 -0.000140625 0)
(0.011486488 -0.000140625 0)
(0.011773965 -0.000140625 -3.0519509e-20)
(0.012066571 -0.000140625 0)
(0.012364398 -0.000140625 0)
(0.01266754 -0.000140625 -2.9020261e-20)
(0.012976091 -0.000140625 0)
(0.013290146 -0.000140625 -4.1343146e-20)
(0.013609807 -0.000140625 0)
(0.01393517 -0.000140625 -6.7099617e-20)
(0.01426634 -0.000140625 1.4098723e-20)
(0.014603418 -0.000140625 0)
(0.014946512 -0.000140625 2.4310418e-20)
(0.015295728 -0.000140625 1.3447995e-20)
(0.015651174 -0.000140625 0)
(0.016012963 -0.000140625 2.4560064e-20)
(0.016381207 -0.000140625 0)
(0.016756023 -0.000140625 0)
(0.017137526 -0.000140625 -1.0931436e-20)
(0.017525837 -0.000140625 0)
(0.017921076 -0.000140625 0)
(0.018323368 -0.000140625 0)
(0.018732839 -0.000140625 0)
(0.019149615 -0.000140625 0)
(0.019573828 -0.000140625 0)
(0.02000561 -0.000140625 0)
(0.020445098 -0.000140625 0)
(0.020892427 -0.000140625 -3.8797282e-20)
(0.021347738 -0.000140625 5.7968042e-20)
(0.021811173 -0.000140625 0)
(0.022282878 -0.000140625 0)
(0.022762999 -0.000140625 0)
(0.023251688 -0.000140625 0)
(0.023749096 -0.000140625 2.6658484e-20)
(0.0010501807 -0.000109375 0)
(0.0011514375 -0.000109375 0)
(0.0012545011 -0.000109375 0)
(0.0013594036 -0.000109375 2.1383235e-20)
(0.001466178 -0.000109375 0)
(0.0015748576 -0.000109375 0)
(0.0016854764 -0.000109375 0)
(0.001798069 -0.000109375 0)
(0.0019126708 -0.000109375 0)
(0.0020293174 -0.000109375 0)
(0.0021480453 -0.000109375 0)
(0.0022688918 -0.000109375 0)
(0.0023918945 -0.000109375 0)
(0.0025170922 -0.000109375 0)
(0.0026445237 -0.000109375 0)
(0.0027742291 -0.000109375 0)
(0.0029062489 -0.000109375 0)
(0.0030406243 -0.000109375 0)
(0.0031773975 -0.000109375 0)
(0.0033166112 -0.000109375 0)
(0.0034583089 -0.000109375 0)
(0.0036025351 -0.000109375 -2.3192511e-20)
(0.0037493347 -0.000109375 0)
(0.0038987536 -0.000109375 -1.395532e-20)
(0.0040508388 -0.000109375 0)
(0.0042056377 -0.000109375 0)
(0.0043631987 -0.000109375 -1.4740012e-20)
(0.0045235712 -0.000109375 0)
(0.0046868053 -0.000109375 0)
(0.004852952 -0.000109375 0)
(0.0050220634 -0.000109375 0)
(0.0051941923 -0.000109375 0)
(0.0053693925 -0.000109375 0)
(0.005547719 -0.000109375 0)
(0.0057292274 -0.000109375 0)
(0.0059139745 -0.000109375 1.2792557e-20)
(0.0061020183 -0.000109375 -1.2594698e-20)
(0.0062934173 -0.000109375 -3.4189239e-20)
(0.0064882315 -0.000109375 0)
(0.0066865219 -0.000109375 0)
(0.0068883505 -0.000109375 0)
(0.0070937804 -0.000109375 4.2107325e-20)
(0.0073028759 -0.000109375 0)
(0.0075157023 -0.000109375 0)
(0.0077323264 -0.000109375 0)
(0.0079528157 -0.000109375 0)
(0.0081772394 -0.000109375 2.937977e-20)
(0.0084056676 -0.000109375 0)
(0.0086381716 -0.000109375 0)
(0.0088748244 -0.000109375 0)
(0.0091156998 -0.000109375 2.7475978e-20)
(0.0093608734 -0.000109375 -1.7009909e-20)
(0.0096104217 -0.000109375 0)
(0.0098644227 -0.000109375 -1.6418754e-20)
(0.010122956 -0.000109375 1.7636743e-20)
(0.010386102 -0.000109375 0)
(0.010653944 -0.000109375 0)
(0.010926565 -0.000109375 0)
(0.011204051 -0.000109375 0)
(0.011486488 -0.000109375 0)
(0.011773965 -0.000109375 -3.0519509e-20)
(0.012066571 -0.000109375 0)
(0.012364398 -0.000109375 0)
(0.01266754 -0.000109375 0)
(0.012976091 -0.000109375 0)
(0.013290146 -0.000109375 -1.5058364e-21)
(0.013609807 -0.000109375 0)
(0.013935171 -0.000109375 0)
(0.01426634 -0.000109375 0)
(0.014603418 -0.000109375 0)
(0.014946512 -0.000109375 2.4310418e-20)
(0.015295728 -0.000109375 6.2722464e-20)
(0.015651174 -0.000109375 1.3238618e-20)
(0.016012963 -0.000109375 2.4560064e-20)
(0.016381208 -0.000109375 0)
(0.016756023 -0.000109375 -1.1126486e-20)
(0.017137526 -0.000109375 0)
(0.017525837 -0.000109375 0)
(0.017921076 -0.000109375 0)
(0.018323368 -0.000109375 0)
(0.018732838 -0.000109375 0)
(0.019149615 -0.000109375 -3.152466e-20)
(0.019573828 -0.000109375 2.1167575e-20)
(0.02000561 -0.000109375 0)
(0.020445098 -0.000109375 -3.9462579e-20)
(0.020892427 -0.000109375 -3.8797282e-20)
(0.021347738 -0.000109375 0)
(0.021811173 -0.000109375 0)
(0.022282878 -0.000109375 0)
(0.022762999 -0.000109375 0)
(0.023251688 -0.000109375 0)
(0.023749096 -0.000109375 0)
(0.0010501807 -7.8125e-05 0)
(0.0011514375 -7.8125e-05 0)
(0.0012545011 -7.8125e-05 0)
(0.0013594036 -7.8125e-05 2.1383235e-20)
(0.001466178 -7.8125e-05 0)
(0.0015748576 -7.8125e-05 0)
(0.0016854764 -7.8125e-05 0)
(0.0017980691 -7.8125e-05 0)
(0.0019126708 -7.8125e-05 0)
(0.0020293174 -7.8125e-05 0)
(0.0021480453 -7.8125e-05 0)
(0.0022688917 -7.8125e-05 0)
(0.0023918945 -7.8125e-05 0)
(0.0025170922 -7.8125e-05 0)
(0.0026445237 -7.8125e-05 0)
(0.0027742291 -7.8125e-05 0)
(0.0029062489 -7.8125e-05 0)
(0.0030406243 -7.8125e-05 0)
(0.0031773975 -7.8125e-05 0)
(0.0033166111 -7.8125e-05 0)
(0.0034583089 -7.8125e-05 0)
(0.003602535 -7.8125e-05 -2.3192511e-20)
(0.0037493346 -7.8125e-05 0)
(0.0038987536 -7.8125e-05 0)
(0.0040508388 -7.8125e-05 0)
(0.0042056377 -7.8125e-05 0)
(0.0043631988 -7.8125e-05 0)
(0.0045235712 -7.8125e-05 2.7510179e-20)
(0.0046868053 -7.8125e-05 0)
(0.004852952 -7.8125e-05 0)
(0.0050220634 -7.8125e-05 -2.616639e-20)
(0.0051941923 -7.8125e-05 0)
(0.0053693925 -7.8125e-05 0)
(0.005547719 -7.8125e-05 0)
(0.0057292274 -7.8125e-05 0)
(0.0059139745 -7.8125e-05 1.2792557e-20)
(0.0061020183 -7.8125e-05 0)
(0.0062934173 -7.8125e-05 -1.0894468e-20)
(0.0064882315 -7.8125e-05 0)
(0.0066865219 -7.8125e-05 0)
(0.0068883505 -7.8125e-05 0)
(0.0070937804 -7.8125e-05 0)
(0.0073028759 -7.8125e-05 0)
(0.0075157023 -7.8125e-05 0)
(0.0077323264 -7.8125e-05 0)
(0.0079528157 -7.8125e-05 0)
(0.0081772394 -7.8125e-05 0)
(0.0084056675 -7.8125e-05 0)
(0.0086381716 -7.8125e-05 0)
(0.0088748244 -7.8125e-05 0)
(0.0091156998 -7.8125e-05 0)
(0.0093608734 -7.8125e-05 1.8515746e-20)
(0.0096104217 -7.8125e-05 0)
(0.0098644227 -7.8125e-05 -3.4343345e-20)
(0.010122956 -7.8125e-05 1.7636743e-20)
(0.010386102 -7.8125e-05 0)
(0.010653944 -7.8125e-05 0)
(0.010926565 -7.8125e-05 0)
(0.011204051 -7.8125e-05 0)
(0.011486488 -7.8125e-05 0)
(0.011773965 -7.8125e-05 -3.0519509e-20)
(0.012066571 -7.8125e-05 0)
(0.012364398 -7.8125e-05 0)
(0.01266754 -7.8125e-05 0)
(0.012976091 -7.8125e-05 0)
(0.013290146 -7.8125e-05 0)
(0.013609807 -7.8125e-05 0)
(0.01393517 -7.8125e-05 0)
(0.01426634 -7.8125e-05 0)
(0.014603418 -7.8125e-05 0)
(0.014946512 -7.8125e-05 0)
(0.015295727 -7.8125e-05 0)
(0.015651174 -7.8125e-05 1.3238618e-20)
(0.016012963 -7.8125e-05 0)
(0.016381208 -7.8125e-05 0)
(0.016756023 -7.8125e-05 -1.1126486e-20)
(0.017137526 -7.8125e-05 0)
(0.017525837 -7.8125e-05 0)
(0.017921076 -7.8125e-05 0)
(0.018323368 -7.8125e-05 0)
(0.018732838 -7.8125e-05 0)
(0.019149615 -7.8125e-05 -3.152466e-20)
(0.019573828 -7.8125e-05 2.1167575e-20)
(0.02000561 -7.8125e-05 0)
(0.020445098 -7.8125e-05 0)
(0.020892427 -7.8125e-05 -3.8797282e-20)
(0.021347738 -7.8125e-05 0)
(0.021811173 -7.8125e-05 0)
(0.022282878 -7.8125e-05 0)
(0.022762999 -7.8125e-05 0)
(0.023251688 -7.8125e-05 0)
(0.023749097 -7.8125e-05 0)
(0.0010501807 -4.6875e-05 0)
(0.0011514375 -4.6875e-05 0)
(0.001254501 -4.6875e-05 0)
(0.0013594036 -4.6875e-05 2.1383235e-20)
(0.001466178 -4.6875e-05 0)
(0.0015748576 -4.6875e-05 0)
(0.0016854764 -4.6875e-05 0)
(0.001798069 -4.6875e-05 0)
(0.0019126708 -4.6875e-05 0)
(0.0020293174 -4.6875e-05 0)
(0.0021480453 -4.6875e-05 0)
(0.0022688917 -4.6875e-05 0)
(0.0023918946 -4.6875e-05 0)
(0.0025170922 -4.6875e-05 0)
(0.0026445237 -4.6875e-05 0)
(0.0027742291 -4.6875e-05 0)
(0.0029062489 -4.6875e-05 0)
(0.0030406243 -4.6875e-05 0)
(0.0031773975 -4.6875e-05 0)
(0.0033166111 -4.6875e-05 0)
(0.0034583089 -4.6875e-05 0)
(0.0036025351 -4.6875e-05 -2.3192511e-20)
(0.0037493347 -4.6875e-05 0)
(0.0038987536 -4.6875e-05 0)
(0.0040508388 -4.6875e-05 0)
(0.0042056377 -4.6875e-05 0)
(0.0043631988 -4.6875e-05 0)
(0.0045235712 -4.6875e-05 2.7510179e-20)
(0.0046868053 -4.6875e-05 0)
(0.004852952 -4.6875e-05 0)
(0.0050220634 -4.6875e-05 -2.616639e-20)
(0.0051941923 -4.6875e-05 0)
(0.0053693925 -4.6875e-05 0)
(0.005547719 -4.6875e-05 0)
(0.0057292274 -4.6875e-05 0)
(0.0059139746 -4.6875e-05 1.2792557e-20)
(0.0061020183 -4.6875e-05 0)
(0.0062934172 -4.6875e-05 -1.0894468e-20)
(0.0064882315 -4.6875e-05 0)
(0.0066865219 -4.6875e-05 0)
(0.0068883505 -4.6875e-05 0)
(0.0070937804 -4.6875e-05 0)
(0.0073028759 -4.6875e-05 0)
(0.0075157023 -4.6875e-05 0)
(0.0077323264 -4.6875e-05 0)
(0.0079528157 -4.6875e-05 0)
(0.0081772394 -4.6875e-05 0)
(0.0084056675 -4.6875e-05 0)
(0.0086381716 -4.6875e-05 0)
(0.0088748244 -4.6875e-05 0)
(0.0091156998 -4.6875e-05 0)
(0.0093608734 -4.6875e-05 1.8515746e-20)
(0.0096104217 -4.6875e-05 0)
(0.0098644227 -4.6875e-05 -3.4343345e-20)
(0.010122956 -4.6875e-05 1.7636743e-20)
(0.010386103 -4.6875e-05 0)
(0.010653944 -4.6875e-05 0)
(0.010926565 -4.6875e-05 0)
(0.011204051 -4.6875e-05 0)
(0.011486488 -4.6875e-05 0)
(0.011773965 -4.6875e-05 -3.0519509e-20)
(0.012066571 -4.6875e-05 0)
(0.012364398 -4.6875e-05 0)
(0.01266754 -4.6875e-05 0)
(0.012976091 -4.6875e-05 0)
(0.013290146 -4.6875e-05 0)
(0.013609807 -4.6875e-05 0)
(0.01393517 -4.6875e-05 0)
(0.01426634 -4.6875e-05 0)
(0.014603418 -4.6875e-05 0)
(0.014946512 -4.6875e-05 0)
(0.015295727 -4.6875e-05 0)
(0.015651174 -4.6875e-05 1.3238618e-20)
(0.016012963 -4.6875e-05 0)
(0.016381207 -4.6875e-05 0)
(0.016756023 -4.6875e-05 -1.1126486e-20)
(0.017137526 -4.6875e-05 0)
(0.017525837 -4.6875e-05 0)
(0.017921076 -4.6875e-05 0)
(0.018323368 -4.6875e-05 0)
(0.018732838 -4.6875e-05 0)
(0.019149615 -4.6875e-05 -3.152466e-20)
(0.019573828 -4.6875e-05 2.1167575e-20)
(0.02000561 -4.6875e-05 0)
(0.020445098 -4.6875e-05 0)
(0.020892427 -4.6875e-05 -3.8797282e-20)
(0.021347738 -4.6875e-05 0)
(0.021811174 -4.6875e-05 0)
(0.022282878 -4.6875e-05 0)
(0.022762999 -4.6875e-05 0)
(0.023251688 -4.6875e-05 0)
(0.023749097 -4.6875e-05 0)
(0.0010501807 -1.5625e-05 0)
(0.0011514375 -1.5625e-05 0)
(0.0012545011 -1.5625e-05 0)
(0.0013594036 -1.5625e-05 2.1383235e-20)
(0.001466178 -1.5625e-05 0)
(0.0015748576 -1.5625e-05 0)
(0.0016854764 -1.5625e-05 0)
(0.001798069 -1.5625e-05 0)
(0.0019126708 -1.5625e-05 0)
(0.0020293174 -1.5625e-05 0)
(0.0021480453 -1.5625e-05 0)
(0.0022688917 -1.5625e-05 0)
(0.0023918946 -1.5625e-05 0)
(0.0025170922 -1.5625e-05 0)
(0.0026445237 -1.5625e-05 0)
(0.0027742291 -1.5625e-05 0)
(0.0029062489 -1.5625e-05 0)
(0.0030406243 -1.5625e-05 0)
(0.0031773975 -1.5625e-05 0)
(0.0033166112 -1.5625e-05 0)
(0.0034583089 -1.5625e-05 0)
(0.0036025351 -1.5625e-05 -2.3192511e-20)
(0.0037493347 -1.5625e-05 0)
(0.0038987536 -1.5625e-05 0)
(0.0040508388 -1.5625e-05 0)
(0.0042056377 -1.5625e-05 0)
(0.0043631988 -1.5625e-05 0)
(0.0045235712 -1.5625e-05 2.7510179e-20)
(0.0046868053 -1.5625e-05 0)
(0.004852952 -1.5625e-05 0)
(0.0050220634 -1.5625e-05 -2.616639e-20)
(0.0051941923 -1.5625e-05 0)
(0.0053693925 -1.5625e-05 0)
(0.005547719 -1.5625e-05 0)
(0.0057292274 -1.5625e-05 0)
(0.0059139745 -1.5625e-05 1.2792557e-20)
(0.0061020183 -1.5625e-05 0)
(0.0062934173 -1.5625e-05 -1.0894468e-20)
(0.0064882315 -1.5625e-05 0)
(0.0066865219 -1.5625e-05 0)
(0.0068883505 -1.5625e-05 0)
(0.0070937804 -1.5625e-05 0)
(0.0073028759 -1.5625e-05 0)
(0.0075157023 -1.5625e-05 0)
(0.0077323264 -1.5625e-05 0)
(0.0079528157 -1.5625e-05 0)
(0.0081772394 -1.5625e-05 0)
(0.0084056675 -1.5625e-05 0)
(0.0086381716 -1.5625e-05 0)
(0.0088748244 -1.5625e-05 0)
(0.0091156998 -1.5625e-05 0)
(0.0093608734 -1.5625e-05 1.8515746e-20)
(0.0096104217 -1.5625e-05 0)
(0.0098644227 -1.5625e-05 -3.4343345e-20)
(0.010122956 -1.5625e-05 1.7636743e-20)
(0.010386102 -1.5625e-05 0)
(0.010653944 -1.5625e-05 0)
(0.010926565 -1.5625e-05 0)
(0.011204051 -1.5625e-05 0)
(0.011486488 -1.5625e-05 0)
(0.011773965 -1.5625e-05 -3.0519509e-20)
(0.012066571 -1.5625e-05 0)
(0.012364398 -1.5625e-05 0)
(0.01266754 -1.5625e-05 0)
(0.01297609 -1.5625e-05 0)
(0.013290146 -1.5625e-05 0)
(0.013609807 -1.5625e-05 0)
(0.01393517 -1.5625e-05 0)
(0.01426634 -1.5625e-05 0)
(0.014603418 -1.5625e-05 0)
(0.014946512 -1.5625e-05 0)
(0.015295727 -1.5625e-05 0)
(0.015651174 -1.5625e-05 1.3238618e-20)
(0.016012963 -1.5625e-05 0)
(0.016381208 -1.5625e-05 0)
(0.016756023 -1.5625e-05 -1.1126486e-20)
(0.017137526 -1.5625e-05 0)
(0.017525837 -1.5625e-05 0)
(0.017921076 -1.5625e-05 0)
(0.018323368 -1.5625e-05 0)
(0.018732838 -1.5625e-05 0)
(0.019149615 -1.5625e-05 -3.152466e-20)
(0.019573828 -1.5625e-05 2.1167575e-20)
(0.02000561 -1.5625e-05 0)
(0.020445098 -1.5625e-05 0)
(0.020892427 -1.5625e-05 -3.8797282e-20)
(0.021347738 -1.5625e-05 0)
(0.021811173 -1.5625e-05 0)
(0.022282878 -1.5625e-05 0)
(0.022762999 -1.5625e-05 0)
(0.023251688 -1.5625e-05 0)
(0.023749097 -1.5625e-05 0)
(0.0010501807 1.5625e-05 0)
(0.0011514375 1.5625e-05 0)
(0.0012545011 1.5625e-05 0)
(0.0013594036 1.5625e-05 2.1383235e-20)
(0.001466178 1.5625e-05 0)
(0.0015748576 1.5625e-05 0)
(0.0016854764 1.5625e-05 0)
(0.001798069 1.5625e-05 0)
(0.0019126708 1.5625e-05 0)
(0.0020293174 1.5625e-05 0)
(0.0021480453 1.5625e-05 0)
(0.0022688917 1.5625e-05 0)
(0.0023918945 1.5625e-05 0)
(0.0025170922 1.5625e-05 0)
(0.0026445237 1.5625e-05 0)
(0.0027742291 1.5625e-05 0)
(0.0029062489 1.5625e-05 0)
(0.0030406243 1.5625e-05 0)
(0.0031773975 1.5625e-05 0)
(0.0033166112 1.5625e-05 0)
(0.0034583089 1.5625e-05 0)
(0.0036025351 1.5625e-05 -2.3192511e-20)
(0.0037493347 1.5625e-05 0)
(0.0038987536 1.5625e-05 0)
(0.0040508388 1.5625e-05 0)
(0.0042056377 1.5625e-05 0)
(0.0043631988 1.5625e-05 0)
(0.0045235712 1.5625e-05 2.7510179e-20)
(0.0046868053 1.5625e-05 0)
(0.004852952 1.5625e-05 0)
(0.0050220634 1.5625e-05 -2.616639e-20)
(0.0051941923 1.5625e-05 0)
(0.0053693925 1.5625e-05 0)
(0.005547719 1.5625e-05 0)
(0.0057292274 1.5625e-05 0)
(0.0059139745 1.5625e-05 1.2792557e-20)
(0.0061020183 1.5625e-05 0)
(0.0062934173 1.5625e-05 -1.0894468e-20)
(0.0064882315 1.5625e-05 0)
(0.0066865219 1.5625e-05 0)
(0.0068883505 1.5625e-05 0)
(0.0070937804 1.5625e-05 0)
(0.0073028759 1.5625e-05 0)
(0.0075157023 1.5625e-05 0)
(0.0077323264 1.5625e-05 0)
(0.0079528157 1.5625e-05 0)
(0.0081772394 1.5625e-05 0)
(0.0084056675 1.5625e-05 0)
(0.0086381716 1.5625e-05 0)
(0.0088748244 1.5625e-05 0)
(0.0091156998 1.5625e-05 0)
(0.0093608734 1.5625e-05 1.8515746e-20)
(0.0096104217 1.5625e-05 0)
(0.0098644227 1.5625e-05 -3.4343345e-20)
(0.010122956 1.5625e-05 1.7636743e-20)
(0.010386102 1.5625e-05 0)
(0.010653944 1.5625e-05 0)
(0.010926565 1.5625e-05 0)
(0.011204051 1.5625e-05 0)
(0.011486488 1.5625e-05 0)
(0.011773965 1.5625e-05 -3.0519509e-20)
(0.012066571 1.5625e-05 0)
(0.012364398 1.5625e-05 0)
(0.01266754 1.5625e-05 0)
(0.01297609 1.5625e-05 0)
(0.013290146 1.5625e-05 0)
(0.013609807 1.5625e-05 0)
(0.01393517 1.5625e-05 0)
(0.01426634 1.5625e-05 0)
(0.014603418 1.5625e-05 0)
(0.014946512 1.5625e-05 0)
(0.015295727 1.5625e-05 0)
(0.015651174 1.5625e-05 1.3238618e-20)
(0.016012963 1.5625e-05 0)
(0.016381208 1.5625e-05 0)
(0.016756023 1.5625e-05 -1.1126486e-20)
(0.017137526 1.5625e-05 0)
(0.017525837 1.5625e-05 0)
(0.017921076 1.5625e-05 0)
(0.018323368 1.5625e-05 0)
(0.018732838 1.5625e-05 0)
(0.019149615 1.5625e-05 -3.152466e-20)
(0.019573828 1.5625e-05 2.1167575e-20)
(0.02000561 1.5625e-05 0)
(0.020445098 1.5625e-05 0)
(0.020892427 1.5625e-05 -3.8797282e-20)
(0.021347738 1.5625e-05 0)
(0.021811173 1.5625e-05 0)
(0.022282878 1.5625e-05 0)
(0.022762999 1.5625e-05 0)
(0.023251688 1.5625e-05 0)
(0.023749097 1.5625e-05 0)
(0.0010501807 4.6875e-05 0)
(0.0011514375 4.6875e-05 0)
(0.001254501 4.6875e-05 0)
(0.0013594036 4.6875e-05 2.1383235e-20)
(0.001466178 4.6875e-05 0)
(0.0015748576 4.6875e-05 0)
(0.0016854764 4.6875e-05 0)
(0.001798069 4.6875e-05 0)
(0.0019126708 4.6875e-05 0)
(0.0020293174 4.6875e-05 0)
(0.0021480453 4.6875e-05 0)
(0.0022688917 4.6875e-05 0)
(0.0023918946 4.6875e-05 0)
(0.0025170922 4.6875e-05 0)
(0.0026445237 4.6875e-05 0)
(0.0027742291 4.6875e-05 0)
(0.0029062489 4.6875e-05 0)
(0.0030406243 4.6875e-05 0)
(0.0031773975 4.6875e-05 0)
(0.0033166111 4.6875e-05 0)
(0.0034583089 4.6875e-05 0)
(0.003602535 4.6875e-05 -2.3192511e-20)
(0.0037493347 4.6875e-05 0)
(0.0038987536 4.6875e-05 0)
(0.0040508388 4.6875e-05 0)
(0.0042056377 4.6875e-05 0)
(0.0043631988 4.6875e-05 0)
(0.0045235712 4.6875e-05 2.7510179e-20)
(0.0046868052 4.6875e-05 0)
(0.004852952 4.6875e-05 0)
(0.0050220634 4.6875e-05 -2.616639e-20)
(0.0051941923 4.6875e-05 0)
(0.0053693925 4.6875e-05 0)
(0.005547719 4.6875e-05 0)
(0.0057292274 4.6875e-05 0)
(0.0059139745 4.6875e-05 1.2792557e-20)
(0.0061020183 4.6875e-05 0)
(0.0062934172 4.6875e-05 -1.0894468e-20)
(0.0064882315 4.6875e-05 0)
(0.0066865219 4.6875e-05 0)
(0.0068883505 4.6875e-05 0)
(0.0070937804 4.6875e-05 0)
(0.0073028759 4.6875e-05 0)
(0.0075157023 4.6875e-05 0)
(0.0077323264 4.6875e-05 0)
(0.0079528157 4.6875e-05 0)
(0.0081772394 4.6875e-05 0)
(0.0084056675 4.6875e-05 0)
(0.0086381716 4.6875e-05 0)
(0.0088748244 4.6875e-05 0)
(0.0091156998 4.6875e-05 0)
(0.0093608734 4.6875e-05 1.8515746e-20)
(0.0096104217 4.6875e-05 0)
(0.0098644227 4.6875e-05 -3.4343345e-20)
(0.010122956 4.6875e-05 1.7636743e-20)
(0.010386103 4.6875e-05 0)
(0.010653944 4.6875e-05 0)
(0.010926565 4.6875e-05 0)
(0.011204051 4.6875e-05 0)
(0.011486488 4.6875e-05 0)
(0.011773965 4.6875e-05 -3.0519509e-20)
(0.012066571 4.6875e-05 0)
(0.012364398 4.6875e-05 0)
(0.01266754 4.6875e-05 0)
(0.012976091 4.6875e-05 0)
(0.013290146 4.6875e-05 0)
(0.013609807 4.6875e-05 0)
(0.01393517 4.6875e-05 0)
(0.01426634 4.6875e-05 0)
(0.014603418 4.6875e-05 0)
(0.014946512 4.6875e-05 0)
(0.015295727 4.6875e-05 0)
(0.015651174 4.6875e-05 1.3238618e-20)
(0.016012963 4.6875e-05 0)
(0.016381207 4.6875e-05 0)
(0.016756023 4.6875e-05 -1.1126486e-20)
(0.017137526 4.6875e-05 0)
(0.017525837 4.6875e-05 0)
(0.017921076 4.6875e-05 0)
(0.018323368 4.6875e-05 0)
(0.018732838 4.6875e-05 0)
(0.019149615 4.6875e-05 -3.152466e-20)
(0.019573828 4.6875e-05 2.1167575e-20)
(0.02000561 4.6875e-05 0)
(0.020445098 4.6875e-05 0)
(0.020892427 4.6875e-05 -3.8797282e-20)
(0.021347738 4.6875e-05 0)
(0.021811173 4.6875e-05 0)
(0.022282878 4.6875e-05 0)
(0.022762999 4.6875e-05 0)
(0.023251688 4.6875e-05 0)
(0.023749097 4.6875e-05 0)
(0.0010501807 7.8125e-05 0)
(0.0011514375 7.8125e-05 0)
(0.0012545011 7.8125e-05 0)
(0.0013594036 7.8125e-05 2.1383235e-20)
(0.001466178 7.8125e-05 0)
(0.0015748576 7.8125e-05 0)
(0.0016854764 7.8125e-05 0)
(0.0017980691 7.8125e-05 0)
(0.0019126708 7.8125e-05 0)
(0.0020293174 7.8125e-05 0)
(0.0021480453 7.8125e-05 0)
(0.0022688917 7.8125e-05 0)
(0.0023918945 7.8125e-05 0)
(0.0025170922 7.8125e-05 0)
(0.0026445237 7.8125e-05 0)
(0.0027742291 7.8125e-05 0)
(0.0029062489 7.8125e-05 0)
(0.0030406243 7.8125e-05 0)
(0.0031773975 7.8125e-05 0)
(0.0033166111 7.8125e-05 0)
(0.0034583089 7.8125e-05 0)
(0.003602535 7.8125e-05 -2.3192511e-20)
(0.0037493346 7.8125e-05 0)
(0.0038987536 7.8125e-05 0)
(0.0040508388 7.8125e-05 0)
(0.0042056377 7.8125e-05 0)
(0.0043631988 7.8125e-05 0)
(0.0045235712 7.8125e-05 2.7510179e-20)
(0.0046868053 7.8125e-05 0)
(0.004852952 7.8125e-05 0)
(0.0050220634 7.8125e-05 -2.616639e-20)
(0.0051941923 7.8125e-05 0)
(0.0053693925 7.8125e-05 0)
(0.005547719 7.8125e-05 0)
(0.0057292274 7.8125e-05 0)
(0.0059139745 7.8125e-05 1.2792557e-20)
(0.0061020183 7.8125e-05 0)
(0.0062934173 7.8125e-05 -1.0894468e-20)
(0.0064882315 7.8125e-05 0)
(0.0066865219 7.8125e-05 0)
(0.0068883505 7.8125e-05 0)
(0.0070937804 7.8125e-05 0)
(0.0073028759 7.8125e-05 0)
(0.0075157023 7.8125e-05 0)
(0.0077323264 7.8125e-05 0)
(0.0079528157 7.8125e-05 0)
(0.0081772394 7.8125e-05 0)
(0.0084056675 7.8125e-05 0)
(0.0086381716 7.8125e-05 0)
(0.0088748244 7.8125e-05 0)
(0.0091156999 7.8125e-05 0)
(0.0093608734 7.8125e-05 1.8515746e-20)
(0.0096104217 7.8125e-05 0)
(0.0098644227 7.8125e-05 -3.4343345e-20)
(0.010122956 7.8125e-05 1.7636743e-20)
(0.010386102 7.8125e-05 0)
(0.010653944 7.8125e-05 0)
(0.010926565 7.8125e-05 0)
(0.011204051 7.8125e-05 0)
(0.011486488 7.8125e-05 0)
(0.011773965 7.8125e-05 -3.0519509e-20)
(0.012066571 7.8125e-05 0)
(0.012364398 7.8125e-05 0)
(0.01266754 7.8125e-05 0)
(0.012976091 7.8125e-05 0)
(0.013290146 7.8125e-05 0)
(0.013609807 7.8125e-05 0)
(0.01393517 7.8125e-05 0)
(0.01426634 7.8125e-05 0)
(0.014603418 7.8125e-05 0)
(0.014946512 7.8125e-05 0)
(0.015295727 7.8125e-05 0)
(0.015651174 7.8125e-05 1.3238618e-20)
(0.016012963 7.8125e-05 0)
(0.016381208 7.8125e-05 0)
(0.016756023 7.8125e-05 -1.1126486e-20)
(0.017137526 7.8125e-05 0)
(0.017525837 7.8125e-05 0)
(0.017921076 7.8125e-05 0)
(0.018323368 7.8125e-05 0)
(0.018732838 7.8125e-05 0)
(0.019149615 7.8125e-05 -3.152466e-20)
(0.019573828 7.8125e-05 2.1167575e-20)
(0.02000561 7.8125e-05 0)
(0.020445098 7.8125e-05 0)
(0.020892427 7.8125e-05 -3.8797282e-20)
(0.021347738 7.8125e-05 0)
(0.021811173 7.8125e-05 0)
(0.022282878 7.8125e-05 0)
(0.022762999 7.8125e-05 0)
(0.023251688 7.8125e-05 0)
(0.023749097 7.8125e-05 0)
(0.0010501807 0.000109375 0)
(0.0011514375 0.000109375 0)
(0.001254501 0.000109375 0)
(0.0013594036 0.000109375 2.1383235e-20)
(0.001466178 0.000109375 0)
(0.0015748576 0.000109375 0)
(0.0016854764 0.000109375 2.9781181e-20)
(0.0017980691 0.000109375 0)
(0.0019126708 0.000109375 -2.8798496e-20)
(0.0020293174 0.000109375 0)
(0.0021480453 0.000109375 0)
(0.0022688917 0.000109375 0)
(0.0023918945 0.000109375 0)
(0.0025170921 0.000109375 0)
(0.0026445237 0.000109375 0)
(0.0027742291 0.000109375 0)
(0.0029062489 0.000109375 -1.7300365e-20)
(0.0030406243 0.000109375 -2.4782301e-20)
(0.0031773975 0.000109375 0)
(0.0033166111 0.000109375 0)
(0.0034583089 0.000109375 0)
(0.0036025351 0.000109375 -2.3192511e-20)
(0.0037493347 0.000109375 0)
(0.0038987536 0.000109375 0)
(0.0040508388 0.000109375 0)
(0.0042056377 0.000109375 2.8446462e-20)
(0.0043631988 0.000109375 1.4740012e-20)
(0.0045235712 0.000109375 2.7510179e-20)
(0.0046868053 0.000109375 0)
(0.004852952 0.000109375 1.4056124e-20)
(0.0050220634 0.000109375 -2.616639e-20)
(0.0051941923 0.000109375 0)
(0.0053693925 0.000109375 0)
(0.005547719 0.000109375 0)
(0.0057292274 0.000109375 0)
(0.0059139745 0.000109375 2.4079277e-20)
(0.0061020183 0.000109375 2.3683559e-20)
(0.0062934173 0.000109375 -1.0894468e-20)
(0.0064882315 0.000109375 0)
(0.0066865219 0.000109375 0)
(0.0068883505 0.000109375 0)
(0.0070937804 0.000109375 -4.2107325e-20)
(0.0073028759 0.000109375 0)
(0.0075157023 0.000109375 0)
(0.0077323264 0.000109375 0)
(0.0079528157 0.000109375 -9.4571012e-21)
(0.0081772394 0.000109375 -2.937977e-20)
(0.0084056676 0.000109375 2.8891123e-20)
(0.0086381716 0.000109375 0)
(0.0088748244 0.000109375 0)
(0.0091156998 0.000109375 -2.7475978e-20)
(0.0093608734 0.000109375 5.40414e-20)
(0.0096104217 0.000109375 0)
(0.0098644228 0.000109375 -5.2267935e-20)
(0.010122956 0.000109375 1.7636743e-20)
(0.010386102 0.000109375 -1.7353995e-20)
(0.010653945 0.000109375 3.2646376e-20)
(0.010926565 0.000109375 0)
(0.011204051 0.000109375 0)
(0.011486488 0.000109375 0)
(0.011773965 0.000109375 -3.0519509e-20)
(0.012066571 0.000109375 0)
(0.012364398 0.000109375 0)
(0.01266754 0.000109375 -2.9020261e-20)
(0.012976091 0.000109375 0)
(0.013290146 0.000109375 -4.1343146e-20)
(0.013609807 0.000109375 0)
(0.01393517 0.000109375 -6.7099617e-20)
(0.01426634 0.000109375 1.4098723e-20)
(0.014603418 0.000109375 0)
(0.014946512 0.000109375 0)
(0.015295728 0.000109375 -4.9274469e-20)
(0.015651174 0.000109375 1.3238618e-20)
(0.016012963 0.000109375 0)
(0.016381207 0.000109375 0)
(0.016756023 0.000109375 0)
(0.017137526 0.000109375 -1.0931436e-20)
(0.017525837 0.000109375 0)
(0.017921076 0.000109375 0)
(0.018323368 0.000109375 0)
(0.018732839 0.000109375 1.0184822e-20)
(0.019149615 0.000109375 -3.152466e-20)
(0.019573828 0.000109375 0)
(0.02000561 0.000109375 0)
(0.020445098 0.000109375 3.9462579e-20)
(0.020892427 0.000109375 -3.8797282e-20)
(0.021347738 0.000109375 2.8984021e-20)
(0.021811173 0.000109375 0)
(0.022282878 0.000109375 0)
(0.022762999 0.000109375 0)
(0.023251688 0.000109375 0)
(0.023749096 0.000109375 2.6658484e-20)
(0.0010501807 0.000140625 0)
(0.0011514375 0.000140625 0)
(0.0012545011 0.000140625 0)
(0.0013594036 0.000140625 0)
(0.001466178 0.000140625 -3.0799232e-20)
(0.0015748576 0.000140625 0)
(0.0016854764 0.000140625 0)
(0.001798069 0.000140625 0)
(0.0019126707 0.000140625 0)
(0.0020293173 0.000140625 -1.9381967e-20)
(0.0021480453 0.000140625 -1.9068599e-20)
(0.0022688917 0.000140625 0)
(0.0023918945 0.000140625 0)
(0.0025170921 0.000140625 0)
(0.0026445237 0.000140625 0)
(0.0027742291 0.000140625 0)
(0.0029062489 0.000140625 0)
(0.0030406243 0.000140625 0)
(0.0031773975 0.000140625 0)
(0.0033166111 0.000140625 0)
(0.0034583089 0.000140625 0)
(0.003602535 0.000140625 -3.7650293e-20)
(0.0037493347 0.000140625 -1.571017e-20)
(0.0038987536 0.000140625 -1.395532e-20)
(0.0040508388 0.000140625 0)
(0.0042056377 0.000140625 0)
(0.0043631987 0.000140625 -1.4740012e-20)
(0.0045235712 0.000140625 0)
(0.0046868053 0.000140625 0)
(0.004852952 0.000140625 0)
(0.0050220634 0.000140625 0)
(0.0051941923 0.000140625 0)
(0.0053693925 0.000140625 0)
(0.005547719 0.000140625 0)
(0.0057292274 0.000140625 0)
(0.0059139745 0.000140625 0)
(0.0061020182 0.000140625 -2.3683559e-20)
(0.0062934172 0.000140625 -3.4189239e-20)
(0.0064882315 0.000140625 0)
(0.0066865219 0.000140625 -1.0515842e-20)
(0.0068883505 0.000140625 0)
(0.0070937804 0.000140625 4.2107325e-20)
(0.0073028759 0.000140625 9.9724339e-21)
(0.0075157023 0.000140625 -2.1101046e-20)
(0.0077323264 0.000140625 0)
(0.0079528157 0.000140625 0)
(0.0081772394 0.000140625 2.937977e-20)
(0.0084056676 0.000140625 0)
(0.0086381716 0.000140625 0)
(0.0088748244 0.000140625 0)
(0.0091156999 0.000140625 0)
(0.0093608734 0.000140625 1.8515746e-20)
(0.0096104217 0.000140625 0)
(0.0098644227 0.000140625 0)
(0.010122956 0.000140625 1.7636743e-20)
(0.010386102 0.000140625 0)
(0.010653945 0.000140625 0)
(0.010926565 0.000140625 2.4451931e-20)
(0.011204051 0.000140625 0)
(0.011486488 0.000140625 -3.1037294e-20)
(0.011773964 0.000140625 0)
(0.012066571 0.000140625 0)
(0.012364398 0.000140625 0)
(0.01266754 0.000140625 -2.9020261e-20)
(0.01297609 0.000140625 1.5021872e-20)
(0.013290146 0.000140625 -1.5058364e-21)
(0.013609807 0.000140625 0)
(0.01393517 0.000140625 0)
(0.01426634 0.000140625 0)
(0.014603418 0.000140625 0)
(0.014946512 0.000140625 0)
(0.015295728 0.000140625 0)
(0.015651174 0.000140625 0)
(0.016012963 0.000140625 -3.6087177e-20)
(0.016381207 0.000140625 0)
(0.016756023 0.000140625 -1.1126486e-20)
(0.017137526 0.000140625 -3.4300143e-20)
(0.017525837 0.000140625 0)
(0.017921076 0.000140625 0)
(0.018323368 0.000140625 0)
(0.018732838 0.000140625 1.0184822e-20)
(0.019149615 0.000140625 -3.152466e-20)
(0.019573828 0.000140625 2.1167575e-20)
(0.02000561 0.000140625 0)
(0.020445098 0.000140625 -2.9973393e-20)
(0.020892427 0.000140625 -2.947442e-20)
(0.021347738 0.000140625 9.159395e-21)
(0.021811173 0.000140625 1.9503531e-20)
(0.022282878 0.000140625 0)
(0.022762999 0.000140625 0)
(0.023251688 0.000140625 0)
(0.023749096 0.000140625 2.6658484e-20)
(0.0010501807 0.000171875 0)
(0.0011514375 0.000171875 0)
(0.001254501 0.000171875 0)
(0.0013594036 0.000171875 0)
(0.001466178 0.000171875 -3.0799232e-20)
(0.0015748576 0.000171875 0)
(0.0016854764 0.000171875 0)
(0.001798069 0.000171875 0)
(0.0019126707 0.000171875 0)
(0.0020293173 0.000171875 -1.9381967e-20)
(0.0021480453 0.000171875 -1.9068599e-20)
(0.0022688917 0.000171875 0)
(0.0023918945 0.000171875 0)
(0.0025170921 0.000171875 0)
(0.0026445237 0.000171875 0)
(0.0027742291 0.000171875 0)
(0.0029062489 0.000171875 0)
(0.0030406243 0.000171875 0)
(0.0031773975 0.000171875 0)
(0.0033166111 0.000171875 0)
(0.0034583089 0.000171875 0)
(0.003602535 0.000171875 -1.4457783e-20)
(0.0037493347 0.000171875 0)
(0.0038987536 0.000171875 0)
(0.0040508388 0.000171875 0)
(0.0042056377 0.000171875 -2.8446462e-20)
(0.0043631988 0.000171875 0)
(0.0045235712 0.000171875 0)
(0.0046868053 0.000171875 0)
(0.004852952 0.000171875 3.91567e-20)
(0.0050220634 0.000171875 -2.616639e-20)
(0.0051941923 0.000171875 0)
(0.0053693925 0.000171875 0)
(0.005547719 0.000171875 0)
(0.0057292274 0.000171875 0)
(0.0059139745 0.000171875 0)
(0.0061020183 0.000171875 -2.3683559e-20)
(0.0062934173 0.000171875 -3.4189239e-20)
(0.0064882315 0.000171875 0)
(0.0066865219 0.000171875 -1.0515842e-20)
(0.0068883505 0.000171875 0)
(0.0070937804 0.000171875 0)
(0.0073028759 0.000171875 9.9724339e-21)
(0.0075157024 0.000171875 -2.1101046e-20)
(0.0077323264 0.000171875 0)
(0.0079528157 0.000171875 0)
(0.0081772394 0.000171875 0)
(0.0084056675 0.000171875 0)
(0.0086381716 0.000171875 0)
(0.0088748244 0.000171875 0)
(0.0091156998 0.000171875 0)
(0.0093608734 0.000171875 1.8515746e-20)
(0.0096104217 0.000171875 0)
(0.0098644227 0.000171875 -1.7924591e-20)
(0.010122956 0.000171875 1.7636743e-20)
(0.010386103 0.000171875 0)
(0.010653944 0.000171875 -3.2646376e-20)
(0.010926565 0.000171875 0)
(0.011204051 0.000171875 0)
(0.011486488 0.000171875 -3.1037294e-20)
(0.011773964 0.000171875 0)
(0.012066571 0.000171875 0)
(0.012364398 0.000171875 0)
(0.01266754 0.000171875 -2.9020261e-20)
(0.012976091 0.000171875 1.5021872e-20)
(0.013290146 0.000171875 0)
(0.013609807 0.000171875 0)
(0.01393517 0.000171875 0)
(0.01426634 0.000171875 0)
(0.014603418 0.000171875 0)
(0.014946512 0.000171875 0)
(0.015295728 0.000171875 0)
(0.015651174 0.000171875 -1.3238618e-20)
(0.016012963 0.000171875 -3.6087177e-20)
(0.016381207 0.000171875 0)
(0.016756023 0.000171875 -1.1126486e-20)
(0.017137526 0.000171875 -3.4300143e-20)
(0.017525837 0.000171875 0)
(0.017921076 0.000171875 0)
(0.018323368 0.000171875 0)
(0.018732839 0.000171875 0)
(0.019149615 0.000171875 0)
(0.019573828 0.000171875 2.1167575e-20)
(0.02000561 0.000171875 0)
(0.020445098 0.000171875 -2.9973393e-20)
(0.020892427 0.000171875 -2.947442e-20)
(0.021347738 0.000171875 3.8143416e-20)
(0.021811173 0.000171875 1.9503531e-20)
(0.022282878 0.000171875 0)
(0.022762999 0.000171875 0)
(0.023251688 0.000171875 0)
(0.023749097 0.000171875 2.6658484e-20)
(0.0010501807 0.000203125 0)
(0.0011514375 0.000203125 0)
(0.001254501 0.000203125 0)
(0.0013594036 0.000203125 0)
(0.001466178 0.000203125 -3.0799232e-20)
(0.0015748576 0.000203125 0)
(0.0016854764 0.000203125 0)
(0.0017980691 0.000203125 0)
(0.0019126707 0.000203125 0)
(0.0020293173 0.000203125 -1.9381967e-20)
(0.0021480453 0.000203125 -1.9068599e-20)
(0.0022688917 0.000203125 0)
(0.0023918945 0.000203125 0)
(0.0025170921 0.000203125 0)
(0.0026445237 0.000203125 0)
(0.0027742291 0.000203125 0)
(0.0029062489 0.000203125 0)
(0.0030406243 0.000203125 0)
(0.0031773975 0.000203125 0)
(0.0033166111 0.000203125 0)
(0.0034583089 0.000203125 0)
(0.0036025351 0.000203125 -1.4457783e-20)
(0.0037493347 0.000203125 0)
(0.0038987536 0.000203125 0)
(0.0040508388 0.000203125 0)
(0.0042056377 0.000203125 -2.8446462e-20)
(0.0043631987 0.000203125 0)
(0.0045235712 0.000203125 0)
(0.0046868053 0.000203125 0)
(0.004852952 0.000203125 3.91567e-20)
(0.0050220634 0.000203125 -2.616639e-20)
(0.0051941923 0.000203125 0)
(0.0053693925 0.000203125 0)
(0.005547719 0.000203125 0)
(0.0057292274 0.000203125 0)
(0.0059139745 0.000203125 0)
(0.0061020182 0.000203125 -2.3683559e-20)
(0.0062934172 0.000203125 -3.4189239e-20)
(0.0064882315 0.000203125 0)
(0.0066865219 0.000203125 -1.0515842e-20)
(0.0068883505 0.000203125 0)
(0.0070937804 0.000203125 0)
(0.0073028759 0.000203125 9.9724339e-21)
(0.0075157024 0.000203125 -2.1101046e-20)
(0.0077323264 0.000203125 0)
(0.0079528157 0.000203125 0)
(0.0081772394 0.000203125 0)
(0.0084056676 0.000203125 0)
(0.0086381716 0.000203125 0)
(0.0088748244 0.000203125 0)
(0.0091156998 0.000203125 0)
(0.0093608734 0.000203125 1.8515746e-20)
(0.0096104217 0.000203125 0)
(0.0098644227 0.000203125 -1.7924591e-20)
(0.010122956 0.000203125 1.7636743e-20)
(0.010386102 0.000203125 0)
(0.010653944 0.000203125 -3.2646376e-20)
(0.010926565 0.000203125 0)
(0.011204051 0.000203125 0)
(0.011486488 0.000203125 -3.1037294e-20)
(0.011773964 0.000203125 0)
(0.012066571 0.000203125 0)
(0.012364398 0.000203125 0)
(0.01266754 0.000203125 -2.9020261e-20)
(0.01297609 0.000203125 1.5021872e-20)
(0.013290146 0.000203125 0)
(0.013609806 0.000203125 0)
(0.01393517 0.000203125 0)
(0.01426634 0.000203125 0)
(0.014603418 0.000203125 0)
(0.014946512 0.000203125 0)
(0.015295728 0.000203125 0)
(0.015651174 0.000203125 -1.3238618e-20)
(0.016012963 0.000203125 -3.6087177e-20)
(0.016381207 0.000203125 0)
(0.016756023 0.000203125 -1.1126486e-20)
(0.017137526 0.000203125 -3.4300143e-20)
(0.017525837 0.000203125 0)
(0.017921076 0.000203125 0)
(0.018323368 0.000203125 0)
(0.018732839 0.000203125 0)
(0.019149615 0.000203125 0)
(0.019573828 0.000203125 2.1167575e-20)
(0.02000561 0.000203125 0)
(0.020445098 0.000203125 -2.9973393e-20)
(0.020892427 0.000203125 -2.947442e-20)
(0.021347738 0.000203125 3.8143416e-20)
(0.021811173 0.000203125 1.9503531e-20)
(0.022282878 0.000203125 0)
(0.022762999 0.000203125 0)
(0.023251688 0.000203125 0)
(0.023749097 0.000203125 2.6658484e-20)
(0.0010501807 0.000234375 0)
(0.0011514375 0.000234375 0)
(0.0012545011 0.000234375 0)
(0.0013594036 0.000234375 2.1383235e-20)
(0.001466178 0.000234375 0)
(0.0015748576 0.000234375 0)
(0.0016854764 0.000234375 2.9781181e-20)
(0.0017980691 0.000234375 0)
(0.0019126708 0.000234375 -2.8798496e-20)
(0.0020293174 0.000234375 0)
(0.0021480453 0.000234375 0)
(0.0022688917 0.000234375 0)
(0.0023918945 0.000234375 0)
(0.0025170921 0.000234375 0)
(0.0026445237 0.000234375 0)
(0.0027742291 0.000234375 0)
(0.0029062489 0.000234375 -1.7300365e-20)
(0.0030406243 0.000234375 -2.4782301e-20)
(0.0031773975 0.000234375 0)
(0.0033166111 0.000234375 0)
(0.0034583089 0.000234375 0)
(0.0036025351 0.000234375 0)
(0.0037493347 0.000234375 1.571017e-20)
(0.0038987536 0.000234375 0)
(0.0040508388 0.000234375 0)
(0.0042056377 0.000234375 0)
(0.0043631988 0.000234375 1.4740012e-20)
(0.0045235712 0.000234375 0)
(0.0046868053 0.000234375 0)
(0.004852952 0.000234375 5.3212825e-20)
(0.0050220634 0.000234375 -2.616639e-20)
(0.0051941923 0.000234375 0)
(0.0053693925 0.000234375 0)
(0.005547719 0.000234375 0)
(0.0057292274 0.000234375 0)
(0.0059139745 0.000234375 2.4079277e-20)
(0.0061020183 0.000234375 1.1088861e-20)
(0.0062934173 0.000234375 -3.4189239e-20)
(0.0064882315 0.000234375 0)
(0.0066865219 0.000234375 0)
(0.0068883505 0.000234375 0)
(0.0070937805 0.000234375 -4.2107325e-20)
(0.0073028759 0.000234375 0)
(0.0075157024 0.000234375 0)
(0.0077323264 0.000234375 0)
(0.0079528157 0.000234375 -9.4571012e-21)
(0.0081772394 0.000234375 -2.937977e-20)
(0.0084056675 0.000234375 2.8891123e-20)
(0.0086381716 0.000234375 0)
(0.0088748244 0.000234375 0)
(0.0091156998 0.000234375 0)
(0.0093608734 0.000234375 1.8515746e-20)
(0.0096104217 0.000234375 0)
(0.0098644228 0.000234375 -5.2267935e-20)
(0.010122956 0.000234375 1.7636743e-20)
(0.010386102 0.000234375 -1.7353995e-20)
(0.010653944 0.000234375 0)
(0.010926565 0.000234375 -2.4451931e-20)
(0.011204051 0.000234375 0)
(0.011486488 0.000234375 0)
(0.011773965 0.000234375 -3.0519509e-20)
(0.012066571 0.000234375 0)
(0.012364398 0.000234375 0)
(0.01266754 0.000234375 -2.9020261e-20)
(0.01297609 0.000234375 0)
(0.013290146 0.000234375 -4.1343146e-20)
(0.013609807 0.000234375 0)
(0.01393517 0.000234375 -6.7099617e-20)
(0.01426634 0.000234375 1.4098723e-20)
(0.014603418 0.000234375 0)
(0.014946512 0.000234375 2.4310418e-20)
(0.015295728 0.000234375 1.3447995e-20)
(0.015651174 0.000234375 0)
(0.016012963 0.000234375 2.4560064e-20)
(0.016381207 0.000234375 0)
(0.016756023 0.000234375 0)
(0.017137526 0.000234375 -1.0931436e-20)
(0.017525837 0.000234375 0)
(0.017921076 0.000234375 0)
(0.018323368 0.000234375 0)
(0.018732839 0.000234375 0)
(0.019149615 0.000234375 0)
(0.019573828 0.000234375 0)
(0.020005611 0.000234375 0)
(0.020445098 0.000234375 0)
(0.020892427 0.000234375 -3.8797282e-20)
(0.021347738 0.000234375 5.7968042e-20)
(0.021811173 0.000234375 0)
(0.022282878 0.000234375 0)
(0.022762999 0.000234375 0)
(0.023251688 0.000234375 0)
(0.023749096 0.000234375 2.6658484e-20)
(0.0010501807 0.000265625 0)
(0.0011514375 0.000265625 1.0296543e-20)
(0.001254501 0.000265625 2.1737922e-20)
(0.0013594036 0.000265625 -3.1321934e-20)
(0.001466178 0.000265625 -3.0799232e-20)
(0.0015748576 0.000265625 0)
(0.0016854764 0.000265625 -5.9562362e-20)
(0.0017980691 0.000265625 0)
(0.0019126707 0.000265625 2.8798496e-20)
(0.0020293174 0.000265625 -1.9381967e-20)
(0.0021480453 0.000265625 -1.9068599e-20)
(0.0022688917 0.000265625 0)
(0.0023918945 0.000265625 0)
(0.0025170921 0.000265625 0)
(0.0026445237 0.000265625 0)
(0.0027742291 0.000265625 0)
(0.0029062489 0.000265625 3.3094894e-20)
(0.0030406244 0.000265625 0)
(0.0031773975 0.000265625 -3.1997059e-20)
(0.0033166111 0.000265625 0)
(0.0034583089 0.000265625 -1.6221592e-20)
(0.003602535 0.000265625 0)
(0.0037493346 0.000265625 -2.9914503e-20)
(0.0038987536 0.000265625 0)
(0.0040508388 0.000265625 0)
(0.0042056377 0.000265625 2.8446462e-20)
(0.0043631988 0.000265625 0)
(0.0045235712 0.000265625 -5.5020358e-20)
(0.0046868052 0.000265625 0)
(0.004852952 0.000265625 -1.4056124e-20)
(0.0050220634 0.000265625 0)
(0.0051941923 0.000265625 -2.5734077e-20)
(0.0053693925 0.000265625 3.7211099e-20)
(0.005547719 0.000265625 0)
(0.0057292274 0.000265625 3.5970202e-20)
(0.0059139745 0.000265625 0)
(0.0061020182 0.000265625 2.3683559e-20)
(0.0062934172 0.000265625 0)
(0.0064882315 0.000265625 1.0703476e-20)
(0.0066865219 0.000265625 0)
(0.0068883505 0.000265625 0)
(0.0070937804 0.000265625 3.1956952e-20)
(0.0073028759 0.000265625 -9.9724339e-21)
(0.0075157024 0.000265625 0)
(0.0077323264 0.000265625 -2.0757533e-20)
(0.0079528157 0.000265625 -2.0420039e-20)
(0.0081772394 0.000265625 2.937977e-20)
(0.0084056676 0.000265625 0)
(0.0086381717 0.000265625 0)
(0.0088748244 0.000265625 0)
(0.0091156998 0.000265625 0)
(0.0093608734 0.000265625 0)
(0.0096104217 0.000265625 0)
(0.0098644227 0.000265625 0)
(0.010122956 0.000265625 -3.3767649e-20)
(0.010386102 0.000265625 -3.3202153e-20)
(0.010653944 0.000265625 0)
(0.010926565 0.000265625 0)
(0.011204051 0.000265625 1.5029143e-20)
(0.011486488 0.000265625 0)
(0.011773964 0.000265625 -2.3266091e-20)
(0.012066571 0.000265625 0)
(0.012364398 0.000265625 4.3513866e-20)
(0.01266754 0.000265625 -1.3757212e-20)
(0.012976091 0.000265625 1.5021872e-20)
(0.013290146 0.000265625 0)
(0.013609806 0.000265625 0)
(0.01393517 0.000265625 0)
(0.01426634 0.000265625 0)
(0.014603418 0.000265625 2.625012e-20)
(0.014946512 0.000265625 -1.2155209e-20)
(0.015295728 0.000265625 0)
(0.015651174 0.000265625 -4.9942799e-20)
(0.016012963 0.000265625 -1.303295e-20)
(0.016381207 0.000265625 3.5480912e-20)
(0.016756023 0.000265625 2.3758808e-20)
(0.017137526 0.000265625 0)
(0.017525837 0.000265625 0)
(0.017921076 0.000265625 0)
(0.018323368 0.000265625 0)
(0.018732838 0.000265625 2.187548e-20)
(0.019149615 0.000265625 -2.1518385e-20)
(0.019573828 0.000265625 0)
(0.02000561 0.000265625 0)
(0.020445098 0.000265625 0)
(0.020892427 0.000265625 0)
(0.021347738 0.000265625 2.8984021e-20)
(0.021811173 0.000265625 5.7004758e-20)
(0.022282878 0.000265625 0)
(0.022762999 0.000265625 0)
(0.023251688 0.000265625 0)
(0.023749097 0.000265625 -2.6658484e-20)
(0.0010501807 0.000296875 0)
(0.0011514375 0.000296875 0)
(0.0012545011 0.000296875 0)
(0.0013594036 0.000296875 0)
(0.001466178 0.000296875 0)
(0.0015748576 0.000296875 0)
(0.0016854764 0.000296875 0)
(0.001798069 0.000296875 0)
(0.0019126708 0.000296875 0)
(0.0020293174 0.000296875 0)
(0.0021480453 0.000296875 0)
(0.0022688917 0.000296875 0)
(0.0023918945 0.000296875 0)
(0.0025170922 0.000296875 0)
(0.0026445237 0.000296875 0)
(0.0027742291 0.000296875 0)
(0.0029062489 0.000296875 0)
(0.0030406243 0.000296875 0)
(0.0031773975 0.000296875 0)
(0.0033166111 0.000296875 0)
(0.0034583089 0.000296875 0)
(0.003602535 0.000296875 0)
(0.0037493347 0.000296875 0)
(0.0038987536 0.000296875 -6.9776599e-21)
(0.0040508388 0.000296875 0)
(0.0042056377 0.000296875 0)
(0.0043631988 0.000296875 0)
(0.0045235712 0.000296875 0)
(0.0046868053 0.000296875 0)
(0.004852952 0.000296875 0)
(0.0050220634 0.000296875 -3.8496667e-20)
(0.0051941923 0.000296875 0)
(0.0053693925 0.000296875 0)
(0.005547719 0.000296875 1.1693104e-20)
(0.0057292274 0.000296875 0)
(0.0059139745 0.000296875 0)
(0.0061020182 0.000296875 -2.3683559e-20)
(0.0062934172 0.000296875 0)
(0.0064882315 0.000296875 0)
(0.0066865219 0.000296875 0)
(0.0068883505 0.000296875 0)
(0.0070937804 0.000296875 0)
(0.0073028759 0.000296875 -5.2873842e-20)
(0.0075157023 0.000296875 -6.1797303e-20)
(0.0077323264 0.000296875 0)
(0.0079528157 0.000296875 0)
(0.0081772394 0.000296875 0)
(0.0084056675 0.000296875 0)
(0.0086381716 0.000296875 0)
(0.0088748244 0.000296875 0)
(0.0091156998 0.000296875 2.7475978e-20)
(0.0093608734 0.000296875 -1.7009909e-20)
(0.0096104217 0.000296875 0)
(0.0098644227 0.000296875 0)
(0.010122956 0.000296875 1.7636743e-20)
(0.010386102 0.000296875 0)
(0.010653944 0.000296875 0)
(0.010926565 0.000296875 0)
(0.011204051 0.000296875 0)
(0.011486488 0.000296875 0)
(0.011773965 0.000296875 -2.3266091e-20)
(0.012066571 0.000296875 0)
(0.012364399 0.000296875 0)
(0.01266754 0.000296875 2.9020261e-20)
(0.012976091 0.000296875 2.8537908e-20)
(0.013290147 0.000296875 0)
(0.013609807 0.000296875 0)
(0.01393517 0.000296875 0)
(0.01426634 0.000296875 5.3383218e-20)
(0.014603419 0.000296875 0)
(0.014946512 0.000296875 0)
(0.015295727 0.000296875 0)
(0.015651174 0.000296875 -1.3238618e-20)
(0.016012963 0.000296875 1.1527114e-20)
(0.016381208 0.000296875 0)
(0.016756023 0.000296875 0)
(0.017137527 0.000296875 0)
(0.017525837 0.000296875 0)
(0.017921076 0.000296875 0)
(0.018323368 0.000296875 0)
(0.018732838 0.000296875 3.2060301e-20)
(0.019149615 0.000296875 -1.0006274e-20)
(0.019573828 0.000296875 0)
(0.02000561 0.000296875 0)
(0.020445098 0.000296875 -1.8978371e-20)
(0.020892427 0.000296875 0)
(0.021347738 0.000296875 0)
(0.021811173 0.000296875 -3.7501226e-20)
(0.022282878 0.000296875 0)
(0.022763 0.000296875 0)
(0.023251688 0.000296875 0)
(0.023749096 0.000296875 2.6658484e-20)
(0.0010501807 0.000328125 0)
(0.0011514375 0.000328125 0)
(0.001254501 0.000328125 0)
(0.0013594036 0.000328125 0)
(0.001466178 0.000328125 0)
(0.0015748576 0.000328125 0)
(0.0016854764 0.000328125 -2.0356066e-20)
(0.0017980691 0.000328125 0)
(0.0019126707 0.000328125 0)
(0.0020293174 0.000328125 -1.9381967e-20)
(0.0021480453 0.000328125 -1.9068599e-20)
(0.0022688917 0.000328125 0)
(0.0023918945 0.000328125 0)
(0.0025170921 0.000328125 0)
(0.0026445237 0.000328125 0)
(0.0027742291 0.000328125 0)
(0.0029062489 0.000328125 0)
(0.0030406243 0.000328125 0)
(0.0031773975 0.000328125 0)
(0.0033166111 0.000328125 0)
(0.0034583089 0.000328125 -1.6221592e-20)
(0.003602535 0.000328125 -1.5963619e-20)
(0.0037493346 0.000328125 0)
(0.0038987536 0.000328125 0)
(0.0040508388 0.000328125 0)
(0.0042056377 0.000328125 0)
(0.0043631988 0.000328125 0)
(0.0045235712 0.000328125 -4.3524023e-20)
(0.0046868053 0.000328125 0)
(0.004852952 0.000328125 1.2550288e-20)
(0.0050220634 0.000328125 0)
(0.0051941923 0.000328125 -2.5734077e-20)
(0.0053693925 0.000328125 3.7211099e-20)
(0.005547719 0.000328125 0)
(0.0057292274 0.000328125 3.5970202e-20)
(0.0059139745 0.000328125 0)
(0.0061020182 0.000328125 0)
(0.0062934173 0.000328125 0)
(0.0064882315 0.000328125 0)
(0.0066865219 0.000328125 0)
(0.0068883505 0.000328125 0)
(0.0070937804 0.000328125 3.1956952e-20)
(0.0073028759 0.000328125 -9.9724339e-21)
(0.0075157024 0.000328125 0)
(0.0077323264 0.000328125 -2.0757533e-20)
(0.0079528157 0.000328125 -2.0420039e-20)
(0.0081772394 0.000328125 2.937977e-20)
(0.0084056675 0.000328125 0)
(0.0086381716 0.000328125 0)
(0.0088748244 0.000328125 0)
(0.0091156998 0.000328125 0)
(0.0093608734 0.000328125 0)
(0.0096104217 0.000328125 0)
(0.0098644227 0.000328125 -1.7924591e-20)
(0.010122956 0.000328125 0)
(0.010386102 0.000328125 -3.3202153e-20)
(0.010653944 0.000328125 0)
(0.010926565 0.000328125 0)
(0.011204051 0.000328125 1.5029143e-20)
(0.011486488 0.000328125 0)
(0.011773965 0.000328125 -3.0519509e-20)
(0.012066571 0.000328125 0)
(0.012364398 0.000328125 1.4002676e-20)
(0.01266754 0.000328125 -1.3757212e-20)
(0.012976091 0.000328125 0)
(0.013290146 0.000328125 0)
(0.013609806 0.000328125 0)
(0.01393517 0.000328125 0)
(0.01426634 0.000328125 0)
(0.014603418 0.000328125 0)
(0.014946512 0.000328125 -1.2155209e-20)
(0.015295727 0.000328125 -2.5390153e-20)
(0.015651174 0.000328125 -2.49714e-20)
(0.016012963 0.000328125 1.1527114e-20)
(0.016381207 0.000328125 3.5480912e-20)
(0.016756023 0.000328125 0)
(0.017137526 0.000328125 0)
(0.017525837 0.000328125 0)
(0.017921076 0.000328125 0)
(0.018323368 0.000328125 0)
(0.018732838 0.000328125 2.187548e-20)
(0.019149615 0.000328125 -2.1518385e-20)
(0.019573828 0.000328125 0)
(0.02000561 0.000328125 0)
(0.020445098 0.000328125 0)
(0.020892427 0.000328125 0)
(0.021347738 0.000328125 2.8984021e-20)
(0.021811173 0.000328125 3.7501226e-20)
(0.022282878 0.000328125 0)
(0.022762999 0.000328125 0)
(0.023251688 0.000328125 0)
(0.023749096 0.000328125 -2.6658484e-20)
(0.0010501807 0.000359375 0)
(0.0011514375 0.000359375 0)
(0.0012545011 0.000359375 0)
(0.0013594036 0.000359375 0)
(0.001466178 0.000359375 0)
(0.0015748576 0.000359375 0)
(0.0016854764 0.000359375 0)
(0.0017980691 0.000359375 0)
(0.0019126708 0.000359375 0)
(0.0020293174 0.000359375 0)
(0.0021480453 0.000359375 0)
(0.0022688918 0.000359375 0)
(0.0023918945 0.000359375 0)
(0.0025170922 0.000359375 0)
(0.0026445237 0.000359375 0)
(0.0027742291 0.000359375 0)
(0.0029062489 0.000359375 0)
(0.0030406243 0.000359375 0)
(0.0031773975 0.000359375 0)
(0.0033166111 0.000359375 0)
(0.0034583089 0.000359375 0)
(0.003602535 0.000359375 0)
(0.0037493346 0.000359375 0)
(0.0038987536 0.000359375 -6.9776599e-21)
(0.0040508388 0.000359375 0)
(0.0042056377 0.000359375 0)
(0.0043631988 0.000359375 0)
(0.0045235712 0.000359375 0)
(0.0046868053 0.000359375 0)
(0.004852952 0.000359375 0)
(0.0050220634 0.000359375 -3.8496667e-20)
(0.0051941923 0.000359375 0)
(0.0053693926 0.000359375 0)
(0.005547719 0.000359375 1.1693104e-20)
(0.0057292274 0.000359375 0)
(0.0059139746 0.000359375 0)
(0.0061020182 0.000359375 -2.3683559e-20)
(0.0062934172 0.000359375 0)
(0.0064882315 0.000359375 0)
(0.0066865219 0.000359375 0)
(0.0068883505 0.000359375 0)
(0.0070937804 0.000359375 0)
(0.0073028759 0.000359375 -5.2873842e-20)
(0.0075157023 0.000359375 -6.1797303e-20)
(0.0077323264 0.000359375 0)
(0.0079528157 0.000359375 0)
(0.0081772394 0.000359375 0)
(0.0084056675 0.000359375 0)
(0.0086381716 0.000359375 0)
(0.0088748244 0.000359375 0)
(0.0091156998 0.000359375 2.7475978e-20)
(0.0093608734 0.000359375 -1.7009909e-20)
(0.0096104217 0.000359375 0)
(0.0098644227 0.000359375 0)
(0.010122956 0.000359375 1.7636743e-20)
(0.010386102 0.000359375 0)
(0.010653945 0.000359375 0)
(0.010926565 0.000359375 0)
(0.011204051 0.000359375 0)
(0.011486488 0.000359375 0)
(0.011773965 0.000359375 -2.3266091e-20)
(0.012066571 0.000359375 0)
(0.012364399 0.000359375 0)
(0.01266754 0.000359375 2.9020261e-20)
(0.012976091 0.000359375 2.8537908e-20)
(0.013290146 0.000359375 0)
(0.013609807 0.000359375 0)
(0.01393517 0.000359375 0)
(0.01426634 0.000359375 5.3383218e-20)
(0.014603418 0.000359375 0)
(0.014946512 0.000359375 0)
(0.015295728 0.000359375 0)
(0.015651174 0.000359375 -1.3238618e-20)
(0.016012963 0.000359375 1.1527114e-20)
(0.016381208 0.000359375 0)
(0.016756023 0.000359375 0)
(0.017137527 0.000359375 0)
(0.017525837 0.000359375 0)
(0.017921076 0.000359375 0)
(0.018323368 0.000359375 0)
(0.018732838 0.000359375 3.2060301e-20)
(0.019149615 0.000359375 -1.0006274e-20)
(0.019573828 0.000359375 0)
(0.020005611 0.000359375 0)
(0.020445098 0.000359375 -1.8978371e-20)
(0.020892427 0.000359375 0)
(0.021347738 0.000359375 0)
(0.021811173 0.000359375 -3.7501226e-20)
(0.022282878 0.000359375 0)
(0.022763 0.000359375 0)
(0.023251688 0.000359375 0)
(0.023749097 0.000359375 2.6658484e-20)
(0.0010501807 0.000390625 0)
(0.0011514375 0.000390625 0)
(0.001254501 0.000390625 0)
(0.0013594036 0.000390625 0)
(0.001466178 0.000390625 0)
(0.0015748576 0.000390625 0)
(0.0016854764 0.000390625 -2.0356066e-20)
(0.0017980691 0.000390625 0)
(0.0019126707 0.000390625 0)
(0.0020293174 0.000390625 -1.9381967e-20)
(0.0021480453 0.000390625 -1.9068599e-20)
(0.0022688917 0.000390625 0)
(0.0023918946 0.000390625 0)
(0.0025170921 0.000390625 0)
(0.0026445237 0.000390625 0)
(0.0027742291 0.000390625 0)
(0.0029062489 0.000390625 0)
(0.0030406244 0.000390625 0)
(0.0031773975 0.000390625 0)
(0.0033166111 0.000390625 0)
(0.0034583089 0.000390625 -1.6221592e-20)
(0.003602535 0.000390625 -1.5963619e-20)
(0.0037493346 0.000390625 0)
(0.0038987536 0.000390625 0)
(0.0040508388 0.000390625 0)
(0.0042056377 0.000390625 0)
(0.0043631988 0.000390625 0)
(0.0045235712 0.000390625 -4.3524023e-20)
(0.0046868053 0.000390625 0)
(0.004852952 0.000390625 1.2550288e-20)
(0.0050220634 0.000390625 0)
(0.0051941923 0.000390625 -2.5734077e-20)
(0.0053693925 0.000390625 3.7211099e-20)
(0.005547719 0.000390625 0)
(0.0057292274 0.000390625 3.5970202e-20)
(0.0059139745 0.000390625 0)
(0.0061020182 0.000390625 0)
(0.0062934172 0.000390625 0)
(0.0064882315 0.000390625 0)
(0.0066865219 0.000390625 0)
(0.0068883505 0.000390625 0)
(0.0070937804 0.000390625 3.1956952e-20)
(0.0073028759 0.000390625 -9.9724339e-21)
(0.0075157024 0.000390625 0)
(0.0077323264 0.000390625 -2.0757533e-20)
(0.0079528157 0.000390625 -2.0420039e-20)
(0.0081772394 0.000390625 2.937977e-20)
(0.0084056675 0.000390625 0)
(0.0086381716 0.000390625 0)
(0.0088748244 0.000390625 0)
(0.0091156998 0.000390625 0)
(0.0093608734 0.000390625 0)
(0.0096104217 0.000390625 0)
(0.0098644227 0.000390625 -1.7924591e-20)
(0.010122956 0.000390625 0)
(0.010386102 0.000390625 -3.3202153e-20)
(0.010653944 0.000390625 0)
(0.010926565 0.000390625 0)
(0.011204051 0.000390625 1.5029143e-20)
(0.011486488 0.000390625 0)
(0.011773964 0.000390625 -3.0519509e-20)
(0.012066571 0.000390625 0)
(0.012364398 0.000390625 1.4002676e-20)
(0.01266754 0.000390625 -1.3757212e-20)
(0.01297609 0.000390625 0)
(0.013290146 0.000390625 0)
(0.013609806 0.000390625 0)
(0.01393517 0.000390625 0)
(0.01426634 0.000390625 0)
(0.014603419 0.000390625 0)
(0.014946512 0.000390625 -1.2155209e-20)
(0.015295728 0.000390625 -2.5390153e-20)
(0.015651174 0.000390625 -2.49714e-20)
(0.016012963 0.000390625 1.1527114e-20)
(0.016381207 0.000390625 3.5480912e-20)
(0.016756023 0.000390625 0)
(0.017137526 0.000390625 0)
(0.017525837 0.000390625 0)
(0.017921076 0.000390625 0)
(0.018323368 0.000390625 0)
(0.018732838 0.000390625 2.187548e-20)
(0.019149615 0.000390625 -2.1518385e-20)
(0.019573828 0.000390625 0)
(0.02000561 0.000390625 0)
(0.020445098 0.000390625 0)
(0.020892427 0.000390625 0)
(0.021347738 0.000390625 2.8984021e-20)
(0.021811173 0.000390625 3.7501226e-20)
(0.022282878 0.000390625 0)
(0.022762999 0.000390625 0)
(0.023251688 0.000390625 0)
(0.023749096 0.000390625 -2.6658484e-20)
(0.0010501807 0.000421875 0)
(0.0011514375 0.000421875 0)
(0.0012545011 0.000421875 0)
(0.0013594036 0.000421875 0)
(0.001466178 0.000421875 0)
(0.0015748576 0.000421875 0)
(0.0016854764 0.000421875 0)
(0.001798069 0.000421875 0)
(0.0019126708 0.000421875 0)
(0.0020293174 0.000421875 0)
(0.0021480453 0.000421875 0)
(0.0022688918 0.000421875 0)
(0.0023918945 0.000421875 0)
(0.0025170922 0.000421875 0)
(0.0026445237 0.000421875 0)
(0.0027742291 0.000421875 0)
(0.0029062489 0.000421875 0)
(0.0030406243 0.000421875 0)
(0.0031773975 0.000421875 0)
(0.0033166111 0.000421875 0)
(0.0034583089 0.000421875 0)
(0.003602535 0.000421875 0)
(0.0037493347 0.000421875 0)
(0.0038987536 0.000421875 -6.9776599e-21)
(0.0040508388 0.000421875 0)
(0.0042056377 0.000421875 0)
(0.0043631988 0.000421875 0)
(0.0045235712 0.000421875 0)
(0.0046868053 0.000421875 0)
(0.004852952 0.000421875 0)
(0.0050220634 0.000421875 -3.8496667e-20)
(0.0051941923 0.000421875 0)
(0.0053693926 0.000421875 0)
(0.005547719 0.000421875 1.1693104e-20)
(0.0057292274 0.000421875 0)
(0.0059139745 0.000421875 0)
(0.0061020182 0.000421875 -2.3683559e-20)
(0.0062934173 0.000421875 0)
(0.0064882315 0.000421875 0)
(0.0066865219 0.000421875 0)
(0.0068883505 0.000421875 0)
(0.0070937805 0.000421875 0)
(0.0073028759 0.000421875 -5.2873842e-20)
(0.0075157023 0.000421875 -6.1797303e-20)
(0.0077323264 0.000421875 0)
(0.0079528157 0.000421875 0)
(0.0081772394 0.000421875 0)
(0.0084056675 0.000421875 0)
(0.0086381716 0.000421875 0)
(0.0088748244 0.000421875 0)
(0.0091156998 0.000421875 2.7475978e-20)
(0.0093608734 0.000421875 -1.7009909e-20)
(0.0096104217 0.000421875 0)
(0.0098644228 0.000421875 0)
(0.010122956 0.000421875 1.7636743e-20)
(0.010386102 0.000421875 0)
(0.010653944 0.000421875 0)
(0.010926565 0.000421875 0)
(0.011204051 0.000421875 0)
(0.011486488 0.000421875 0)
(0.011773965 0.000421875 -2.3266091e-20)
(0.012066571 0.000421875 0)
(0.012364399 0.000421875 0)
(0.01266754 0.000421875 2.9020261e-20)
(0.012976091 0.000421875 2.8537908e-20)
(0.013290146 0.000421875 0)
(0.013609807 0.000421875 0)
(0.01393517 0.000421875 0)
(0.01426634 0.000421875 5.3383218e-20)
(0.014603419 0.000421875 0)
(0.014946512 0.000421875 0)
(0.015295728 0.000421875 0)
(0.015651174 0.000421875 -1.3238618e-20)
(0.016012963 0.000421875 1.1527114e-20)
(0.016381208 0.000421875 0)
(0.016756023 0.000421875 0)
(0.017137527 0.000421875 0)
(0.017525837 0.000421875 0)
(0.017921076 0.000421875 0)
(0.018323368 0.000421875 0)
(0.018732838 0.000421875 3.2060301e-20)
(0.019149615 0.000421875 -1.0006274e-20)
(0.019573828 0.000421875 0)
(0.02000561 0.000421875 0)
(0.020445098 0.000421875 -1.8978371e-20)
(0.020892427 0.000421875 0)
(0.021347738 0.000421875 0)
(0.021811173 0.000421875 -3.7501226e-20)
(0.022282878 0.000421875 0)
(0.022763 0.000421875 0)
(0.023251688 0.000421875 0)
(0.023749096 0.000421875 2.6658484e-20)
(0.0010501807 0.000453125 0)
(0.0011514375 0.000453125 -1.0296543e-20)
(0.0012545011 0.000453125 -1.1621879e-20)
(0.0013594036 0.000453125 4.1260634e-20)
(0.001466178 0.000453125 3.0799232e-20)
(0.0015748576 0.000453125 0)
(0.0016854764 0.000453125 3.9206296e-20)
(0.0017980691 0.000453125 -2.928549e-20)
(0.0019126708 0.000453125 -2.8798496e-20)
(0.0020293174 0.000453125 0)
(0.0021480453 0.000453125 0)
(0.0022688917 0.000453125 0)
(0.0023918945 0.000453125 0)
(0.0025170922 0.000453125 0)
(0.0026445237 0.000453125 -2.6050663e-20)
(0.0027742291 0.000453125 0)
(0.0029062489 0.000453125 -3.3094894e-20)
(0.0030406244 0.000453125 0)
(0.0031773975 0.000453125 3.1997059e-20)
(0.0033166111 0.000453125 1.6484181e-20)
(0.0034583089 0.000453125 0)
(0.0036025351 0.000453125 0)
(0.0037493347 0.000453125 2.9914503e-20)
(0.0038987536 0.000453125 0)
(0.0040508388 0.000453125 0)
(0.0042056377 0.000453125 -2.8446462e-20)
(0.0043631988 0.000453125 0)
(0.0045235712 0.000453125 -1.4508008e-20)
(0.0046868053 0.000453125 0)
(0.004852952 0.000453125 2.6606412e-20)
(0.0050220634 0.000453125 0)
(0.0051941923 0.000453125 2.5734077e-20)
(0.0053693925 0.000453125 0)
(0.005547719 0.000453125 0)
(0.0057292274 0.000453125 0)
(0.0059139745 0.000453125 0)
(0.0061020183 0.000453125 -5.845598e-20)
(0.0062934172 0.000453125 -1.0894468e-20)
(0.0064882315 0.000453125 -1.0703476e-20)
(0.0066865219 0.000453125 0)
(0.0068883505 0.000453125 3.2500296e-20)
(0.0070937804 0.000453125 0)
(0.0073028759 0.000453125 -9.9724339e-21)
(0.0075157023 0.000453125 0)
(0.0077323264 0.000453125 0)
(0.0079528157 0.000453125 0)
(0.0081772394 0.000453125 -2.937977e-20)
(0.0084056676 0.000453125 -2.8891123e-20)
(0.0086381716 0.000453125 0)
(0.0088748244 0.000453125 0)
(0.0091156999 0.000453125 2.7475978e-20)
(0.0093608734 0.000453125 -3.5525655e-20)
(0.0096104217 0.000453125 3.4929269e-20)
(0.0098644227 0.000453125 1.6418754e-20)
(0.010122956 0.000453125 3.3767649e-20)
(0.010386103 0.000453125 -1.7353995e-20)
(0.010653944 0.000453125 -1.7076106e-20)
(0.010926565 0.000453125 0)
(0.011204051 0.000453125 0)
(0.011486488 0.000453125 0)
(0.011773964 0.000453125 -7.2534182e-21)
(0.012066571 0.000453125 0)
(0.012364399 0.000453125 0)
(0.01266754 0.000453125 0)
(0.01297609 0.000453125 -1.5021872e-20)
(0.013290146 0.000453125 -2.8064043e-20)
(0.013609806 0.000453125 0)
(0.013935171 0.000453125 0)
(0.01426634 0.000453125 -2.6691609e-20)
(0.014603419 0.000453125 -2.625012e-20)
(0.014946512 0.000453125 -1.2155209e-20)
(0.015295728 0.000453125 -2.5390153e-20)
(0.015651174 0.000453125 2.49714e-20)
(0.016012963 0.000453125 -2.4560064e-20)
(0.016381207 0.000453125 0)
(0.016756023 0.000453125 -1.2632322e-20)
(0.017137526 0.000453125 0)
(0.017525837 0.000453125 0)
(0.017921076 0.000453125 0)
(0.018323368 0.000453125 -2.2238906e-20)
(0.018732838 0.000453125 2.187548e-20)
(0.019149615 0.000453125 -2.1518385e-20)
(0.019573828 0.000453125 3.0998444e-20)
(0.02000561 0.000453125 0)
(0.020445098 0.000453125 2.9973393e-20)
(0.020892427 0.000453125 0)
(0.021347738 0.000453125 0)
(0.021811173 0.000453125 3.7501226e-20)
(0.022282878 0.000453125 3.687016e-20)
(0.022762999 0.000453125 0)
(0.023251688 0.000453125 0)
(0.023749097 0.000453125 0)
(0.0010501807 0.000484375 0)
(0.0011514375 0.000484375 0)
(0.001254501 0.000484375 0)
(0.0013594036 0.000484375 0)
(0.001466178 0.000484375 0)
(0.0015748576 0.000484375 0)
(0.0016854764 0.000484375 0)
(0.0017980691 0.000484375 0)
(0.0019126708 0.000484375 0)
(0.0020293174 0.000484375 0)
(0.0021480453 0.000484375 0)
(0.0022688917 0.000484375 0)
(0.0023918945 0.000484375 0)
(0.0025170922 0.000484375 0)
(0.0026445237 0.000484375 0)
(0.0027742291 0.000484375 0)
(0.0029062489 0.000484375 0)
(0.0030406243 0.000484375 0)
(0.0031773975 0.000484375 0)
(0.0033166111 0.000484375 0)
(0.0034583089 0.000484375 0)
(0.003602535 0.000484375 0)
(0.0037493346 0.000484375 0)
(0.0038987536 0.000484375 -6.9776599e-21)
(0.0040508388 0.000484375 0)
(0.0042056377 0.000484375 0)
(0.0043631988 0.000484375 0)
(0.0045235712 0.000484375 0)
(0.0046868052 0.000484375 0)
(0.004852952 0.000484375 0)
(0.0050220634 0.000484375 -3.8496667e-20)
(0.0051941923 0.000484375 0)
(0.0053693926 0.000484375 0)
(0.005547719 0.000484375 1.1693104e-20)
(0.0057292274 0.000484375 0)
(0.0059139745 0.000484375 0)
(0.0061020183 0.000484375 -2.3683559e-20)
(0.0062934173 0.000484375 0)
(0.0064882315 0.000484375 0)
(0.0066865219 0.000484375 0)
(0.0068883505 0.000484375 0)
(0.0070937804 0.000484375 0)
(0.0073028759 0.000484375 -5.2873842e-20)
(0.0075157023 0.000484375 -6.1797303e-20)
(0.0077323264 0.000484375 0)
(0.0079528157 0.000484375 0)
(0.0081772394 0.000484375 0)
(0.0084056675 0.000484375 0)
(0.0086381716 0.000484375 0)
(0.0088748244 0.000484375 0)
(0.0091156998 0.000484375 2.7475978e-20)
(0.0093608734 0.000484375 -1.7009909e-20)
(0.0096104217 0.000484375 0)
(0.0098644227 0.000484375 0)
(0.010122956 0.000484375 1.7636743e-20)
(0.010386102 0.000484375 0)
(0.010653945 0.000484375 0)
(0.010926565 0.000484375 0)
(0.011204051 0.000484375 0)
(0.011486488 0.000484375 0)
(0.011773965 0.000484375 -2.3266091e-20)
(0.012066571 0.000484375 0)
(0.012364399 0.000484375 0)
(0.01266754 0.000484375 2.9020261e-20)
(0.012976091 0.000484375 2.8537908e-20)
(0.013290146 0.000484375 0)
(0.013609807 0.000484375 0)
(0.01393517 0.000484375 0)
(0.01426634 0.000484375 5.3383218e-20)
(0.014603418 0.000484375 0)
(0.014946512 0.000484375 0)
(0.015295727 0.000484375 0)
(0.015651174 0.000484375 -1.3238618e-20)
(0.016012963 0.000484375 1.1527114e-20)
(0.016381208 0.000484375 0)
(0.016756023 0.000484375 0)
(0.017137526 0.000484375 0)
(0.017525837 0.000484375 0)
(0.017921076 0.000484375 0)
(0.018323368 0.000484375 0)
(0.018732838 0.000484375 3.2060301e-20)
(0.019149615 0.000484375 -1.0006274e-20)
(0.019573828 0.000484375 0)
(0.020005611 0.000484375 0)
(0.020445098 0.000484375 -1.8978371e-20)
(0.020892427 0.000484375 0)
(0.021347738 0.000484375 0)
(0.021811173 0.000484375 -3.7501226e-20)
(0.022282878 0.000484375 0)
(0.022762999 0.000484375 0)
(0.023251688 0.000484375 0)
(0.023749096 0.000484375 2.6658484e-20)
(0.0010501807 0.000515625 0)
(0.0011514375 0.000515625 0)
(0.0012545011 0.000515625 0)
(0.0013594036 0.000515625 0)
(0.001466178 0.000515625 0)
(0.0015748576 0.000515625 0)
(0.0016854764 0.000515625 0)
(0.001798069 0.000515625 0)
(0.0019126708 0.000515625 0)
(0.0020293174 0.000515625 0)
(0.0021480453 0.000515625 0)
(0.0022688918 0.000515625 0)
(0.0023918945 0.000515625 0)
(0.0025170922 0.000515625 0)
(0.0026445237 0.000515625 0)
(0.0027742291 0.000515625 0)
(0.0029062489 0.000515625 0)
(0.0030406243 0.000515625 0)
(0.0031773975 0.000515625 0)
(0.0033166111 0.000515625 0)
(0.0034583089 0.000515625 0)
(0.003602535 0.000515625 0)
(0.0037493347 0.000515625 0)
(0.0038987537 0.000515625 -6.9776599e-21)
(0.0040508388 0.000515625 0)
(0.0042056377 0.000515625 0)
(0.0043631988 0.000515625 0)
(0.0045235712 0.000515625 0)
(0.0046868052 0.000515625 0)
(0.004852952 0.000515625 0)
(0.0050220634 0.000515625 -3.8496667e-20)
(0.0051941923 0.000515625 0)
(0.0053693926 0.000515625 0)
(0.005547719 0.000515625 1.1693104e-20)
(0.0057292274 0.000515625 0)
(0.0059139745 0.000515625 0)
(0.0061020182 0.000515625 -2.3683559e-20)
(0.0062934173 0.000515625 0)
(0.0064882315 0.000515625 0)
(0.0066865219 0.000515625 0)
(0.0068883505 0.000515625 0)
(0.0070937805 0.000515625 0)
(0.0073028759 0.000515625 -5.2873842e-20)
(0.0075157023 0.000515625 -6.1797303e-20)
(0.0077323264 0.000515625 0)
(0.0079528157 0.000515625 0)
(0.0081772394 0.000515625 0)
(0.0084056675 0.000515625 0)
(0.0086381716 0.000515625 0)
(0.0088748244 0.000515625 0)
(0.0091156998 0.000515625 2.7475978e-20)
(0.0093608734 0.000515625 -1.7009909e-20)
(0.0096104217 0.000515625 0)
(0.0098644227 0.000515625 0)
(0.010122956 0.000515625 1.7636743e-20)
(0.010386102 0.000515625 0)
(0.010653944 0.000515625 0)
(0.010926565 0.000515625 0)
(0.011204051 0.000515625 0)
(0.011486488 0.000515625 0)
(0.011773965 0.000515625 -2.3266091e-20)
(0.012066571 0.000515625 0)
(0.012364399 0.000515625 0)
(0.01266754 0.000515625 2.9020261e-20)
(0.012976091 0.000515625 2.8537908e-20)
(0.013290147 0.000515625 0)
(0.013609807 0.000515625 0)
(0.013935171 0.000515625 0)
(0.01426634 0.000515625 5.3383218e-20)
(0.014603418 0.000515625 0)
(0.014946512 0.000515625 0)
(0.015295728 0.000515625 0)
(0.015651174 0.000515625 -1.3238618e-20)
(0.016012963 0.000515625 1.1527114e-20)
(0.016381208 0.000515625 0)
(0.016756023 0.000515625 0)
(0.017137527 0.000515625 0)
(0.017525837 0.000515625 0)
(0.017921076 0.000515625 0)
(0.018323368 0.000515625 0)
(0.018732838 0.000515625 3.2060301e-20)
(0.019149615 0.000515625 -1.0006274e-20)
(0.019573828 0.000515625 0)
(0.020005611 0.000515625 0)
(0.020445098 0.000515625 -1.8978371e-20)
(0.020892427 0.000515625 0)
(0.021347738 0.000515625 0)
(0.021811173 0.000515625 -3.7501226e-20)
(0.022282878 0.000515625 0)
(0.022763 0.000515625 0)
(0.023251688 0.000515625 0)
(0.023749096 0.000515625 2.6658484e-20)
(0.0010501807 0.000546875 0)
(0.0011514375 0.000546875 1.0296543e-20)
(0.001254501 0.000546875 3.1853965e-20)
(0.0013594036 0.000546875 -9.9386994e-21)
(0.001466178 0.000546875 0)
(0.0015748576 0.000546875 -3.0285719e-20)
(0.0016854764 0.000546875 0)
(0.001798069 0.000546875 3.8545374e-20)
(0.0019126707 0.000546875 0)
(0.0020293173 0.000546875 0)
(0.0021480453 0.000546875 -1.9068599e-20)
(0.0022688917 0.000546875 0)
(0.0023918945 0.000546875 -1.8458214e-20)
(0.0025170921 0.000546875 0)
(0.0026445237 0.000546875 -2.6050663e-20)
(0.0027742291 0.000546875 0)
(0.0029062489 0.000546875 0)
(0.0030406243 0.000546875 0)
(0.0031773975 0.000546875 0)
(0.0033166111 0.000546875 0)
(0.0034583089 0.000546875 0)
(0.003602535 0.000546875 3.0421402e-20)
(0.0037493346 0.000546875 0)
(0.0038987536 0.000546875 0)
(0.0040508388 0.000546875 0)
(0.0042056377 0.000546875 0)
(0.0043631987 0.000546875 -2.7974187e-20)
(0.0045235712 0.000546875 -1.4508008e-20)
(0.0046868052 0.000546875 0)
(0.004852952 0.000546875 -2.6606412e-20)
(0.0050220634 0.000546875 2.616639e-20)
(0.0051941923 0.000546875 1.3619957e-20)
(0.0053693925 0.000546875 0)
(0.005547719 0.000546875 0)
(0.0057292274 0.000546875 -2.448208e-20)
(0.0059139745 0.000546875 1.128672e-20)
(0.0061020182 0.000546875 2.3683559e-20)
(0.0062934173 0.000546875 0)
(0.0064882315 0.000546875 0)
(0.0066865219 0.000546875 0)
(0.0068883505 0.000546875 0)
(0.0070937804 0.000546875 0)
(0.0073028759 0.000546875 4.1395572e-20)
(0.0075157023 0.000546875 0)
(0.0077323264 0.000546875 0)
(0.0079528157 0.000546875 -2.987714e-20)
(0.0081772394 0.000546875 2.937977e-20)
(0.0084056675 0.000546875 0)
(0.0086381716 0.000546875 1.9442639e-20)
(0.0088748244 0.000546875 -1.91282e-20)
(0.0091156998 0.000546875 0)
(0.0093608734 0.000546875 0)
(0.0096104217 0.000546875 1.8217553e-20)
(0.0098644227 0.000546875 0)
(0.010122956 0.000546875 0)
(0.010386102 0.000546875 0)
(0.010653944 0.000546875 0)
(0.010926565 0.000546875 0)
(0.011204051 0.000546875 0)
(0.011486488 0.000546875 2.365443e-20)
(0.011773965 0.000546875 -2.3266091e-20)
(0.012066571 0.000546875 0)
(0.012364398 0.000546875 2.9511189e-20)
(0.01266754 0.000546875 -1.3757212e-20)
(0.01297609 0.000546875 7.0591853e-20)
(0.013290146 0.000546875 0)
(0.013609806 0.000546875 -4.0644699e-20)
(0.01393517 0.000546875 2.7141014e-20)
(0.01426634 0.000546875 3.9284496e-20)
(0.014603419 0.000546875 2.625012e-20)
(0.014946512 0.000546875 -1.3661045e-20)
(0.015295727 0.000546875 -2.5390153e-20)
(0.015651174 0.000546875 0)
(0.016012963 0.000546875 -4.9120127e-20)
(0.016381208 0.000546875 -8.2286849e-20)
(0.016756023 0.000546875 4.601178e-20)
(0.017137526 0.000546875 -5.7668851e-20)
(0.017525837 0.000546875 0)
(0.017921076 0.000546875 -3.3160459e-20)
(0.018323368 0.000546875 -1.1872371e-20)
(0.018732838 0.000546875 0)
(0.019149615 0.000546875 -4.1530934e-20)
(0.019573828 0.000546875 -9.8308693e-21)
(0.02000561 0.000546875 0)
(0.020445098 0.000546875 -2.0484207e-20)
(0.020892427 0.000546875 9.3228613e-21)
(0.021347738 0.000546875 -6.7127437e-20)
(0.021811173 0.000546875 0)
(0.022282878 0.000546875 0)
(0.022762999 0.000546875 3.625022e-20)
(0.023251688 0.000546875 0)
(0.023749097 0.000546875 8.3842158e-21)
(0.0010501807 0.000578125 0)
(0.0011514375 0.000578125 0)
(0.001254501 0.000578125 0)
(0.0013594036 0.000578125 0)
(0.001466178 0.000578125 0)
(0.0015748576 0.000578125 0)
(0.0016854764 0.000578125 0)
(0.001798069 0.000578125 0)
(0.0019126708 0.000578125 0)
(0.0020293173 0.000578125 0)
(0.0021480453 0.000578125 0)
(0.0022688917 0.000578125 0)
(0.0023918945 0.000578125 0)
(0.0025170922 0.000578125 0)
(0.0026445237 0.000578125 0)
(0.0027742291 0.000578125 0)
(0.0029062489 0.000578125 0)
(0.0030406243 0.000578125 0)
(0.0031773975 0.000578125 0)
(0.0033166111 0.000578125 0)
(0.0034583089 0.000578125 0)
(0.003602535 0.000578125 0)
(0.0037493347 0.000578125 0)
(0.0038987537 0.000578125 -6.9776599e-21)
(0.0040508388 0.000578125 0)
(0.0042056377 0.000578125 0)
(0.0043631988 0.000578125 0)
(0.0045235712 0.000578125 0)
(0.0046868052 0.000578125 0)
(0.004852952 0.000578125 0)
(0.0050220634 0.000578125 -3.8496667e-20)
(0.0051941923 0.000578125 0)
(0.0053693926 0.000578125 0)
(0.005547719 0.000578125 1.1693104e-20)
(0.0057292274 0.000578125 0)
(0.0059139745 0.000578125 0)
(0.0061020183 0.000578125 -2.3683559e-20)
(0.0062934173 0.000578125 0)
(0.0064882315 0.000578125 0)
(0.0066865219 0.000578125 0)
(0.0068883505 0.000578125 0)
(0.0070937804 0.000578125 0)
(0.0073028759 0.000578125 -5.2873842e-20)
(0.0075157023 0.000578125 -6.1797303e-20)
(0.0077323264 0.000578125 0)
(0.0079528157 0.000578125 0)
(0.0081772394 0.000578125 0)
(0.0084056675 0.000578125 0)
(0.0086381717 0.000578125 0)
(0.0088748244 0.000578125 0)
(0.0091156998 0.000578125 2.7475978e-20)
(0.0093608734 0.000578125 -1.7009909e-20)
(0.0096104217 0.000578125 0)
(0.0098644228 0.000578125 0)
(0.010122956 0.000578125 1.7636743e-20)
(0.010386102 0.000578125 0)
(0.010653944 0.000578125 0)
(0.010926566 0.000578125 0)
(0.011204051 0.000578125 0)
(0.011486488 0.000578125 0)
(0.011773965 0.000578125 -2.3266091e-20)
(0.012066571 0.000578125 0)
(0.012364399 0.000578125 0)
(0.01266754 0.000578125 2.9020261e-20)
(0.01297609 0.000578125 2.8537908e-20)
(0.013290146 0.000578125 0)
(0.013609807 0.000578125 0)
(0.01393517 0.000578125 0)
(0.01426634 0.000578125 5.3383218e-20)
(0.014603419 0.000578125 0)
(0.014946512 0.000578125 0)
(0.015295728 0.000578125 0)
(0.015651174 0.000578125 -1.3238618e-20)
(0.016012963 0.000578125 1.1527114e-20)
(0.016381208 0.000578125 0)
(0.016756023 0.000578125 0)
(0.017137526 0.000578125 0)
(0.017525837 0.000578125 0)
(0.017921076 0.000578125 0)
(0.018323368 0.000578125 0)
(0.018732838 0.000578125 3.2060301e-20)
(0.019149615 0.000578125 -1.0006274e-20)
(0.019573828 0.000578125 0)
(0.020005611 0.000578125 0)
(0.020445098 0.000578125 -1.8978371e-20)
(0.020892427 0.000578125 0)
(0.021347738 0.000578125 0)
(0.021811173 0.000578125 -3.7501226e-20)
(0.022282878 0.000578125 0)
(0.022763 0.000578125 0)
(0.023251688 0.000578125 0)
(0.023749096 0.000578125 2.6658484e-20)
(0.0010501807 0.000609375 0)
(0.0011514375 0.000609375 0)
(0.001254501 0.000609375 0)
(0.0013594036 0.000609375 0)
(0.001466178 0.000609375 0)
(0.0015748576 0.000609375 0)
(0.0016854764 0.000609375 0)
(0.001798069 0.000609375 0)
(0.0019126708 0.000609375 0)
(0.0020293174 0.000609375 0)
(0.0021480453 0.000609375 0)
(0.0022688917 0.000609375 0)
(0.0023918945 0.000609375 0)
(0.0025170922 0.000609375 0)
(0.0026445237 0.000609375 0)
(0.0027742291 0.000609375 0)
(0.0029062489 0.000609375 0)
(0.0030406243 0.000609375 0)
(0.0031773975 0.000609375 0)
(0.0033166111 0.000609375 0)
(0.0034583089 0.000609375 0)
(0.003602535 0.000609375 0)
(0.0037493347 0.000609375 0)
(0.0038987537 0.000609375 -6.9776599e-21)
(0.0040508388 0.000609375 0)
(0.0042056377 0.000609375 0)
(0.0043631988 0.000609375 0)
(0.0045235712 0.000609375 0)
(0.0046868052 0.000609375 0)
(0.004852952 0.000609375 0)
(0.0050220634 0.000609375 -3.8496667e-20)
(0.0051941923 0.000609375 0)
(0.0053693926 0.000609375 0)
(0.005547719 0.000609375 1.1693104e-20)
(0.0057292274 0.000609375 0)
(0.0059139745 0.000609375 0)
(0.0061020182 0.000609375 -2.3683559e-20)
(0.0062934173 0.000609375 0)
(0.0064882315 0.000609375 0)
(0.0066865219 0.000609375 0)
(0.0068883505 0.000609375 0)
(0.0070937804 0.000609375 0)
(0.0073028759 0.000609375 -5.2873842e-20)
(0.0075157024 0.000609375 -6.1797303e-20)
(0.0077323264 0.000609375 0)
(0.0079528157 0.000609375 0)
(0.0081772394 0.000609375 0)
(0.0084056676 0.000609375 0)
(0.0086381716 0.000609375 0)
(0.0088748244 0.000609375 0)
(0.0091156998 0.000609375 2.7475978e-20)
(0.0093608734 0.000609375 -1.7009909e-20)
(0.0096104217 0.000609375 0)
(0.0098644227 0.000609375 0)
(0.010122956 0.000609375 1.7636743e-20)
(0.010386102 0.000609375 0)
(0.010653944 0.000609375 0)
(0.010926566 0.000609375 0)
(0.011204051 0.000609375 0)
(0.011486488 0.000609375 0)
(0.011773965 0.000609375 -2.3266091e-20)
(0.012066571 0.000609375 0)
(0.012364399 0.000609375 0)
(0.01266754 0.000609375 2.9020261e-20)
(0.012976091 0.000609375 2.8537908e-20)
(0.013290146 0.000609375 0)
(0.013609807 0.000609375 0)
(0.01393517 0.000609375 0)
(0.01426634 0.000609375 5.3383218e-20)
(0.014603419 0.000609375 0)
(0.014946512 0.000609375 0)
(0.015295728 0.000609375 0)
(0.015651174 0.000609375 -1.3238618e-20)
(0.016012963 0.000609375 1.1527114e-20)
(0.016381207 0.000609375 0)
(0.016756023 0.000609375 0)
(0.017137526 0.000609375 0)
(0.017525837 0.000609375 0)
(0.017921076 0.000609375 0)
(0.018323368 0.000609375 0)
(0.018732838 0.000609375 3.2060301e-20)
(0.019149615 0.000609375 -1.0006274e-20)
(0.019573828 0.000609375 0)
(0.020005611 0.000609375 0)
(0.020445098 0.000609375 -1.8978371e-20)
(0.020892427 0.000609375 0)
(0.021347738 0.000609375 0)
(0.021811174 0.000609375 -3.7501226e-20)
(0.022282878 0.000609375 0)
(0.022763 0.000609375 0)
(0.023251688 0.000609375 0)
(0.023749097 0.000609375 2.6658484e-20)
(0.0010501807 0.000640625 0)
(0.0011514375 0.000640625 0)
(0.0012545011 0.000640625 0)
(0.0013594036 0.000640625 0)
(0.001466178 0.000640625 0)
(0.0015748576 0.000640625 0)
(0.0016854764 0.000640625 0)
(0.0017980691 0.000640625 0)
(0.0019126708 0.000640625 0)
(0.0020293174 0.000640625 0)
(0.0021480453 0.000640625 0)
(0.0022688918 0.000640625 0)
(0.0023918945 0.000640625 0)
(0.0025170922 0.000640625 0)
(0.0026445237 0.000640625 0)
(0.0027742291 0.000640625 0)
(0.0029062489 0.000640625 0)
(0.0030406243 0.000640625 0)
(0.0031773975 0.000640625 0)
(0.0033166111 0.000640625 0)
(0.0034583089 0.000640625 0)
(0.003602535 0.000640625 0)
(0.0037493347 0.000640625 0)
(0.0038987537 0.000640625 -6.9776599e-21)
(0.0040508388 0.000640625 0)
(0.0042056377 0.000640625 0)
(0.0043631988 0.000640625 0)
(0.0045235712 0.000640625 0)
(0.0046868053 0.000640625 0)
(0.004852952 0.000640625 0)
(0.0050220634 0.000640625 -3.8496667e-20)
(0.0051941923 0.000640625 0)
(0.0053693926 0.000640625 0)
(0.005547719 0.000640625 1.1693104e-20)
(0.0057292274 0.000640625 0)
(0.0059139745 0.000640625 0)
(0.0061020182 0.000640625 -2.3683559e-20)
(0.0062934172 0.000640625 0)
(0.0064882315 0.000640625 0)
(0.0066865219 0.000640625 0)
(0.0068883505 0.000640625 0)
(0.0070937804 0.000640625 0)
(0.0073028759 0.000640625 -5.2873842e-20)
(0.0075157023 0.000640625 -6.1797303e-20)
(0.0077323264 0.000640625 0)
(0.0079528157 0.000640625 0)
(0.0081772394 0.000640625 0)
(0.0084056676 0.000640625 0)
(0.0086381717 0.000640625 0)
(0.0088748244 0.000640625 0)
(0.0091156998 0.000640625 2.7475978e-20)
(0.0093608734 0.000640625 -1.7009909e-20)
(0.0096104217 0.000640625 0)
(0.0098644227 0.000640625 0)
(0.010122956 0.000640625 1.7636743e-20)
(0.010386102 0.000640625 0)
(0.010653944 0.000640625 0)
(0.010926565 0.000640625 0)
(0.011204051 0.000640625 0)
(0.011486488 0.000640625 0)
(0.011773965 0.000640625 -2.3266091e-20)
(0.012066571 0.000640625 0)
(0.012364399 0.000640625 0)
(0.01266754 0.000640625 2.9020261e-20)
(0.012976091 0.000640625 2.8537908e-20)
(0.013290146 0.000640625 0)
(0.013609807 0.000640625 0)
(0.01393517 0.000640625 0)
(0.01426634 0.000640625 5.3383218e-20)
(0.014603418 0.000640625 0)
(0.014946512 0.000640625 0)
(0.015295728 0.000640625 0)
(0.015651174 0.000640625 -1.3238618e-20)
(0.016012963 0.000640625 1.1527114e-20)
(0.016381208 0.000640625 0)
(0.016756023 0.000640625 0)
(0.017137527 0.000640625 0)
(0.017525837 0.000640625 0)
(0.017921076 0.000640625 0)
(0.018323368 0.000640625 0)
(0.018732838 0.000640625 3.2060301e-20)
(0.019149615 0.000640625 -1.0006274e-20)
(0.019573828 0.000640625 0)
(0.02000561 0.000640625 0)
(0.020445098 0.000640625 -1.8978371e-20)
(0.020892427 0.000640625 0)
(0.021347738 0.000640625 0)
(0.021811173 0.000640625 -3.7501226e-20)
(0.022282878 0.000640625 0)
(0.022763 0.000640625 0)
(0.023251688 0.000640625 0)
(0.023749096 0.000640625 2.6658484e-20)
(0.0010501807 0.000671875 0)
(0.0011514375 0.000671875 1.0296543e-20)
(0.001254501 0.000671875 0)
(0.0013594036 0.000671875 0)
(0.001466178 0.000671875 0)
(0.0015748576 0.000671875 -3.0285719e-20)
(0.0016854764 0.000671875 0)
(0.0017980691 0.000671875 3.8545374e-20)
(0.0019126708 0.000671875 0)
(0.0020293174 0.000671875 0)
(0.0021480453 0.000671875 -1.9068599e-20)
(0.0022688917 0.000671875 0)
(0.0023918945 0.000671875 0)
(0.0025170921 0.000671875 0)
(0.0026445237 0.000671875 0)
(0.0027742291 0.000671875 0)
(0.0029062489 0.000671875 0)
(0.0030406243 0.000671875 0)
(0.0031773975 0.000671875 0)
(0.0033166111 0.000671875 0)
(0.0034583089 0.000671875 0)
(0.003602535 0.000671875 3.0421402e-20)
(0.0037493346 0.000671875 0)
(0.0038987536 0.000671875 0)
(0.0040508388 0.000671875 0)
(0.0042056377 0.000671875 -1.3470313e-20)
(0.0043631987 0.000671875 0)
(0.0045235712 0.000671875 -6.9528365e-20)
(0.0046868052 0.000671875 0)
(0.004852952 0.000671875 -2.6606412e-20)
(0.0050220634 0.000671875 0)
(0.0051941923 0.000671875 1.3619957e-20)
(0.0053693925 0.000671875 0)
(0.005547719 0.000671875 0)
(0.0057292274 0.000671875 -2.448208e-20)
(0.0059139746 0.000671875 2.4079277e-20)
(0.0061020182 0.000671875 0)
(0.0062934172 0.000671875 0)
(0.0064882315 0.000671875 -3.3616265e-20)
(0.0066865219 0.000671875 -1.0515842e-20)
(0.0068883505 0.000671875 0)
(0.0070937804 0.000671875 0)
(0.0073028759 0.000671875 0)
(0.0075157024 0.000671875 0)
(0.0077323264 0.000671875 0)
(0.0079528157 0.000671875 0)
(0.0081772394 0.000671875 2.937977e-20)
(0.0084056675 0.000671875 0)
(0.0086381716 0.000671875 1.9442639e-20)
(0.0088748244 0.000671875 -1.91282e-20)
(0.0091156999 0.000671875 0)
(0.0093608734 0.000671875 0)
(0.0096104217 0.000671875 1.8217553e-20)
(0.0098644227 0.000671875 0)
(0.010122956 0.000671875 0)
(0.010386102 0.000671875 -1.7353995e-20)
(0.010653944 0.000671875 0)
(0.010926565 0.000671875 0)
(0.011204051 0.000671875 0)
(0.011486488 0.000671875 2.365443e-20)
(0.011773964 0.000671875 0)
(0.012066571 0.000671875 0)
(0.012364398 0.000671875 2.2509851e-20)
(0.01266754 0.000671875 -1.3757212e-20)
(0.01297609 0.000671875 0)
(0.013290146 0.000671875 0)
(0.013609807 0.000671875 -5.5196823e-20)
(0.01393517 0.000671875 0)
(0.01426634 0.000671875 3.9284496e-20)
(0.014603418 0.000671875 0)
(0.014946512 0.000671875 -1.3661045e-20)
(0.015295727 0.000671875 -2.5390153e-20)
(0.015651174 0.000671875 0)
(0.016012963 0.000671875 -1.303295e-20)
(0.016381208 0.000671875 -8.2286849e-20)
(0.016756023 0.000671875 4.601178e-20)
(0.017137526 0.000671875 0)
(0.017525837 0.000671875 0)
(0.017921076 0.000671875 -3.3160459e-20)
(0.018323368 0.000671875 0)
(0.018732838 0.000671875 0)
(0.019149615 0.000671875 0)
(0.019573828 0.000671875 -9.8308693e-21)
(0.02000561 0.000671875 -4.0139891e-20)
(0.020445098 0.000671875 0)
(0.020892427 0.000671875 0)
(0.021347738 0.000671875 -6.7127437e-20)
(0.021811173 0.000671875 0)
(0.022282878 0.000671875 0)
(0.022762999 0.000671875 0)
(0.023251688 0.000671875 0)
(0.023749096 0.000671875 0)
(0.0010501807 0.000703125 0)
(0.0011514375 0.000703125 0)
(0.0012545011 0.000703125 0)
(0.0013594036 0.000703125 0)
(0.001466178 0.000703125 0)
(0.0015748576 0.000703125 0)
(0.0016854764 0.000703125 0)
(0.0017980691 0.000703125 0)
(0.0019126708 0.000703125 0)
(0.0020293173 0.000703125 0)
(0.0021480453 0.000703125 0)
(0.0022688917 0.000703125 0)
(0.0023918945 0.000703125 0)
(0.0025170922 0.000703125 0)
(0.0026445237 0.000703125 0)
(0.0027742291 0.000703125 0)
(0.0029062489 0.000703125 0)
(0.0030406243 0.000703125 0)
(0.0031773975 0.000703125 0)
(0.0033166111 0.000703125 0)
(0.0034583089 0.000703125 0)
(0.003602535 0.000703125 0)
(0.0037493347 0.000703125 0)
(0.0038987537 0.000703125 -6.9776599e-21)
(0.0040508388 0.000703125 0)
(0.0042056377 0.000703125 0)
(0.0043631988 0.000703125 0)
(0.0045235712 0.000703125 0)
(0.0046868052 0.000703125 0)
(0.004852952 0.000703125 0)
(0.0050220634 0.000703125 -3.8496667e-20)
(0.0051941923 0.000703125 0)
(0.0053693926 0.000703125 0)
(0.005547719 0.000703125 1.1693104e-20)
(0.0057292274 0.000703125 0)
(0.0059139745 0.000703125 0)
(0.0061020183 0.000703125 -2.3683559e-20)
(0.0062934173 0.000703125 0)
(0.0064882315 0.000703125 0)
(0.0066865219 0.000703125 0)
(0.0068883505 0.000703125 0)
(0.0070937804 0.000703125 0)
(0.0073028759 0.000703125 -5.2873842e-20)
(0.0075157023 0.000703125 -6.1797303e-20)
(0.0077323264 0.000703125 0)
(0.0079528157 0.000703125 0)
(0.0081772394 0.000703125 0)
(0.0084056675 0.000703125 0)
(0.0086381717 0.000703125 0)
(0.0088748244 0.000703125 0)
(0.0091156998 0.000703125 2.7475978e-20)
(0.0093608734 0.000703125 -1.7009909e-20)
(0.0096104217 0.000703125 0)
(0.0098644227 0.000703125 0)
(0.010122956 0.000703125 1.7636743e-20)
(0.010386102 0.000703125 0)
(0.010653944 0.000703125 0)
(0.010926566 0.000703125 0)
(0.011204051 0.000703125 0)
(0.011486488 0.000703125 0)
(0.011773965 0.000703125 -2.3266091e-20)
(0.012066571 0.000703125 0)
(0.012364399 0.000703125 0)
(0.01266754 0.000703125 2.9020261e-20)
(0.012976091 0.000703125 2.8537908e-20)
(0.013290146 0.000703125 0)
(0.013609807 0.000703125 0)
(0.01393517 0.000703125 0)
(0.01426634 0.000703125 5.3383218e-20)
(0.014603419 0.000703125 0)
(0.014946512 0.000703125 0)
(0.015295728 0.000703125 0)
(0.015651174 0.000703125 -1.3238618e-20)
(0.016012963 0.000703125 1.1527114e-20)
(0.016381208 0.000703125 0)
(0.016756023 0.000703125 0)
(0.017137526 0.000703125 0)
(0.017525837 0.000703125 0)
(0.017921076 0.000703125 0)
(0.018323368 0.000703125 0)
(0.018732838 0.000703125 3.2060301e-20)
(0.019149615 0.000703125 -1.0006274e-20)
(0.019573828 0.000703125 0)
(0.020005611 0.000703125 0)
(0.020445098 0.000703125 -1.8978371e-20)
(0.020892427 0.000703125 0)
(0.021347738 0.000703125 0)
(0.021811173 0.000703125 -3.7501226e-20)
(0.022282878 0.000703125 0)
(0.022763 0.000703125 0)
(0.023251688 0.000703125 0)
(0.023749096 0.000703125 2.6658484e-20)
(0.0010501807 0.000734375 0)
(0.0011514375 0.000734375 0)
(0.0012545011 0.000734375 0)
(0.0013594036 0.000734375 0)
(0.001466178 0.000734375 0)
(0.0015748576 0.000734375 0)
(0.0016854764 0.000734375 0)
(0.001798069 0.000734375 0)
(0.0019126708 0.000734375 0)
(0.0020293173 0.000734375 0)
(0.0021480453 0.000734375 0)
(0.0022688917 0.000734375 0)
(0.0023918945 0.000734375 0)
(0.0025170922 0.000734375 0)
(0.0026445237 0.000734375 0)
(0.0027742291 0.000734375 0)
(0.0029062489 0.000734375 0)
(0.0030406243 0.000734375 0)
(0.0031773975 0.000734375 0)
(0.0033166112 0.000734375 0)
(0.0034583089 0.000734375 0)
(0.003602535 0.000734375 0)
(0.0037493347 0.000734375 0)
(0.0038987537 0.000734375 -6.9776599e-21)
(0.0040508388 0.000734375 0)
(0.0042056377 0.000734375 0)
(0.0043631988 0.000734375 0)
(0.0045235712 0.000734375 0)
(0.0046868052 0.000734375 0)
(0.004852952 0.000734375 0)
(0.0050220634 0.000734375 -3.8496667e-20)
(0.0051941923 0.000734375 0)
(0.0053693926 0.000734375 0)
(0.005547719 0.000734375 1.1693104e-20)
(0.0057292274 0.000734375 0)
(0.0059139746 0.000734375 0)
(0.0061020182 0.000734375 -2.3683559e-20)
(0.0062934173 0.000734375 0)
(0.0064882315 0.000734375 0)
(0.0066865219 0.000734375 0)
(0.0068883505 0.000734375 0)
(0.0070937804 0.000734375 0)
(0.0073028759 0.000734375 -5.2873842e-20)
(0.0075157023 0.000734375 -6.1797303e-20)
(0.0077323264 0.000734375 0)
(0.0079528157 0.000734375 0)
(0.0081772394 0.000734375 0)
(0.0084056676 0.000734375 0)
(0.0086381717 0.000734375 0)
(0.0088748244 0.000734375 0)
(0.0091156998 0.000734375 2.7475978e-20)
(0.0093608734 0.000734375 -1.7009909e-20)
(0.0096104217 0.000734375 0)
(0.0098644227 0.000734375 0)
(0.010122956 0.000734375 1.7636743e-20)
(0.010386102 0.000734375 0)
(0.010653944 0.000734375 0)
(0.010926566 0.000734375 0)
(0.011204051 0.000734375 0)
(0.011486488 0.000734375 0)
(0.011773965 0.000734375 -2.3266091e-20)
(0.012066571 0.000734375 0)
(0.012364399 0.000734375 0)
(0.01266754 0.000734375 2.9020261e-20)
(0.012976091 0.000734375 2.8537908e-20)
(0.013290146 0.000734375 0)
(0.013609807 0.000734375 0)
(0.01393517 0.000734375 0)
(0.01426634 0.000734375 5.3383218e-20)
(0.014603419 0.000734375 0)
(0.014946512 0.000734375 0)
(0.015295727 0.000734375 0)
(0.015651174 0.000734375 -1.3238618e-20)
(0.016012963 0.000734375 1.1527114e-20)
(0.016381207 0.000734375 0)
(0.016756023 0.000734375 0)
(0.017137527 0.000734375 0)
(0.017525837 0.000734375 0)
(0.017921076 0.000734375 0)
(0.018323368 0.000734375 0)
(0.018732838 0.000734375 3.2060301e-20)
(0.019149615 0.000734375 -1.0006274e-20)
(0.019573828 0.000734375 0)
(0.020005611 0.000734375 0)
(0.020445098 0.000734375 -1.8978371e-20)
(0.020892427 0.000734375 0)
(0.021347738 0.000734375 0)
(0.021811173 0.000734375 -3.7501226e-20)
(0.022282878 0.000734375 0)
(0.022763 0.000734375 0)
(0.023251688 0.000734375 0)
(0.023749096 0.000734375 2.6658484e-20)
(0.0010501807 0.000765625 0)
(0.0011514375 0.000765625 0)
(0.001254501 0.000765625 0)
(0.0013594036 0.000765625 0)
(0.001466178 0.000765625 0)
(0.0015748576 0.000765625 0)
(0.0016854764 0.000765625 0)
(0.0017980691 0.000765625 0)
(0.0019126708 0.000765625 0)
(0.0020293174 0.000765625 0)
(0.0021480453 0.000765625 0)
(0.0022688917 0.000765625 0)
(0.0023918945 0.000765625 0)
(0.0025170922 0.000765625 0)
(0.0026445237 0.000765625 0)
(0.0027742291 0.000765625 0)
(0.0029062489 0.000765625 0)
(0.0030406243 0.000765625 0)
(0.0031773975 0.000765625 0)
(0.0033166112 0.000765625 0)
(0.0034583089 0.000765625 0)
(0.003602535 0.000765625 0)
(0.0037493347 0.000765625 0)
(0.0038987537 0.000765625 -6.9776599e-21)
(0.0040508388 0.000765625 0)
(0.0042056377 0.000765625 0)
(0.0043631988 0.000765625 0)
(0.0045235712 0.000765625 0)
(0.0046868052 0.000765625 0)
(0.004852952 0.000765625 0)
(0.0050220634 0.000765625 -3.8496667e-20)
(0.0051941923 0.000765625 0)
(0.0053693926 0.000765625 0)
(0.005547719 0.000765625 1.1693104e-20)
(0.0057292274 0.000765625 0)
(0.0059139746 0.000765625 0)
(0.0061020182 0.000765625 -2.3683559e-20)
(0.0062934173 0.000765625 0)
(0.0064882315 0.000765625 0)
(0.0066865219 0.000765625 0)
(0.0068883505 0.000765625 0)
(0.0070937804 0.000765625 0)
(0.0073028759 0.000765625 -5.2873842e-20)
(0.0075157024 0.000765625 -6.1797303e-20)
(0.0077323264 0.000765625 0)
(0.0079528157 0.000765625 0)
(0.0081772394 0.000765625 0)
(0.0084056675 0.000765625 0)
(0.0086381716 0.000765625 0)
(0.0088748244 0.000765625 0)
(0.0091156998 0.000765625 2.7475978e-20)
(0.0093608734 0.000765625 -1.7009909e-20)
(0.0096104217 0.000765625 0)
(0.0098644227 0.000765625 0)
(0.010122956 0.000765625 1.7636743e-20)
(0.010386102 0.000765625 0)
(0.010653944 0.000765625 0)
(0.010926566 0.000765625 0)
(0.011204051 0.000765625 0)
(0.011486488 0.000765625 0)
(0.011773965 0.000765625 -2.3266091e-20)
(0.012066571 0.000765625 0)
(0.012364399 0.000765625 0)
(0.01266754 0.000765625 2.9020261e-20)
(0.012976091 0.000765625 2.8537908e-20)
(0.013290146 0.000765625 0)
(0.013609807 0.000765625 0)
(0.01393517 0.000765625 0)
(0.01426634 0.000765625 5.3383218e-20)
(0.014603419 0.000765625 0)
(0.014946512 0.000765625 0)
(0.015295727 0.000765625 0)
(0.015651174 0.000765625 -1.3238618e-20)
(0.016012963 0.000765625 1.1527114e-20)
(0.016381207 0.000765625 0)
(0.016756023 0.000765625 0)
(0.017137527 0.000765625 0)
(0.017525837 0.000765625 0)
(0.017921076 0.000765625 0)
(0.018323368 0.000765625 0)
(0.018732838 0.000765625 3.2060301e-20)
(0.019149615 0.000765625 -1.0006274e-20)
(0.019573828 0.000765625 0)
(0.020005611 0.000765625 0)
(0.020445098 0.000765625 -1.8978371e-20)
(0.020892427 0.000765625 0)
(0.021347738 0.000765625 0)
(0.021811174 0.000765625 -3.7501226e-20)
(0.022282878 0.000765625 0)
(0.022763 0.000765625 0)
(0.023251688 0.000765625 0)
(0.023749096 0.000765625 2.6658484e-20)
(0.0010501807 0.000796875 0)
(0.0011514375 0.000796875 1.0296543e-20)
(0.001254501 0.000796875 0)
(0.0013594036 0.000796875 0)
(0.001466178 0.000796875 0)
(0.0015748576 0.000796875 -3.0285719e-20)
(0.0016854764 0.000796875 0)
(0.001798069 0.000796875 3.8545374e-20)
(0.0019126708 0.000796875 0)
(0.0020293174 0.000796875 0)
(0.0021480453 0.000796875 -1.9068599e-20)
(0.0022688917 0.000796875 0)
(0.0023918945 0.000796875 0)
(0.0025170921 0.000796875 0)
(0.0026445237 0.000796875 0)
(0.0027742291 0.000796875 0)
(0.0029062489 0.000796875 0)
(0.0030406243 0.000796875 0)
(0.0031773975 0.000796875 0)
(0.0033166111 0.000796875 0)
(0.0034583089 0.000796875 0)
(0.003602535 0.000796875 3.0421402e-20)
(0.0037493346 0.000796875 0)
(0.0038987536 0.000796875 0)
(0.0040508388 0.000796875 0)
(0.0042056377 0.000796875 -1.3470313e-20)
(0.0043631987 0.000796875 0)
(0.0045235712 0.000796875 -6.9528365e-20)
(0.0046868052 0.000796875 0)
(0.004852952 0.000796875 -2.6606412e-20)
(0.0050220634 0.000796875 0)
(0.0051941923 0.000796875 1.3619957e-20)
(0.0053693925 0.000796875 0)
(0.005547719 0.000796875 0)
(0.0057292274 0.000796875 -2.448208e-20)
(0.0059139746 0.000796875 2.4079277e-20)
(0.0061020182 0.000796875 0)
(0.0062934172 0.000796875 0)
(0.0064882315 0.000796875 -3.3616265e-20)
(0.0066865219 0.000796875 -1.0515842e-20)
(0.0068883505 0.000796875 0)
(0.0070937804 0.000796875 0)
(0.0073028759 0.000796875 0)
(0.0075157023 0.000796875 0)
(0.0077323264 0.000796875 0)
(0.0079528157 0.000796875 0)
(0.0081772394 0.000796875 2.937977e-20)
(0.0084056675 0.000796875 0)
(0.0086381716 0.000796875 1.9442639e-20)
(0.0088748244 0.000796875 -1.91282e-20)
(0.0091156999 0.000796875 0)
(0.0093608734 0.000796875 0)
(0.0096104217 0.000796875 1.8217553e-20)
(0.0098644228 0.000796875 0)
(0.010122956 0.000796875 0)
(0.010386102 0.000796875 -1.7353995e-20)
(0.010653944 0.000796875 0)
(0.010926565 0.000796875 0)
(0.011204051 0.000796875 0)
(0.011486488 0.000796875 2.365443e-20)
(0.011773964 0.000796875 0)
(0.012066571 0.000796875 0)
(0.012364398 0.000796875 2.2509851e-20)
(0.01266754 0.000796875 -1.3757212e-20)
(0.012976091 0.000796875 0)
(0.013290146 0.000796875 0)
(0.013609806 0.000796875 -5.5196823e-20)
(0.01393517 0.000796875 0)
(0.01426634 0.000796875 3.9284496e-20)
(0.014603419 0.000796875 0)
(0.014946512 0.000796875 -1.3661045e-20)
(0.015295727 0.000796875 -2.5390153e-20)
(0.015651174 0.000796875 0)
(0.016012963 0.000796875 -1.303295e-20)
(0.016381208 0.000796875 -8.2286849e-20)
(0.016756023 0.000796875 4.601178e-20)
(0.017137526 0.000796875 0)
(0.017525837 0.000796875 0)
(0.017921076 0.000796875 -3.3160459e-20)
(0.018323368 0.000796875 0)
(0.018732838 0.000796875 0)
(0.019149615 0.000796875 0)
(0.019573828 0.000796875 -9.8308693e-21)
(0.020005611 0.000796875 -4.0139891e-20)
(0.020445098 0.000796875 0)
(0.020892427 0.000796875 0)
(0.021347738 0.000796875 -6.7127437e-20)
(0.021811173 0.000796875 0)
(0.022282878 0.000796875 0)
(0.022762999 0.000796875 0)
(0.023251688 0.000796875 0)
(0.023749096 0.000796875 0)
(0.0010501807 0.000828125 0)
(0.0011514375 0.000828125 0)
(0.0012545011 0.000828125 0)
(0.0013594036 0.000828125 0)
(0.001466178 0.000828125 0)
(0.0015748576 0.000828125 0)
(0.0016854764 0.000828125 0)
(0.0017980691 0.000828125 0)
(0.0019126708 0.000828125 0)
(0.0020293174 0.000828125 0)
(0.0021480453 0.000828125 0)
(0.0022688917 0.000828125 0)
(0.0023918945 0.000828125 0)
(0.0025170922 0.000828125 0)
(0.0026445237 0.000828125 0)
(0.0027742291 0.000828125 0)
(0.0029062489 0.000828125 0)
(0.0030406243 0.000828125 0)
(0.0031773975 0.000828125 0)
(0.0033166111 0.000828125 0)
(0.0034583089 0.000828125 0)
(0.003602535 0.000828125 0)
(0.0037493346 0.000828125 0)
(0.0038987537 0.000828125 -6.9776599e-21)
(0.0040508388 0.000828125 0)
(0.0042056377 0.000828125 0)
(0.0043631988 0.000828125 0)
(0.0045235712 0.000828125 0)
(0.0046868052 0.000828125 0)
(0.004852952 0.000828125 0)
(0.0050220634 0.000828125 -3.8496667e-20)
(0.0051941923 0.000828125 0)
(0.0053693926 0.000828125 0)
(0.005547719 0.000828125 1.1693104e-20)
(0.0057292274 0.000828125 0)
(0.0059139745 0.000828125 0)
(0.0061020182 0.000828125 -2.3683559e-20)
(0.0062934173 0.000828125 0)
(0.0064882315 0.000828125 0)
(0.0066865219 0.000828125 0)
(0.0068883505 0.000828125 0)
(0.0070937804 0.000828125 0)
(0.0073028759 0.000828125 -5.2873842e-20)
(0.0075157023 0.000828125 -6.1797303e-20)
(0.0077323264 0.000828125 0)
(0.0079528157 0.000828125 0)
(0.0081772394 0.000828125 0)
(0.0084056676 0.000828125 0)
(0.0086381716 0.000828125 0)
(0.0088748244 0.000828125 0)
(0.0091156998 0.000828125 2.7475978e-20)
(0.0093608734 0.000828125 -1.7009909e-20)
(0.0096104217 0.000828125 0)
(0.0098644227 0.000828125 0)
(0.010122956 0.000828125 1.7636743e-20)
(0.010386102 0.000828125 0)
(0.010653944 0.000828125 0)
(0.010926565 0.000828125 0)
(0.011204051 0.000828125 0)
(0.011486488 0.000828125 0)
(0.011773965 0.000828125 -2.3266091e-20)
(0.012066571 0.000828125 0)
(0.012364399 0.000828125 0)
(0.01266754 0.000828125 2.9020261e-20)
(0.012976091 0.000828125 2.8537908e-20)
(0.013290147 0.000828125 0)
(0.013609807 0.000828125 0)
(0.01393517 0.000828125 0)
(0.01426634 0.000828125 5.3383218e-20)
(0.014603419 0.000828125 0)
(0.014946512 0.000828125 0)
(0.015295728 0.000828125 0)
(0.015651174 0.000828125 -1.3238618e-20)
(0.016012963 0.000828125 1.1527114e-20)
(0.016381208 0.000828125 0)
(0.016756023 0.000828125 0)
(0.017137526 0.000828125 0)
(0.017525837 0.000828125 0)
(0.017921076 0.000828125 0)
(0.018323368 0.000828125 0)
(0.018732838 0.000828125 3.2060301e-20)
(0.019149615 0.000828125 -1.0006274e-20)
(0.019573828 0.000828125 0)
(0.02000561 0.000828125 0)
(0.020445098 0.000828125 -1.8978371e-20)
(0.020892427 0.000828125 0)
(0.021347738 0.000828125 0)
(0.021811173 0.000828125 -3.7501226e-20)
(0.022282878 0.000828125 0)
(0.022763 0.000828125 0)
(0.023251688 0.000828125 0)
(0.023749096 0.000828125 2.6658484e-20)
(0.0010501807 0.000859375 0)
(0.0011514375 0.000859375 0)
(0.0012545011 0.000859375 0)
(0.0013594036 0.000859375 0)
(0.001466178 0.000859375 0)
(0.0015748576 0.000859375 0)
(0.0016854764 0.000859375 0)
(0.001798069 0.000859375 0)
(0.0019126708 0.000859375 0)
(0.0020293174 0.000859375 0)
(0.0021480453 0.000859375 0)
(0.0022688917 0.000859375 0)
(0.0023918945 0.000859375 0)
(0.0025170921 0.000859375 0)
(0.0026445237 0.000859375 0)
(0.0027742291 0.000859375 0)
(0.0029062489 0.000859375 0)
(0.0030406243 0.000859375 0)
(0.0031773975 0.000859375 0)
(0.0033166111 0.000859375 0)
(0.0034583089 0.000859375 0)
(0.003602535 0.000859375 0)
(0.0037493347 0.000859375 0)
(0.0038987537 0.000859375 -6.9776599e-21)
(0.0040508388 0.000859375 0)
(0.0042056377 0.000859375 0)
(0.0043631988 0.000859375 0)
(0.0045235712 0.000859375 0)
(0.0046868052 0.000859375 0)
(0.004852952 0.000859375 0)
(0.0050220634 0.000859375 -3.8496667e-20)
(0.0051941923 0.000859375 0)
(0.0053693926 0.000859375 0)
(0.005547719 0.000859375 1.1693104e-20)
(0.0057292274 0.000859375 0)
(0.0059139745 0.000859375 0)
(0.0061020182 0.000859375 -2.3683559e-20)
(0.0062934172 0.000859375 0)
(0.0064882315 0.000859375 0)
(0.0066865219 0.000859375 0)
(0.0068883505 0.000859375 0)
(0.0070937804 0.000859375 0)
(0.0073028759 0.000859375 -5.2873842e-20)
(0.0075157023 0.000859375 -6.1797303e-20)
(0.0077323264 0.000859375 0)
(0.0079528157 0.000859375 0)
(0.0081772394 0.000859375 0)
(0.0084056675 0.000859375 0)
(0.0086381716 0.000859375 0)
(0.0088748244 0.000859375 0)
(0.0091156998 0.000859375 2.7475978e-20)
(0.0093608734 0.000859375 -1.7009909e-20)
(0.0096104217 0.000859375 0)
(0.0098644227 0.000859375 0)
(0.010122956 0.000859375 1.7636743e-20)
(0.010386102 0.000859375 0)
(0.010653944 0.000859375 0)
(0.010926565 0.000859375 0)
(0.011204051 0.000859375 0)
(0.011486488 0.000859375 0)
(0.011773965 0.000859375 -2.3266091e-20)
(0.012066571 0.000859375 0)
(0.012364399 0.000859375 0)
(0.01266754 0.000859375 2.9020261e-20)
(0.012976091 0.000859375 2.8537908e-20)
(0.013290146 0.000859375 0)
(0.013609807 0.000859375 0)
(0.013935171 0.000859375 0)
(0.01426634 0.000859375 5.3383218e-20)
(0.014603419 0.000859375 0)
(0.014946512 0.000859375 0)
(0.015295728 0.000859375 0)
(0.015651174 0.000859375 -1.3238618e-20)
(0.016012963 0.000859375 1.1527114e-20)
(0.016381208 0.000859375 0)
(0.016756023 0.000859375 0)
(0.017137526 0.000859375 0)
(0.017525837 0.000859375 0)
(0.017921076 0.000859375 0)
(0.018323368 0.000859375 0)
(0.018732839 0.000859375 3.2060301e-20)
(0.019149615 0.000859375 -1.0006274e-20)
(0.019573828 0.000859375 0)
(0.02000561 0.000859375 0)
(0.020445098 0.000859375 -1.8978371e-20)
(0.020892427 0.000859375 0)
(0.021347738 0.000859375 0)
(0.021811174 0.000859375 -3.7501226e-20)
(0.022282878 0.000859375 0)
(0.022762999 0.000859375 0)
(0.023251688 0.000859375 0)
(0.023749096 0.000859375 2.6658484e-20)
(0.0010501807 0.000890625 0)
(0.0011514375 0.000890625 0)
(0.001254501 0.000890625 0)
(0.0013594036 0.000890625 0)
(0.001466178 0.000890625 0)
(0.0015748576 0.000890625 0)
(0.0016854764 0.000890625 0)
(0.001798069 0.000890625 0)
(0.0019126708 0.000890625 0)
(0.0020293174 0.000890625 0)
(0.0021480453 0.000890625 0)
(0.0022688918 0.000890625 0)
(0.0023918945 0.000890625 0)
(0.0025170922 0.000890625 0)
(0.0026445237 0.000890625 0)
(0.0027742291 0.000890625 0)
(0.0029062489 0.000890625 0)
(0.0030406243 0.000890625 0)
(0.0031773975 0.000890625 0)
(0.0033166111 0.000890625 0)
(0.0034583089 0.000890625 0)
(0.003602535 0.000890625 0)
(0.0037493347 0.000890625 0)
(0.0038987537 0.000890625 -6.9776599e-21)
(0.0040508388 0.000890625 0)
(0.0042056377 0.000890625 0)
(0.0043631988 0.000890625 0)
(0.0045235712 0.000890625 0)
(0.0046868052 0.000890625 0)
(0.004852952 0.000890625 0)
(0.0050220634 0.000890625 -3.8496667e-20)
(0.0051941923 0.000890625 0)
(0.0053693926 0.000890625 0)
(0.005547719 0.000890625 1.1693104e-20)
(0.0057292274 0.000890625 0)
(0.0059139745 0.000890625 0)
(0.0061020183 0.000890625 -2.3683559e-20)
(0.0062934172 0.000890625 0)
(0.0064882315 0.000890625 0)
(0.0066865219 0.000890625 0)
(0.0068883505 0.000890625 0)
(0.0070937804 0.000890625 0)
(0.0073028759 0.000890625 -5.2873842e-20)
(0.0075157023 0.000890625 -6.1797303e-20)
(0.0077323264 0.000890625 0)
(0.0079528157 0.000890625 0)
(0.0081772394 0.000890625 0)
(0.0084056676 0.000890625 0)
(0.0086381717 0.000890625 0)
(0.0088748244 0.000890625 0)
(0.0091156998 0.000890625 2.7475978e-20)
(0.0093608734 0.000890625 -1.7009909e-20)
(0.0096104217 0.000890625 0)
(0.0098644228 0.000890625 0)
(0.010122956 0.000890625 1.7636743e-20)
(0.010386102 0.000890625 0)
(0.010653944 0.000890625 0)
(0.010926565 0.000890625 0)
(0.011204051 0.000890625 0)
(0.011486488 0.000890625 0)
(0.011773965 0.000890625 -2.3266091e-20)
(0.012066571 0.000890625 0)
(0.012364399 0.000890625 0)
(0.01266754 0.000890625 2.9020261e-20)
(0.012976091 0.000890625 2.8537908e-20)
(0.013290146 0.000890625 0)
(0.013609807 0.000890625 0)
(0.01393517 0.000890625 0)
(0.01426634 0.000890625 5.3383218e-20)
(0.014603419 0.000890625 0)
(0.014946512 0.000890625 0)
(0.015295728 0.000890625 0)
(0.015651174 0.000890625 -1.3238618e-20)
(0.016012963 0.000890625 1.1527114e-20)
(0.016381208 0.000890625 0)
(0.016756023 0.000890625 0)
(0.017137526 0.000890625 0)
(0.017525837 0.000890625 0)
(0.017921076 0.000890625 0)
(0.018323368 0.000890625 0)
(0.018732838 0.000890625 3.2060301e-20)
(0.019149615 0.000890625 -1.0006274e-20)
(0.019573828 0.000890625 0)
(0.02000561 0.000890625 0)
(0.020445098 0.000890625 -1.8978371e-20)
(0.020892427 0.000890625 0)
(0.021347738 0.000890625 0)
(0.021811173 0.000890625 -3.7501226e-20)
(0.022282878 0.000890625 0)
(0.022763 0.000890625 0)
(0.023251688 0.000890625 0)
(0.023749096 0.000890625 2.6658484e-20)
(0.0010501807 0.000921875 0)
(0.0011514375 0.000921875 0)
(0.001254501 0.000921875 -3.1853965e-20)
(0.0013594036 0.000921875 4.1260634e-20)
(0.001466178 0.000921875 -3.0799232e-20)
(0.0015748576 0.000921875 0)
(0.0016854764 0.000921875 2.9781181e-20)
(0.001798069 0.000921875 0)
(0.0019126708 0.000921875 0)
(0.0020293174 0.000921875 0)
(0.0021480453 0.000921875 0)
(0.0022688917 0.000921875 0)
(0.0023918945 0.000921875 1.8458214e-20)
(0.0025170921 0.000921875 0)
(0.0026445237 0.000921875 2.6050663e-20)
(0.0027742291 0.000921875 4.320255e-20)
(0.0029062489 0.000921875 0)
(0.0030406243 0.000921875 0)
(0.0031773975 0.000921875 0)
(0.0033166111 0.000921875 0)
(0.0034583089 0.000921875 3.0937348e-20)
(0.0036025351 0.000921875 0)
(0.0037493346 0.000921875 4.4118836e-20)
(0.0038987537 0.000921875 0)
(0.0040508388 0.000921875 0)
(0.0042056377 0.000921875 0)
(0.0043631988 0.000921875 2.7974187e-20)
(0.0045235712 0.000921875 -5.5020358e-20)
(0.0046868053 0.000921875 0)
(0.004852952 0.000921875 3.91567e-20)
(0.0050220634 0.000921875 -5.233278e-20)
(0.0051941923 0.000921875 0)
(0.0053693926 0.000921875 1.1901754e-20)
(0.005547719 0.000921875 0)
(0.0057292274 0.000921875 0)
(0.0059139745 0.000921875 4.8158554e-20)
(0.0061020182 0.000921875 -2.3683559e-20)
(0.0062934173 0.000921875 0)
(0.0064882315 0.000921875 -3.3616265e-20)
(0.0066865219 0.000921875 0)
(0.0068883505 0.000921875 0)
(0.0070937805 0.000921875 -2.180658e-20)
(0.0073028759 0.000921875 -4.1395572e-20)
(0.0075157023 0.000921875 3.0898651e-20)
(0.0077323264 0.000921875 0)
(0.0079528157 0.000921875 2.987714e-20)
(0.0081772394 0.000921875 0)
(0.0084056676 0.000921875 -2.8891123e-20)
(0.0086381717 0.000921875 0)
(0.0088748244 0.000921875 0)
(0.0091156998 0.000921875 0)
(0.0093608734 0.000921875 0)
(0.0096104217 0.000921875 0)
(0.0098644228 0.000921875 0)
(0.010122956 0.000921875 0)
(0.010386103 0.000921875 0)
(0.010653944 0.000921875 3.2646376e-20)
(0.010926565 0.000921875 0)
(0.011204051 0.000921875 0)
(0.011486488 0.000921875 0)
(0.011773965 0.000921875 2.3266091e-20)
(0.012066571 0.000921875 0)
(0.012364399 0.000921875 -7.0013382e-21)
(0.01266754 0.000921875 0)
(0.01297609 0.000921875 -7.0591853e-20)
(0.013290146 0.000921875 0)
(0.013609807 0.000921875 -1.4552124e-20)
(0.01393517 0.000921875 0)
(0.01426634 0.000921875 0)
(0.014603419 0.000921875 -2.625012e-20)
(0.014946512 0.000921875 0)
(0.015295728 0.000921875 -1.3447995e-20)
(0.015651174 0.000921875 0)
(0.016012963 0.000921875 -1.303295e-20)
(0.016381208 0.000921875 0)
(0.016756023 0.000921875 0)
(0.017137526 0.000921875 5.7668851e-20)
(0.017525837 0.000921875 -1.0739815e-20)
(0.017921076 0.000921875 0)
(0.018323368 0.000921875 0)
(0.018732838 0.000921875 0)
(0.019149615 0.000921875 0)
(0.019573828 0.000921875 -9.8308693e-21)
(0.02000561 0.000921875 -3.0481377e-20)
(0.020445098 0.000921875 2.0484207e-20)
(0.020892427 0.000921875 -9.3228613e-21)
(0.021347738 0.000921875 -2.8984021e-20)
(0.021811173 0.000921875 3.7501226e-20)
(0.022282878 0.000921875 0)
(0.022763 0.000921875 -3.625022e-20)
(0.023251688 0.000921875 0)
(0.023749097 0.000921875 -8.3842158e-21)
(0.0010501807 0.000953125 0)
(0.0011514375 0.000953125 0)
(0.0012545011 0.000953125 0)
(0.0013594036 0.000953125 0)
(0.001466178 0.000953125 0)
(0.0015748576 0.000953125 0)
(0.0016854764 0.000953125 0)
(0.0017980691 0.000953125 0)
(0.0019126708 0.000953125 0)
(0.0020293174 0.000953125 0)
(0.0021480453 0.000953125 0)
(0.0022688917 0.000953125 0)
(0.0023918945 0.000953125 0)
(0.0025170922 0.000953125 0)
(0.0026445237 0.000953125 0)
(0.0027742291 0.000953125 0)
(0.0029062489 0.000953125 0)
(0.0030406243 0.000953125 0)
(0.0031773975 0.000953125 0)
(0.0033166111 0.000953125 0)
(0.0034583089 0.000953125 0)
(0.003602535 0.000953125 0)
(0.0037493347 0.000953125 0)
(0.0038987537 0.000953125 -6.9776599e-21)
(0.0040508388 0.000953125 0)
(0.0042056377 0.000953125 0)
(0.0043631988 0.000953125 0)
(0.0045235712 0.000953125 0)
(0.0046868052 0.000953125 0)
(0.004852952 0.000953125 0)
(0.0050220634 0.000953125 -3.8496667e-20)
(0.0051941923 0.000953125 0)
(0.0053693926 0.000953125 0)
(0.005547719 0.000953125 1.1693104e-20)
(0.0057292274 0.000953125 0)
(0.0059139746 0.000953125 0)
(0.0061020182 0.000953125 -2.3683559e-20)
(0.0062934172 0.000953125 0)
(0.0064882315 0.000953125 0)
(0.0066865219 0.000953125 0)
(0.0068883505 0.000953125 0)
(0.0070937804 0.000953125 0)
(0.0073028759 0.000953125 -5.2873842e-20)
(0.0075157023 0.000953125 -6.1797303e-20)
(0.0077323264 0.000953125 0)
(0.0079528157 0.000953125 0)
(0.0081772394 0.000953125 0)
(0.0084056675 0.000953125 0)
(0.0086381717 0.000953125 0)
(0.0088748244 0.000953125 0)
(0.0091156998 0.000953125 2.7475978e-20)
(0.0093608734 0.000953125 -1.7009909e-20)
(0.0096104217 0.000953125 0)
(0.0098644227 0.000953125 0)
(0.010122956 0.000953125 1.7636743e-20)
(0.010386102 0.000953125 0)
(0.010653944 0.000953125 0)
(0.010926565 0.000953125 0)
(0.011204051 0.000953125 0)
(0.011486488 0.000953125 0)
(0.011773965 0.000953125 -2.3266091e-20)
(0.012066571 0.000953125 0)
(0.012364399 0.000953125 0)
(0.01266754 0.000953125 2.9020261e-20)
(0.012976091 0.000953125 2.8537908e-20)
(0.013290146 0.000953125 0)
(0.013609807 0.000953125 0)
(0.013935171 0.000953125 0)
(0.01426634 0.000953125 5.3383218e-20)
(0.014603419 0.000953125 0)
(0.014946512 0.000953125 0)
(0.015295728 0.000953125 0)
(0.015651174 0.000953125 -1.3238618e-20)
(0.016012963 0.000953125 1.1527114e-20)
(0.016381208 0.000953125 0)
(0.016756023 0.000953125 0)
(0.017137527 0.000953125 0)
(0.017525837 0.000953125 0)
(0.017921076 0.000953125 0)
(0.018323368 0.000953125 0)
(0.018732838 0.000953125 3.2060301e-20)
(0.019149615 0.000953125 -1.0006274e-20)
(0.019573828 0.000953125 0)
(0.020005611 0.000953125 0)
(0.020445098 0.000953125 -1.8978371e-20)
(0.020892427 0.000953125 0)
(0.021347738 0.000953125 0)
(0.021811173 0.000953125 -3.7501226e-20)
(0.022282878 0.000953125 0)
(0.022763 0.000953125 0)
(0.023251688 0.000953125 0)
(0.023749096 0.000953125 2.6658484e-20)
(0.0010501807 0.000984375 0)
(0.0011514375 0.000984375 0)
(0.001254501 0.000984375 0)
(0.0013594036 0.000984375 0)
(0.001466178 0.000984375 0)
(0.0015748576 0.000984375 0)
(0.0016854764 0.000984375 0)
(0.001798069 0.000984375 0)
(0.0019126708 0.000984375 0)
(0.0020293174 0.000984375 0)
(0.0021480453 0.000984375 0)
(0.0022688917 0.000984375 0)
(0.0023918945 0.000984375 0)
(0.0025170922 0.000984375 0)
(0.0026445237 0.000984375 0)
(0.0027742291 0.000984375 0)
(0.0029062489 0.000984375 0)
(0.0030406243 0.000984375 0)
(0.0031773975 0.000984375 0)
(0.0033166111 0.000984375 0)
(0.0034583089 0.000984375 0)
(0.003602535 0.000984375 0)
(0.0037493347 0.000984375 0)
(0.0038987537 0.000984375 -6.9776599e-21)
(0.0040508388 0.000984375 0)
(0.0042056377 0.000984375 0)
(0.0043631988 0.000984375 0)
(0.0045235712 0.000984375 0)
(0.0046868052 0.000984375 0)
(0.004852952 0.000984375 0)
(0.0050220634 0.000984375 -3.8496667e-20)
(0.0051941923 0.000984375 0)
(0.0053693926 0.000984375 0)
(0.005547719 0.000984375 1.1693104e-20)
(0.0057292274 0.000984375 0)
(0.0059139746 0.000984375 0)
(0.0061020183 0.000984375 -2.3683559e-20)
(0.0062934173 0.000984375 0)
(0.0064882315 0.000984375 0)
(0.0066865219 0.000984375 0)
(0.0068883505 0.000984375 0)
(0.0070937804 0.000984375 0)
(0.0073028759 0.000984375 -5.2873842e-20)
(0.0075157023 0.000984375 -6.1797303e-20)
(0.0077323264 0.000984375 0)
(0.0079528157 0.000984375 0)
(0.0081772394 0.000984375 0)
(0.0084056676 0.000984375 0)
(0.0086381717 0.000984375 0)
(0.0088748244 0.000984375 0)
(0.0091156998 0.000984375 2.7475978e-20)
(0.0093608734 0.000984375 -1.7009909e-20)
(0.0096104217 0.000984375 0)
(0.0098644227 0.000984375 0)
(0.010122956 0.000984375 1.7636743e-20)
(0.010386102 0.000984375 0)
(0.010653944 0.000984375 0)
(0.010926565 0.000984375 0)
(0.011204051 0.000984375 0)
(0.011486488 0.000984375 0)
(0.011773965 0.000984375 -2.3266091e-20)
(0.012066571 0.000984375 0)
(0.012364399 0.000984375 0)
(0.01266754 0.000984375 2.9020261e-20)
(0.012976091 0.000984375 2.8537908e-20)
(0.013290146 0.000984375 0)
(0.013609807 0.000984375 0)
(0.01393517 0.000984375 0)
(0.01426634 0.000984375 5.3383218e-20)
(0.014603418 0.000984375 0)
(0.014946512 0.000984375 0)
(0.015295727 0.000984375 0)
(0.015651174 0.000984375 -1.3238618e-20)
(0.016012963 0.000984375 1.1527114e-20)
(0.016381208 0.000984375 0)
(0.016756023 0.000984375 0)
(0.017137526 0.000984375 0)
(0.017525837 0.000984375 0)
(0.017921076 0.000984375 0)
(0.018323368 0.000984375 0)
(0.018732839 0.000984375 3.2060301e-20)
(0.019149615 0.000984375 -1.0006274e-20)
(0.019573828 0.000984375 0)
(0.02000561 0.000984375 0)
(0.020445098 0.000984375 -1.8978371e-20)
(0.020892427 0.000984375 0)
(0.021347738 0.000984375 0)
(0.021811173 0.000984375 -3.7501226e-20)
(0.022282878 0.000984375 0)
(0.022763 0.000984375 0)
(0.023251688 0.000984375 0)
(0.023749096 0.000984375 2.6658484e-20)
(-0.0077504422 0.0010499116 2.1863829e-20)
(-0.0072657678 0.0010499115 0)
(-0.00680914 0.0010499115 -1.1891935e-20)
(-0.0063789359 0.0010499116 0)
(-0.0059736265 0.0010499115 0)
(-0.0055917711 0.0010499115 4.4167441e-20)
(-0.0052320125 0.0010499115 0)
(-0.004893072 0.0010499115 -1.6021069e-20)
(-0.004573745 0.0010499115 0)
(-0.0042728965 0.0010499116 0)
(-0.0039894572 0.0010499116 0)
(-0.0037224197 0.0010499116 -1.1673298e-20)
(-0.0034708348 0.0010499115 0)
(-0.0032338084 0.0010499116 -2.4415477e-20)
(-0.003010498 0.0010499116 -2.5822601e-20)
(-0.0028001098 0.0010499115 2.731617e-20)
(-0.0026018963 0.0010499116 -2.8901476e-20)
(-0.0024151527 0.0010499116 -3.0584156e-20)
(-0.0022392155 0.0010499116 1.6938009e-20)
(-0.0020734591 0.0010499115 1.7885871e-20)
(-0.0019172947 0.0010499115 0)
(-0.0017701669 0.0010499116 9.2269946e-21)
(-0.001631553 0.0010499115 -3.0887028e-20)
(-0.0015009603 0.0010499115 0)
(-0.0013779246 0.0010499115 -1.1033763e-20)
(-0.0012620086 0.0010499115 -3.6640258e-20)
(-0.0011528003 0.0010499115 0)
(-0.0010499115 0.0010499115 0)
(-0.0077504422 0.0011528003 -2.0642197e-20)
(-0.0072657678 0.0011528003 2.2616743e-20)
(-0.0068091401 0.0011528003 0)
(-0.006378936 0.0011528003 0)
(-0.0059736265 0.0011528003 0)
(-0.0055917711 0.0011528003 0)
(-0.0052320125 0.0011528003 2.2836628e-20)
(-0.004893072 0.0011528003 0)
(-0.004573745 0.0011528003 0)
(-0.0042728965 0.0011528003 3.5516021e-20)
(-0.0039894572 0.0011528003 0)
(-0.0037224197 0.0011528003 2.0664032e-20)
(-0.0034708348 0.0011528003 -2.184075e-20)
(-0.0032338084 0.0011528003 0)
(-0.003010498 0.0011528003 0)
(-0.0028001098 0.0011528003 0)
(-0.0026018962 0.0011528003 0)
(-0.0024151527 0.0011528003 0)
(-0.0022392154 0.0011528003 0)
(-0.0020734591 0.0011528003 0)
(-0.0019172946 0.0011528003 0)
(-0.0017701669 0.0011528003 3.6278048e-20)
(-0.001631553 0.0011528003 3.841381e-20)
(-0.0015009603 0.0011528003 0)
(-0.0013779246 0.0011528003 -1.0395269e-20)
(-0.0012620086 0.0011528003 3.4607122e-20)
(-0.0011528003 0.0011528003 0)
(-0.0010499115 0.0011528003 0)
(-0.0077504422 0.0012620086 2.886045e-20)
(-0.0072657678 0.0012620086 0)
(-0.00680914 0.0012620086 1.0555456e-20)
(-0.0063789359 0.0012620086 1.1203787e-20)
(-0.0059736265 0.0012620086 0)
(-0.0055917711 0.0012620086 0)
(-0.0052320125 0.0012620086 0)
(-0.004893072 0.0012620086 0)
(-0.0045737451 0.0012620086 0)
(-0.0042728965 0.0012620086 0)
(-0.0039894572 0.0012620086 0)
(-0.0037224197 0.0012620086 0)
(-0.0034708348 0.0012620086 0)
(-0.0032338084 0.0012620086 0)
(-0.003010498 0.0012620086 0)
(-0.0028001098 0.0012620086 0)
(-0.0026018963 0.0012620086 0)
(-0.0024151527 0.0012620086 0)
(-0.0022392155 0.0012620086 0)
(-0.0020734591 0.0012620086 0)
(-0.0019172947 0.0012620086 0)
(-0.0017701669 0.0012620086 0)
(-0.001631553 0.0012620086 0)
(-0.0015009603 0.0012620086 0)
(-0.0013779246 0.0012620086 0)
(-0.0012620086 0.0012620086 0)
(-0.0011528003 0.0012620086 0)
(-0.0010499115 0.0012620086 -6.1569042e-20)
(-0.0077504422 0.0013779246 -3.6060954e-20)
(-0.0072657678 0.0013779246 0)
(-0.00680914 0.0013779246 0)
(-0.006378936 0.0013779246 0)
(-0.0059736265 0.0013779246 0)
(-0.0055917711 0.0013779246 0)
(-0.0052320125 0.0013779246 0)
(-0.004893072 0.0013779246 0)
(-0.004573745 0.0013779246 0)
(-0.0042728965 0.0013779246 0)
(-0.0039894572 0.0013779246 0)
(-0.0037224197 0.0013779246 0)
(-0.0034708348 0.0013779246 0)
(-0.0032338084 0.0013779246 -2.0664043e-20)
(-0.003010498 0.0013779246 0)
(-0.0028001098 0.0013779246 0)
(-0.0026018963 0.0013779246 0)
(-0.0024151527 0.0013779246 0)
(-0.0022392154 0.0013779246 0)
(-0.0020734591 0.0013779246 2.8901473e-20)
(-0.0019172947 0.0013779246 3.0584143e-20)
(-0.0017701669 0.0013779246 2.4654083e-20)
(-0.001631553 0.0013779246 0)
(-0.0015009603 0.0013779246 -2.7585013e-20)
(-0.0013779246 0.0013779246 0)
(-0.0012620086 0.0013779246 3.0887027e-20)
(-0.0011528003 0.0013779246 0)
(-0.0010499115 0.0013779246 -1.1033763e-20)
(-0.0077504422 0.0015009603 0)
(-0.0072657678 0.0015009603 0)
(-0.00680914 0.0015009603 0)
(-0.0063789359 0.0015009603 0)
(-0.0059736265 0.0015009603 2.1110918e-20)
(-0.0055917711 0.0015009603 0)
(-0.0052320125 0.0015009603 2.5289712e-20)
(-0.004893072 0.0015009603 0)
(-0.0045737451 0.0015009603 -5.6602212e-20)
(-0.0042728965 0.0015009603 -2.9946904e-20)
(-0.0039894572 0.0015009603 -1.6599819e-20)
(-0.0037224197 0.0015009603 0)
(-0.0034708348 0.0015009603 0)
(-0.0032338084 0.0015009603 9.0247925e-21)
(-0.003010498 0.0015009603 0)
(-0.0028001098 0.0015009603 0)
(-0.0026018963 0.0015009603 1.0791962e-20)
(-0.0024151527 0.0015009603 0)
(-0.0022392155 0.0015009603 0)
(-0.0020734591 0.0015009603 0)
(-0.0019172946 0.0015009603 0)
(-0.0017701669 0.0015009603 -2.3314571e-20)
(-0.001631553 0.0015009603 0)
(-0.0015009603 0.0015009603 0)
(-0.0013779246 0.0015009603 3.6278072e-20)
(-0.0012620086 0.0015009603 -3.8413835e-20)
(-0.0011528003 0.0015009603 0)
(-0.0010499115 0.0015009603 0)
(-0.0077504422 0.001631553 0)
(-0.0072657678 0.001631553 -2.6454493e-20)
(-0.00680914 0.001631553 -3.6813876e-20)
(-0.006378936 0.001631553 0)
(-0.0059736265 0.001631553 0)
(-0.0055917711 0.001631553 0)
(-0.0052320125 0.001631553 0)
(-0.004893072 0.001631553 0)
(-0.004573745 0.001631553 0)
(-0.0042728965 0.001631553 0)
(-0.0039894572 0.001631553 0)
(-0.0037224197 0.001631553 0)
(-0.0034708348 0.001631553 0)
(-0.0032338084 0.001631553 0)
(-0.003010498 0.001631553 0)
(-0.0028001099 0.001631553 -9.5791001e-21)
(-0.0026018962 0.001631553 0)
(-0.0024151527 0.001631553 0)
(-0.0022392155 0.001631553 0)
(-0.0020734591 0.001631553 0)
(-0.0019172946 0.001631553 0)
(-0.0017701669 0.001631553 1.5203653e-20)
(-0.001631553 0.001631553 0)
(-0.0015009603 0.001631553 0)
(-0.0013779246 0.001631553 0)
(-0.0012620086 0.001631553 0)
(-0.0011528003 0.001631553 -9.2269935e-21)
(-0.0010499115 0.001631553 0)
(-0.0077504422 0.0017701669 -1.5516107e-20)
(-0.0072657678 0.0017701669 -3.2845766e-20)
(-0.00680914 0.0017701669 -1.8138267e-20)
(-0.0063789359 0.0017701669 -3.681387e-20)
(-0.0059736265 0.0017701669 -3.8982537e-20)
(-0.0055917711 0.0017701669 0)
(-0.0052320125 0.0017701669 0)
(-0.004893072 0.0017701669 0)
(-0.0045737451 0.0017701669 0)
(-0.0042728965 0.0017701669 0)
(-0.0039894572 0.0017701669 -2.8301103e-20)
(-0.0037224197 0.0017701669 -2.9946894e-20)
(-0.0034708348 0.0017701669 0)
(-0.0032338084 0.0017701669 -9.5163702e-21)
(-0.003010498 0.0017701669 0)
(-0.0028001098 0.0017701669 3.7604973e-20)
(-0.0026018963 0.0017701669 3.0243132e-20)
(-0.0024151527 0.0017701669 0)
(-0.0022392154 0.0017701669 -1.2297795e-20)
(-0.0020734591 0.0017701669 1.1454813e-20)
(-0.0019172946 0.0017701669 0)
(-0.0017701669 0.0017701669 -4.0221322e-20)
(-0.001631553 0.0017701669 0)
(-0.0015009603 0.0017701669 0)
(-0.0013779246 0.0017701669 0)
(-0.0012620086 0.0017701669 0)
(-0.0011528003 0.0017701669 2.7584995e-20)
(-0.0010499116 0.0017701669 9.2269946e-21)
(-0.0077504422 0.0019172946 0)
(-0.0072657678 0.0019172947 0)
(-0.00680914 0.0019172946 0)
(-0.006378936 0.0019172946 3.4770704e-20)
(-0.0059736265 0.0019172947 0)
(-0.0055917711 0.0019172946 0)
(-0.0052320125 0.0019172946 0)
(-0.004893072 0.0019172946 0)
(-0.0045737451 0.0019172946 0)
(-0.0042728965 0.0019172946 0)
(-0.0039894572 0.0019172947 0)
(-0.0037224197 0.0019172946 0)
(-0.0034708348 0.0019172947 0)
(-0.0032338084 0.0019172946 0)
(-0.003010498 0.0019172946 0)
(-0.0028001098 0.0019172946 2.701348e-20)
(-0.0026018963 0.0019172947 0)
(-0.0024151527 0.0019172947 0)
(-0.0022392155 0.0019172946 0)
(-0.0020734591 0.0019172947 0)
(-0.0019172946 0.0019172946 0)
(-0.0017701669 0.0019172946 0)
(-0.001631553 0.0019172946 0)
(-0.0015009603 0.0019172946 0)
(-0.0013779246 0.0019172946 3.0584143e-20)
(-0.0012620086 0.0019172946 0)
(-0.0011528003 0.0019172946 0)
(-0.0010499115 0.0019172947 0)
(-0.0077504422 0.0020734591 4.0064994e-20)
(-0.0072657678 0.0020734591 2.2369176e-20)
(-0.00680914 0.0020734591 0)
(-0.006378936 0.0020734591 0)
(-0.0059736265 0.0020734592 0)
(-0.0055917711 0.0020734591 0)
(-0.0052320125 0.0020734591 0)
(-0.004893072 0.0020734591 0)
(-0.004573745 0.0020734591 0)
(-0.0042728965 0.0020734591 0)
(-0.0039894572 0.0020734591 0)
(-0.0037224197 0.0020734591 0)
(-0.0034708348 0.0020734591 0)
(-0.0032338084 0.0020734591 0)
(-0.003010498 0.0020734591 0)
(-0.0028001098 0.0020734592 0)
(-0.0026018963 0.0020734591 0)
(-0.0024151527 0.0020734591 0)
(-0.0022392155 0.0020734592 0)
(-0.0020734591 0.0020734591 0)
(-0.0019172946 0.0020734591 0)
(-0.0017701669 0.0020734591 1.1454813e-20)
(-0.001631553 0.0020734591 0)
(-0.0015009603 0.0020734591 -2.7316179e-20)
(-0.0013779246 0.0020734591 0)
(-0.0012620086 0.0020734591 0)
(-0.0011528003 0.0020734591 0)
(-0.0010499115 0.0020734591 0)
(-0.0077504422 0.0022392155 2.5444389e-20)
(-0.0072657678 0.0022392154 0)
(-0.00680914 0.0022392154 0)
(-0.0063789359 0.0022392154 -3.1032225e-20)
(-0.0059736265 0.0022392155 0)
(-0.0055917711 0.0022392155 0)
(-0.0052320125 0.0022392154 0)
(-0.004893072 0.0022392155 0)
(-0.004573745 0.0022392154 0)
(-0.0042728965 0.0022392154 0)
(-0.0039894572 0.0022392155 0)
(-0.0037224197 0.0022392155 0)
(-0.0034708348 0.0022392155 0)
(-0.0032338084 0.0022392155 0)
(-0.003010498 0.0022392155 0)
(-0.0028001099 0.0022392155 2.4146799e-20)
(-0.0026018963 0.0022392155 0)
(-0.0024151527 0.0022392155 0)
(-0.0022392154 0.0022392154 0)
(-0.0020734591 0.0022392155 0)
(-0.0019172946 0.0022392155 0)
(-0.0017701669 0.0022392155 0)
(-0.001631553 0.0022392154 0)
(-0.0015009603 0.0022392155 0)
(-0.0013779246 0.0022392154 0)
(-0.0012620086 0.0022392154 0)
(-0.0011528003 0.0022392155 0)
(-0.0010499116 0.0022392155 0)
(-0.0077504422 0.0024151527 0)
(-0.0072657678 0.0024151527 0)
(-0.00680914 0.0024151527 0)
(-0.006378936 0.0024151527 -2.9323623e-20)
(-0.0059736265 0.0024151527 0)
(-0.0055917711 0.0024151527 0)
(-0.0052320125 0.0024151527 0)
(-0.004893072 0.0024151527 0)
(-0.004573745 0.0024151527 9.3691765e-21)
(-0.0042728965 0.0024151527 0)
(-0.0039894572 0.0024151527 0)
(-0.0037224197 0.0024151527 0)
(-0.0034708348 0.0024151527 0)
(-0.0032338084 0.0024151527 2.6750553e-20)
(-0.003010498 0.0024151527 0)
(-0.0028001098 0.0024151527 0)
(-0.0026018962 0.0024151527 0)
(-0.0024151527 0.0024151527 0)
(-0.0022392155 0.0024151527 0)
(-0.0020734591 0.0024151527 0)
(-0.0019172946 0.0024151527 0)
(-0.0017701669 0.0024151527 0)
(-0.001631553 0.0024151527 0)
(-0.0015009603 0.0024151527 0)
(-0.0013779246 0.0024151527 0)
(-0.0012620086 0.0024151527 0)
(-0.0011528003 0.0024151527 0)
(-0.0010499115 0.0024151527 0)
(-0.0077504422 0.0026018962 -2.2669426e-20)
(-0.0072657678 0.0026018962 0)
(-0.00680914 0.0026018963 0)
(-0.006378936 0.0026018963 0)
(-0.0059736265 0.0026018963 0)
(-0.0055917711 0.0026018962 0)
(-0.0052320125 0.0026018963 0)
(-0.004893072 0.0026018963 0)
(-0.004573745 0.0026018962 3.6813872e-20)
(-0.0042728965 0.0026018963 0)
(-0.0039894572 0.0026018963 -4.1284416e-20)
(-0.0037224197 0.0026018962 0)
(-0.0034708348 0.0026018963 0)
(-0.0032338084 0.0026018963 0)
(-0.003010498 0.0026018963 0)
(-0.0028001098 0.0026018962 0)
(-0.0026018963 0.0026018963 0)
(-0.0024151527 0.0026018963 0)
(-0.0022392155 0.0026018963 0)
(-0.0020734591 0.0026018962 0)
(-0.0019172946 0.0026018963 0)
(-0.0017701669 0.0026018962 3.0243132e-20)
(-0.001631553 0.0026018962 0)
(-0.0015009603 0.0026018963 0)
(-0.0013779246 0.0026018963 0)
(-0.0012620086 0.0026018963 0)
(-0.0011528003 0.0026018963 0)
(-0.0010499115 0.0026018963 4.4105132e-20)
(-0.0077504422 0.0028001099 0)
(-0.0072657678 0.0028001098 0)
(-0.00680914 0.0028001099 2.4768481e-20)
(-0.0063789359 0.0028001098 0)
(-0.0059736265 0.0028001098 0)
(-0.0055917711 0.0028001098 0)
(-0.0052320125 0.0028001098 0)
(-0.004893072 0.0028001098 0)
(-0.0045737451 0.0028001099 1.8138268e-20)
(-0.0042728965 0.0028001099 0)
(-0.0039894572 0.0028001098 6.8595914e-20)
(-0.0037224197 0.0028001098 9.9446411e-21)
(-0.0034708348 0.0028001098 0)
(-0.0032338084 0.0028001098 0)
(-0.003010498 0.0028001098 0)
(-0.0028001098 0.0028001098 2.6750534e-20)
(-0.0026018962 0.0028001098 0)
(-0.0024151527 0.0028001098 0)
(-0.0022392155 0.0028001099 0)
(-0.0020734591 0.0028001098 0)
(-0.0019172947 0.0028001098 2.701348e-20)
(-0.0017701669 0.0028001098 3.7604973e-20)
(-0.001631553 0.0028001099 -9.5791001e-21)
(-0.0015009603 0.0028001098 0)
(-0.0013779246 0.0028001098 -1.0791957e-20)
(-0.0012620086 0.0028001098 0)
(-0.0011528003 0.0028001099 0)
(-0.0010499115 0.0028001098 0)
(-0.0077504422 0.003010498 0)
(-0.0072657678 0.003010498 -2.2154101e-20)
(-0.00680914 0.003010498 0)
(-0.0063789359 0.003010498 -3.6399802e-20)
(-0.0059736265 0.003010498 0)
(-0.0055917711 0.003010498 0)
(-0.0052320125 0.003010498 0)
(-0.004893072 0.003010498 7.3815953e-21)
(-0.004573745 0.003010498 2.5010778e-20)
(-0.0042728965 0.003010498 0)
(-0.0039894572 0.003010498 0)
(-0.0037224197 0.003010498 0)
(-0.0034708348 0.003010498 0)
(-0.0032338084 0.003010498 -4.372766e-20)
(-0.003010498 0.003010498 0)
(-0.0028001098 0.003010498 1.3397767e-20)
(-0.0026018963 0.003010498 0)
(-0.0024151527 0.003010498 0)
(-0.0022392154 0.003010498 0)
(-0.0020734591 0.003010498 0)
(-0.0019172946 0.003010498 0)
(-0.0017701669 0.003010498 -1.8510928e-20)
(-0.001631553 0.003010498 0)
(-0.0015009603 0.003010498 0)
(-0.0013779246 0.003010498 1.0167458e-20)
(-0.0012620086 0.003010498 0)
(-0.0011528003 0.003010498 0)
(-0.0010499116 0.003010498 -2.5822601e-20)
(-0.0077504422 0.0032338084 0)
(-0.0072657678 0.0032338084 0)
(-0.00680914 0.0032338084 1.0324136e-20)
(-0.006378936 0.0032338084 0)
(-0.0059736265 0.0032338084 0)
(-0.0055917711 0.0032338084 0)
(-0.0052320125 0.0032338084 0)
(-0.004893072 0.0032338084 0)
(-0.004573745 0.0032338084 0)
(-0.0042728965 0.0032338084 0)
(-0.0039894572 0.0032338084 0)
(-0.0037224197 0.0032338084 0)
(-0.0034708348 0.0032338084 0)
(-0.0032338084 0.0032338084 3.1339784e-20)
(-0.003010498 0.0032338084 0)
(-0.0028001098 0.0032338084 0)
(-0.0026018962 0.0032338084 0)
(-0.0024151527 0.0032338084 0)
(-0.0022392155 0.0032338084 0)
(-0.0020734591 0.0032338084 0)
(-0.0019172946 0.0032338084 0)
(-0.0017701669 0.0032338084 3.3547972e-20)
(-0.001631553 0.0032338084 0)
(-0.0015009603 0.0032338084 9.0247925e-21)
(-0.0013779246 0.0032338084 0)
(-0.0012620086 0.0032338084 0)
(-0.0011528003 0.0032338084 0)
(-0.0010499115 0.0032338084 0)
(-0.0077504422 0.0034708348 1.8020049e-20)
(-0.0072657678 0.0034708348 0)
(-0.00680914 0.0034708348 -4.0412655e-20)
(-0.006378936 0.0034708348 0)
(-0.0059736265 0.0034708348 0)
(-0.0055917711 0.0034708348 -1.313716e-20)
(-0.0052320125 0.0034708348 0)
(-0.0048930721 0.0034708348 0)
(-0.004573745 0.0034708348 2.9323611e-20)
(-0.0042728965 0.0034708348 0)
(-0.0039894572 0.0034708348 0)
(-0.0037224197 0.0034708348 -3.47707e-20)
(-0.0034708348 0.0034708348 0)
(-0.0032338084 0.0034708348 2.9613369e-20)
(-0.003010498 0.0034708348 4.128439e-20)
(-0.0028001098 0.0034708348 0)
(-0.0026018963 0.0034708348 3.5117182e-20)
(-0.0024151527 0.0034708348 0)
(-0.0022392155 0.0034708348 2.6750539e-20)
(-0.0020734591 0.0034708348 0)
(-0.0019172946 0.0034708348 0)
(-0.0017701669 0.0034708348 0)
(-0.001631553 0.0034708348 0)
(-0.0015009603 0.0034708348 0)
(-0.0013779246 0.0034708348 0)
(-0.0012620086 0.0034708348 0)
(-0.0011528003 0.0034708348 0)
(-0.0010499115 0.0034708348 0)
(-0.0077504422 0.0037224197 3.328879e-20)
(-0.0072657678 0.0037224197 -2.7406541e-20)
(-0.00680914 0.0037224197 0)
(-0.0063789359 0.0037224197 -2.095925e-20)
(-0.0059736265 0.0037224197 -3.247824e-20)
(-0.0055917711 0.0037224197 0)
(-0.0052320125 0.0037224197 0)
(-0.004893072 0.0037224197 2.6197308e-20)
(-0.004573745 0.0037224197 1.3104024e-20)
(-0.0042728965 0.0037224197 -2.9323613e-20)
(-0.0039894572 0.0037224197 -2.365063e-20)
(-0.0037224197 0.0037224197 5.0021569e-20)
(-0.0034708348 0.0037224197 -9.8220523e-21)
(-0.0032338084 0.0037224197 3.8319724e-20)
(-0.003010498 0.0037224197 0)
(-0.0028001098 0.0037224197 0)
(-0.0026018963 0.0037224197 2.1110909e-20)
(-0.0024151527 0.0037224197 0)
(-0.0022392154 0.0037224197 -3.7181644e-20)
(-0.0020734591 0.0037224197 -3.9372894e-20)
(-0.0019172946 0.0037224197 0)
(-0.0017701669 0.0037224197 -4.4167423e-20)
(-0.001631553 0.0037224197 0)
(-0.0015009603 0.0037224197 3.3547976e-20)
(-0.0013779246 0.0037224197 -1.8510935e-20)
(-0.0012620086 0.0037224197 1.9555414e-20)
(-0.0011528003 0.0037224197 0)
(-0.0010499116 0.0037224197 2.1840761e-20)
(-0.0077504422 0.0039894572 -1.6079482e-20)
(-0.0072657678 0.0039894572 0)
(-0.00680914 0.0039894572 0)
(-0.006378936 0.0039894572 0)
(-0.0059736265 0.0039894572 0)
(-0.0055917711 0.0039894572 3.2478248e-20)
(-0.0052320125 0.0039894572 2.3422351e-20)
(-0.004893072 0.0039894572 1.3137165e-20)
(-0.004573745 0.0039894572 -2.619731e-20)
(-0.0042728965 0.0039894572 0)
(-0.0039894572 0.0039894572 0)
(-0.0037224197 0.0039894572 -2.365063e-20)
(-0.0034708348 0.0039894572 0)
(-0.0032338084 0.0039894572 3.4770726e-20)
(-0.003010498 0.0039894572 1.9159857e-20)
(-0.0028001098 0.0039894572 9.3691774e-21)
(-0.0026018963 0.0039894572 3.1339771e-20)
(-0.0024151527 0.0039894572 0)
(-0.0022392155 0.0039894572 0)
(-0.0020734591 0.0039894572 0)
(-0.0019172946 0.0039894572 0)
(-0.0017701669 0.0039894572 1.3397634e-20)
(-0.001631553 0.0039894572 0)
(-0.0015009603 0.0039894572 2.2640975e-20)
(-0.0013779246 0.0039894572 3.3547974e-20)
(-0.0012620086 0.0039894572 0)
(-0.0011528003 0.0039894572 0)
(-0.0010499115 0.0039894572 0)
(-0.0077504422 0.0042728965 0)
(-0.0072657678 0.0042728965 0)
(-0.00680914 0.0042728965 0)
(-0.006378936 0.0042728965 0)
(-0.0059736265 0.0042728965 0)
(-0.0055917711 0.0042728965 0)
(-0.0052320125 0.0042728965 0)
(-0.004893072 0.0042728965 0)
(-0.004573745 0.0042728965 -1.3137158e-20)
(-0.0042728965 0.0042728965 0)
(-0.0039894572 0.0042728965 0)
(-0.0037224197 0.0042728965 0)
(-0.0034708348 0.0042728965 0)
(-0.0032338084 0.0042728965 0)
(-0.003010498 0.0042728965 0)
(-0.0028001099 0.0042728965 0)
(-0.0026018963 0.0042728965 0)
(-0.0024151527 0.0042728965 0)
(-0.0022392155 0.0042728965 0)
(-0.0020734591 0.0042728965 0)
(-0.0019172946 0.0042728965 0)
(-0.0017701669 0.0042728965 -1.4128184e-20)
(-0.001631553 0.0042728965 0)
(-0.0015009603 0.0042728965 0)
(-0.0013779246 0.0042728965 0)
(-0.0012620086 0.0042728965 0)
(-0.0011528003 0.0042728965 0)
(-0.0010499115 0.0042728965 0)
(-0.0077504422 0.0045737451 0)
(-0.0072657678 0.0045737451 0)
(-0.00680914 0.004573745 3.2158953e-20)
(-0.006378936 0.004573745 0)
(-0.0059736265 0.004573745 1.8772971e-20)
(-0.0055917711 0.004573745 3.8161243e-20)
(-0.0052320125 0.004573745 0)
(-0.004893072 0.004573745 0)
(-0.004573745 0.004573745 0)
(-0.0042728965 0.004573745 0)
(-0.0039894572 0.004573745 -2.619731e-20)
(-0.0037224197 0.004573745 0)
(-0.0034708348 0.004573745 2.9323611e-20)
(-0.0032338084 0.004573745 -1.6269032e-20)
(-0.003010498 0.004573745 0)
(-0.0028001099 0.0045737451 0)
(-0.0026018963 0.004573745 0)
(-0.0024151527 0.004573745 0)
(-0.0022392154 0.004573745 -3.1339764e-20)
(-0.0020734591 0.0045737451 0)
(-0.0019172946 0.004573745 0)
(-0.0017701669 0.004573745 0)
(-0.001631553 0.004573745 2.6750539e-20)
(-0.0015009603 0.004573745 0)
(-0.0013779246 0.0045737451 0)
(-0.0012620086 0.004573745 -3.9240777e-20)
(-0.0011528003 0.004573745 -2.5537426e-20)
(-0.0010499116 0.004573745 0)
(-0.0077504422 0.004893072 -3.9203477e-20)
(-0.0072657678 0.004893072 0)
(-0.00680914 0.004893072 7.2198298e-21)
(-0.006378936 0.0048930721 1.5326563e-20)
(-0.0059736265 0.004893072 0)
(-0.0055917711 0.004893072 0)
(-0.0052320125 0.004893072 0)
(-0.004893072 0.004893072 0)
(-0.004573745 0.004893072 0)
(-0.0042728965 0.004893072 0)
(-0.0039894572 0.004893072 0)
(-0.0037224197 0.004893072 0)
(-0.0034708348 0.0048930721 1.3104025e-20)
(-0.0032338084 0.004893072 2.9323631e-20)
(-0.003010498 0.004893072 3.1032217e-20)
(-0.0028001098 0.004893072 0)
(-0.0026018962 0.004893072 0)
(-0.0024151527 0.0048930721 0)
(-0.0022392155 0.004893072 0)
(-0.0020734591 0.004893072 0)
(-0.0019172946 0.004893072 0)
(-0.0017701669 0.0048930721 0)
(-0.001631553 0.004893072 0)
(-0.0015009603 0.004893072 0)
(-0.0013779246 0.004893072 0)
(-0.0012620086 0.004893072 0)
(-0.0011528003 0.004893072 0)
(-0.0010499115 0.004893072 0)
(-0.0077504422 0.0052320125 0)
(-0.0072657678 0.0052320125 0)
(-0.00680914 0.0052320125 0)
(-0.0063789359 0.0052320125 0)
(-0.0059736265 0.0052320125 0)
(-0.0055917711 0.0052320125 0)
(-0.0052320125 0.0052320125 0)
(-0.004893072 0.0052320125 0)
(-0.004573745 0.0052320125 -3.0685954e-20)
(-0.0042728965 0.0052320125 0)
(-0.0039894572 0.0052320125 0)
(-0.0037224197 0.0052320125 0)
(-0.0034708348 0.0052320125 6.4740335e-20)
(-0.0032338084 0.0052320125 1.310403e-20)
(-0.003010498 0.0052320125 4.3232499e-20)
(-0.0028001098 0.0052320125 0)
(-0.0026018962 0.0052320125 0)
(-0.0024151527 0.0052320125 0)
(-0.0022392155 0.0052320125 0)
(-0.0020734591 0.0052320125 0)
(-0.0019172946 0.0052320125 0)
(-0.0017701669 0.0052320125 0)
(-0.001631553 0.0052320125 0)
(-0.0015009603 0.0052320125 -3.7181649e-20)
(-0.0013779246 0.0052320125 0)
(-0.0012620086 0.0052320125 0)
(-0.0011528003 0.0052320125 0)
(-0.0010499115 0.0052320125 0)
(-0.0077504422 0.0055917711 0)
(-0.0072657678 0.0055917711 0)
(-0.00680914 0.0055917711 0)
(-0.006378936 0.0055917711 2.8713998e-20)
(-0.0059736265 0.0055917711 0)
(-0.0055917711 0.0055917711 0)
(-0.0052320125 0.0055917711 0)
(-0.004893072 0.0055917711 0)
(-0.004573745 0.0055917711 -9.1638515e-21)
(-0.0042728965 0.0055917711 0)
(-0.0039894572 0.0055917711 1.0324137e-20)
(-0.0037224197 0.0055917711 0)
(-0.0034708348 0.0055917711 0)
(-0.0032338084 0.0055917711 0)
(-0.003010498 0.0055917711 0)
(-0.0028001098 0.0055917711 0)
(-0.0026018962 0.0055917711 0)
(-0.0024151527 0.0055917711 0)
(-0.0022392155 0.0055917711 0)
(-0.0020734591 0.0055917711 0)
(-0.0019172946 0.0055917711 0)
(-0.0017701669 0.0055917711 -9.9446413e-21)
(-0.001631553 0.0055917711 0)
(-0.0015009603 0.0055917711 0)
(-0.0013779246 0.0055917711 0)
(-0.0012620086 0.0055917711 0)
(-0.0011528003 0.0055917711 -4.1698727e-20)
(-0.0010499115 0.0055917711 -4.4167441e-20)
(-0.0077504422 0.0059736265 0)
(-0.0072657678 0.0059736265 -3.563512e-20)
(-0.00680914 0.0059736265 4.9806557e-20)
(-0.006378936 0.0059736265 0)
(-0.0059736265 0.0059736265 0)
(-0.0055917711 0.0059736265 0)
(-0.0052320125 0.0059736265 0)
(-0.004893072 0.0059736265 0)
(-0.004573745 0.0059736265 0)
(-0.0042728965 0.0059736265 0)
(-0.0039894572 0.0059736265 0)
(-0.0037224197 0.0059736265 0)
(-0.0034708348 0.0059736265 0)
(-0.0032338084 0.0059736265 0)
(-0.003010498 0.0059736265 0)
(-0.0028001098 0.0059736265 0)
(-0.0026018963 0.0059736265 0)
(-0.0024151527 0.0059736265 0)
(-0.0022392155 0.0059736265 0)
(-0.0020734592 0.0059736265 0)
(-0.0019172946 0.0059736265 0)
(-0.0017701669 0.0059736265 -9.3691751e-21)
(-0.001631553 0.0059736265 0)
(-0.0015009603 0.0059736265 0)
(-0.0013779246 0.0059736265 0)
(-0.0012620086 0.0059736265 0)
(-0.0011528003 0.0059736265 1.262235e-20)
(-0.0010499115 0.0059736265 -2.8301108e-20)
(-0.0077504422 0.006378936 0)
(-0.0072657678 0.0063789359 0)
(-0.00680914 0.0063789359 0)
(-0.006378936 0.006378936 2.5656197e-20)
(-0.0059736265 0.006378936 -2.7139544e-20)
(-0.0055917711 0.006378936 0)
(-0.0052320125 0.0063789359 0)
(-0.004893072 0.0063789359 0)
(-0.0045737451 0.006378936 0)
(-0.0042728965 0.006378936 -3.60401e-20)
(-0.0039894572 0.0063789359 0)
(-0.0037224197 0.006378936 2.095925e-20)
(-0.0034708348 0.0063789359 0)
(-0.0032338084 0.0063789359 0)
(-0.003010498 0.0063789359 0)
(-0.0028001098 0.0063789359 0)
(-0.0026018963 0.006378936 -6.8531799e-20)
(-0.0024151527 0.006378936 3.627807e-20)
(-0.0022392155 0.006378936 0)
(-0.0020734591 0.006378936 -2.5010787e-20)
(-0.0019172946 0.006378936 0)
(-0.0017701669 0.0063789359 -3.681387e-20)
(-0.001631553 0.006378936 0)
(-0.0015009603 0.0063789359 -2.1395127e-20)
(-0.0013779246 0.006378936 0)
(-0.0012620086 0.0063789359 0)
(-0.0011528003 0.006378936 0)
(-0.0010499115 0.0063789359 0)
(-0.0077504422 0.00680914 0)
(-0.0072657678 0.00680914 2.17016e-20)
(-0.00680914 0.00680914 0)
(-0.0063789359 0.00680914 2.4258686e-20)
(-0.0059736265 0.0068091401 0)
(-0.0055917711 0.00680914 0)
(-0.0052320125 0.00680914 -2.8713993e-20)
(-0.004893072 0.00680914 0)
(-0.004573745 0.0068091401 3.2158953e-20)
(-0.0042728965 0.00680914 0)
(-0.0039894572 0.00680914 3.6040112e-20)
(-0.0037224197 0.00680914 0)
(-0.0034708348 0.00680914 0)
(-0.0032338084 0.00680914 1.0324136e-20)
(-0.003010498 0.0068091401 0)
(-0.0028001098 0.00680914 2.4768481e-20)
(-0.0026018963 0.00680914 0)
(-0.0024151527 0.00680914 0)
(-0.0022392154 0.0068091401 0)
(-0.0020734591 0.00680914 0)
(-0.0019172946 0.00680914 0)
(-0.0017701669 0.00680914 3.4770698e-20)
(-0.001631553 0.00680914 -3.6813876e-20)
(-0.0015009603 0.0068091401 0)
(-0.0013779246 0.0068091401 0)
(-0.0012620086 0.00680914 0)
(-0.0011528003 0.0068091401 -1.120378e-20)
(-0.0010499115 0.00680914 -1.1891935e-20)
(-0.0077504422 0.0072657678 -1.8678973e-20)
(-0.0072657678 0.0072657678 0)
(-0.0068091401 0.0072657678 0)
(-0.0063789359 0.0072657678 0)
(-0.0059736265 0.0072657678 3.563512e-20)
(-0.0055917711 0.0072657678 0)
(-0.0052320125 0.0072657678 0)
(-0.004893072 0.0072657678 0)
(-0.004573745 0.0072657678 0)
(-0.0042728965 0.0072657678 0)
(-0.0039894572 0.0072657678 0)
(-0.0037224197 0.0072657678 0)
(-0.0034708348 0.0072657678 0)
(-0.0032338084 0.0072657678 0)
(-0.003010498 0.0072657678 -3.2478233e-20)
(-0.0028001098 0.0072657678 0)
(-0.0026018962 0.0072657678 0)
(-0.0024151527 0.0072657678 0)
(-0.0022392155 0.0072657678 0)
(-0.0020734591 0.0072657678 -2.2369176e-20)
(-0.0019172947 0.0072657678 0)
(-0.0017701669 0.0072657678 0)
(-0.001631553 0.0072657678 2.6454493e-20)
(-0.0015009603 0.0072657678 0)
(-0.0013779246 0.0072657678 2.9613366e-20)
(-0.0012620086 0.0072657678 0)
(-0.0011528003 0.0072657678 0)
(-0.0010499115 0.0072657678 0)
(-0.0077504422 0.0077504422 2.6086006e-20)
(-0.0072657678 0.0077504422 0)
(-0.00680914 0.0077504422 0)
(-0.0063789359 0.0077504422 -3.1799479e-20)
(-0.0059736265 0.0077504422 3.3660156e-20)
(-0.0055917711 0.0077504422 0)
(-0.0052320125 0.0077504422 -3.7731373e-20)
(-0.0048930721 0.0077504422 -1.2816853e-20)
(-0.004573745 0.0077504422 0)
(-0.0042728965 0.0077504422 0)
(-0.0039894572 0.0077504422 -1.68324e-20)
(-0.0037224197 0.0077504422 3.4041708e-20)
(-0.0034708348 0.0077504422 0)
(-0.0032338084 0.0077504422 0)
(-0.003010498 0.0077504422 -4.0412653e-20)
(-0.0028001098 0.0077504422 0)
(-0.0026018963 0.0077504422 -2.3422344e-20)
(-0.0024151527 0.0077504422 -1.3137162e-20)
(-0.0022392155 0.0077504422 2.6197308e-20)
(-0.0020734591 0.0077504422 4.0817912e-20)
(-0.0019172946 0.0077504422 0)
(-0.0017701669 0.0077504422 0)
(-0.001631553 0.0077504422 -1.7175802e-20)
(-0.0015009603 0.0077504422 -8.3162193e-21)
(-0.0013779246 0.0077504422 0)
(-0.0012620086 0.0077504422 2.9613368e-20)
(-0.0011528003 0.0077504422 -2.1395115e-20)
(-0.0010499115 0.0077504422 2.2616747e-20)
(-0.000984375 0.0010499116 0)
(-0.000953125 0.0010499115 0)
(-0.000921875 0.0010499115 0)
(-0.000890625 0.0010499115 0)
(-0.000859375 0.0010499115 0)
(-0.000828125 0.0010499115 0)
(-0.000796875 0.0010499115 -1.0536785e-20)
(-0.000765625 0.0010499115 0)
(-0.000734375 0.0010499115 0)
(-0.000703125 0.0010499115 0)
(-0.000671875 0.0010499115 0)
(-0.000640625 0.0010499115 0)
(-0.000609375 0.0010499116 0)
(-0.000578125 0.0010499115 0)
(-0.000546875 0.0010499115 -1.0536785e-20)
(-0.000515625 0.0010499115 0)
(-0.000484375 0.0010499115 0)
(-0.000453125 0.0010499115 0)
(-0.000421875 0.0010499115 0)
(-0.000390625 0.0010499116 0)
(-0.000359375 0.0010499115 0)
(-0.000328125 0.0010499115 0)
(-0.000296875 0.0010499116 0)
(-0.000265625 0.0010499115 0)
(-0.000234375 0.0010499115 -3.3116191e-20)
(-0.000203125 0.0010499115 0)
(-0.000171875 0.0010499115 -3.3116191e-20)
(-0.000140625 0.0010499115 0)
(-0.000109375 0.0010499115 0)
(-7.8125e-05 0.0010499115 0)
(-4.6875e-05 0.0010499115 0)
(-1.5625e-05 0.0010499115 0)
(1.5625e-05 0.0010499115 0)
(4.6875e-05 0.0010499115 0)
(7.8125e-05 0.0010499115 0)
(0.000109375 0.0010499115 0)
(0.000140625 0.0010499115 -3.3116191e-20)
(0.000171875 0.0010499115 -3.3116191e-20)
(0.000203125 0.0010499116 -3.3116191e-20)
(0.000234375 0.0010499115 0)
(0.000265625 0.0010499115 0)
(0.000296875 0.0010499115 0)
(0.000328125 0.0010499116 0)
(0.000359375 0.0010499115 0)
(0.000390625 0.0010499116 0)
(0.000421875 0.0010499115 0)
(0.000453125 0.0010499115 0)
(0.000484375 0.0010499115 0)
(0.000515625 0.0010499115 0)
(0.000546875 0.0010499116 0)
(0.000578125 0.0010499116 0)
(0.000609375 0.0010499115 0)
(0.000640625 0.0010499116 0)
(0.000671875 0.0010499115 0)
(0.000703125 0.0010499116 0)
(0.000734375 0.0010499115 0)
(0.000765625 0.0010499115 0)
(0.000796875 0.0010499115 0)
(0.000828125 0.0010499115 0)
(0.000859375 0.0010499115 0)
(0.000890625 0.0010499115 0)
(0.000921875 0.0010499116 -1.0536785e-20)
(0.000953125 0.0010499115 0)
(0.000984375 0.0010499115 0)
(-0.000984375 0.0011528003 -6.2573968e-20)
(-0.000953125 0.0011528003 -6.2573968e-20)
(-0.000921875 0.0011528003 9.9270492e-21)
(-0.000890625 0.0011528003 -6.2573968e-20)
(-0.000859375 0.0011528003 -6.2573968e-20)
(-0.000828125 0.0011528003 -6.2573968e-20)
(-0.000796875 0.0011528003 -3.1286984e-20)
(-0.000765625 0.0011528003 -6.2573968e-20)
(-0.000734375 0.0011528003 -6.2573968e-20)
(-0.000703125 0.0011528003 -6.2573968e-20)
(-0.000671875 0.0011528003 -6.2573968e-20)
(-0.000640625 0.0011528003 -6.2573968e-20)
(-0.000609375 0.0011528003 -6.2573968e-20)
(-0.000578125 0.0011528003 -6.2573968e-20)
(-0.000546875 0.0011528003 -3.1286984e-20)
(-0.000515625 0.0011528003 -6.2573968e-20)
(-0.000484375 0.0011528003 -6.2573968e-20)
(-0.000453125 0.0011528003 -3.1286984e-20)
(-0.000421875 0.0011528003 -6.2573968e-20)
(-0.000390625 0.0011528003 3.1286984e-20)
(-0.000359375 0.0011528003 -6.2573968e-20)
(-0.000328125 0.0011528003 0)
(-0.000296875 0.0011528003 -6.2573968e-20)
(-0.000265625 0.0011528003 3.1286984e-20)
(-0.000234375 0.0011528003 3.1286984e-20)
(-0.000203125 0.0011528003 2.1359935e-20)
(-0.000171875 0.0011528003 0)
(-0.000140625 0.0011528003 2.1359935e-20)
(-0.000109375 0.0011528003 3.1286984e-20)
(-7.8125e-05 0.0011528003 0)
(-4.6875e-05 0.0011528003 0)
(-1.5625e-05 0.0011528003 0)
(1.5625e-05 0.0011528003 0)
(4.6875e-05 0.0011528003 0)
(7.8125e-05 0.0011528003 0)
(0.000109375 0.0011528003 2.1359935e-20)
(0.000140625 0.0011528003 3.1286984e-20)
(0.000171875 0.0011528003 0)
(0.000203125 0.0011528003 0)
(0.000234375 0.0011528003 2.1359935e-20)
(0.000265625 0.0011528003 -3.1286984e-20)
(0.000296875 0.0011528003 -6.2573968e-20)
(0.000328125 0.0011528003 0)
(0.000359375 0.0011528003 -6.2573968e-20)
(0.000390625 0.0011528003 0)
(0.000421875 0.0011528003 -6.2573968e-20)
(0.000453125 0.0011528003 3.1286984e-20)
(0.000484375 0.0011528003 -6.2573968e-20)
(0.000515625 0.0011528003 -6.2573968e-20)
(0.000546875 0.0011528003 9.9270492e-21)
(0.000578125 0.0011528003 -6.2573968e-20)
(0.000609375 0.0011528003 -6.2573968e-20)
(0.000640625 0.0011528003 -6.2573968e-20)
(0.000671875 0.0011528003 -6.2573968e-20)
(0.000703125 0.0011528003 -6.2573968e-20)
(0.000734375 0.0011528003 -6.2573968e-20)
(0.000765625 0.0011528003 -6.2573968e-20)
(0.000796875 0.0011528003 -6.2573968e-20)
(0.000828125 0.0011528003 -6.2573968e-20)
(0.000859375 0.0011528003 -6.2573968e-20)
(0.000890625 0.0011528003 -6.2573968e-20)
(0.000921875 0.0011528003 -3.1286984e-20)
(0.000953125 0.0011528003 -6.2573968e-20)
(0.000984375 0.0011528003 -6.2573968e-20)
(-0.000984375 0.0012620086 0)
(-0.000953125 0.0012620086 0)
(-0.000921875 0.0012620086 0)
(-0.000890625 0.0012620086 0)
(-0.000859375 0.0012620086 0)
(-0.000828125 0.0012620086 0)
(-0.000796875 0.0012620086 0)
(-0.000765625 0.0012620086 0)
(-0.000734375 0.0012620086 0)
(-0.000703125 0.0012620086 0)
(-0.000671875 0.0012620086 0)
(-0.000640625 0.0012620086 0)
(-0.000609375 0.0012620086 0)
(-0.000578125 0.0012620086 0)
(-0.000546875 0.0012620086 0)
(-0.000515625 0.0012620086 0)
(-0.000484375 0.0012620086 0)
(-0.000453125 0.0012620086 9.3526051e-21)
(-0.000421875 0.0012620086 0)
(-0.000390625 0.0012620086 -9.3526051e-21)
(-0.000359375 0.0012620086 0)
(-0.000328125 0.0012620086 0)
(-0.000296875 0.0012620086 0)
(-0.000265625 0.0012620086 -9.3526051e-21)
(-0.000234375 0.0012620086 0)
(-0.000203125 0.0012620086 0)
(-0.000171875 0.0012620086 0)
(-0.000140625 0.0012620086 0)
(-0.000109375 0.0012620086 0)
(-7.8125e-05 0.0012620086 0)
(-4.6875e-05 0.0012620086 0)
(-1.5625e-05 0.0012620086 0)
(1.5625e-05 0.0012620086 0)
(4.6875e-05 0.0012620086 0)
(7.8125e-05 0.0012620086 0)
(0.000109375 0.0012620086 0)
(0.000140625 0.0012620086 0)
(0.000171875 0.0012620086 0)
(0.000203125 0.0012620086 0)
(0.000234375 0.0012620086 0)
(0.000265625 0.0012620086 9.3526051e-21)
(0.000296875 0.0012620086 0)
(0.000328125 0.0012620086 0)
(0.000359375 0.0012620086 0)
(0.000390625 0.0012620086 0)
(0.000421875 0.0012620086 0)
(0.000453125 0.0012620086 -9.3526051e-21)
(0.000484375 0.0012620086 0)
(0.000515625 0.0012620086 0)
(0.000546875 0.0012620086 0)
(0.000578125 0.0012620086 0)
(0.000609375 0.0012620086 0)
(0.000640625 0.0012620086 0)
(0.000671875 0.0012620086 0)
(0.000703125 0.0012620086 0)
(0.000734375 0.0012620086 0)
(0.000765625 0.0012620086 0)
(0.000796875 0.0012620086 0)
(0.000828125 0.0012620086 0)
(0.000859375 0.0012620086 0)
(0.000890625 0.0012620086 0)
(0.000921875 0.0012620086 0)
(0.000953125 0.0012620086 0)
(0.000984375 0.0012620086 0)
(-0.000984375 0.0013779246 0)
(-0.000953125 0.0013779246 0)
(-0.000921875 0.0013779246 -1.9128628e-20)
(-0.000890625 0.0013779246 0)
(-0.000859375 0.0013779246 0)
(-0.000828125 0.0013779246 0)
(-0.000796875 0.0013779246 -8.8113957e-21)
(-0.000765625 0.0013779246 0)
(-0.000734375 0.0013779246 0)
(-0.000703125 0.0013779246 0)
(-0.000671875 0.0013779246 -1.9128628e-20)
(-0.000640625 0.0013779246 0)
(-0.000609375 0.0013779246 0)
(-0.000578125 0.0013779246 0)
(-0.000546875 0.0013779246 -8.8113957e-21)
(-0.000515625 0.0013779246 0)
(-0.000484375 0.0013779246 0)
(-0.000453125 0.0013779246 -1.7622791e-20)
(-0.000421875 0.0013779246 0)
(-0.000390625 0.0013779246 -1.7622791e-20)
(-0.000359375 0.0013779246 0)
(-0.000328125 0.0013779246 -1.7622791e-20)
(-0.000296875 0.0013779246 0)
(-0.000265625 0.0013779246 -1.7622791e-20)
(-0.000234375 0.0013779246 0)
(-0.000203125 0.0013779246 0)
(-0.000171875 0.0013779246 0)
(-0.000140625 0.0013779246 0)
(-0.000109375 0.0013779246 0)
(-7.8125e-05 0.0013779246 0)
(-4.6875e-05 0.0013779246 0)
(-1.5625e-05 0.0013779246 0)
(1.5625e-05 0.0013779246 0)
(4.6875e-05 0.0013779246 0)
(7.8125e-05 0.0013779246 0)
(0.000109375 0.0013779246 0)
(0.000140625 0.0013779246 0)
(0.000171875 0.0013779246 0)
(0.000203125 0.0013779246 0)
(0.000234375 0.0013779246 0)
(0.000265625 0.0013779246 -1.7622791e-20)
(0.000296875 0.0013779246 0)
(0.000328125 0.0013779246 -1.7622791e-20)
(0.000359375 0.0013779246 0)
(0.000390625 0.0013779246 -1.7622791e-20)
(0.000421875 0.0013779246 0)
(0.000453125 0.0013779246 -1.7622791e-20)
(0.000484375 0.0013779246 0)
(0.000515625 0.0013779246 0)
(0.000546875 0.0013779246 -1.9128628e-20)
(0.000578125 0.0013779246 0)
(0.000609375 0.0013779246 0)
(0.000640625 0.0013779246 0)
(0.000671875 0.0013779246 -1.9128628e-20)
(0.000703125 0.0013779246 0)
(0.000734375 0.0013779246 0)
(0.000765625 0.0013779246 0)
(0.000796875 0.0013779246 -1.9128628e-20)
(0.000828125 0.0013779246 0)
(0.000859375 0.0013779246 0)
(0.000890625 0.0013779246 0)
(0.000921875 0.0013779246 -8.8113957e-21)
(0.000953125 0.0013779246 0)
(0.000984375 0.0013779246 0)
(-0.000984375 0.0015009603 0)
(-0.000953125 0.0015009603 0)
(-0.000921875 0.0015009603 0)
(-0.000890625 0.0015009603 0)
(-0.000859375 0.0015009603 0)
(-0.000828125 0.0015009603 0)
(-0.000796875 0.0015009603 0)
(-0.000765625 0.0015009603 0)
(-0.000734375 0.0015009603 0)
(-0.000703125 0.0015009603 0)
(-0.000671875 0.0015009603 0)
(-0.000640625 0.0015009603 0)
(-0.000609375 0.0015009603 0)
(-0.000578125 0.0015009603 0)
(-0.000546875 0.0015009603 0)
(-0.000515625 0.0015009603 0)
(-0.000484375 0.0015009603 0)
(-0.000453125 0.0015009603 1.8108855e-20)
(-0.000421875 0.0015009603 0)
(-0.000390625 0.0015009603 -1.8108855e-20)
(-0.000359375 0.0015009603 0)
(-0.000328125 0.0015009603 0)
(-0.000296875 0.0015009603 0)
(-0.000265625 0.0015009603 -1.8108855e-20)
(-0.000234375 0.0015009603 0)
(-0.000203125 0.0015009603 0)
(-0.000171875 0.0015009603 0)
(-0.000140625 0.0015009603 0)
(-0.000109375 0.0015009603 0)
(-7.8125e-05 0.0015009603 0)
(-4.6875e-05 0.0015009603 0)
(-1.5625e-05 0.0015009603 0)
(1.5625e-05 0.0015009603 0)
(4.6875e-05 0.0015009603 0)
(7.8125e-05 0.0015009603 0)
(0.000109375 0.0015009603 0)
(0.000140625 0.0015009603 0)
(0.000171875 0.0015009603 0)
(0.000203125 0.0015009603 0)
(0.000234375 0.0015009603 0)
(0.000265625 0.0015009603 1.8108855e-20)
(0.000296875 0.0015009603 0)
(0.000328125 0.0015009603 0)
(0.000359375 0.0015009603 0)
(0.000390625 0.0015009603 0)
(0.000421875 0.0015009603 0)
(0.000453125 0.0015009603 -1.8108855e-20)
(0.000484375 0.0015009603 0)
(0.000515625 0.0015009603 0)
(0.000546875 0.0015009603 0)
(0.000578125 0.0015009603 0)
(0.000609375 0.0015009603 0)
(0.000640625 0.0015009603 0)
(0.000671875 0.0015009603 0)
(0.000703125 0.0015009603 0)
(0.000734375 0.0015009603 0)
(0.000765625 0.0015009603 0)
(0.000796875 0.0015009603 0)
(0.000828125 0.0015009603 0)
(0.000859375 0.0015009603 0)
(0.000890625 0.0015009603 0)
(0.000921875 0.0015009603 0)
(0.000953125 0.0015009603 0)
(0.000984375 0.0015009603 0)
(-0.000984375 0.001631553 0)
(-0.000953125 0.001631553 0)
(-0.000921875 0.001631553 2.496921e-20)
(-0.000890625 0.001631553 0)
(-0.000859375 0.001631553 0)
(-0.000828125 0.001631553 0)
(-0.000796875 0.001631553 0)
(-0.000765625 0.001631553 0)
(-0.000734375 0.001631553 0)
(-0.000703125 0.001631553 0)
(-0.000671875 0.001631553 2.496921e-20)
(-0.000640625 0.001631553 0)
(-0.000609375 0.001631553 0)
(-0.000578125 0.001631553 0)
(-0.000546875 0.001631553 0)
(-0.000515625 0.001631553 0)
(-0.000484375 0.001631553 0)
(-0.000453125 0.001631553 2.496921e-20)
(-0.000421875 0.001631553 0)
(-0.000390625 0.001631553 0)
(-0.000359375 0.001631553 0)
(-0.000328125 0.001631553 2.496921e-20)
(-0.000296875 0.001631553 0)
(-0.000265625 0.001631553 0)
(-0.000234375 0.001631553 -1.7148085e-20)
(-0.000203125 0.001631553 -3.2790334e-20)
(-0.000171875 0.001631553 -1.7148085e-20)
(-0.000140625 0.001631553 -3.2790334e-20)
(-0.000109375 0.001631553 -3.2790334e-20)
(-7.8125e-05 0.001631553 0)
(-4.6875e-05 0.001631553 0)
(-1.5625e-05 0.001631553 0)
(1.5625e-05 0.001631553 0)
(4.6875e-05 0.001631553 0)
(7.8125e-05 0.001631553 0)
(0.000109375 0.001631553 0)
(0.000140625 0.001631553 -1.7148085e-20)
(0.000171875 0.001631553 -1.7148085e-20)
(0.000203125 0.001631553 -1.7148085e-20)
(0.000234375 0.001631553 -3.2790334e-20)
(0.000265625 0.001631553 2.496921e-20)
(0.000296875 0.001631553 0)
(0.000328125 0.001631553 2.496921e-20)
(0.000359375 0.001631553 0)
(0.000390625 0.001631553 2.496921e-20)
(0.000421875 0.001631553 0)
(0.000453125 0.001631553 0)
(0.000484375 0.001631553 0)
(0.000515625 0.001631553 0)
(0.000546875 0.001631553 2.496921e-20)
(0.000578125 0.001631553 0)
(0.000609375 0.001631553 0)
(0.000640625 0.001631553 0)
(0.000671875 0.001631553 2.496921e-20)
(0.000703125 0.001631553 0)
(0.000734375 0.001631553 0)
(0.000765625 0.001631553 0)
(0.000796875 0.001631553 2.496921e-20)
(0.000828125 0.001631553 0)
(0.000859375 0.001631553 0)
(0.000890625 0.001631553 0)
(0.000921875 0.001631553 0)
(0.000953125 0.001631553 0)
(0.000984375 0.001631553 0)
(-0.000984375 0.0017701669 0)
(-0.000953125 0.0017701669 0)
(-0.000921875 0.0017701669 0)
(-0.000890625 0.0017701669 0)
(-0.000859375 0.0017701669 0)
(-0.000828125 0.0017701669 0)
(-0.000796875 0.0017701669 -1.6242912e-20)
(-0.000765625 0.0017701669 0)
(-0.000734375 0.0017701669 0)
(-0.000703125 0.0017701669 0)
(-0.000671875 0.0017701669 0)
(-0.000640625 0.0017701669 0)
(-0.000609375 0.0017701669 0)
(-0.000578125 0.0017701669 0)
(-0.000546875 0.0017701669 -1.6242912e-20)
(-0.000515625 0.0017701669 0)
(-0.000484375 0.0017701669 0)
(-0.000453125 0.0017701669 3.0979987e-20)
(-0.000421875 0.0017701669 0)
(-0.000390625 0.0017701669 0)
(-0.000359375 0.0017701669 0)
(-0.000328125 0.0017701669 3.0979987e-20)
(-0.000296875 0.0017701669 0)
(-0.000265625 0.0017701669 0)
(-0.000234375 0.0017701669 -1.4737075e-20)
(-0.000203125 0.0017701669 -1.6242912e-20)
(-0.000171875 0.0017701669 -3.0979987e-20)
(-0.000140625 0.0017701669 -1.6242912e-20)
(-0.000109375 0.0017701669 0)
(-7.8125e-05 0.0017701669 0)
(-4.6875e-05 0.0017701669 0)
(-1.5625e-05 0.0017701669 0)
(1.5625e-05 0.0017701669 0)
(4.6875e-05 0.0017701669 0)
(7.8125e-05 0.0017701669 0)
(0.000109375 0.0017701669 0)
(0.000140625 0.0017701669 -1.4737075e-20)
(0.000171875 0.0017701669 -3.0979987e-20)
(0.000203125 0.0017701669 -3.0979987e-20)
(0.000234375 0.0017701669 -1.6242912e-20)
(0.000265625 0.0017701669 3.0979987e-20)
(0.000296875 0.0017701669 0)
(0.000328125 0.0017701669 3.0979987e-20)
(0.000359375 0.0017701669 0)
(0.000390625 0.0017701669 3.0979987e-20)
(0.000421875 0.0017701669 0)
(0.000453125 0.0017701669 0)
(0.000484375 0.0017701669 0)
(0.000515625 0.0017701669 0)
(0.000546875 0.0017701669 0)
(0.000578125 0.0017701669 0)
(0.000609375 0.0017701669 0)
(0.000640625 0.0017701669 0)
(0.000671875 0.0017701669 0)
(0.000703125 0.0017701669 0)
(0.000734375 0.0017701669 0)
(0.000765625 0.0017701669 0)
(0.000796875 0.0017701669 0)
(0.000828125 0.0017701669 0)
(0.000859375 0.0017701669 0)
(0.000890625 0.0017701669 0)
(0.000921875 0.0017701669 -1.6242912e-20)
(0.000953125 0.0017701669 0)
(0.000984375 0.0017701669 0)
(-0.000984375 0.0019172946 0)
(-0.000953125 0.0019172946 0)
(-0.000921875 0.0019172946 -3.6216553e-20)
(-0.000890625 0.0019172946 0)
(-0.000859375 0.0019172946 0)
(-0.000828125 0.0019172946 0)
(-0.000796875 0.0019172946 0)
(-0.000765625 0.0019172946 0)
(-0.000734375 0.0019172946 0)
(-0.000703125 0.0019172946 0)
(-0.000671875 0.0019172946 -3.6216553e-20)
(-0.000640625 0.0019172946 0)
(-0.000609375 0.0019172946 0)
(-0.000578125 0.0019172946 0)
(-0.000546875 0.0019172946 0)
(-0.000515625 0.0019172946 0)
(-0.000484375 0.0019172946 0)
(-0.000453125 0.0019172947 0)
(-0.000421875 0.0019172946 0)
(-0.000390625 0.0019172946 -1.5390123e-20)
(-0.000359375 0.0019172946 0)
(-0.000328125 0.0019172947 3.6216553e-20)
(-0.000296875 0.0019172946 0)
(-0.000265625 0.0019172947 -1.5390123e-20)
(-0.000234375 0.0019172946 0)
(-0.000203125 0.0019172946 0)
(-0.000171875 0.0019172946 0)
(-0.000140625 0.0019172946 0)
(-0.000109375 0.0019172947 0)
(-7.8125e-05 0.0019172947 0)
(-4.6875e-05 0.0019172946 0)
(-1.5625e-05 0.0019172947 0)
(1.5625e-05 0.0019172947 0)
(4.6875e-05 0.0019172946 0)
(7.8125e-05 0.0019172946 0)
(0.000109375 0.0019172946 0)
(0.000140625 0.0019172946 0)
(0.000171875 0.0019172947 0)
(0.000203125 0.0019172947 0)
(0.000234375 0.0019172946 0)
(0.000265625 0.0019172947 0)
(0.000296875 0.0019172946 0)
(0.000328125 0.0019172947 3.6216553e-20)
(0.000359375 0.0019172946 0)
(0.000390625 0.0019172947 3.6216553e-20)
(0.000421875 0.0019172946 0)
(0.000453125 0.0019172946 -1.5390123e-20)
(0.000484375 0.0019172946 0)
(0.000515625 0.0019172946 0)
(0.000546875 0.0019172946 -3.6216553e-20)
(0.000578125 0.0019172946 0)
(0.000609375 0.0019172946 0)
(0.000640625 0.0019172946 0)
(0.000671875 0.0019172946 -3.6216553e-20)
(0.000703125 0.0019172946 0)
(0.000734375 0.0019172946 0)
(0.000765625 0.0019172946 0)
(0.000796875 0.0019172946 -3.6216553e-20)
(0.000828125 0.0019172946 0)
(0.000859375 0.0019172946 0)
(0.000890625 0.0019172946 0)
(0.000921875 0.0019172946 0)
(0.000953125 0.0019172946 0)
(0.000984375 0.0019172946 0)
(-0.000984375 0.0020734591 0)
(-0.000953125 0.0020734591 0)
(-0.000921875 0.0020734591 -2.766753e-20)
(-0.000890625 0.0020734591 0)
(-0.000859375 0.0020734591 0)
(-0.000828125 0.0020734592 0)
(-0.000796875 0.0020734591 4.0748377e-20)
(-0.000765625 0.0020734591 0)
(-0.000734375 0.0020734591 0)
(-0.000703125 0.0020734591 0)
(-0.000671875 0.0020734591 1.3080847e-20)
(-0.000640625 0.0020734592 0)
(-0.000609375 0.0020734592 0)
(-0.000578125 0.0020734591 0)
(-0.000546875 0.0020734592 4.0748377e-20)
(-0.000515625 0.0020734591 0)
(-0.000484375 0.0020734591 0)
(-0.000453125 0.0020734591 -1.4586683e-20)
(-0.000421875 0.0020734591 0)
(-0.000390625 0.0020734591 1.4586683e-20)
(-0.000359375 0.0020734591 0)
(-0.000328125 0.0020734591 0)
(-0.000296875 0.0020734591 0)
(-0.000265625 0.0020734591 1.4586683e-20)
(-0.000234375 0.0020734592 -1.4586683e-20)
(-0.000203125 0.0020734591 0)
(-0.000171875 0.0020734591 -1.4586683e-20)
(-0.000140625 0.0020734592 0)
(-0.000109375 0.0020734591 0)
(-7.8125e-05 0.0020734591 0)
(-4.6875e-05 0.0020734592 0)
(-1.5625e-05 0.0020734591 0)
(1.5625e-05 0.0020734591 0)
(4.6875e-05 0.0020734592 0)
(7.8125e-05 0.0020734591 0)
(0.000109375 0.0020734592 0)
(0.000140625 0.0020734592 -1.4586683e-20)
(0.000171875 0.0020734591 -1.4586683e-20)
(0.000203125 0.0020734591 -1.4586683e-20)
(0.000234375 0.0020734592 0)
(0.000265625 0.0020734591 -1.4586683e-20)
(0.000296875 0.0020734591 0)
(0.000328125 0.0020734591 0)
(0.000359375 0.0020734591 0)
(0.000390625 0.0020734591 0)
(0.000421875 0.0020734591 0)
(0.000453125 0.0020734591 1.4586683e-20)
(0.000484375 0.0020734591 0)
(0.000515625 0.0020734591 0)
(0.000546875 0.0020734592 -2.766753e-20)
(0.000578125 0.0020734592 0)
(0.000609375 0.0020734591 0)
(0.000640625 0.0020734591 0)
(0.000671875 0.0020734591 1.3080847e-20)
(0.000703125 0.0020734592 0)
(0.000734375 0.0020734591 0)
(0.000765625 0.0020734591 0)
(0.000796875 0.0020734591 1.3080847e-20)
(0.000828125 0.0020734592 0)
(0.000859375 0.0020734591 0)
(0.000890625 0.0020734591 0)
(0.000921875 0.0020734591 4.0748377e-20)
(0.000953125 0.0020734592 0)
(0.000984375 0.0020734591 0)
(-0.000984375 0.0022392155 0)
(-0.000953125 0.0022392155 0)
(-0.000921875 0.0022392155 0)
(-0.000890625 0.0022392155 0)
(-0.000859375 0.0022392155 0)
(-0.000828125 0.0022392155 0)
(-0.000796875 0.0022392155 3.8477532e-20)
(-0.000765625 0.0022392155 0)
(-0.000734375 0.0022392155 0)
(-0.000703125 0.0022392155 0)
(-0.000671875 0.0022392155 -1.3829735e-20)
(-0.000640625 0.0022392155 0)
(-0.000609375 0.0022392155 0)
(-0.000578125 0.0022392155 0)
(-0.000546875 0.0022392155 3.8477532e-20)
(-0.000515625 0.0022392155 0)
(-0.000484375 0.0022392154 0)
(-0.000453125 0.0022392155 -2.6153633e-20)
(-0.000421875 0.0022392155 0)
(-0.000390625 0.0022392155 2.6153633e-20)
(-0.000359375 0.0022392155 0)
(-0.000328125 0.0022392155 0)
(-0.000296875 0.0022392155 0)
(-0.000265625 0.0022392154 2.6153633e-20)
(-0.000234375 0.0022392154 0)
(-0.000203125 0.0022392154 2.6153633e-20)
(-0.000171875 0.0022392155 2.6153633e-20)
(-0.000140625 0.0022392155 2.6153633e-20)
(-0.000109375 0.0022392154 0)
(-7.8125e-05 0.0022392154 0)
(-4.6875e-05 0.0022392155 0)
(-1.5625e-05 0.0022392154 0)
(1.5625e-05 0.0022392154 0)
(4.6875e-05 0.0022392155 0)
(7.8125e-05 0.0022392155 0)
(0.000109375 0.0022392155 0)
(0.000140625 0.0022392155 0)
(0.000171875 0.0022392155 2.6153633e-20)
(0.000203125 0.0022392154 2.6153633e-20)
(0.000234375 0.0022392155 2.6153633e-20)
(0.000265625 0.0022392155 -2.6153633e-20)
(0.000296875 0.0022392154 0)
(0.000328125 0.0022392155 0)
(0.000359375 0.0022392155 0)
(0.000390625 0.0022392154 0)
(0.000421875 0.0022392155 0)
(0.000453125 0.0022392155 2.6153633e-20)
(0.000484375 0.0022392154 0)
(0.000515625 0.0022392155 0)
(0.000546875 0.0022392155 0)
(0.000578125 0.0022392155 0)
(0.000609375 0.0022392155 0)
(0.000640625 0.0022392155 0)
(0.000671875 0.0022392155 -1.3829735e-20)
(0.000703125 0.0022392155 0)
(0.000734375 0.0022392155 0)
(0.000765625 0.0022392155 0)
(0.000796875 0.0022392155 -1.3829735e-20)
(0.000828125 0.0022392155 0)
(0.000859375 0.0022392155 0)
(0.000890625 0.0022392155 0)
(0.000921875 0.0022392154 3.8477532e-20)
(0.000953125 0.0022392155 0)
(0.000984375 0.0022392155 0)
(-0.000984375 0.0024151527 0)
(-0.000953125 0.0024151527 0)
(-0.000921875 0.0024151527 2.472734e-20)
(-0.000890625 0.0024151527 0)
(-0.000859375 0.0024151527 0)
(-0.000828125 0.0024151527 0)
(-0.000796875 0.0024151527 0)
(-0.000765625 0.0024151527 0)
(-0.000734375 0.0024151527 0)
(-0.000703125 0.0024151527 0)
(-0.000671875 0.0024151527 2.472734e-20)
(-0.000640625 0.0024151527 0)
(-0.000609375 0.0024151527 0)
(-0.000578125 0.0024151527 0)
(-0.000546875 0.0024151527 0)
(-0.000515625 0.0024151527 0)
(-0.000484375 0.0024151527 0)
(-0.000453125 0.0024151527 0)
(-0.000421875 0.0024151527 0)
(-0.000390625 0.0024151527 1.1610752e-20)
(-0.000359375 0.0024151527 0)
(-0.000328125 0.0024151527 0)
(-0.000296875 0.0024151527 0)
(-0.000265625 0.0024151527 1.1610752e-20)
(-0.000234375 0.0024151527 0)
(-0.000203125 0.0024151527 0)
(-0.000171875 0.0024151527 0)
(-0.000140625 0.0024151527 0)
(-0.000109375 0.0024151527 0)
(-7.8125e-05 0.0024151527 0)
(-4.6875e-05 0.0024151527 0)
(-1.5625e-05 0.0024151527 0)
(1.5625e-05 0.0024151527 0)
(4.6875e-05 0.0024151527 0)
(7.8125e-05 0.0024151527 0)
(0.000109375 0.0024151527 0)
(0.000140625 0.0024151527 0)
(0.000171875 0.0024151527 0)
(0.000203125 0.0024151527 0)
(0.000234375 0.0024151527 0)
(0.000265625 0.0024151527 0)
(0.000296875 0.0024151527 0)
(0.000328125 0.0024151527 0)
(0.000359375 0.0024151527 0)
(0.000390625 0.0024151527 0)
(0.000421875 0.0024151527 0)
(0.000453125 0.0024151527 1.1610752e-20)
(0.000484375 0.0024151527 0)
(0.000515625 0.0024151527 0)
(0.000546875 0.0024151527 2.472734e-20)
(0.000578125 0.0024151527 0)
(0.000609375 0.0024151527 0)
(0.000640625 0.0024151527 0)
(0.000671875 0.0024151527 2.472734e-20)
(0.000703125 0.0024151527 0)
(0.000734375 0.0024151527 0)
(0.000765625 0.0024151527 0)
(0.000796875 0.0024151527 2.472734e-20)
(0.000828125 0.0024151527 0)
(0.000859375 0.0024151527 0)
(0.000890625 0.0024151527 0)
(0.000921875 0.0024151527 0)
(0.000953125 0.0024151527 0)
(0.000984375 0.0024151527 0)
(-0.000984375 0.0026018962 0)
(-0.000953125 0.0026018962 0)
(-0.000921875 0.0026018963 5.7706027e-20)
(-0.000890625 0.0026018962 0)
(-0.000859375 0.0026018962 0)
(-0.000828125 0.0026018962 0)
(-0.000796875 0.0026018962 -5.7706027e-20)
(-0.000765625 0.0026018962 0)
(-0.000734375 0.0026018962 0)
(-0.000703125 0.0026018962 0)
(-0.000671875 0.0026018962 0)
(-0.000640625 0.0026018962 0)
(-0.000609375 0.0026018962 0)
(-0.000578125 0.0026018962 0)
(-0.000546875 0.0026018962 -5.7706027e-20)
(-0.000515625 0.0026018962 0)
(-0.000484375 0.0026018962 0)
(-0.000453125 0.0026018962 0)
(-0.000421875 0.0026018962 0)
(-0.000390625 0.0026018962 0)
(-0.000359375 0.0026018962 0)
(-0.000328125 0.0026018963 0)
(-0.000296875 0.0026018962 0)
(-0.000265625 0.0026018962 0)
(-0.000234375 0.0026018963 0)
(-0.000203125 0.0026018963 -1.2444707e-20)
(-0.000171875 0.0026018962 0)
(-0.000140625 0.0026018962 -1.2444707e-20)
(-0.000109375 0.0026018963 0)
(-7.8125e-05 0.0026018963 0)
(-4.6875e-05 0.0026018963 0)
(-1.5625e-05 0.0026018963 0)
(1.5625e-05 0.0026018963 0)
(4.6875e-05 0.0026018962 0)
(7.8125e-05 0.0026018963 0)
(0.000109375 0.0026018962 -1.2444707e-20)
(0.000140625 0.0026018962 0)
(0.000171875 0.0026018963 0)
(0.000203125 0.0026018962 0)
(0.000234375 0.0026018962 -1.2444707e-20)
(0.000265625 0.0026018962 0)
(0.000296875 0.0026018962 0)
(0.000328125 0.0026018962 0)
(0.000359375 0.0026018962 0)
(0.000390625 0.0026018962 0)
(0.000421875 0.0026018962 0)
(0.000453125 0.0026018962 0)
(0.000484375 0.0026018962 0)
(0.000515625 0.0026018962 0)
(0.000546875 0.0026018963 5.7706027e-20)
(0.000578125 0.0026018963 0)
(0.000609375 0.0026018962 0)
(0.000640625 0.0026018963 0)
(0.000671875 0.0026018962 0)
(0.000703125 0.0026018962 0)
(0.000734375 0.0026018962 0)
(0.000765625 0.0026018963 0)
(0.000796875 0.0026018962 0)
(0.000828125 0.0026018962 0)
(0.000859375 0.0026018962 0)
(0.000890625 0.0026018962 0)
(0.000921875 0.0026018962 -5.7706027e-20)
(0.000953125 0.0026018962 0)
(0.000984375 0.0026018962 0)
(-0.000984375 0.0028001098 0)
(-0.000953125 0.0028001098 0)
(-0.000921875 0.0028001098 -1.030587e-20)
(-0.000890625 0.0028001098 0)
(-0.000859375 0.0028001098 0)
(-0.000828125 0.0028001098 0)
(-0.000796875 0.0028001098 0)
(-0.000765625 0.0028001098 0)
(-0.000734375 0.0028001098 0)
(-0.000703125 0.0028001098 0)
(-0.000671875 0.0028001099 3.2423447e-20)
(-0.000640625 0.0028001098 0)
(-0.000609375 0.0028001098 0)
(-0.000578125 0.0028001098 0)
(-0.000546875 0.0028001098 0)
(-0.000515625 0.0028001098 0)
(-0.000484375 0.0028001098 0)
(-0.000453125 0.0028001098 -4.2729317e-20)
(-0.000421875 0.0028001098 0)
(-0.000390625 0.0028001098 -4.2729317e-20)
(-0.000359375 0.0028001098 0)
(-0.000328125 0.0028001098 -4.2729317e-20)
(-0.000296875 0.0028001098 0)
(-0.000265625 0.0028001098 -4.2729317e-20)
(-0.000234375 0.0028001098 3.2423447e-20)
(-0.000203125 0.0028001098 0)
(-0.000171875 0.0028001098 3.2423447e-20)
(-0.000140625 0.0028001098 0)
(-0.000109375 0.0028001098 0)
(-7.8125e-05 0.0028001098 0)
(-4.6875e-05 0.0028001098 0)
(-1.5625e-05 0.0028001098 0)
(1.5625e-05 0.0028001098 0)
(4.6875e-05 0.0028001098 0)
(7.8125e-05 0.0028001098 0)
(0.000109375 0.0028001098 0)
(0.000140625 0.0028001098 3.2423447e-20)
(0.000171875 0.0028001098 3.2423447e-20)
(0.000203125 0.0028001098 3.2423447e-20)
(0.000234375 0.0028001098 0)
(0.000265625 0.0028001098 -4.2729317e-20)
(0.000296875 0.0028001098 0)
(0.000328125 0.0028001098 -4.2729317e-20)
(0.000359375 0.0028001098 0)
(0.000390625 0.0028001098 -4.2729317e-20)
(0.000421875 0.0028001098 0)
(0.000453125 0.0028001098 -4.2729317e-20)
(0.000484375 0.0028001098 0)
(0.000515625 0.0028001098 0)
(0.000546875 0.0028001098 -1.030587e-20)
(0.000578125 0.0028001098 0)
(0.000609375 0.0028001098 0)
(0.000640625 0.0028001098 0)
(0.000671875 0.0028001098 3.2423447e-20)
(0.000703125 0.0028001098 0)
(0.000734375 0.0028001098 0)
(0.000765625 0.0028001098 0)
(0.000796875 0.0028001099 3.2423447e-20)
(0.000828125 0.0028001098 0)
(0.000859375 0.0028001098 0)
(0.000890625 0.0028001098 0)
(0.000921875 0.0028001098 0)
(0.000953125 0.0028001098 0)
(0.000984375 0.0028001098 0)
(-0.000984375 0.003010498 0)
(-0.000953125 0.003010498 0)
(-0.000921875 0.003010498 0)
(-0.000890625 0.003010498 0)
(-0.000859375 0.003010498 0)
(-0.000828125 0.003010498 0)
(-0.000796875 0.003010498 2.0924835e-20)
(-0.000765625 0.003010498 0)
(-0.000734375 0.003010498 0)
(-0.000703125 0.003010498 0)
(-0.000671875 0.003010498 0)
(-0.000640625 0.003010498 0)
(-0.000609375 0.003010498 0)
(-0.000578125 0.003010498 0)
(-0.000546875 0.003010498 2.0924835e-20)
(-0.000515625 0.003010498 0)
(-0.000484375 0.003010498 0)
(-0.000453125 0.003010498 -5.155917e-20)
(-0.000421875 0.003010498 0)
(-0.000390625 0.003010498 -6.1268669e-20)
(-0.000359375 0.003010498 0)
(-0.000328125 0.003010498 -5.155917e-20)
(-0.000296875 0.003010498 0)
(-0.000265625 0.003010498 -6.1268669e-20)
(-0.000234375 0.003010498 1.1215336e-20)
(-0.000203125 0.003010498 0)
(-0.000171875 0.003010498 1.1215336e-20)
(-0.000140625 0.003010498 0)
(-0.000109375 0.003010498 1.1215336e-20)
(-7.8125e-05 0.003010498 -1.9418999e-20)
(-4.6875e-05 0.003010498 -1.9418999e-20)
(-1.5625e-05 0.003010498 -1.9418999e-20)
(1.5625e-05 0.003010498 -1.9418999e-20)
(4.6875e-05 0.003010498 -1.9418999e-20)
(7.8125e-05 0.003010498 -1.9418999e-20)
(0.000109375 0.003010498 -3.0634335e-20)
(0.000140625 0.003010498 1.1215336e-20)
(0.000171875 0.003010498 1.1215336e-20)
(0.000203125 0.003010498 1.1215336e-20)
(0.000234375 0.003010498 0)
(0.000265625 0.003010498 -5.155917e-20)
(0.000296875 0.003010498 0)
(0.000328125 0.003010498 -5.155917e-20)
(0.000359375 0.003010498 0)
(0.000390625 0.003010498 -5.155917e-20)
(0.000421875 0.003010498 0)
(0.000453125 0.003010498 -6.1268669e-20)
(0.000484375 0.003010498 0)
(0.000515625 0.003010498 0)
(0.000546875 0.003010498 0)
(0.000578125 0.003010498 0)
(0.000609375 0.003010498 0)
(0.000640625 0.003010498 0)
(0.000671875 0.003010498 0)
(0.000703125 0.003010498 0)
(0.000734375 0.003010498 0)
(0.000765625 0.003010498 0)
(0.000796875 0.003010498 0)
(0.000828125 0.003010498 0)
(0.000859375 0.003010498 0)
(0.000890625 0.003010498 0)
(0.000921875 0.003010498 2.0924835e-20)
(0.000953125 0.003010498 0)
(0.000984375 0.003010498 0)
(-0.000984375 0.0032338084 0)
(-0.000953125 0.0032338084 0)
(-0.000921875 0.0032338084 0)
(-0.000890625 0.0032338084 0)
(-0.000859375 0.0032338084 0)
(-0.000828125 0.0032338084 0)
(-0.000796875 0.0032338084 0)
(-0.000765625 0.0032338084 0)
(-0.000734375 0.0032338084 0)
(-0.000703125 0.0032338084 0)
(-0.000671875 0.0032338084 0)
(-0.000640625 0.0032338084 0)
(-0.000609375 0.0032338084 0)
(-0.000578125 0.0032338084 0)
(-0.000546875 0.0032338084 0)
(-0.000515625 0.0032338084 0)
(-0.000484375 0.0032338084 0)
(-0.000453125 0.0032338084 0)
(-0.000421875 0.0032338084 0)
(-0.000390625 0.0032338084 0)
(-0.000359375 0.0032338084 0)
(-0.000328125 0.0032338084 0)
(-0.000296875 0.0032338084 0)
(-0.000265625 0.0032338084 0)
(-0.000234375 0.0032338084 0)
(-0.000203125 0.0032338084 0)
(-0.000171875 0.0032338084 0)
(-0.000140625 0.0032338084 0)
(-0.000109375 0.0032338084 0)
(-7.8125e-05 0.0032338084 0)
(-4.6875e-05 0.0032338084 0)
(-1.5625e-05 0.0032338084 0)
(1.5625e-05 0.0032338084 0)
(4.6875e-05 0.0032338084 0)
(7.8125e-05 0.0032338084 0)
(0.000109375 0.0032338084 0)
(0.000140625 0.0032338084 0)
(0.000171875 0.0032338084 0)
(0.000203125 0.0032338084 0)
(0.000234375 0.0032338084 0)
(0.000265625 0.0032338084 0)
(0.000296875 0.0032338084 0)
(0.000328125 0.0032338084 0)
(0.000359375 0.0032338084 0)
(0.000390625 0.0032338084 0)
(0.000421875 0.0032338084 0)
(0.000453125 0.0032338084 0)
(0.000484375 0.0032338084 0)
(0.000515625 0.0032338084 0)
(0.000546875 0.0032338084 0)
(0.000578125 0.0032338084 0)
(0.000609375 0.0032338084 0)
(0.000640625 0.0032338084 0)
(0.000671875 0.0032338084 0)
(0.000703125 0.0032338084 0)
(0.000734375 0.0032338084 0)
(0.000765625 0.0032338084 0)
(0.000796875 0.0032338084 0)
(0.000828125 0.0032338084 0)
(0.000859375 0.0032338084 0)
(0.000890625 0.0032338084 0)
(0.000921875 0.0032338084 0)
(0.000953125 0.0032338084 0)
(0.000984375 0.0032338084 0)
(-0.000984375 0.0034708348 2.7360719e-20)
(-0.000953125 0.0034708348 2.7360719e-20)
(-0.000921875 0.0034708348 0)
(-0.000890625 0.0034708348 2.7360719e-20)
(-0.000859375 0.0034708348 2.7360719e-20)
(-0.000828125 0.0034708348 2.7360719e-20)
(-0.000796875 0.0034708348 0)
(-0.000765625 0.0034708348 2.7360719e-20)
(-0.000734375 0.0034708348 2.7360719e-20)
(-0.000703125 0.0034708348 2.7360719e-20)
(-0.000671875 0.0034708348 0)
(-0.000640625 0.0034708348 2.7360719e-20)
(-0.000609375 0.0034708348 2.7360719e-20)
(-0.000578125 0.0034708348 2.7360719e-20)
(-0.000546875 0.0034708348 0)
(-0.000515625 0.0034708348 2.7360719e-20)
(-0.000484375 0.0034708348 2.7360719e-20)
(-0.000453125 0.0034708348 0)
(-0.000421875 0.0034708348 2.7360719e-20)
(-0.000390625 0.0034708348 0)
(-0.000359375 0.0034708348 2.7360719e-20)
(-0.000328125 0.0034708348 0)
(-0.000296875 0.0034708348 2.7360719e-20)
(-0.000265625 0.0034708348 0)
(-0.000234375 0.0034708348 0)
(-0.000203125 0.0034708348 0)
(-0.000171875 0.0034708348 0)
(-0.000140625 0.0034708348 0)
(-0.000109375 0.0034708348 0)
(-7.8125e-05 0.0034708348 0)
(-4.6875e-05 0.0034708348 0)
(-1.5625e-05 0.0034708348 0)
(1.5625e-05 0.0034708348 0)
(4.6875e-05 0.0034708348 0)
(7.8125e-05 0.0034708348 0)
(0.000109375 0.0034708348 0)
(0.000140625 0.0034708348 0)
(0.000171875 0.0034708348 0)
(0.000203125 0.0034708348 0)
(0.000234375 0.0034708348 0)
(0.000265625 0.0034708348 0)
(0.000296875 0.0034708348 2.7360719e-20)
(0.000328125 0.0034708348 0)
(0.000359375 0.0034708348 2.7360719e-20)
(0.000390625 0.0034708348 0)
(0.000421875 0.0034708348 2.7360719e-20)
(0.000453125 0.0034708348 0)
(0.000484375 0.0034708348 2.7360719e-20)
(0.000515625 0.0034708348 2.7360719e-20)
(0.000546875 0.0034708348 0)
(0.000578125 0.0034708348 2.7360719e-20)
(0.000609375 0.0034708348 2.7360719e-20)
(0.000640625 0.0034708348 2.7360719e-20)
(0.000671875 0.0034708348 0)
(0.000703125 0.0034708348 2.7360719e-20)
(0.000734375 0.0034708348 2.7360719e-20)
(0.000765625 0.0034708348 2.7360719e-20)
(0.000796875 0.0034708348 0)
(0.000828125 0.0034708348 2.7360719e-20)
(0.000859375 0.0034708348 2.7360719e-20)
(0.000890625 0.0034708348 2.7360719e-20)
(0.000921875 0.0034708348 0)
(0.000953125 0.0034708348 2.7360719e-20)
(0.000984375 0.0034708348 2.7360719e-20)
(-0.000984375 0.0037224197 0)
(-0.000953125 0.0037224197 0)
(-0.000921875 0.0037224197 3.3984159e-20)
(-0.000890625 0.0037224197 0)
(-0.000859375 0.0037224197 0)
(-0.000828125 0.0037224197 0)
(-0.000796875 0.0037224197 0)
(-0.000765625 0.0037224197 0)
(-0.000734375 0.0037224197 0)
(-0.000703125 0.0037224197 0)
(-0.000671875 0.0037224197 3.3984159e-20)
(-0.000640625 0.0037224197 0)
(-0.000609375 0.0037224197 0)
(-0.000578125 0.0037224197 0)
(-0.000546875 0.0037224197 0)
(-0.000515625 0.0037224197 0)
(-0.000484375 0.0037224197 0)
(-0.000453125 0.0037224197 -3.3984159e-20)
(-0.000421875 0.0037224197 0)
(-0.000390625 0.0037224197 3.3984159e-20)
(-0.000359375 0.0037224197 0)
(-0.000328125 0.0037224197 0)
(-0.000296875 0.0037224197 0)
(-0.000265625 0.0037224197 3.3984159e-20)
(-0.000234375 0.0037224197 -3.3984159e-20)
(-0.000203125 0.0037224197 0)
(-0.000171875 0.0037224197 -3.3984159e-20)
(-0.000140625 0.0037224197 0)
(-0.000109375 0.0037224197 0)
(-7.8125e-05 0.0037224197 0)
(-4.6875e-05 0.0037224197 0)
(-1.5625e-05 0.0037224197 0)
(1.5625e-05 0.0037224197 0)
(4.6875e-05 0.0037224197 0)
(7.8125e-05 0.0037224197 0)
(0.000109375 0.0037224197 0)
(0.000140625 0.0037224197 -3.3984159e-20)
(0.000171875 0.0037224197 -3.3984159e-20)
(0.000203125 0.0037224197 -3.3984159e-20)
(0.000234375 0.0037224197 0)
(0.000265625 0.0037224197 -3.3984159e-20)
(0.000296875 0.0037224197 0)
(0.000328125 0.0037224197 0)
(0.000359375 0.0037224197 0)
(0.000390625 0.0037224197 0)
(0.000421875 0.0037224197 0)
(0.000453125 0.0037224197 3.3984159e-20)
(0.000484375 0.0037224197 0)
(0.000515625 0.0037224197 0)
(0.000546875 0.0037224197 3.3984159e-20)
(0.000578125 0.0037224197 0)
(0.000609375 0.0037224197 0)
(0.000640625 0.0037224197 0)
(0.000671875 0.0037224197 3.3984159e-20)
(0.000703125 0.0037224197 0)
(0.000734375 0.0037224197 0)
(0.000765625 0.0037224197 0)
(0.000796875 0.0037224197 3.3984159e-20)
(0.000828125 0.0037224197 0)
(0.000859375 0.0037224197 0)
(0.000890625 0.0037224197 0)
(0.000921875 0.0037224197 0)
(0.000953125 0.0037224197 0)
(0.000984375 0.0037224197 0)
(-0.000984375 0.0039894572 0)
(-0.000953125 0.0039894572 0)
(-0.000921875 0.0039894572 0)
(-0.000890625 0.0039894572 0)
(-0.000859375 0.0039894572 0)
(-0.000828125 0.0039894572 0)
(-0.000796875 0.0039894572 -3.2104745e-20)
(-0.000765625 0.0039894572 0)
(-0.000734375 0.0039894572 0)
(-0.000703125 0.0039894572 0)
(-0.000671875 0.0039894572 -3.2104745e-20)
(-0.000640625 0.0039894572 0)
(-0.000609375 0.0039894572 0)
(-0.000578125 0.0039894572 0)
(-0.000546875 0.0039894572 -3.2104745e-20)
(-0.000515625 0.0039894572 0)
(-0.000484375 0.0039894572 0)
(-0.000453125 0.0039894572 0)
(-0.000421875 0.0039894572 0)
(-0.000390625 0.0039894572 0)
(-0.000359375 0.0039894572 0)
(-0.000328125 0.0039894572 0)
(-0.000296875 0.0039894572 0)
(-0.000265625 0.0039894572 0)
(-0.000234375 0.0039894572 0)
(-0.000203125 0.0039894572 0)
(-0.000171875 0.0039894572 0)
(-0.000140625 0.0039894572 0)
(-0.000109375 0.0039894572 0)
(-7.8125e-05 0.0039894572 0)
(-4.6875e-05 0.0039894572 0)
(-1.5625e-05 0.0039894572 0)
(1.5625e-05 0.0039894572 0)
(4.6875e-05 0.0039894572 0)
(7.8125e-05 0.0039894572 0)
(0.000109375 0.0039894572 0)
(0.000140625 0.0039894572 0)
(0.000171875 0.0039894572 0)
(0.000203125 0.0039894572 0)
(0.000234375 0.0039894572 0)
(0.000265625 0.0039894572 0)
(0.000296875 0.0039894572 0)
(0.000328125 0.0039894572 0)
(0.000359375 0.0039894572 0)
(0.000390625 0.0039894572 0)
(0.000421875 0.0039894572 0)
(0.000453125 0.0039894572 0)
(0.000484375 0.0039894572 0)
(0.000515625 0.0039894572 0)
(0.000546875 0.0039894572 0)
(0.000578125 0.0039894572 0)
(0.000609375 0.0039894572 0)
(0.000640625 0.0039894572 0)
(0.000671875 0.0039894572 -3.2104745e-20)
(0.000703125 0.0039894572 0)
(0.000734375 0.0039894572 0)
(0.000765625 0.0039894572 0)
(0.000796875 0.0039894572 -3.2104745e-20)
(0.000828125 0.0039894572 0)
(0.000859375 0.0039894572 0)
(0.000890625 0.0039894572 0)
(0.000921875 0.0039894572 -3.2104745e-20)
(0.000953125 0.0039894572 0)
(0.000984375 0.0039894572 0)
(-0.000984375 0.0042728965 0)
(-0.000953125 0.0042728965 0)
(-0.000921875 0.0042728965 0)
(-0.000890625 0.0042728965 0)
(-0.000859375 0.0042728965 0)
(-0.000828125 0.0042728965 0)
(-0.000796875 0.0042728965 0)
(-0.000765625 0.0042728965 0)
(-0.000734375 0.0042728965 0)
(-0.000703125 0.0042728965 0)
(-0.000671875 0.0042728965 0)
(-0.000640625 0.0042728965 0)
(-0.000609375 0.0042728965 0)
(-0.000578125 0.0042728965 0)
(-0.000546875 0.0042728965 0)
(-0.000515625 0.0042728965 0)
(-0.000484375 0.0042728965 0)
(-0.000453125 0.0042728965 0)
(-0.000421875 0.0042728965 0)
(-0.000390625 0.0042728965 0)
(-0.000359375 0.0042728965 0)
(-0.000328125 0.0042728965 0)
(-0.000296875 0.0042728965 0)
(-0.000265625 0.0042728965 0)
(-0.000234375 0.0042728965 0)
(-0.000203125 0.0042728965 0)
(-0.000171875 0.0042728965 0)
(-0.000140625 0.0042728965 0)
(-0.000109375 0.0042728965 0)
(-7.8125e-05 0.0042728965 0)
(-4.6875e-05 0.0042728965 0)
(-1.5625e-05 0.0042728965 0)
(1.5625e-05 0.0042728965 0)
(4.6875e-05 0.0042728965 0)
(7.8125e-05 0.0042728965 0)
(0.000109375 0.0042728965 0)
(0.000140625 0.0042728965 0)
(0.000171875 0.0042728965 0)
(0.000203125 0.0042728965 0)
(0.000234375 0.0042728965 0)
(0.000265625 0.0042728965 0)
(0.000296875 0.0042728965 0)
(0.000328125 0.0042728965 0)
(0.000359375 0.0042728965 0)
(0.000390625 0.0042728965 0)
(0.000421875 0.0042728965 0)
(0.000453125 0.0042728965 0)
(0.000484375 0.0042728965 0)
(0.000515625 0.0042728965 0)
(0.000546875 0.0042728965 0)
(0.000578125 0.0042728965 0)
(0.000609375 0.0042728965 0)
(0.000640625 0.0042728965 0)
(0.000671875 0.0042728965 0)
(0.000703125 0.0042728965 0)
(0.000734375 0.0042728965 0)
(0.000765625 0.0042728965 0)
(0.000796875 0.0042728965 0)
(0.000828125 0.0042728965 0)
(0.000859375 0.0042728965 0)
(0.000890625 0.0042728965 0)
(0.000921875 0.0042728965 0)
(0.000953125 0.0042728965 0)
(0.000984375 0.0042728965 0)
(-0.000984375 0.0045737451 0)
(-0.000953125 0.004573745 0)
(-0.000921875 0.004573745 0)
(-0.000890625 0.004573745 0)
(-0.000859375 0.004573745 0)
(-0.000828125 0.004573745 0)
(-0.000796875 0.004573745 0)
(-0.000765625 0.004573745 0)
(-0.000734375 0.004573745 0)
(-0.000703125 0.004573745 0)
(-0.000671875 0.0045737451 0)
(-0.000640625 0.004573745 0)
(-0.000609375 0.004573745 0)
(-0.000578125 0.004573745 0)
(-0.000546875 0.0045737451 0)
(-0.000515625 0.004573745 0)
(-0.000484375 0.004573745 0)
(-0.000453125 0.004573745 -1.5085851e-20)
(-0.000421875 0.004573745 0)
(-0.000390625 0.004573745 0)
(-0.000359375 0.004573745 0)
(-0.000328125 0.004573745 -1.5085851e-20)
(-0.000296875 0.004573745 0)
(-0.000265625 0.004573745 0)
(-0.000234375 0.004573745 0)
(-0.000203125 0.0045737451 2.8665865e-20)
(-0.000171875 0.004573745 0)
(-0.000140625 0.004573745 2.8665865e-20)
(-0.000109375 0.004573745 2.8665865e-20)
(-7.8125e-05 0.004573745 2.8665865e-20)
(-4.6875e-05 0.004573745 2.8665865e-20)
(-1.5625e-05 0.004573745 2.8665865e-20)
(1.5625e-05 0.004573745 2.8665865e-20)
(4.6875e-05 0.004573745 2.8665865e-20)
(7.8125e-05 0.004573745 2.8665865e-20)
(0.000109375 0.004573745 2.8665865e-20)
(0.000140625 0.004573745 0)
(0.000171875 0.004573745 0)
(0.000203125 0.0045737451 0)
(0.000234375 0.004573745 2.8665865e-20)
(0.000265625 0.004573745 -1.5085851e-20)
(0.000296875 0.004573745 0)
(0.000328125 0.004573745 -1.5085851e-20)
(0.000359375 0.004573745 0)
(0.000390625 0.004573745 -1.5085851e-20)
(0.000421875 0.004573745 0)
(0.000453125 0.004573745 0)
(0.000484375 0.004573745 0)
(0.000515625 0.004573745 0)
(0.000546875 0.004573745 0)
(0.000578125 0.004573745 0)
(0.000609375 0.004573745 0)
(0.000640625 0.004573745 0)
(0.000671875 0.004573745 0)
(0.000703125 0.004573745 0)
(0.000734375 0.004573745 0)
(0.000765625 0.004573745 0)
(0.000796875 0.0045737451 0)
(0.000828125 0.004573745 0)
(0.000859375 0.004573745 0)
(0.000890625 0.004573745 0)
(0.000921875 0.004573745 0)
(0.000953125 0.004573745 0)
(0.000984375 0.004573745 0)
(-0.000984375 0.004893072 0)
(-0.000953125 0.004893072 0)
(-0.000921875 0.004893072 0)
(-0.000890625 0.004893072 0)
(-0.000859375 0.004893072 0)
(-0.000828125 0.004893072 0)
(-0.000796875 0.004893072 2.7094201e-20)
(-0.000765625 0.004893072 0)
(-0.000734375 0.004893072 0)
(-0.000703125 0.004893072 0)
(-0.000671875 0.004893072 0)
(-0.000640625 0.004893072 0)
(-0.000609375 0.004893072 0)
(-0.000578125 0.004893072 0)
(-0.000546875 0.0048930721 2.7094201e-20)
(-0.000515625 0.004893072 0)
(-0.000484375 0.004893072 0)
(-0.000453125 0.004893072 0)
(-0.000421875 0.004893072 0)
(-0.000390625 0.004893072 3.9888384e-20)
(-0.000359375 0.004893072 0)
(-0.000328125 0.004893072 0)
(-0.000296875 0.004893072 0)
(-0.000265625 0.004893072 3.9888384e-20)
(-0.000234375 0.004893072 0)
(-0.000203125 0.004893072 0)
(-0.000171875 0.004893072 0)
(-0.000140625 0.004893072 0)
(-0.000109375 0.004893072 0)
(-7.8125e-05 0.004893072 0)
(-4.6875e-05 0.004893072 0)
(-1.5625e-05 0.004893072 0)
(1.5625e-05 0.004893072 0)
(4.6875e-05 0.004893072 0)
(7.8125e-05 0.004893072 0)
(0.000109375 0.004893072 0)
(0.000140625 0.004893072 0)
(0.000171875 0.004893072 0)
(0.000203125 0.004893072 0)
(0.000234375 0.004893072 0)
(0.000265625 0.004893072 0)
(0.000296875 0.004893072 0)
(0.000328125 0.004893072 0)
(0.000359375 0.004893072 0)
(0.000390625 0.0048930721 0)
(0.000421875 0.004893072 0)
(0.000453125 0.004893072 3.9888384e-20)
(0.000484375 0.004893072 0)
(0.000515625 0.004893072 0)
(0.000546875 0.004893072 0)
(0.000578125 0.004893072 0)
(0.000609375 0.004893072 0)
(0.000640625 0.004893072 0)
(0.000671875 0.004893072 0)
(0.000703125 0.004893072 0)
(0.000734375 0.004893072 0)
(0.000765625 0.004893072 0)
(0.000796875 0.004893072 0)
(0.000828125 0.004893072 0)
(0.000859375 0.004893072 0)
(0.000890625 0.004893072 0)
(0.000921875 0.004893072 2.7094201e-20)
(0.000953125 0.004893072 0)
(0.000984375 0.004893072 0)
(-0.000984375 0.0052320125 0)
(-0.000953125 0.0052320125 0)
(-0.000921875 0.0052320125 -1.3559657e-20)
(-0.000890625 0.0052320125 0)
(-0.000859375 0.0052320125 0)
(-0.000828125 0.0052320125 0)
(-0.000796875 0.0052320125 0)
(-0.000765625 0.0052320125 0)
(-0.000734375 0.0052320125 0)
(-0.000703125 0.0052320125 0)
(-0.000671875 0.0052320125 -1.3559657e-20)
(-0.000640625 0.0052320125 0)
(-0.000609375 0.0052320125 0)
(-0.000578125 0.0052320125 0)
(-0.000546875 0.0052320125 0)
(-0.000515625 0.0052320125 0)
(-0.000484375 0.0052320125 0)
(-0.000453125 0.0052320125 0)
(-0.000421875 0.0052320125 0)
(-0.000390625 0.0052320125 -2.5613477e-20)
(-0.000359375 0.0052320125 0)
(-0.000328125 0.0052320125 0)
(-0.000296875 0.0052320125 0)
(-0.000265625 0.0052320125 -2.5613477e-20)
(-0.000234375 0.0052320125 0)
(-0.000203125 0.0052320125 0)
(-0.000171875 0.0052320125 0)
(-0.000140625 0.0052320125 0)
(-0.000109375 0.0052320125 0)
(-7.8125e-05 0.0052320125 0)
(-4.6875e-05 0.0052320125 0)
(-1.5625e-05 0.0052320125 0)
(1.5625e-05 0.0052320125 0)
(4.6875e-05 0.0052320125 0)
(7.8125e-05 0.0052320125 0)
(0.000109375 0.0052320125 0)
(0.000140625 0.0052320125 0)
(0.000171875 0.0052320125 0)
(0.000203125 0.0052320125 0)
(0.000234375 0.0052320125 0)
(0.000265625 0.0052320125 0)
(0.000296875 0.0052320125 0)
(0.000328125 0.0052320125 0)
(0.000359375 0.0052320125 0)
(0.000390625 0.0052320125 0)
(0.000421875 0.0052320125 0)
(0.000453125 0.0052320125 -2.5613477e-20)
(0.000484375 0.0052320125 0)
(0.000515625 0.0052320125 0)
(0.000546875 0.0052320125 -1.3559657e-20)
(0.000578125 0.0052320125 0)
(0.000609375 0.0052320125 0)
(0.000640625 0.0052320125 0)
(0.000671875 0.0052320125 -1.3559657e-20)
(0.000703125 0.0052320125 0)
(0.000734375 0.0052320125 0)
(0.000765625 0.0052320125 0)
(0.000796875 0.0052320125 -1.3559657e-20)
(0.000828125 0.0052320125 0)
(0.000859375 0.0052320125 0)
(0.000890625 0.0052320125 0)
(0.000921875 0.0052320125 0)
(0.000953125 0.0052320125 0)
(0.000984375 0.0052320125 0)
(-0.000984375 0.0055917711 0)
(-0.000953125 0.0055917711 0)
(-0.000921875 0.0055917711 1.2862139e-20)
(-0.000890625 0.0055917711 0)
(-0.000859375 0.0055917711 0)
(-0.000828125 0.0055917711 0)
(-0.000796875 0.0055917711 -1.2862139e-20)
(-0.000765625 0.0055917711 0)
(-0.000734375 0.0055917711 0)
(-0.000703125 0.0055917711 0)
(-0.000671875 0.0055917711 0)
(-0.000640625 0.0055917711 0)
(-0.000609375 0.0055917711 0)
(-0.000578125 0.0055917711 0)
(-0.000546875 0.0055917711 -1.2862139e-20)
(-0.000515625 0.0055917711 0)
(-0.000484375 0.0055917711 0)
(-0.000453125 0.0055917711 -3.5574745e-20)
(-0.000421875 0.0055917711 0)
(-0.000390625 0.0055917711 0)
(-0.000359375 0.0055917711 0)
(-0.000328125 0.0055917711 -3.5574745e-20)
(-0.000296875 0.0055917711 0)
(-0.000265625 0.0055917711 0)
(-0.000234375 0.0055917711 0)
(-0.000203125 0.0055917711 0)
(-0.000171875 0.0055917711 0)
(-0.000140625 0.0055917711 0)
(-0.000109375 0.0055917711 0)
(-7.8125e-05 0.0055917711 0)
(-4.6875e-05 0.0055917711 0)
(-1.5625e-05 0.0055917711 0)
(1.5625e-05 0.0055917711 0)
(4.6875e-05 0.0055917711 0)
(7.8125e-05 0.0055917711 0)
(0.000109375 0.0055917711 0)
(0.000140625 0.0055917711 0)
(0.000171875 0.0055917711 0)
(0.000203125 0.0055917711 0)
(0.000234375 0.0055917711 0)
(0.000265625 0.0055917711 -3.5574745e-20)
(0.000296875 0.0055917711 0)
(0.000328125 0.0055917711 -3.5574745e-20)
(0.000359375 0.0055917711 0)
(0.000390625 0.0055917711 -3.5574745e-20)
(0.000421875 0.0055917711 0)
(0.000453125 0.0055917711 0)
(0.000484375 0.0055917711 0)
(0.000515625 0.0055917711 0)
(0.000546875 0.0055917711 1.2862139e-20)
(0.000578125 0.0055917711 0)
(0.000609375 0.0055917711 0)
(0.000640625 0.0055917711 0)
(0.000671875 0.0055917711 0)
(0.000703125 0.0055917711 0)
(0.000734375 0.0055917711 0)
(0.000765625 0.0055917711 0)
(0.000796875 0.0055917711 0)
(0.000828125 0.0055917711 0)
(0.000859375 0.0055917711 0)
(0.000890625 0.0055917711 0)
(0.000921875 0.0055917711 -1.2862139e-20)
(0.000953125 0.0055917711 0)
(0.000984375 0.0055917711 0)
(-0.000984375 0.0059736265 0)
(-0.000953125 0.0059736265 0)
(-0.000921875 0.0059736265 0)
(-0.000890625 0.0059736265 0)
(-0.000859375 0.0059736265 0)
(-0.000828125 0.0059736265 0)
(-0.000796875 0.0059736265 0)
(-0.000765625 0.0059736265 0)
(-0.000734375 0.0059736265 0)
(-0.000703125 0.0059736265 0)
(-0.000671875 0.0059736265 0)
(-0.000640625 0.0059736265 0)
(-0.000609375 0.0059736265 0)
(-0.000578125 0.0059736265 0)
(-0.000546875 0.0059736265 0)
(-0.000515625 0.0059736265 0)
(-0.000484375 0.0059736265 0)
(-0.000453125 0.0059736265 0)
(-0.000421875 0.0059736265 0)
(-0.000390625 0.0059736265 2.2904133e-20)
(-0.000359375 0.0059736265 0)
(-0.000328125 0.0059736265 0)
(-0.000296875 0.0059736265 0)
(-0.000265625 0.0059736265 2.2904133e-20)
(-0.000234375 0.0059736265 -1.2204985e-20)
(-0.000203125 0.0059736265 1.2204985e-20)
(-0.000171875 0.0059736265 0)
(-0.000140625 0.0059736265 1.2204985e-20)
(-0.000109375 0.0059736265 -1.2204985e-20)
(-7.8125e-05 0.0059736265 0)
(-4.6875e-05 0.0059736265 0)
(-1.5625e-05 0.0059736265 0)
(1.5625e-05 0.0059736265 0)
(4.6875e-05 0.0059736265 0)
(7.8125e-05 0.0059736265 0)
(0.000109375 0.0059736265 1.2204985e-20)
(0.000140625 0.0059736265 -1.2204985e-20)
(0.000171875 0.0059736265 0)
(0.000203125 0.0059736265 0)
(0.000234375 0.0059736265 1.2204985e-20)
(0.000265625 0.0059736265 0)
(0.000296875 0.0059736265 0)
(0.000328125 0.0059736265 0)
(0.000359375 0.0059736265 0)
(0.000390625 0.0059736265 0)
(0.000421875 0.0059736265 0)
(0.000453125 0.0059736265 2.2904133e-20)
(0.000484375 0.0059736265 0)
(0.000515625 0.0059736265 0)
(0.000546875 0.0059736265 0)
(0.000578125 0.0059736265 0)
(0.000609375 0.0059736265 0)
(0.000640625 0.0059736265 0)
(0.000671875 0.0059736265 0)
(0.000703125 0.0059736265 0)
(0.000734375 0.0059736265 0)
(0.000765625 0.0059736265 0)
(0.000796875 0.0059736265 0)
(0.000828125 0.0059736265 0)
(0.000859375 0.0059736265 0)
(0.000890625 0.0059736265 0)
(0.000921875 0.0059736265 0)
(0.000953125 0.0059736265 0)
(0.000984375 0.0059736265 0)
(-0.000984375 0.0063789359 0)
(-0.000953125 0.006378936 0)
(-0.000921875 0.006378936 1.1585856e-20)
(-0.000890625 0.0063789359 0)
(-0.000859375 0.006378936 0)
(-0.000828125 0.006378936 0)
(-0.000796875 0.0063789359 0)
(-0.000765625 0.006378936 0)
(-0.000734375 0.006378936 0)
(-0.000703125 0.006378936 0)
(-0.000671875 0.006378936 1.1585856e-20)
(-0.000640625 0.006378936 0)
(-0.000609375 0.0063789359 0)
(-0.000578125 0.0063789359 0)
(-0.000546875 0.006378936 0)
(-0.000515625 0.006378936 0)
(-0.000484375 0.006378936 0)
(-0.000453125 0.006378936 2.1665876e-20)
(-0.000421875 0.006378936 0)
(-0.000390625 0.006378936 6.3491792e-20)
(-0.000359375 0.006378936 0)
(-0.000328125 0.006378936 2.1665876e-20)
(-0.000296875 0.006378936 0)
(-0.000265625 0.0063789359 6.3491792e-20)
(-0.000234375 0.006378936 -2.1665876e-20)
(-0.000203125 0.0063789359 0)
(-0.000171875 0.0063789359 -2.1665876e-20)
(-0.000140625 0.0063789359 0)
(-0.000109375 0.006378936 0)
(-7.8125e-05 0.0063789359 0)
(-4.6875e-05 0.0063789359 0)
(-1.5625e-05 0.0063789359 0)
(1.5625e-05 0.0063789359 0)
(4.6875e-05 0.0063789359 0)
(7.8125e-05 0.0063789359 0)
(0.000109375 0.0063789359 0)
(0.000140625 0.006378936 -2.1665876e-20)
(0.000171875 0.0063789359 -2.1665876e-20)
(0.000203125 0.0063789359 -2.1665876e-20)
(0.000234375 0.0063789359 0)
(0.000265625 0.0063789359 2.1665876e-20)
(0.000296875 0.0063789359 0)
(0.000328125 0.006378936 2.1665876e-20)
(0.000359375 0.006378936 0)
(0.000390625 0.006378936 2.1665876e-20)
(0.000421875 0.006378936 0)
(0.000453125 0.0063789359 6.3491792e-20)
(0.000484375 0.006378936 0)
(0.000515625 0.006378936 0)
(0.000546875 0.006378936 1.1585856e-20)
(0.000578125 0.006378936 0)
(0.000609375 0.006378936 0)
(0.000640625 0.0063789359 0)
(0.000671875 0.006378936 1.1585856e-20)
(0.000703125 0.006378936 0)
(0.000734375 0.006378936 0)
(0.000765625 0.0063789359 0)
(0.000796875 0.006378936 1.1585856e-20)
(0.000828125 0.006378936 0)
(0.000859375 0.006378936 0)
(0.000890625 0.006378936 0)
(0.000921875 0.006378936 0)
(0.000953125 0.006378936 0)
(0.000984375 0.006378936 0)
(-0.000984375 0.00680914 0)
(-0.000953125 0.00680914 0)
(-0.000921875 0.00680914 2.0499274e-20)
(-0.000890625 0.00680914 0)
(-0.000859375 0.00680914 0)
(-0.000828125 0.0068091401 0)
(-0.000796875 0.00680914 -9.4967187e-21)
(-0.000765625 0.00680914 0)
(-0.000734375 0.00680914 0)
(-0.000703125 0.00680914 0)
(-0.000671875 0.00680914 0)
(-0.000640625 0.00680914 0)
(-0.000609375 0.00680914 0)
(-0.000578125 0.00680914 0)
(-0.000546875 0.00680914 -9.4967187e-21)
(-0.000515625 0.00680914 0)
(-0.000484375 0.00680914 0)
(-0.000453125 0.00680914 0)
(-0.000421875 0.00680914 0)
(-0.000390625 0.00680914 -5.0495266e-20)
(-0.000359375 0.00680914 0)
(-0.000328125 0.00680914 0)
(-0.000296875 0.00680914 0)
(-0.000265625 0.00680914 -5.0495266e-20)
(-0.000234375 0.00680914 0)
(-0.000203125 0.00680914 6.9488704e-20)
(-0.000171875 0.00680914 0)
(-0.000140625 0.00680914 6.9488704e-20)
(-0.000109375 0.00680914 0)
(-7.8125e-05 0.0068091401 0)
(-4.6875e-05 0.00680914 0)
(-1.5625e-05 0.00680914 0)
(1.5625e-05 0.0068091401 0)
(4.6875e-05 0.00680914 0)
(7.8125e-05 0.0068091401 0)
(0.000109375 0.00680914 6.9488704e-20)
(0.000140625 0.00680914 0)
(0.000171875 0.00680914 0)
(0.000203125 0.00680914 0)
(0.000234375 0.00680914 6.9488704e-20)
(0.000265625 0.00680914 0)
(0.000296875 0.00680914 0)
(0.000328125 0.00680914 0)
(0.000359375 0.00680914 0)
(0.000390625 0.00680914 0)
(0.000421875 0.00680914 0)
(0.000453125 0.00680914 -5.0495266e-20)
(0.000484375 0.00680914 0)
(0.000515625 0.00680914 0)
(0.000546875 0.00680914 2.0499274e-20)
(0.000578125 0.00680914 0)
(0.000609375 0.00680914 0)
(0.000640625 0.00680914 0)
(0.000671875 0.00680914 0)
(0.000703125 0.00680914 0)
(0.000734375 0.00680914 0)
(0.000765625 0.00680914 0)
(0.000796875 0.00680914 0)
(0.000828125 0.0068091401 0)
(0.000859375 0.00680914 0)
(0.000890625 0.00680914 0)
(0.000921875 0.00680914 -9.4967187e-21)
(0.000953125 0.00680914 0)
(0.000984375 0.00680914 0)
(-0.000984375 0.0072657678 0)
(-0.000953125 0.0072657678 0)
(-0.000921875 0.0072657678 0)
(-0.000890625 0.0072657678 0)
(-0.000859375 0.0072657678 0)
(-0.000828125 0.0072657678 0)
(-0.000796875 0.0072657678 0)
(-0.000765625 0.0072657678 0)
(-0.000734375 0.0072657678 0)
(-0.000703125 0.0072657678 0)
(-0.000671875 0.0072657678 0)
(-0.000640625 0.0072657678 0)
(-0.000609375 0.0072657678 0)
(-0.000578125 0.0072657678 0)
(-0.000546875 0.0072657678 0)
(-0.000515625 0.0072657678 0)
(-0.000484375 0.0072657678 0)
(-0.000453125 0.0072657678 0)
(-0.000421875 0.0072657678 0)
(-0.000390625 0.0072657678 0)
(-0.000359375 0.0072657678 0)
(-0.000328125 0.0072657678 0)
(-0.000296875 0.0072657678 0)
(-0.000265625 0.0072657678 0)
(-0.000234375 0.0072657678 0)
(-0.000203125 0.0072657678 0)
(-0.000171875 0.0072657678 0)
(-0.000140625 0.0072657678 0)
(-0.000109375 0.0072657678 0)
(-7.8125e-05 0.0072657678 0)
(-4.6875e-05 0.0072657678 0)
(-1.5625e-05 0.0072657678 0)
(1.5625e-05 0.0072657678 0)
(4.6875e-05 0.0072657678 0)
(7.8125e-05 0.0072657678 0)
(0.000109375 0.0072657678 0)
(0.000140625 0.0072657678 0)
(0.000171875 0.0072657678 0)
(0.000203125 0.0072657678 0)
(0.000234375 0.0072657678 0)
(0.000265625 0.0072657678 0)
(0.000296875 0.0072657678 0)
(0.000328125 0.0072657678 0)
(0.000359375 0.0072657678 0)
(0.000390625 0.0072657678 0)
(0.000421875 0.0072657678 0)
(0.000453125 0.0072657678 0)
(0.000484375 0.0072657678 0)
(0.000515625 0.0072657678 0)
(0.000546875 0.0072657678 0)
(0.000578125 0.0072657678 0)
(0.000609375 0.0072657678 0)
(0.000640625 0.0072657678 0)
(0.000671875 0.0072657678 0)
(0.000703125 0.0072657678 0)
(0.000734375 0.0072657678 0)
(0.000765625 0.0072657678 0)
(0.000796875 0.0072657678 0)
(0.000828125 0.0072657678 0)
(0.000859375 0.0072657678 0)
(0.000890625 0.0072657678 0)
(0.000921875 0.0072657678 0)
(0.000953125 0.0072657678 0)
(0.000984375 0.0072657678 0)
(-0.000984375 0.0077504422 0)
(-0.000953125 0.0077504422 0)
(-0.000921875 0.0077504422 0)
(-0.000890625 0.0077504422 0)
(-0.000859375 0.0077504422 0)
(-0.000828125 0.0077504422 0)
(-0.000796875 0.0077504422 2.6794115e-20)
(-0.000765625 0.0077504422 0)
(-0.000734375 0.0077504422 0)
(-0.000703125 0.0077504422 0)
(-0.000671875 0.0077504422 2.6794115e-20)
(-0.000640625 0.0077504422 0)
(-0.000609375 0.0077504422 0)
(-0.000578125 0.0077504422 0)
(-0.000546875 0.0077504422 2.6794115e-20)
(-0.000515625 0.0077504422 0)
(-0.000484375 0.0077504422 0)
(-0.000453125 0.0077504422 0)
(-0.000421875 0.0077504422 0)
(-0.000390625 0.0077504422 0)
(-0.000359375 0.0077504422 0)
(-0.000328125 0.0077504422 0)
(-0.000296875 0.0077504422 0)
(-0.000265625 0.0077504422 0)
(-0.000234375 0.0077504422 0)
(-0.000203125 0.0077504422 0)
(-0.000171875 0.0077504422 0)
(-0.000140625 0.0077504422 0)
(-0.000109375 0.0077504422 0)
(-7.8125e-05 0.0077504422 0)
(-4.6875e-05 0.0077504422 0)
(-1.5625e-05 0.0077504422 0)
(1.5625e-05 0.0077504422 0)
(4.6875e-05 0.0077504422 0)
(7.8125e-05 0.0077504422 0)
(0.000109375 0.0077504422 0)
(0.000140625 0.0077504422 0)
(0.000171875 0.0077504422 0)
(0.000203125 0.0077504422 0)
(0.000234375 0.0077504422 0)
(0.000265625 0.0077504422 0)
(0.000296875 0.0077504422 0)
(0.000328125 0.0077504422 0)
(0.000359375 0.0077504422 0)
(0.000390625 0.0077504422 0)
(0.000421875 0.0077504422 0)
(0.000453125 0.0077504422 0)
(0.000484375 0.0077504422 0)
(0.000515625 0.0077504422 0)
(0.000546875 0.0077504422 0)
(0.000578125 0.0077504422 0)
(0.000609375 0.0077504422 0)
(0.000640625 0.0077504422 0)
(0.000671875 0.0077504422 2.6794115e-20)
(0.000703125 0.0077504422 0)
(0.000734375 0.0077504422 0)
(0.000765625 0.0077504422 0)
(0.000796875 0.0077504422 2.6794115e-20)
(0.000828125 0.0077504422 0)
(0.000859375 0.0077504422 0)
(0.000890625 0.0077504422 0)
(0.000921875 0.0077504422 2.6794115e-20)
(0.000953125 0.0077504422 0)
(0.000984375 0.0077504422 0)
(0.0010501807 0.0010499115 1.3123553e-20)
(0.0011514375 0.0010499115 0)
(0.0012545011 0.0010499116 -2.6840761e-20)
(0.0013594036 0.0010499116 0)
(0.001466178 0.0010499116 -2.596026e-20)
(0.0015748576 0.0010499116 0)
(0.0016854764 0.0010499115 0)
(0.0017980691 0.0010499115 0)
(0.0019126708 0.0010499115 2.4290025e-20)
(0.0020293174 0.0010499116 0)
(0.0021480453 0.0010499116 0)
(0.0022688917 0.0010499115 0)
(0.0023918945 0.0010499116 1.0614013e-20)
(0.0025170922 0.0010499116 -2.0855885e-20)
(0.0026445237 0.0010499115 3.224124e-20)
(0.0027742291 0.0010499116 1.0065525e-20)
(0.0029062489 0.0010499115 0)
(0.0030406244 0.0010499115 0)
(0.0031773975 0.0010499116 0)
(0.0033166112 0.0010499115 0)
(0.0034583089 0.0010499115 -2.9146776e-20)
(0.0036025351 0.0010499115 9.0521274e-21)
(0.0037493347 0.0010499115 1.9292718e-20)
(0.0038987536 0.0010499115 0)
(0.0040508388 0.0010499115 0)
(0.0042056377 0.0010499115 3.5241296e-20)
(0.0043631988 0.0010499116 3.4649907e-20)
(0.0045235712 0.0010499115 1.7787352e-20)
(0.0046868053 0.0010499116 0)
(0.004852952 0.0010499116 0)
(0.0050220634 0.0010499115 0)
(0.0051941923 0.0010499116 1.6675321e-20)
(0.0053693926 0.0010499116 2.3861172e-20)
(0.005547719 0.0010499115 0)
(0.0057292274 0.0010499116 0)
(0.0059139745 0.0010499115 0)
(0.0061020182 0.0010499115 0)
(0.0062934172 0.0010499116 -2.8790271e-20)
(0.0064882315 0.0010499115 0)
(0.0066865219 0.0010499116 -1.4673934e-20)
(0.0068883505 0.0010499116 -2.7380324e-20)
(0.0070937805 0.0010499116 0)
(0.0073028759 0.0010499115 2.6481102e-20)
(0.0075157023 0.0010499115 1.226871e-20)
(0.0077323264 0.0010499115 0)
(0.0079528157 0.0010499115 -1.1842326e-20)
(0.0081772394 0.0010499115 0)
(0.0084056675 0.0010499116 1.2936593e-20)
(0.0086381717 0.0010499116 0)
(0.0088748244 0.0010499115 0)
(0.0091156999 0.0010499115 0)
(0.0093608734 0.0010499115 1.0650033e-20)
(0.0096104217 0.0010499116 1.0463332e-20)
(0.0098644227 0.0010499116 0)
(0.010122956 0.0010499115 5.3510087e-20)
(0.010386102 0.0010499115 0)
(0.010653944 0.0010499115 0)
(0.010926565 0.0010499115 -3.0239284e-20)
(0.011204051 0.0010499116 9.4098601e-21)
(0.011486488 0.0010499116 0)
(0.011773965 0.0010499115 1.9671517e-20)
(0.012066571 0.0010499116 -1.7847221e-20)
(0.012364398 0.0010499115 0)
(0.01266754 0.0010499115 0)
(0.012976091 0.0010499116 0)
(0.013290147 0.0010499116 0)
(0.013609807 0.0010499115 2.6010975e-20)
(0.013935171 0.0010499115 0)
(0.01426634 0.0010499116 -2.5159341e-20)
(0.014603418 0.0010499115 -3.2491004e-20)
(0.014946512 0.0010499115 0)
(0.015295728 0.0010499115 0)
(0.015651174 0.0010499115 -1.6197803e-20)
(0.016012963 0.0010499116 0)
(0.016381208 0.0010499115 -2.9868573e-20)
(0.016756023 0.0010499116 2.9371346e-20)
(0.017137526 0.0010499115 -2.8882855e-20)
(0.017525837 0.0010499115 0)
(0.017921076 0.0010499116 6.9075671e-20)
(0.018323368 0.0010499116 0)
(0.018732839 0.0010499115 -3.9766601e-20)
(0.019149615 0.0010499115 -2.6565854e-20)
(0.019573828 0.0010499115 -7.6873855e-20)
(0.02000561 0.0010499115 0)
(0.020445098 0.0010499115 2.5270841e-20)
(0.020892427 0.0010499116 0)
(0.021347738 0.0010499115 -2.4444903e-20)
(0.021811173 0.0010499115 0)
(0.022282878 0.0010499116 -1.1070935e-20)
(0.022763 0.0010499116 0)
(0.023251688 0.0010499115 0)
(0.023749097 0.0010499116 2.2503521e-20)
(0.0010501807 0.0011528003 0)
(0.0011514375 0.0011528003 0)
(0.0012545011 0.0011528003 1.3440266e-20)
(0.0013594036 0.0011528003 3.6681462e-20)
(0.001466178 0.0011528003 0)
(0.0015748576 0.0011528003 0)
(0.0016854764 0.0011528003 2.3744448e-20)
(0.0017980691 0.0011528003 0)
(0.0019126708 0.0011528003 0)
(0.0020293174 0.0011528003 1.2050544e-20)
(0.0021480453 0.0011528003 0)
(0.0022688917 0.0011528003 0)
(0.0023918945 0.0011528003 0)
(0.0025170921 0.0011528003 3.0979351e-20)
(0.0026445237 0.0011528003 3.0462664e-20)
(0.0027742291 0.0011528003 -2.9955016e-20)
(0.0029062489 0.0011528003 0)
(0.0030406243 0.0011528003 0)
(0.0031773975 0.0011528003 0)
(0.0033166111 0.0011528003 1.917658e-20)
(0.0034583089 0.0011528003 0)
(0.0036025351 0.0011528003 -1.8562446e-20)
(0.0037493347 0.0011528003 0)
(0.0038987536 0.0011528003 -3.4433491e-20)
(0.0040508388 0.0011528003 0)
(0.0042056377 0.0011528003 0)
(0.0043631988 0.0011528003 0)
(0.0045235712 0.0011528003 -2.4514858e-20)
(0.0046868053 0.0011528003 0)
(0.004852952 0.0011528003 0)
(0.0050220634 0.0011528003 1.4546679e-20)
(0.0051941923 0.0011528003 -3.0089171e-20)
(0.0053693926 0.0011528003 -2.9588092e-20)
(0.005547719 0.0011528003 0)
(0.0057292274 0.0011528003 4.2165269e-20)
(0.0059139746 0.0011528003 0)
(0.0061020182 0.0011528003 4.0752182e-20)
(0.0062934172 0.0011528003 0)
(0.0064882315 0.0011528003 -3.9388204e-20)
(0.0066865219 0.0011528003 2.6318025e-20)
(0.0068883505 0.0011528003 0)
(0.0070937804 0.0011528003 2.5455696e-20)
(0.0073028759 0.0011528003 0)
(0.0075157024 0.0011528003 0)
(0.0077323264 0.0011528003 1.1356122e-20)
(0.0079528158 0.0011528003 3.4976961e-20)
(0.0081772394 0.0011528003 0)
(0.0084056675 0.0011528003 0)
(0.0086381716 0.0011528003 0)
(0.0088748244 0.0011528003 0)
(0.0091156998 0.0011528003 0)
(0.0093608734 0.0011528003 3.1607068e-20)
(0.0096104217 0.0011528003 -9.8578471e-21)
(0.0098644227 0.0011528003 9.6850356e-21)
(0.010122956 0.0011528003 0)
(0.010386102 0.0011528003 2.95512e-20)
(0.010653944 0.0011528003 2.905944e-20)
(0.010926566 0.0011528003 1.9552982e-20)
(0.011204051 0.0011528003 0)
(0.011486488 0.0011528003 0)
(0.011773964 0.0011528003 0)
(0.012066571 0.0011528003 2.6727511e-20)
(0.012364398 0.0011528003 0)
(0.01266754 0.0011528003 0)
(0.01297609 0.0011528003 -2.5424208e-20)
(0.013290146 0.0011528003 1.7171896e-20)
(0.013609807 0.0011528003 -3.2288625e-20)
(0.01393517 0.0011528003 0)
(0.01426634 0.0011528003 7.4282465e-21)
(0.014603418 0.0011528003 0)
(0.014946512 0.0011528003 0)
(0.015295728 0.0011528003 0)
(0.015651174 0.0011528003 0)
(0.016012963 0.0011528003 -4.3809107e-20)
(0.016381208 0.0011528003 0)
(0.016756023 0.0011528003 0)
(0.017137526 0.0011528003 0)
(0.017525837 0.0011528003 0)
(0.017921076 0.0011528003 -2.6402256e-20)
(0.018323368 0.0011528003 0)
(0.018732839 0.0011528003 0)
(0.019149615 0.0011528003 0)
(0.019573828 0.0011528003 3.6299823e-20)
(0.020005611 0.0011528003 3.5689812e-20)
(0.020445098 0.0011528003 -1.1194893e-20)
(0.020892427 0.0011528003 0)
(0.021347738 0.0011528003 2.311748e-20)
(0.021811173 0.0011528003 0)
(0.022282878 0.0011528003 2.2366416e-20)
(0.022762999 0.0011528003 0)
(0.023251688 0.0011528003 3.1709227e-20)
(0.023749097 0.0011528003 0)
(0.0010501807 0.0012620086 0)
(0.0011514375 0.0012620086 -2.4394734e-20)
(0.001254501 0.0012620086 0)
(0.0013594036 0.0012620086 -5.8245228e-20)
(0.001466178 0.0012620086 0)
(0.0015748576 0.0012620086 0)
(0.0016854764 0.0012620086 0)
(0.0017980691 0.0012620086 0)
(0.0019126708 0.0012620086 0)
(0.0020293174 0.0012620086 0)
(0.0021480453 0.0012620086 0)
(0.0022688918 0.0012620086 0)
(0.0023918945 0.0012620086 0)
(0.0025170921 0.0012620086 3.8529815e-20)
(0.0026445237 0.0012620086 0)
(0.0027742291 0.0012620086 0)
(0.0029062489 0.0012620086 0)
(0.0030406243 0.0012620086 0)
(0.0031773975 0.0012620086 0)
(0.0033166111 0.0012620086 0)
(0.0034583089 0.0012620086 3.4218508e-20)
(0.0036025351 0.0012620086 3.3645041e-20)
(0.0037493347 0.0012620086 0)
(0.0038987536 0.0012620086 0)
(0.0040508388 0.0012620086 0)
(0.0042056377 0.0012620086 0)
(0.0043631987 0.0012620086 0)
(0.0045235712 0.0012620086 0)
(0.0046868052 0.0012620086 0)
(0.004852952 0.0012620086 2.9404739e-20)
(0.0050220634 0.0012620086 0)
(0.0051941923 0.0012620086 0)
(0.0053693926 0.0012620086 0)
(0.005547719 0.0012620086 1.2996704e-20)
(0.0057292274 0.0012620086 0)
(0.0059139745 0.0012620086 0)
(0.0061020183 0.0012620086 0)
(0.0062934173 0.0012620086 0)
(0.0064882315 0.0012620086 0)
(0.0066865219 0.0012620086 2.488223e-20)
(0.0068883505 0.0012620086 0)
(0.0070937804 0.0012620086 0)
(0.0073028759 0.0012620086 0)
(0.0075157023 0.0012620086 -1.0889887e-20)
(0.0077323264 0.0012620086 -2.2903801e-20)
(0.0079528157 0.0012620086 0)
(0.0081772394 0.0012620086 0)
(0.0084056675 0.0012620086 0)
(0.0086381717 0.0012620086 0)
(0.0088748244 0.0012620086 0)
(0.0091156998 0.0012620086 0)
(0.0093608734 0.0012620086 0)
(0.0096104217 0.0012620086 0)
(0.0098644227 0.0012620086 9.124596e-21)
(0.010122956 0.0012620086 -1.943509e-20)
(0.010386103 0.0012620086 0)
(0.010653944 0.0012620086 0)
(0.010926566 0.0012620086 2.7010066e-20)
(0.011204051 0.0012620086 0)
(0.011486488 0.0012620086 0)
(0.011773965 0.0012620086 2.5692023e-20)
(0.012066571 0.0012620086 0)
(0.012364399 0.0012620086 0)
(0.01266754 0.0012620086 0)
(0.01297609 0.0012620086 0)
(0.013290147 0.0012620086 0)
(0.013609807 0.0012620086 -7.2503737e-21)
(0.01393517 0.0012620086 0)
(0.01426634 0.0012620086 0)
(0.014603419 0.0012620086 0)
(0.014946512 0.0012620086 2.8526491e-20)
(0.015295727 0.0012620086 0)
(0.015651174 0.0012620086 4.0628254e-20)
(0.016012963 0.0012620086 0)
(0.016381208 0.0012620086 -3.9268608e-20)
(0.016756023 0.0012620086 0)
(0.017137527 0.0012620086 0)
(0.017525837 0.0012620086 0)
(0.017921076 0.0012620086 -1.3233711e-20)
(0.018323368 0.0012620086 0)
(0.018732838 0.0012620086 2.4146381e-20)
(0.019149615 0.0012620086 0)
(0.019573828 0.0012620086 -2.3359555e-20)
(0.02000561 0.0012620086 0)
(0.020445098 0.0012620086 0)
(0.020892427 0.0012620086 0)
(0.021347738 0.0012620086 0)
(0.021811174 0.0012620086 6.3024153e-20)
(0.022282878 0.0012620086 0)
(0.022762999 0.0012620086 0)
(0.023251688 0.0012620086 0)
(0.023749097 0.0012620086 0)
(0.0010501807 0.0013779246 0)
(0.0011514375 0.0013779246 -1.078219e-20)
(0.0012545011 0.0013779246 0)
(0.0013594036 0.0013779246 0)
(0.001466178 0.0013779246 -6.4361772e-20)
(0.0015748576 0.0013779246 0)
(0.0016854764 0.0013779246 0)
(0.0017980691 0.0013779246 4.0292383e-20)
(0.0019126707 0.0013779246 -3.9612432e-20)
(0.0020293174 0.0013779246 0)
(0.0021480453 0.0013779246 0)
(0.0022688917 0.0013779246 0)
(0.0023918945 0.0013779246 0)
(0.0025170921 0.0013779246 0)
(0.0026445237 0.0013779246 1.8640842e-20)
(0.0027742291 0.0013779246 -1.6834608e-20)
(0.0029062489 0.0013779246 1.8045331e-20)
(0.0030406243 0.0013779246 0)
(0.0031773975 0.0013779246 0)
(0.0033166111 0.0013779246 0)
(0.0034583089 0.0013779246 0)
(0.003602535 0.0013779246 -3.1785234e-20)
(0.0037493347 0.0013779246 0)
(0.0038987536 0.0013779246 3.073291e-20)
(0.0040508388 0.0013779246 -1.4357355e-20)
(0.0042056377 0.0013779246 0)
(0.0043631987 0.0013779246 0)
(0.0045235712 0.0013779246 0)
(0.0046868052 0.0013779246 0)
(0.004852952 0.0013779246 2.7790307e-20)
(0.0050220634 0.0013779246 -2.7329531e-20)
(0.0051941923 0.0013779246 0)
(0.0053693926 0.0013779246 0)
(0.005547719 0.0013779246 -5.1990156e-20)
(0.0057292274 0.0013779246 0)
(0.0059139745 0.0013779246 0)
(0.0061020183 0.0013779246 -2.4729594e-20)
(0.0062934172 0.0013779246 0)
(0.0064882315 0.0013779246 0)
(0.0066865219 0.0013779246 0)
(0.0068883505 0.0013779246 -3.3962181e-20)
(0.0070937804 0.0013779246 0)
(0.0073028759 0.0013779246 0)
(0.0075157023 0.0013779246 0)
(0.0077323264 0.0013779246 1.0079862e-20)
(0.0079528157 0.0013779246 -2.1312147e-20)
(0.0081772394 0.0013779246 -3.0694473e-20)
(0.0084056675 0.0013779246 0)
(0.0086381717 0.0013779246 -2.9680052e-20)
(0.0088748244 0.0013779246 9.2267701e-21)
(0.0091156998 0.0013779246 9.0650167e-21)
(0.0093608734 0.0013779246 0)
(0.0096104217 0.0013779246 0)
(0.0098644228 0.0013779246 -3.589216e-20)
(0.010122956 0.0013779246 0)
(0.010386102 0.0013779246 0)
(0.010653944 0.0013779246 0)
(0.010926566 0.0013779246 0)
(0.011204051 0.0013779246 0)
(0.011486488 0.0013779246 0)
(0.011773964 0.0013779246 3.1887969e-20)
(0.012066571 0.0013779246 -3.1355344e-20)
(0.012364398 0.0013779246 0)
(0.01266754 0.0013779246 0)
(0.012976091 0.0013779246 2.2736137e-20)
(0.013290146 0.0013779246 2.9316688e-20)
(0.013609806 0.0013779246 0)
(0.01393517 0.0013779246 2.8350124e-20)
(0.01426634 0.0013779246 0)
(0.014603418 0.0013779246 -4.0372896e-20)
(0.014946512 0.0013779246 -2.696288e-20)
(0.015295728 0.0013779246 1.4011259e-20)
(0.015651174 0.0013779246 -3.8364348e-20)
(0.016012963 0.0013779246 0)
(0.016381208 0.0013779246 0)
(0.016756023 0.0013779246 -3.6459671e-20)
(0.017137526 0.0013779246 0)
(0.017525837 0.0013779246 0)
(0.017921076 0.0013779246 0)
(0.018323368 0.0013779246 1.0855483e-20)
(0.018732839 0.0013779246 0)
(0.019149615 0.0013779246 0)
(0.019573828 0.0013779246 0)
(0.02000561 0.0013779246 1.0114067e-20)
(0.020445098 0.0013779246 0)
(0.020892427 0.0013779246 0)
(0.021347738 0.0013779246 0)
(0.021811173 0.0013779246 3.9198986e-20)
(0.022282878 0.0013779246 0)
(0.022762999 0.0013779246 2.879319e-20)
(0.023251688 0.0013779246 0)
(0.023749096 0.0013779246 -1.9065168e-20)
(0.0010501807 0.0015009603 -3.2524396e-20)
(0.0011514375 0.0015009603 -3.1980619e-20)
(0.0012545011 0.0015009603 3.144639e-20)
(0.0013594036 0.0015009603 0)
(0.001466178 0.0015009603 0)
(0.0015748576 0.0015009603 -9.4644565e-21)
(0.0016854764 0.0015009603 -2.9401444e-20)
(0.001798069 0.0015009603 2.891241e-20)
(0.0019126707 0.0015009603 0)
(0.0020293174 0.0015009603 0)
(0.0021480453 0.0015009603 0)
(0.0022688917 0.0015009603 0)
(0.0023918945 0.0015009603 -3.4955252e-20)
(0.0025170921 0.0015009603 -3.4368863e-20)
(0.0026445237 0.0015009603 3.3792756e-20)
(0.0027742291 0.0015009603 -5.059301e-20)
(0.0029062489 0.0015009603 0)
(0.0030406243 0.0015009603 0)
(0.0031773975 0.0015009603 0)
(0.0033166112 0.0015009603 -1.6283022e-20)
(0.0034583089 0.0015009603 -2.3283022e-20)
(0.0036025351 0.0015009603 -4.5802518e-20)
(0.0037493346 0.0015009603 0)
(0.0038987536 0.0015009603 0)
(0.0040508388 0.0015009603 5.7117842e-20)
(0.0042056377 0.0015009603 -1.3289407e-20)
(0.0043631987 0.0015009603 1.3056441e-20)
(0.0045235712 0.0015009603 0)
(0.0046868052 0.0015009603 0)
(0.004852952 0.0015009603 1.3887574e-20)
(0.0050220634 0.0015009603 -2.5835199e-20)
(0.0051941923 0.0015009603 1.1951428e-20)
(0.0053693926 0.0015009603 0)
(0.005547719 0.0015009603 0)
(0.0057292274 0.0015009603 0)
(0.0059139746 0.0015009603 0)
(0.0061020183 0.0015009603 0)
(0.0062934173 0.0015009603 0)
(0.0064882315 0.0015009603 -2.2625294e-20)
(0.0066865219 0.0015009603 0)
(0.0068883505 0.0015009603 2.1891306e-20)
(0.0070937804 0.0015009603 -1.0014053e-20)
(0.0073028759 0.0015009603 -2.1182845e-20)
(0.0075157023 0.0015009603 9.6660234e-21)
(0.0077323264 0.0015009603 -2.9995557e-20)
(0.0079528157 0.0015009603 -2.9496114e-20)
(0.0081772394 0.0015009603 -2.9005424e-20)
(0.0084056675 0.0015009603 -9.0058342e-21)
(0.0086381717 0.0015009603 5.6099407e-20)
(0.0088748244 0.0015009603 0)
(0.0091156998 0.0015009603 0)
(0.0093608734 0.0015009603 0)
(0.0096104217 0.0015009603 0)
(0.0098644227 0.0015009603 0)
(0.010122956 0.0015009603 0)
(0.010386103 0.0015009603 3.2776472e-20)
(0.010653945 0.0015009603 -4.9095157e-20)
(0.010926565 0.0015009603 0)
(0.011204051 0.0015009603 -3.1160439e-20)
(0.011486488 0.0015009603 0)
(0.011773965 0.0015009603 -2.2973851e-20)
(0.012066571 0.0015009603 0)
(0.012364398 0.0015009603 2.9135078e-20)
(0.01266754 0.0015009603 -1.5078289e-20)
(0.012976091 0.0015009603 0)
(0.013290146 0.0015009603 0)
(0.013609807 0.0015009603 0)
(0.01393517 0.0015009603 -2.6796734e-20)
(0.01426634 0.0015009603 0)
(0.014603418 0.0015009603 0)
(0.014946512 0.0015009603 0)
(0.015295727 0.0015009603 3.6851162e-20)
(0.015651174 0.0015009603 -3.6231468e-20)
(0.016012963 0.0015009603 0)
(0.016381208 0.0015009603 -3.5024627e-20)
(0.016756023 0.0015009603 1.0977058e-20)
(0.017137526 0.0015009603 2.307509e-20)
(0.017525837 0.0015009603 -2.2696996e-20)
(0.017921076 0.0015009603 -2.2325504e-20)
(0.018323368 0.0015009603 0)
(0.018732838 0.0015009603 -3.1649955e-20)
(0.019149615 0.0015009603 0)
(0.019573828 0.0015009603 4.03012e-20)
(0.02000561 0.0015009603 0)
(0.020445098 0.0015009603 0)
(0.020892427 0.0015009603 0)
(0.021347738 0.0015009603 -3.7651374e-20)
(0.021811173 0.0015009603 -1.9261823e-20)
(0.022282878 0.0015009603 0)
(0.022763 0.0015009603 0)
(0.023251688 0.0015009603 0)
(0.023749096 0.0015009603 -1.6543232e-20)
(0.0010501807 0.001631553 0)
(0.0011514375 0.001631553 0)
(0.0012545011 0.001631553 0)
(0.0013594036 0.001631553 0)
(0.001466178 0.001631553 0)
(0.0015748576 0.001631553 0)
(0.0016854764 0.001631553 2.7787203e-20)
(0.001798069 0.001631553 0)
(0.0019126708 0.001631553 0)
(0.0020293174 0.001631553 0)
(0.0021480453 0.001631553 0)
(0.0022688917 0.001631553 0)
(0.0023918945 0.001631553 0)
(0.0025170921 0.001631553 -3.2467172e-20)
(0.0026445237 0.001631553 0)
(0.0027742291 0.001631553 0)
(0.0029062489 0.001631553 0)
(0.0030406244 0.001631553 0)
(0.0031773975 0.001631553 0)
(0.0033166111 0.001631553 0)
(0.0034583089 0.001631553 0)
(0.003602535 0.001631553 0)
(0.0037493347 0.001631553 0)
(0.0038987536 0.001631553 4.0419407e-20)
(0.0040508388 0.001631553 0)
(0.0042056377 0.001631553 0)
(0.0043631987 0.001631553 0)
(0.0045235712 0.001631553 0)
(0.0046868053 0.001631553 0)
(0.004852952 0.001631553 -1.3171078e-20)
(0.0050220634 0.001631553 0)
(0.0051941923 0.001631553 0)
(0.0053693926 0.001631553 0)
(0.005547719 0.001631553 3.4111353e-20)
(0.0057292274 0.001631553 0)
(0.0059139745 0.001631553 0)
(0.0061020182 0.001631553 0)
(0.0062934173 0.001631553 1.012619e-20)
(0.0064882315 0.001631553 0)
(0.0066865219 0.001631553 -9.774265e-21)
(0.0068883505 0.001631553 0)
(0.0070937804 0.001631553 0)
(0.0073028759 0.001631553 0)
(0.0075157024 0.001631553 9.1066778e-21)
(0.0077323264 0.001631553 0)
(0.0079528157 0.001631553 0)
(0.0081772394 0.001631553 0)
(0.0084056675 0.001631553 0)
(0.0086381717 0.001631553 0)
(0.0088748244 0.001631553 0)
(0.0091156998 0.001631553 -3.3690805e-20)
(0.0093608734 0.001631553 -2.5221392e-20)
(0.0096104217 0.001631553 0)
(0.0098644227 0.001631553 0)
(0.010122956 0.001631553 4.7991736e-20)
(0.010386103 0.001631553 0)
(0.010653944 0.001631553 0)
(0.010926565 0.001631553 -1.4218623e-20)
(0.011204051 0.001631553 0)
(0.011486488 0.001631553 0)
(0.011773965 0.001631553 2.8473464e-20)
(0.012066571 0.001631553 0)
(0.012364399 0.001631553 0)
(0.01266754 0.001631553 0)
(0.012976091 0.001631553 0)
(0.013290146 0.001631553 2.6191158e-20)
(0.013609806 0.001631553 0)
(0.013935171 0.001631553 0)
(0.01426634 0.001631553 0)
(0.014603418 0.001631553 0)
(0.014946512 0.001631553 0)
(0.015295727 0.001631553 0)
(0.015651174 0.001631553 4.5127379e-20)
(0.016012963 0.001631553 -3.3648501e-20)
(0.016381208 0.001631553 -3.3084989e-20)
(0.016756023 0.001631553 0)
(0.017137527 0.001631553 0)
(0.017525837 0.001631553 0)
(0.017921076 0.001631553 -3.0928175e-20)
(0.018323368 0.001631553 0)
(0.018732838 0.001631553 0)
(0.019149615 0.001631553 0)
(0.019573828 0.001631553 0)
(0.02000561 0.001631553 0)
(0.020445098 0.001631553 0)
(0.020892427 0.001631553 0)
(0.021347738 0.001631553 -1.8532785e-20)
(0.021811173 0.001631553 0)
(0.022282878 0.001631553 0)
(0.022762999 0.001631553 0)
(0.023251688 0.001631553 0)
(0.023749096 0.001631553 0)
(0.0010501807 0.0017701669 0)
(0.0011514375 0.0017701669 0)
(0.001254501 0.0017701669 3.694005e-20)
(0.0013594036 0.0017701669 2.7615601e-20)
(0.001466178 0.0017701669 -1.8607195e-20)
(0.0015748576 0.0017701669 0)
(0.0016854764 0.0017701669 -3.4519885e-20)
(0.001798069 0.0017701669 0)
(0.0019126707 0.0017701669 -1.7439174e-20)
(0.0020293173 0.0017701669 0)
(0.0021480453 0.0017701669 0)
(0.0022688917 0.0017701669 0)
(0.0023918945 0.0017701669 -1.4845088e-20)
(0.0025170921 0.0017701669 3.0675525e-20)
(0.0026445237 0.0017701669 0)
(0.0027742291 0.0017701669 0)
(0.0029062489 0.0017701669 0)
(0.0030406244 0.0017701669 0)
(0.0031773975 0.0017701669 0)
(0.0033166111 0.0017701669 6.859387e-20)
(0.0034583089 0.0017701669 5.4557643e-20)
(0.003602535 0.0017701669 0)
(0.0037493346 0.0017701669 0)
(0.0038987536 0.0017701669 0)
(0.0040508388 0.0017701669 0)
(0.0042056377 0.0017701669 1.1795866e-20)
(0.0043631987 0.0017701669 0)
(0.0045235712 0.0017701669 0)
(0.0046868053 0.0017701669 0)
(0.004852952 0.0017701669 0)
(0.0050220634 0.0017701669 0)
(0.0051941923 0.0017701669 -1.0608257e-20)
(0.0053693926 0.0017701669 0)
(0.005547719 0.0017701669 0)
(0.0057292274 0.0017701669 -4.1746134e-20)
(0.0059139745 0.0017701669 0)
(0.0061020182 0.0017701669 -2.0926725e-20)
(0.0062934172 0.0017701669 3.0126481e-20)
(0.0064882315 0.0017701669 9.372965e-21)
(0.0066865219 0.0017701669 0)
(0.0068883505 0.0017701669 0)
(0.0070937804 0.0017701669 0)
(0.0073028759 0.0017701669 3.643702e-20)
(0.0075157024 0.0017701669 0)
(0.0077323264 0.0017701669 0)
(0.0079528157 0.0017701669 0)
(0.0081772394 0.0017701669 0)
(0.0084056675 0.0017701669 0)
(0.0086381717 0.0017701669 0)
(0.0088748244 0.0017701669 0)
(0.0091156998 0.0017701669 0)
(0.0093608734 0.0017701669 0)
(0.0096104217 0.0017701669 3.0774521e-20)
(0.0098644227 0.0017701669 -2.3072532e-20)
(0.010122956 0.0017701669 0)
(0.010386102 0.0017701669 2.2323032e-20)
(0.010653944 0.0017701669 0)
(0.010926565 0.0017701669 0)
(0.011204051 0.0017701669 2.7827683e-20)
(0.011486488 0.0017701669 0)
(0.011773965 0.0017701669 0)
(0.012066571 0.0017701669 0)
(0.012364399 0.0017701669 0)
(0.01266754 0.0017701669 0)
(0.01297609 0.0017701669 -6.21912e-20)
(0.013290146 0.0017701669 0)
(0.013609807 0.0017701669 0)
(0.01393517 0.0017701669 0)
(0.01426634 0.0017701669 0)
(0.014603418 0.0017701669 0)
(0.014946512 0.0017701669 0)
(0.015295728 0.0017701669 0)
(0.015651174 0.0017701669 0)
(0.016012963 0.0017701669 0)
(0.016381208 0.0017701669 0)
(0.016756023 0.0017701669 0)
(0.017137526 0.0017701669 0)
(0.017525837 0.0017701669 0)
(0.017921076 0.0017701669 0)
(0.018323368 0.0017701669 0)
(0.018732839 0.0017701669 0)
(0.019149615 0.0017701669 -3.6555556e-20)
(0.019573828 0.0017701669 0)
(0.02000561 0.0017701669 -1.8421632e-20)
(0.020445098 0.0017701669 0)
(0.020892427 0.0017701669 0)
(0.021347738 0.0017701669 0)
(0.021811173 0.0017701669 -3.3026767e-20)
(0.022282878 0.0017701669 0)
(0.022763 0.0017701669 -3.1931269e-20)
(0.023251688 0.0017701669 0)
(0.023749096 0.0017701669 0)
(0.0010501807 0.0019172946 0)
(0.0011514375 0.0019172946 0)
(0.0012545011 0.0019172946 0)
(0.0013594036 0.0019172946 -3.4304335e-20)
(0.001466178 0.0019172947 0)
(0.0015748576 0.0019172946 0)
(0.0016854764 0.0019172946 0)
(0.001798069 0.0019172946 0)
(0.0019126708 0.0019172946 0)
(0.0020293174 0.0019172946 0)
(0.0021480453 0.0019172946 0)
(0.0022688917 0.0019172946 0)
(0.0023918945 0.0019172946 0)
(0.0025170922 0.0019172947 0)
(0.0026445237 0.0019172946 0)
(0.0027742291 0.0019172946 0)
(0.0029062489 0.0019172947 0)
(0.0030406243 0.0019172946 0)
(0.0031773975 0.0019172946 0)
(0.0033166111 0.0019172946 0)
(0.0034583089 0.0019172947 0)
(0.003602535 0.0019172946 0)
(0.0037493347 0.0019172947 0)
(0.0038987536 0.0019172946 2.4532669e-20)
(0.0040508388 0.0019172946 0)
(0.0042056377 0.0019172947 0)
(0.0043631988 0.0019172947 0)
(0.0045235712 0.0019172946 0)
(0.0046868053 0.0019172946 0)
(0.004852952 0.0019172946 0)
(0.0050220634 0.0019172946 0)
(0.0051941923 0.0019172946 0)
(0.0053693926 0.0019172946 0)
(0.005547719 0.0019172946 -2.0799922e-20)
(0.0057292274 0.0019172946 0)
(0.0059139746 0.0019172946 -3.8752911e-20)
(0.0061020183 0.0019172947 0)
(0.0062934173 0.0019172946 2.8470293e-20)
(0.0064882315 0.0019172947 0)
(0.0066865219 0.0019172946 0)
(0.0068883505 0.0019172947 0)
(0.0070937804 0.0019172946 0)
(0.0073028759 0.0019172947 0)
(0.0075157023 0.0019172946 0)
(0.0077323264 0.0019172946 4.1213418e-20)
(0.0079528157 0.0019172947 0)
(0.0081772394 0.0019172947 0)
(0.0084056675 0.0019172946 0)
(0.0086381717 0.0019172947 0)
(0.0088748244 0.0019172946 0)
(0.0091156998 0.0019172946 0)
(0.0093608734 0.0019172946 -7.0167567e-21)
(0.0096104217 0.0019172947 0)
(0.0098644228 0.0019172947 0)
(0.010122956 0.0019172946 0)
(0.010386102 0.0019172946 0)
(0.010653944 0.0019172947 0)
(0.010926565 0.0019172946 0)
(0.011204051 0.0019172946 0)
(0.011486488 0.0019172946 0)
(0.011773965 0.0019172946 2.5442693e-20)
(0.012066571 0.0019172946 0)
(0.012364398 0.0019172946 -2.4610809e-20)
(0.01266754 0.0019172946 1.1349974e-20)
(0.01297609 0.0019172946 0)
(0.013290146 0.0019172946 6.8744819e-20)
(0.013609807 0.0019172947 -1.0763447e-20)
(0.01393517 0.0019172946 0)
(0.01426634 0.0019172946 -3.2673981e-20)
(0.014603418 0.0019172946 0)
(0.014946512 0.0019172946 0)
(0.015295728 0.0019172946 0)
(0.015651174 0.0019172946 0)
(0.016012963 0.0019172946 0)
(0.016381208 0.0019172946 0)
(0.016756023 0.0019172946 0)
(0.017137526 0.0019172947 0)
(0.017525837 0.0019172946 0)
(0.017921076 0.0019172946 0)
(0.018323368 0.0019172946 0)
(0.018732838 0.0019172946 0)
(0.019149615 0.0019172946 -3.4527338e-20)
(0.019573828 0.0019172946 0)
(0.02000561 0.0019172946 0)
(0.020445098 0.0019172946 0)
(0.020892427 0.0019172946 3.227202e-20)
(0.021347738 0.0019172947 0)
(0.021811173 0.0019172946 0)
(0.022282878 0.0019172946 0)
(0.022763 0.0019172946 0)
(0.023251688 0.0019172946 0)
(0.023749097 0.0019172946 0)
(0.0010501807 0.0020734591 0)
(0.0011514375 0.0020734591 0)
(0.0012545011 0.0020734591 0)
(0.0013594036 0.0020734591 0)
(0.001466178 0.0020734591 0)
(0.0015748576 0.0020734591 0)
(0.0016854764 0.0020734591 0)
(0.001798069 0.0020734591 0)
(0.0019126707 0.0020734591 0)
(0.0020293174 0.0020734591 0)
(0.0021480453 0.0020734591 0)
(0.0022688917 0.0020734591 0)
(0.0023918945 0.0020734591 0)
(0.0025170921 0.0020734591 0)
(0.0026445237 0.0020734591 0)
(0.0027742291 0.0020734592 0)
(0.0029062489 0.0020734591 0)
(0.0030406243 0.0020734592 0)
(0.0031773975 0.0020734592 0)
(0.0033166111 0.0020734591 0)
(0.0034583089 0.0020734592 -1.1438242e-20)
(0.003602535 0.0020734591 0)
(0.0037493347 0.0020734591 0)
(0.0038987536 0.0020734591 0)
(0.0040508388 0.0020734591 0)
(0.0042056377 0.0020734591 -1.0470186e-20)
(0.0043631988 0.0020734592 0)
(0.0045235712 0.0020734592 0)
(0.0046868052 0.0020734591 0)
(0.004852952 0.0020734591 0)
(0.0050220634 0.0020734591 0)
(0.0051941923 0.0020734591 0)
(0.0053693926 0.0020734591 0)
(0.005547719 0.0020734591 0)
(0.0057292274 0.0020734591 0)
(0.0059139746 0.0020734591 0)
(0.0061020182 0.0020734592 1.8744105e-20)
(0.0062934173 0.0020734591 0)
(0.0064882315 0.0020734592 0)
(0.0066865219 0.0020734591 0)
(0.0068883505 0.0020734591 0)
(0.0070937805 0.0020734592 0)
(0.0073028759 0.0020734591 0)
(0.0075157024 0.0020734591 4.7198648e-20)
(0.0077323264 0.0020734591 0)
(0.0079528157 0.0020734591 0)
(0.0081772394 0.0020734591 0)
(0.0084056675 0.0020734591 0)
(0.0086381717 0.0020734592 0)
(0.0088748244 0.0020734591 0)
(0.0091156998 0.0020734591 0)
(0.0093608734 0.0020734592 0)
(0.0096104217 0.0020734591 0)
(0.0098644227 0.0020734591 0)
(0.010122956 0.0020734592 0)
(0.010386102 0.0020734591 0)
(0.010653944 0.0020734591 0)
(0.010926565 0.0020734591 0)
(0.011204051 0.0020734591 0)
(0.011486488 0.0020734591 0)
(0.011773964 0.0020734592 0)
(0.012066571 0.0020734591 0)
(0.012364399 0.0020734591 0)
(0.01266754 0.0020734591 0)
(0.012976091 0.0020734591 0)
(0.013290146 0.0020734592 0)
(0.013609807 0.0020734592 0)
(0.013935171 0.0020734591 0)
(0.01426634 0.0020734591 0)
(0.014603418 0.0020734591 0)
(0.014946512 0.0020734591 0)
(0.015295728 0.0020734591 0)
(0.015651174 0.0020734592 0)
(0.016012963 0.0020734591 0)
(0.016381208 0.0020734591 0)
(0.016756023 0.0020734591 0)
(0.017137526 0.0020734591 0)
(0.017525837 0.0020734591 0)
(0.017921076 0.0020734591 3.4311784e-20)
(0.018323368 0.0020734591 0)
(0.018732838 0.0020734591 -3.3171612e-20)
(0.019149615 0.0020734592 0)
(0.019573828 0.0020734591 0)
(0.02000561 0.0020734591 0)
(0.020445098 0.0020734591 -1.6257318e-20)
(0.020892427 0.0020734591 0)
(0.021347738 0.0020734591 0)
(0.021811174 0.0020734591 0)
(0.022282878 0.0020734591 0)
(0.022763 0.0020734591 0)
(0.023251688 0.0020734591 0)
(0.023749097 0.0020734591 0)
(0.0010501807 0.0022392154 0)
(0.0011514375 0.0022392154 0)
(0.001254501 0.0022392154 0)
(0.0013594036 0.0022392155 -2.3340161e-20)
(0.001466178 0.0022392155 0)
(0.0015748576 0.0022392155 0)
(0.0016854764 0.0022392154 0)
(0.001798069 0.0022392155 0)
(0.0019126707 0.0022392155 0)
(0.0020293174 0.0022392155 0)
(0.0021480453 0.0022392155 0)
(0.0022688917 0.0022392154 0)
(0.0023918945 0.0022392155 0)
(0.0025170921 0.0022392155 0)
(0.0026445237 0.0022392154 0)
(0.0027742291 0.0022392155 0)
(0.0029062489 0.0022392155 0)
(0.0030406244 0.0022392155 0)
(0.0031773975 0.0022392155 0)
(0.0033166111 0.0022392155 0)
(0.0034583089 0.0022392154 0)
(0.0036025351 0.0022392155 -3.3268134e-20)
(0.0037493346 0.0022392154 0)
(0.0038987536 0.0022392155 0)
(0.0040508388 0.0022392155 -3.1626816e-20)
(0.0042056377 0.0022392154 5.2333214e-20)
(0.0043631987 0.0022392154 0)
(0.0045235712 0.0022392155 9.5214883e-21)
(0.0046868053 0.0022392155 0)
(0.004852952 0.0022392155 0)
(0.0050220634 0.0022392155 0)
(0.0051941923 0.0022392155 0)
(0.0053693926 0.0022392155 0)
(0.005547719 0.0022392155 0)
(0.0057292274 0.0022392154 0)
(0.0059139745 0.0022392154 0)
(0.0061020183 0.0022392155 0)
(0.0062934173 0.0022392155 0)
(0.0064882315 0.0022392155 0)
(0.0066865219 0.0022392154 0)
(0.0068883505 0.0022392154 0)
(0.0070937804 0.0022392154 0)
(0.0073028759 0.0022392155 0)
(0.0075157023 0.0022392155 3.0204976e-20)
(0.0077323264 0.0022392154 0)
(0.0079528157 0.0022392155 0)
(0.0081772394 0.0022392155 0)
(0.0084056675 0.0022392155 0)
(0.0086381717 0.0022392155 0)
(0.0088748244 0.0022392154 0)
(0.0091156998 0.0022392154 0)
(0.0093608734 0.0022392154 0)
(0.0096104217 0.0022392154 0)
(0.0098644228 0.0022392155 1.3529288e-20)
(0.010122956 0.0022392154 0)
(0.010386103 0.0022392155 -2.4717045e-20)
(0.010653944 0.0022392155 0)
(0.010926565 0.0022392155 0)
(0.011204051 0.0022392155 0)
(0.011486488 0.0022392155 0)
(0.011773965 0.0022392154 0)
(0.012066571 0.0022392155 0)
(0.012364399 0.0022392155 0)
(0.01266754 0.0022392154 0)
(0.012976091 0.0022392155 -4.1097002e-20)
(0.013290146 0.0022392155 9.7242857e-21)
(0.013609807 0.0022392154 -2.0613426e-20)
(0.013935171 0.0022392155 0)
(0.01426634 0.0022392155 0)
(0.014603418 0.0022392154 0)
(0.014946512 0.0022392154 0)
(0.015295727 0.0022392155 0)
(0.015651174 0.0022392155 -2.728158e-20)
(0.016012963 0.0022392155 0)
(0.016381208 0.0022392155 0)
(0.016756023 0.0022392155 0)
(0.017137526 0.0022392155 0)
(0.017525837 0.0022392155 0)
(0.017921076 0.0022392155 -7.7268922e-21)
(0.018323368 0.0022392155 0)
(0.018732838 0.0022392155 -3.1339211e-20)
(0.019149615 0.0022392155 -1.4655187e-20)
(0.019573828 0.0022392154 0)
(0.02000561 0.0022392155 0)
(0.020445098 0.0022392155 -2.9301554e-20)
(0.020892427 0.0022392155 0)
(0.021347738 0.0022392154 0)
(0.021811174 0.0022392155 4.1044966e-20)
(0.022282878 0.0022392155 0)
(0.022762999 0.0022392155 0)
(0.023251688 0.0022392154 0)
(0.023749096 0.0022392155 0)
(0.0010501807 0.0024151527 0)
(0.0011514375 0.0024151527 -4.4128824e-20)
(0.001254501 0.0024151527 0)
(0.0013594036 0.0024151527 0)
(0.001466178 0.0024151527 0)
(0.0015748576 0.0024151527 0)
(0.0016854764 0.0024151527 0)
(0.0017980691 0.0024151527 0)
(0.0019126708 0.0024151527 0)
(0.0020293174 0.0024151527 0)
(0.0021480453 0.0024151527 0)
(0.0022688918 0.0024151527 0)
(0.0023918946 0.0024151527 0)
(0.0025170921 0.0024151527 0)
(0.0026445237 0.0024151527 0)
(0.0027742291 0.0024151527 0)
(0.0029062489 0.0024151527 0)
(0.0030406243 0.0024151527 0)
(0.0031773975 0.0024151527 0)
(0.0033166111 0.0024151527 0)
(0.0034583089 0.0024151527 0)
(0.0036025351 0.0024151527 4.1404916e-20)
(0.0037493347 0.0024151527 0)
(0.0038987536 0.0024151527 -9.6281087e-21)
(0.0040508388 0.0024151527 9.4593235e-21)
(0.0042056377 0.0024151527 -2.9386309e-20)
(0.0043631988 0.0024151527 0)
(0.0045235712 0.0024151527 -1.9446854e-20)
(0.0046868053 0.0024151527 0)
(0.004852952 0.0024151527 1.8823324e-20)
(0.0050220634 0.0024151527 0)
(0.0051941923 0.0024151527 0)
(0.0053693925 0.0024151527 0)
(0.005547719 0.0024151527 0)
(0.0057292274 0.0024151527 0)
(0.0059139745 0.0024151527 0)
(0.0061020182 0.0024151527 0)
(0.0062934172 0.0024151527 -4.6603958e-20)
(0.0064882315 0.0024151527 0)
(0.0066865219 0.0024151527 3.0526361e-20)
(0.0068883505 0.0024151527 0)
(0.0070937804 0.0024151527 0)
(0.0073028759 0.0024151527 0)
(0.0075157024 0.0024151527 0)
(0.0077323264 0.0024151527 -1.3282206e-20)
(0.0079528157 0.0024151527 0)
(0.0081772394 0.0024151527 0)
(0.0084056676 0.0024151527 3.9293364e-20)
(0.0086381717 0.0024151527 0)
(0.0088748244 0.0024151527 0)
(0.0091156999 0.0024151527 0)
(0.0093608734 0.0024151527 0)
(0.0096104217 0.0024151527 0)
(0.0098644227 0.0024151527 0)
(0.010122956 0.0024151527 -1.1129098e-20)
(0.010386103 0.0024151527 3.4307907e-20)
(0.010653944 0.0024151527 0)
(0.010926565 0.0024151527 0)
(0.011204051 0.0024151527 0)
(0.011486488 0.0024151527 0)
(0.011773965 0.0024151527 -1.0008613e-20)
(0.012066571 0.0024151527 0)
(0.012364399 0.0024151527 0)
(0.01266754 0.0024151527 0)
(0.012976091 0.0024151527 0)
(0.013290146 0.0024151527 0)
(0.013609807 0.0024151527 0)
(0.01393517 0.0024151527 0)
(0.01426634 0.0024151527 2.7570237e-20)
(0.014603419 0.0024151527 0)
(0.014946512 0.0024151527 0)
(0.015295727 0.0024151527 0)
(0.015651174 0.0024151527 0)
(0.016012963 0.0024151527 0)
(0.016381208 0.0024151527 -4.0572864e-20)
(0.016756023 0.0024151527 0)
(0.017137526 0.0024151527 0)
(0.017525837 0.0024151527 0)
(0.017921076 0.0024151527 0)
(0.018323368 0.0024151527 0)
(0.018732838 0.0024151527 0)
(0.019149615 0.0024151527 0)
(0.019573828 0.0024151527 0)
(0.02000561 0.0024151527 0)
(0.020445098 0.0024151527 -2.76931e-20)
(0.020892427 0.0024151527 1.286413e-20)
(0.021347738 0.0024151527 0)
(0.021811173 0.0024151527 0)
(0.022282878 0.0024151527 0)
(0.022762999 0.0024151527 0)
(0.023251688 0.0024151527 0)
(0.023749096 0.0024151527 1.3074778e-20)
(0.0010501807 0.0026018962 0)
(0.0011514375 0.0026018963 0)
(0.0012545011 0.0026018963 2.7807547e-20)
(0.0013594036 0.0026018963 -2.7346454e-20)
(0.001466178 0.0026018962 0)
(0.0015748576 0.0026018963 0)
(0.0016854764 0.0026018963 0)
(0.001798069 0.0026018963 0)
(0.0019126708 0.0026018962 0)
(0.0020293173 0.0026018962 0)
(0.0021480453 0.0026018962 0)
(0.0022688917 0.0026018963 0)
(0.0023918945 0.0026018963 0)
(0.0025170921 0.0026018963 0)
(0.0026445237 0.0026018963 0)
(0.0027742291 0.0026018963 0)
(0.0029062489 0.0026018963 0)
(0.0030406243 0.0026018963 0)
(0.0031773975 0.0026018962 0)
(0.0033166111 0.0026018962 0)
(0.0034583089 0.0026018962 0)
(0.0036025351 0.0026018963 2.0300953e-20)
(0.0037493347 0.0026018963 0)
(0.0038987536 0.0026018963 9.0709575e-21)
(0.0040508388 0.0026018963 0)
(0.0042056377 0.0026018963 0)
(0.0043631987 0.0026018962 0)
(0.0045235712 0.0026018962 0)
(0.0046868052 0.0026018962 0)
(0.004852952 0.0026018963 1.782121e-20)
(0.0050220634 0.0026018963 0)
(0.0051941923 0.0026018962 0)
(0.0053693926 0.0026018963 0)
(0.005547719 0.0026018963 0)
(0.0057292274 0.0026018963 0)
(0.0059139746 0.0026018962 0)
(0.0061020182 0.0026018963 0)
(0.0062934172 0.0026018963 0)
(0.0064882315 0.0026018962 0)
(0.0066865219 0.0026018963 2.8847026e-20)
(0.0068883505 0.0026018962 0)
(0.0070937804 0.0026018962 0)
(0.0073028759 0.0026018962 0)
(0.0075157023 0.0026018962 0)
(0.0077323264 0.0026018963 3.9046644e-20)
(0.0079528157 0.0026018962 0)
(0.0081772394 0.0026018962 0)
(0.0084056675 0.0026018963 0)
(0.0086381717 0.0026018962 0)
(0.0088748244 0.0026018963 0)
(0.0091156998 0.0026018962 2.4013291e-20)
(0.0093608734 0.0026018963 0)
(0.0096104217 0.0026018962 0)
(0.0098644228 0.0026018963 0)
(0.010122956 0.0026018962 3.2961103e-20)
(0.010386102 0.0026018962 0)
(0.010653945 0.0026018963 0)
(0.010926565 0.0026018963 0)
(0.011204051 0.0026018962 0)
(0.011486488 0.0026018963 0)
(0.011773965 0.0026018963 0)
(0.012066571 0.0026018962 0)
(0.012364399 0.0026018963 0)
(0.01266754 0.0026018963 0)
(0.01297609 0.0026018963 0)
(0.013290146 0.0026018963 0)
(0.013609806 0.0026018963 -2.6946096e-20)
(0.01393517 0.0026018962 0)
(0.01426634 0.0026018963 0)
(0.014603418 0.0026018963 0)
(0.014946512 0.0026018963 0)
(0.015295728 0.0026018963 0)
(0.015651174 0.0026018963 -7.6263077e-21)
(0.016012963 0.0026018963 3.8968954e-20)
(0.016381208 0.0026018963 0)
(0.016756023 0.0026018962 1.4464431e-20)
(0.017137526 0.0026018963 0)
(0.017525837 0.0026018963 0)
(0.017921076 0.0026018962 0)
(0.018323368 0.0026018962 0)
(0.018732838 0.0026018963 5.5972743e-20)
(0.019149615 0.0026018963 0)
(0.019573828 0.0026018962 0)
(0.02000561 0.0026018962 0)
(0.020445098 0.0026018963 -2.6177718e-20)
(0.020892427 0.0026018962 -2.5745275e-20)
(0.021347738 0.0026018963 0)
(0.021811174 0.0026018963 1.1698501e-20)
(0.022282878 0.0026018962 0)
(0.022762999 0.0026018963 0)
(0.023251688 0.0026018962 0)
(0.023749097 0.0026018963 0)
(0.0010501807 0.0028001098 0)
(0.0011514375 0.0028001098 3.9338613e-20)
(0.001254501 0.0028001098 -3.8675397e-20)
(0.0013594036 0.0028001098 -1.2172648e-20)
(0.001466178 0.0028001098 0)
(0.0015748576 0.0028001098 0)
(0.0016854764 0.0028001098 0)
(0.0017980691 0.0028001098 0)
(0.0019126708 0.0028001098 0)
(0.0020293174 0.0028001098 0)
(0.0021480453 0.0028001098 0)
(0.0022688917 0.0028001098 0)
(0.0023918945 0.0028001098 -1.0381405e-20)
(0.0025170921 0.0028001098 0)
(0.0026445237 0.0028001098 0)
(0.0027742291 0.0028001098 0)
(0.0029062489 0.0028001098 0)
(0.0030406243 0.0028001098 0)
(0.0031773975 0.0028001098 0)
(0.0033166112 0.0028001098 0)
(0.0034583089 0.0028001098 -3.755275e-20)
(0.0036025351 0.0028001098 -3.6920833e-20)
(0.0037493346 0.0028001098 0)
(0.0038987536 0.0028001099 0)
(0.0040508388 0.0028001098 1.8298299e-20)
(0.0042056377 0.0028001098 0)
(0.0043631987 0.0028001098 0)
(0.0045235712 0.0028001098 0)
(0.0046868053 0.0028001098 -3.2796906e-20)
(0.004852952 0.0028001098 0)
(0.0050220634 0.0028001098 -1.5101787e-20)
(0.0051941923 0.0028001098 0)
(0.0053693926 0.0028001098 0)
(0.005547719 0.0028001098 1.4321394e-20)
(0.0057292274 0.0028001098 3.6681683e-20)
(0.0059139746 0.0028001098 0)
(0.0061020183 0.0028001099 -4.2249842e-20)
(0.0062934173 0.0028001098 0)
(0.0064882315 0.0028001098 0)
(0.0066865219 0.0028001098 -1.4385354e-20)
(0.0068883505 0.0028001098 0)
(0.0070937805 0.0028001098 0)
(0.0073028759 0.0028001098 0)
(0.0075157023 0.0028001098 -3.7505355e-20)
(0.0077323264 0.0028001098 7.3748534e-20)
(0.0079528157 0.0028001098 0)
(0.0081772394 0.0028001098 0)
(0.0084056676 0.0028001098 -2.3866338e-20)
(0.0086381716 0.0028001098 0)
(0.0088748244 0.0028001098 0)
(0.0091156998 0.0028001098 0)
(0.0093608734 0.0028001098 0)
(0.0096104217 0.0028001098 0)
(0.0098644228 0.0028001098 3.16697e-20)
(0.010122956 0.0028001098 0)
(0.010386103 0.0028001098 0)
(0.010653944 0.0028001098 -2.0575878e-20)
(0.010926565 0.0028001098 0)
(0.011204051 0.0028001098 0)
(0.011486488 0.0028001098 0)
(0.011773964 0.0028001099 0)
(0.012066571 0.0028001098 0)
(0.012364398 0.0028001098 3.5806029e-20)
(0.01266754 0.0028001098 0)
(0.012976091 0.0028001098 0)
(0.013290146 0.0028001098 0)
(0.013609807 0.0028001098 0)
(0.01393517 0.0028001098 0)
(0.01426634 0.0028001098 0)
(0.014603418 0.0028001098 0)
(0.014946512 0.0028001098 0)
(0.015295728 0.0028001098 -2.3445481e-20)
(0.015651174 0.0028001098 1.4369991e-20)
(0.016012963 0.0028001098 1.5623931e-20)
(0.016381208 0.0028001098 0)
(0.016756023 0.0028001098 0)
(0.017137526 0.0028001098 0)
(0.017525837 0.0028001098 0)
(0.017921076 0.0028001098 0)
(0.018323368 0.0028001098 0)
(0.018732838 0.0028001098 0)
(0.019149615 0.0028001098 -1.2255412e-20)
(0.019573828 0.0028001098 2.5586998e-20)
(0.02000561 0.0028001098 0)
(0.020445098 0.0028001098 0)
(0.020892427 0.0028001098 0)
(0.021347738 0.0028001099 0)
(0.021811173 0.0028001098 -2.3548923e-20)
(0.022282878 0.0028001099 0)
(0.022762999 0.0028001098 0)
(0.023251688 0.0028001099 0)
(0.023749097 0.0028001098 0)
(0.0010501807 0.003010498 0)
(0.0011514375 0.003010498 -2.5268172e-20)
(0.001254501 0.003010498 0)
(0.0013594036 0.003010498 0)
(0.001466178 0.003010498 0)
(0.0015748576 0.003010498 0)
(0.0016854764 0.003010498 1.0875628e-20)
(0.001798069 0.003010498 0)
(0.0019126707 0.003010498 -3.2998801e-20)
(0.0020293174 0.003010498 0)
(0.0021480453 0.003010498 1.0132825e-20)
(0.0022688917 0.003010498 0)
(0.0023918945 0.003010498 0)
(0.0025170922 0.003010498 0)
(0.0026445237 0.003010498 0)
(0.0027742291 0.003010498 0)
(0.0029062489 0.003010498 2.8843766e-20)
(0.0030406243 0.003010498 0)
(0.0031773975 0.003010498 0)
(0.0033166111 0.003010498 0)
(0.0034583089 0.003010498 5.3953148e-20)
(0.003602535 0.003010498 -1.8188653e-20)
(0.0037493346 0.003010498 0)
(0.0038987536 0.003010498 0)
(0.0040508388 0.003010498 3.31473e-20)
(0.0042056377 0.003010498 0)
(0.0043631987 0.003010498 0)
(0.0045235712 0.003010498 0)
(0.0046868053 0.003010498 3.0986183e-20)
(0.004852952 0.003010498 -2.3228478e-20)
(0.0050220634 0.003010498 7.1139452e-21)
(0.0051941923 0.003010498 -6.9892338e-21)
(0.0053693926 0.003010498 4.2706092e-20)
(0.005547719 0.003010498 0)
(0.0057292274 0.003010498 0)
(0.0059139745 0.003010498 -4.0577032e-20)
(0.0061020183 0.003010498 3.9892105e-20)
(0.0062934172 0.003010498 0)
(0.0064882315 0.003010498 -2.6207291e-20)
(0.0066865219 0.003010498 0)
(0.0068883505 0.003010498 0)
(0.0070937804 0.003010498 2.4930839e-20)
(0.0073028759 0.003010498 1.1507178e-20)
(0.0075157023 0.003010498 1.1305444e-20)
(0.0077323264 0.003010498 3.4827599e-20)
(0.0079528157 0.003010498 0)
(0.0081772394 0.003010498 0)
(0.0084056675 0.003010498 1.2039119e-20)
(0.0086381717 0.003010498 0)
(0.0088748244 0.003010498 0)
(0.0091156998 0.003010498 0)
(0.0093608734 0.003010498 -9.8138561e-21)
(0.0096104217 0.003010498 0)
(0.0098644227 0.003010498 0)
(0.010122956 0.003010498 -2.9425984e-20)
(0.010386102 0.003010498 9.1435847e-21)
(0.010653944 0.003010498 0)
(0.010926565 0.003010498 0)
(0.011204051 0.003010498 0)
(0.011486488 0.003010498 1.8543992e-20)
(0.011773965 0.003010498 3.4984675e-20)
(0.012066571 0.003010498 0)
(0.012364399 0.003010498 0)
(0.01266754 0.003010498 2.531748e-20)
(0.012976091 0.003010498 2.4900041e-20)
(0.013290146 0.003010498 -4.8979893e-20)
(0.013609806 0.003010498 0)
(0.01393517 0.003010498 0)
(0.01426634 0.003010498 4.5098582e-20)
(0.014603418 0.003010498 0)
(0.014946512 0.003010498 0)
(0.015295727 0.003010498 0)
(0.015651174 0.003010498 -1.5044278e-20)
(0.016012963 0.003010498 -5.6216159e-20)
(0.016381208 0.003010498 -1.3067932e-20)
(0.016756023 0.003010498 1.4344674e-20)
(0.017137526 0.003010498 5.346675e-20)
(0.017525837 0.003010498 3.8683813e-20)
(0.017921076 0.003010498 0)
(0.018323368 0.003010498 0)
(0.018732838 0.003010498 -1.3258089e-20)
(0.019149615 0.003010498 2.459829e-20)
(0.019573828 0.003010498 3.5537318e-20)
(0.02000561 0.003010498 4.6085621e-20)
(0.020445098 0.003010498 0)
(0.020892427 0.003010498 -5.6799861e-20)
(0.021347738 0.003010498 0)
(0.021811173 0.003010498 0)
(0.022282878 0.003010498 0)
(0.022762999 0.003010498 2.1551586e-20)
(0.023251688 0.003010498 0)
(0.023749097 0.003010498 -3.0529443e-20)
(0.0010501807 0.0032338084 0)
(0.0011514375 0.0032338084 0)
(0.001254501 0.0032338084 0)
(0.0013594036 0.0032338084 0)
(0.001466178 0.0032338084 0)
(0.0015748576 0.0032338084 0)
(0.0016854764 0.0032338084 0)
(0.001798069 0.0032338084 0)
(0.0019126708 0.0032338084 3.1176415e-20)
(0.0020293174 0.0032338084 -2.0939455e-20)
(0.0021480453 0.0032338084 0)
(0.0022688917 0.0032338084 0)
(0.0023918945 0.0032338084 0)
(0.0025170922 0.0032338084 0)
(0.0026445237 0.0032338084 0)
(0.0027742291 0.0032338084 0)
(0.0029062489 0.0032338084 0)
(0.0030406243 0.0032338084 3.5245123e-20)
(0.0031773975 0.0032338084 0)
(0.0033166111 0.0032338084 0)
(0.0034583089 0.0032338084 -3.3501618e-20)
(0.0036025351 0.0032338084 3.2940719e-20)
(0.0037493347 0.0032338084 0)
(0.0038987536 0.0032338084 0)
(0.0040508388 0.0032338084 -3.1316321e-20)
(0.0042056377 0.0032338084 0)
(0.0043631987 0.0032338084 0)
(0.0045235712 0.0032338084 0)
(0.0046868053 0.0032338084 0)
(0.004852952 0.0032338084 0)
(0.0050220634 0.0032338084 0)
(0.0051941923 0.0032338084 -1.467542e-20)
(0.0053693926 0.0032338084 0)
(0.005547719 0.0032338084 6.6571097e-20)
(0.0057292274 0.0032338084 0)
(0.0059139746 0.0032338084 0)
(0.0061020182 0.0032338084 -2.561583e-20)
(0.0062934173 0.0032338084 0)
(0.0064882315 0.0032338084 0)
(0.0066865219 0.0032338084 0)
(0.0068883505 0.0032338084 0)
(0.0070937804 0.0032338084 2.3575317e-20)
(0.0073028759 0.0032338084 0)
(0.0075157023 0.0032338084 -1.2157074e-20)
(0.0077323264 0.0032338084 0)
(0.0079528157 0.0032338084 0)
(0.0081772394 0.0032338084 -3.1808334e-20)
(0.0084056676 0.0032338084 9.9237585e-21)
(0.0086381717 0.0032338084 0)
(0.0088748244 0.0032338084 0)
(0.0091156998 0.0032338084 -9.4109446e-21)
(0.0093608734 0.0032338084 2.9243726e-20)
(0.0096104217 0.0032338084 -9.0838764e-21)
(0.0098644227 0.0032338084 0)
(0.010122956 0.0032338084 0)
(0.010386103 0.0032338084 3.5963748e-20)
(0.010653944 0.0032338084 0)
(0.010926565 0.0032338084 0)
(0.011204051 0.0032338084 -3.4183e-20)
(0.011486488 0.0032338084 0)
(0.011773965 0.0032338084 0)
(0.012066571 0.0032338084 0)
(0.012364399 0.0032338084 0)
(0.01266754 0.0032338084 0)
(0.01297609 0.0032338084 0)
(0.013290147 0.0032338084 0)
(0.013609807 0.0032338084 -2.9871771e-20)
(0.013935171 0.0032338084 0)
(0.01426634 0.0032338084 2.8885962e-20)
(0.014603419 0.0032338084 0)
(0.014946512 0.0032338084 0)
(0.015295727 0.0032338084 0)
(0.015651174 0.0032338084 0)
(0.016012963 0.0032338084 -2.5062866e-20)
(0.016381207 0.0032338084 0)
(0.016756023 0.0032338084 0)
(0.017137526 0.0032338084 0)
(0.017525837 0.0032338084 2.4856916e-20)
(0.017921076 0.0032338084 1.1470862e-20)
(0.018323368 0.0032338084 0)
(0.018732839 0.0032338084 0)
(0.019149615 0.0032338084 0)
(0.019573828 0.0032338084 0)
(0.02000561 0.0032338084 0)
(0.020445098 0.0032338084 0)
(0.020892427 0.0032338084 -4.2046362e-20)
(0.021347738 0.0032338084 0)
(0.021811173 0.0032338084 3.0854498e-20)
(0.022282878 0.0032338084 -2.0728586e-20)
(0.022762999 0.0032338084 0)
(0.023251688 0.0032338084 0)
(0.023749097 0.0032338084 0)
(0.0010501807 0.0034708348 0)
(0.0011514375 0.0034708348 0)
(0.001254501 0.0034708348 0)
(0.0013594036 0.0034708348 0)
(0.001466178 0.0034708348 0)
(0.0015748576 0.0034708348 0)
(0.0016854764 0.0034708348 0)
(0.001798069 0.0034708348 -9.484135e-21)
(0.0019126708 0.0034708348 0)
(0.0020293174 0.0034708348 0)
(0.0021480453 0.0034708348 -1.9493924e-20)
(0.0022688917 0.0034708348 0)
(0.0023918946 0.0034708348 0)
(0.0025170922 0.0034708348 0)
(0.0026445237 0.0034708348 1.8265329e-20)
(0.0027742291 0.0034708348 0)
(0.0029062489 0.0034708348 -1.7682868e-20)
(0.0030406243 0.0034708348 0)
(0.0031773975 0.0034708348 0)
(0.0033166111 0.0034708348 0)
(0.0034583089 0.0034708348 0)
(0.003602535 0.0034708348 3.1121662e-20)
(0.0037493347 0.0034708348 0)
(0.0038987536 0.0034708348 0)
(0.0040508388 0.0034708348 0)
(0.0042056377 0.0034708348 4.2895423e-20)
(0.0043631988 0.0034708348 0)
(0.0045235712 0.0034708348 -1.331705e-20)
(0.0046868053 0.0034708348 -1.3083594e-20)
(0.004852952 0.0034708348 0)
(0.0050220634 0.0034708348 0)
(0.0051941923 0.0034708348 0)
(0.0053693926 0.0034708348 -3.8075788e-20)
(0.005547719 0.0034708348 0)
(0.0057292274 0.0034708348 0)
(0.0059139746 0.0034708348 3.6186003e-20)
(0.0061020183 0.0034708348 0)
(0.0062934172 0.0034708348 0)
(0.0064882315 0.0034708348 0)
(0.0066865219 0.0034708348 -2.3046854e-20)
(0.0068883505 0.0034708348 0)
(0.0070937804 0.0034708348 0)
(0.0073028759 0.0034708348 -2.1933717e-20)
(0.0075157023 0.0034708348 0)
(0.0077323264 0.0034708348 0)
(0.0079528157 0.0034708348 -7.0814567e-20)
(0.0081772394 0.0034708348 0)
(0.0084056675 0.0034708348 2.9554324e-20)
(0.0086381717 0.0034708348 0)
(0.0088748244 0.0034708348 0)
(0.0091156998 0.0034708348 0)
(0.0093608734 0.0034708348 3.6349527e-20)
(0.0096104217 0.0034708348 2.7180483e-20)
(0.0098644227 0.0034708348 0)
(0.010122956 0.0034708348 0)
(0.010386102 0.0034708348 -5.1707552e-20)
(0.010653944 0.0034708348 0)
(0.010926565 0.0034708348 0)
(0.011204051 0.0034708348 0)
(0.011486488 0.0034708348 -3.1752469e-20)
(0.011773965 0.0034708348 0)
(0.012066571 0.0034708348 3.0701193e-20)
(0.012364398 0.0034708348 0)
(0.01266754 0.0034708348 -4.3776965e-20)
(0.01297609 0.0034708348 0)
(0.013290146 0.0034708348 0)
(0.013609806 0.0034708348 0)
(0.01393517 0.0034708348 0)
(0.01426634 0.0034708348 0)
(0.014603418 0.0034708348 0)
(0.014946512 0.0034708348 0)
(0.015295727 0.0034708348 0)
(0.015651174 0.0034708348 0)
(0.016012963 0.0034708348 0)
(0.016381207 0.0034708348 0)
(0.016756023 0.0034708348 2.4297718e-20)
(0.017137526 0.0034708348 0)
(0.017525837 0.0034708348 0)
(0.017921076 0.0034708348 0)
(0.018323368 0.0034708348 1.0617586e-20)
(0.018732839 0.0034708348 -3.2800251e-20)
(0.019149615 0.0034708348 0)
(0.019573828 0.0034708348 0)
(0.02000561 0.0034708348 0)
(0.020445098 0.0034708348 -9.7189891e-21)
(0.020892427 0.0034708348 0)
(0.021347738 0.0034708348 0)
(0.021811173 0.0034708348 0)
(0.022282878 0.0034708348 0)
(0.022762999 0.0034708348 0)
(0.023251688 0.0034708348 0)
(0.023749096 0.0034708348 0)
(0.0010501807 0.0037224197 0)
(0.0011514375 0.0037224197 -4.12484e-20)
(0.0012545011 0.0037224197 3.0790238e-20)
(0.0013594036 0.0037224197 0)
(0.001466178 0.0037224197 0)
(0.0015748576 0.0037224197 -3.8534002e-20)
(0.0016854764 0.0037224197 2.8790107e-20)
(0.0017980691 0.0037224197 3.7247108e-20)
(0.0019126707 0.0037224197 0)
(0.0020293174 0.0037224197 -2.7380173e-20)
(0.0021480453 0.0037224197 0)
(0.0022688917 0.0037224197 0)
(0.0023918945 0.0037224197 3.4222203e-20)
(0.0025170921 0.0037224197 0)
(0.0026445237 0.0037224197 0)
(0.0027742291 0.0037224197 1.5512862e-20)
(0.0029062489 0.0037224197 1.5240918e-20)
(0.0030406243 0.0037224197 0)
(0.0031773975 0.0037224197 0)
(0.0033166111 0.0037224197 0)
(0.0034583089 0.0037224197 2.990575e-20)
(0.0036025351 0.0037224197 0)
(0.0037493347 0.0037224197 0)
(0.0038987537 0.0037224197 1.4972011e-20)
(0.0040508388 0.0037224197 -4.1196154e-20)
(0.0042056377 0.0037224197 -2.7502171e-20)
(0.0043631988 0.0037224197 1.2770307e-20)
(0.0045235712 0.0037224197 0)
(0.0046868053 0.0037224197 0)
(0.004852952 0.0037224197 -2.5726617e-20)
(0.0050220634 0.0037224197 0)
(0.0051941923 0.0037224197 0)
(0.0053693926 0.0037224197 0)
(0.005547719 0.0037224197 -4.8144676e-20)
(0.0057292274 0.0037224197 0)
(0.0059139746 0.0037224197 0)
(0.0061020183 0.0037224197 -3.36064e-20)
(0.0062934172 0.0037224197 0)
(0.0064882315 0.0037224197 2.2162457e-20)
(0.0066865219 0.0037224197 0)
(0.0068883505 0.0037224197 -3.1413915e-20)
(0.0070937804 0.0037224197 -4.0684209e-20)
(0.0073028759 0.0037224197 3.0374512e-20)
(0.0075157024 0.0037224197 -2.9868409e-20)
(0.0077323264 0.0037224197 0)
(0.0079528157 0.0037224197 0)
(0.0081772394 0.0037224197 0)
(0.0084056675 0.0037224197 0)
(0.0086381717 0.0037224197 0)
(0.0088748244 0.0037224197 0)
(0.0091156999 0.0037224197 0)
(0.0093608734 0.0037224197 0)
(0.0096104217 0.0037224197 0)
(0.0098644227 0.0037224197 0)
(0.010122956 0.0037224197 1.7071341e-20)
(0.010386102 0.0037224197 0)
(0.010653944 0.0037224197 3.1554875e-20)
(0.010926565 0.0037224197 3.8408861e-20)
(0.011204051 0.0037224197 0)
(0.011486488 0.0037224197 0)
(0.011773965 0.0037224197 0)
(0.012066571 0.0037224197 0)
(0.012364398 0.0037224197 4.204145e-20)
(0.01266754 0.0037224197 0)
(0.012976091 0.0037224197 -1.3042288e-20)
(0.013290146 0.0037224197 -1.281366e-20)
(0.013609807 0.0037224197 0)
(0.01393517 0.0037224197 3.8610802e-20)
(0.01426634 0.0037224197 2.5808827e-20)
(0.014603418 0.0037224197 6.2704113e-20)
(0.014946512 0.0037224197 0)
(0.015295728 0.0037224197 1.1523576e-20)
(0.015651174 0.0037224197 3.5470451e-20)
(0.016012963 0.0037224197 0)
(0.016381208 0.0037224197 0)
(0.016756023 0.0037224197 0)
(0.017137526 0.0037224197 0)
(0.017525837 0.0037224197 2.2232588e-20)
(0.017921076 0.0037224197 -3.2050939e-20)
(0.018323368 0.0037224197 0)
(0.018732838 0.0037224197 0)
(0.019149615 0.0037224197 0)
(0.019573828 0.0037224197 0)
(0.02000561 0.0037224197 0)
(0.020445098 0.0037224197 2.8975582e-20)
(0.020892427 0.0037224197 0)
(0.021347738 0.0037224197 1.9182538e-20)
(0.021811173 0.0037224197 -3.6239559e-20)
(0.022282878 0.0037224197 0)
(0.022762999 0.0037224197 0)
(0.023251688 0.0037224197 0)
(0.023749096 0.0037224197 0)
(0.0010501807 0.0039894572 0)
(0.0011514375 0.0039894572 -4.8309327e-20)
(0.001254501 0.0039894572 1.9899043e-20)
(0.0013594036 0.0039894572 -2.8611971e-20)
(0.001466178 0.0039894572 0)
(0.0015748576 0.0039894572 1.7442734e-20)
(0.0016854764 0.0039894572 1.8642783e-20)
(0.001798069 0.0039894572 0)
(0.0019126708 0.0039894572 0)
(0.0020293174 0.0039894572 -2.588291e-20)
(0.0021480453 0.0039894572 0)
(0.0022688917 0.0039894572 0)
(0.0023918946 0.0039894572 0)
(0.0025170921 0.0039894572 0)
(0.0026445237 0.0039894572 1.6381813e-20)
(0.0027742291 0.0039894572 0)
(0.0029062489 0.0039894572 0)
(0.0030406244 0.0039894572 0)
(0.0031773975 0.0039894572 0)
(0.0033166112 0.0039894572 0)
(0.0034583089 0.0039894572 0)
(0.0036025351 0.0039894572 1.3143726e-20)
(0.0037493347 0.0039894572 0)
(0.0038987537 0.0039894572 2.6879699e-20)
(0.0040508388 0.0039894572 0)
(0.0042056377 0.0039894572 -1.2246006e-20)
(0.0043631988 0.0039894572 0)
(0.0045235712 0.0039894572 0)
(0.0046868053 0.0039894572 1.3119031e-20)
(0.004852952 0.0039894572 0)
(0.0050220634 0.0039894572 0)
(0.0051941923 0.0039894572 0)
(0.0053693925 0.0039894572 -2.3145861e-20)
(0.005547719 0.0039894572 0)
(0.0057292274 0.0039894572 0)
(0.0059139746 0.0039894572 1.0260879e-20)
(0.0061020183 0.0039894572 -2.1667842e-20)
(0.0062934172 0.0039894572 -2.1314391e-20)
(0.0064882315 0.0039894572 0)
(0.0066865219 0.0039894572 0)
(0.0068883505 0.0039894572 0)
(0.0070937804 0.0039894572 0)
(0.0073028759 0.0039894572 0)
(0.0075157024 0.0039894572 0)
(0.0077323264 0.0039894572 0)
(0.0079528157 0.0039894572 0)
(0.0081772394 0.0039894572 -1.8399498e-20)
(0.0084056675 0.0039894572 0)
(0.0086381717 0.0039894572 -5.1931292e-20)
(0.0088748244 0.0039894572 0)
(0.0091156998 0.0039894572 3.2985483e-20)
(0.0093608734 0.0039894572 0)
(0.0096104217 0.0039894572 -1.5192801e-20)
(0.0098644228 0.0039894572 0)
(0.010122956 0.0039894572 0)
(0.010386102 0.0039894572 0)
(0.010653944 0.0039894572 2.9816035e-20)
(0.010926565 0.0039894572 -2.9319891e-20)
(0.011204051 0.0039894572 0)
(0.011486488 0.0039894572 0)
(0.011773965 0.0039894572 2.7882478e-20)
(0.012066571 0.0039894572 0)
(0.012364398 0.0039894572 0)
(0.01266754 0.0039894572 0)
(0.012976091 0.0039894572 0)
(0.013290146 0.0039894572 -1.2072176e-20)
(0.013609806 0.0039894572 3.7087397e-20)
(0.013935171 0.0039894572 1.3158444e-20)
(0.01426634 0.0039894572 3.5850821e-20)
(0.014603418 0.0039894572 -1.2753483e-20)
(0.014946512 0.0039894572 1.2556267e-20)
(0.015295728 0.0039894572 3.4076069e-20)
(0.015651174 0.0039894572 2.1332796e-20)
(0.016012963 0.0039894572 4.3423528e-20)
(0.016381207 0.0039894572 0)
(0.016756023 0.0039894572 1.0115208e-20)
(0.017137527 0.0039894572 3.1319493e-20)
(0.017525837 0.0039894572 0)
(0.017921076 0.0039894572 0)
(0.018323368 0.0039894572 0)
(0.018732838 0.0039894572 0)
(0.019149615 0.0039894572 9.0968116e-21)
(0.019573828 0.0039894572 0)
(0.02000561 0.0039894572 0)
(0.020445098 0.0039894572 -5.4771996e-20)
(0.020892427 0.0039894572 3.540789e-20)
(0.021347738 0.0039894572 -3.4813454e-20)
(0.021811173 0.0039894572 2.6048683e-20)
(0.022282878 0.0039894572 0)
(0.022762999 0.0039894572 0)
(0.023251688 0.0039894572 0)
(0.023749097 0.0039894572 0)
(0.0010501807 0.0042728965 0)
(0.0011514375 0.0042728965 2.7962893e-20)
(0.0012545011 0.0042728965 0)
(0.0013594036 0.0042728965 0)
(0.001466178 0.0042728965 0)
(0.0015748576 0.0042728965 0)
(0.0016854764 0.0042728965 4.9941664e-20)
(0.001798069 0.0042728965 0)
(0.0019126708 0.0042728965 0)
(0.0020293174 0.0042728965 0)
(0.0021480453 0.0042728965 0)
(0.0022688918 0.0042728965 0)
(0.0023918945 0.0042728965 0)
(0.0025170921 0.0042728965 -2.2903667e-20)
(0.0026445237 0.0042728965 0)
(0.0027742291 0.0042728965 0)
(0.0029062489 0.0042728965 0)
(0.0030406244 0.0042728965 0)
(0.0031773975 0.0042728965 0)
(0.0033166111 0.0042728965 0)
(0.0034583089 0.0042728965 0)
(0.003602535 0.0042728965 0)
(0.0037493346 0.0042728965 0)
(0.0038987536 0.0042728965 0)
(0.0040508388 0.0042728965 0)
(0.0042056377 0.0042728965 -1.1537361e-20)
(0.0043631987 0.0042728965 0)
(0.0045235712 0.0042728965 0)
(0.0046868052 0.0042728965 0)
(0.004852952 0.0042728965 0)
(0.0050220634 0.0042728965 0)
(0.0051941923 0.0042728965 0)
(0.0053693926 0.0042728965 0)
(0.005547719 0.0042728965 3.1551367e-20)
(0.0057292274 0.0042728965 0)
(0.0059139746 0.0042728965 0)
(0.0061020182 0.0042728965 0)
(0.0062934172 0.0042728965 -3.8830408e-20)
(0.0064882315 0.0042728965 0)
(0.0066865219 0.0042728965 -3.7533234e-20)
(0.0068883505 0.0042728965 0)
(0.0070937804 0.0042728965 0)
(0.0073028759 0.0042728965 -1.8588673e-20)
(0.0075157023 0.0042728965 0)
(0.0077323264 0.0042728965 0)
(0.0079528157 0.0042728965 0)
(0.0081772394 0.0042728965 0)
(0.0084056675 0.0042728965 0)
(0.0086381717 0.0042728965 0)
(0.0088748244 0.0042728965 0)
(0.0091156999 0.0042728965 -1.4829001e-20)
(0.0093608734 0.0042728965 0)
(0.0096104217 0.0042728965 0)
(0.0098644228 0.0042728965 0)
(0.010122956 0.0042728965 0)
(0.010386103 0.0042728965 0)
(0.010653944 0.0042728965 0)
(0.010926565 0.0042728965 0)
(0.011204051 0.0042728965 0)
(0.011486488 0.0042728965 0)
(0.011773965 0.0042728965 0)
(0.012066571 0.0042728965 0)
(0.012364398 0.0042728965 0)
(0.01266754 0.0042728965 0)
(0.012976091 0.0042728965 0)
(0.013290147 0.0042728965 0)
(0.013609807 0.0042728965 2.3854202e-20)
(0.013935171 0.0042728965 0)
(0.01426634 0.0042728965 0)
(0.014603419 0.0042728965 0)
(0.014946512 0.0042728965 0)
(0.015295727 0.0042728965 0)
(0.015651174 0.0042728965 -3.165332e-20)
(0.016012963 0.0042728965 6.2249709e-20)
(0.016381208 0.0042728965 3.0605586e-20)
(0.016756023 0.0042728965 0)
(0.017137526 0.0042728965 0)
(0.017525837 0.0042728965 0)
(0.017921076 0.0042728965 9.0374253e-21)
(0.018323368 0.0042728965 0)
(0.018732839 0.0042728965 0)
(0.019149615 0.0042728965 0)
(0.019573828 0.0042728965 0)
(0.02000561 0.0042728965 0)
(0.020445098 0.0042728965 -1.7760866e-20)
(0.020892427 0.0042728965 0)
(0.021347738 0.0042728965 0)
(0.021811173 0.0042728965 0)
(0.022282878 0.0042728965 0)
(0.022762999 0.0042728965 0)
(0.023251688 0.0042728965 0)
(0.023749097 0.0042728965 0)
(0.0010501807 0.0045737451 0)
(0.0011514375 0.004573745 3.4740594e-20)
(0.001254501 0.004573745 0)
(0.0013594036 0.004573745 -2.5565629e-20)
(0.001466178 0.0045737451 0)
(0.0015748576 0.0045737451 0)
(0.0016854764 0.004573745 0)
(0.001798069 0.004573745 0)
(0.0019126707 0.0045737451 0)
(0.0020293174 0.004573745 0)
(0.0021480453 0.004573745 -1.417209e-20)
(0.0022688918 0.004573745 0)
(0.0023918945 0.004573745 0)
(0.0025170921 0.004573745 0)
(0.0026445237 0.004573745 1.4709966e-20)
(0.0027742291 0.004573745 -2.7451127e-20)
(0.0029062489 0.004573745 0)
(0.0030406243 0.004573745 0)
(0.0031773975 0.004573745 0)
(0.0033166112 0.004573745 0)
(0.0034583089 0.004573745 2.5255291e-20)
(0.003602535 0.004573745 0)
(0.0037493347 0.0045737451 0)
(0.0038987536 0.0045737451 0)
(0.0040508388 0.004573745 -3.4696903e-20)
(0.0042056377 0.004573745 0)
(0.0043631988 0.004573745 0)
(0.0045235712 0.004573745 0)
(0.0046868053 0.0045737451 0)
(0.004852952 0.004573745 0)
(0.0050220634 0.0045737451 0)
(0.0051941923 0.0045737451 0)
(0.0053693926 0.0045737451 -2.0713832e-20)
(0.005547719 0.004573745 -2.0377095e-20)
(0.0057292274 0.004573745 0)
(0.0059139746 0.004573745 0)
(0.0061020183 0.0045737451 -2.8349963e-20)
(0.0062934173 0.004573745 -1.9088193e-20)
(0.0064882315 0.004573745 0)
(0.0066865219 0.004573745 0)
(0.0068883505 0.004573745 0)
(0.0070937804 0.004573745 -3.4268788e-20)
(0.0073028759 0.004573745 1.7600142e-20)
(0.0075157024 0.004573745 0)
(0.0077323264 0.004573745 -1.7040795e-20)
(0.0079528157 0.004573745 1.526262e-20)
(0.0081772394 0.004573745 3.1495948e-20)
(0.0084056676 0.004573745 0)
(0.0086381717 0.004573745 -1.5979754e-20)
(0.0088748244 0.004573745 0)
(0.0091156998 0.0045737451 0)
(0.0093608734 0.004573745 0)
(0.0096104217 0.004573745 0)
(0.0098644228 0.004573745 0)
(0.010122956 0.004573745 0)
(0.010386102 0.004573745 0)
(0.010653944 0.004573745 0)
(0.010926565 0.004573745 0)
(0.011204051 0.004573745 3.7888671e-20)
(0.011486488 0.0045737451 0)
(0.011773964 0.004573745 0)
(0.012066571 0.004573745 0)
(0.012364398 0.004573745 0)
(0.01266754 0.004573745 0)
(0.01297609 0.004573745 -2.3319088e-20)
(0.013290146 0.004573745 2.1430871e-20)
(0.013609807 0.004573745 3.3088538e-20)
(0.01393517 0.0045737451 2.2191878e-20)
(0.01426634 0.004573745 -3.1990936e-20)
(0.014603418 0.0045737451 -3.1456553e-20)
(0.014946512 0.004573745 0)
(0.015295728 0.0045737451 0)
(0.015651174 0.0045737451 0)
(0.016012963 0.004573745 0)
(0.016381208 0.004573745 -9.1386122e-21)
(0.016756023 0.004573745 -1.9462643e-20)
(0.017137526 0.004573745 0)
(0.017525837 0.0045737451 0)
(0.017921076 0.004573745 3.5563665e-20)
(0.018323368 0.004573745 0)
(0.018732838 0.0045737451 -1.794291e-20)
(0.019149615 0.004573745 0)
(0.019573828 0.004573745 0)
(0.02000561 0.004573745 -3.2681188e-20)
(0.020445098 0.0045737451 3.2134638e-20)
(0.020892427 0.004573745 0)
(0.021347738 0.004573745 0)
(0.021811173 0.004573745 1.4523054e-20)
(0.022282878 0.0045737451 0)
(0.022762999 0.004573745 0)
(0.023251688 0.004573745 -2.9050945e-20)
(0.023749097 0.0045737451 0)
(0.0010501807 0.004893072 0)
(0.0011514375 0.004893072 0)
(0.0012545011 0.004893072 0)
(0.0013594036 0.004893072 -3.1729209e-20)
(0.001466178 0.004893072 0)
(0.0015748576 0.004893072 0)
(0.0016854764 0.004893072 3.016741e-20)
(0.0017980691 0.004893072 0)
(0.0019126707 0.004893072 0)
(0.0020293173 0.004893072 0)
(0.0021480453 0.004893072 0)
(0.0022688917 0.004893072 0)
(0.0023918945 0.004893072 0)
(0.0025170922 0.004893072 -2.6829879e-20)
(0.0026445237 0.004893072 0)
(0.0027742291 0.004893072 0)
(0.0029062489 0.004893072 0)
(0.0030406243 0.004893072 0)
(0.0031773975 0.004893072 0)
(0.0033166111 0.004893072 0)
(0.0034583089 0.004893072 2.3880987e-20)
(0.003602535 0.0048930721 2.3488741e-20)
(0.0037493347 0.004893072 0)
(0.0038987537 0.004893072 1.0609458e-20)
(0.0040508388 0.004893072 0)
(0.0042056377 0.004893072 0)
(0.0043631987 0.004893072 0)
(0.0045235712 0.004893072 0)
(0.0046868052 0.004893072 0)
(0.004852952 0.004893072 0)
(0.0050220634 0.004893072 9.3740274e-21)
(0.0051941923 0.004893072 0)
(0.0053693925 0.004893072 0)
(0.005547719 0.004893072 5.6349391e-20)
(0.0057292274 0.004893072 0)
(0.0059139745 0.004893072 0)
(0.0061020183 0.004893072 0)
(0.0062934172 0.004893072 0)
(0.0064882315 0.004893072 0)
(0.0066865219 0.004893072 0)
(0.0068883505 0.004893072 0)
(0.0070937804 0.004893072 0)
(0.0073028759 0.004893072 0)
(0.0075157023 0.004893072 2.3851568e-20)
(0.0077323264 0.004893072 0)
(0.0079528157 0.004893072 0)
(0.0081772394 0.004893072 0)
(0.0084056676 0.0048930721 0)
(0.0086381717 0.004893072 0)
(0.0088748244 0.004893072 0)
(0.0091156999 0.0048930721 4.2498997e-20)
(0.0093608734 0.004893072 0)
(0.0096104217 0.004893072 0)
(0.0098644228 0.004893072 -2.6470377e-20)
(0.010122956 0.004893072 0)
(0.010386103 0.004893072 -5.1205585e-20)
(0.010653945 0.004893072 0)
(0.010926565 0.004893072 0)
(0.011204051 0.0048930721 0)
(0.011486488 0.004893072 0)
(0.011773964 0.0048930721 0)
(0.012066571 0.004893072 0)
(0.012364399 0.004893072 0)
(0.01266754 0.004893072 0)
(0.012976091 0.004893072 0)
(0.013290146 0.004893072 -3.1791939e-20)
(0.013609807 0.004893072 0)
(0.01393517 0.004893072 0)
(0.01426634 0.004893072 0)
(0.014603419 0.0048930721 0)
(0.014946512 0.004893072 2.9228635e-20)
(0.015295728 0.004893072 0)
(0.015651174 0.004893072 0)
(0.016012963 0.004893072 0)
(0.016381208 0.004893072 0)
(0.016756023 0.004893072 0)
(0.017137527 0.004893072 0)
(0.017525837 0.004893072 0)
(0.017921076 0.004893072 -3.3592848e-20)
(0.018323368 0.004893072 0)
(0.018732838 0.004893072 0)
(0.019149615 0.004893072 0)
(0.019573828 0.004893072 -2.3927435e-20)
(0.02000561 0.0048930721 0)
(0.020445098 0.004893072 0)
(0.020892427 0.004893072 2.9856459e-20)
(0.021347738 0.004893072 4.3286124e-20)
(0.021811173 0.004893072 0)
(0.022282878 0.0048930721 0)
(0.022762999 0.004893072 0)
(0.023251688 0.0048930721 0)
(0.023749097 0.004893072 -1.4253947e-20)
(0.0010501807 0.0052320125 0)
(0.0011514375 0.0052320125 0)
(0.001254501 0.0052320125 0)
(0.0013594036 0.0052320125 -4.4217487e-20)
(0.001466178 0.0052320125 0)
(0.0015748576 0.0052320125 0)
(0.0016854764 0.0052320125 -2.8508848e-20)
(0.001798069 0.0052320125 0)
(0.0019126708 0.0052320125 0)
(0.0020293173 0.0052320125 0)
(0.0021480453 0.0052320125 0)
(0.0022688917 0.0052320125 0)
(0.0023918946 0.0052320125 0)
(0.0025170921 0.0052320125 -1.1929307e-20)
(0.0026445237 0.0052320125 0)
(0.0027742291 0.0052320125 0)
(0.0029062489 0.0052320125 0)
(0.0030406243 0.0052320125 0)
(0.0031773975 0.0052320125 0)
(0.0033166112 0.0052320125 0)
(0.0034583089 0.0052320125 0)
(0.0036025351 0.0052320125 -1.0355409e-20)
(0.0037493347 0.0052320125 0)
(0.0038987536 0.0052320125 3.1492393e-20)
(0.0040508388 0.0052320125 0)
(0.0042056377 0.0052320125 -4.0098364e-20)
(0.0043631988 0.0052320125 0)
(0.0045235712 0.0052320125 0)
(0.0046868053 0.0052320125 0)
(0.004852952 0.0052320125 0)
(0.0050220634 0.0052320125 0)
(0.0051941923 0.0052320125 0)
(0.0053693925 0.0052320125 0)
(0.005547719 0.0052320125 0)
(0.0057292274 0.0052320125 0)
(0.0059139745 0.0052320125 0)
(0.0061020182 0.0052320125 0)
(0.0062934173 0.0052320125 0)
(0.0064882315 0.0052320125 0)
(0.0066865219 0.0052320125 -1.6569813e-20)
(0.0068883505 0.0052320125 0)
(0.0070937805 0.0052320125 0)
(0.0073028759 0.0052320125 0)
(0.0075157023 0.0052320125 2.9576034e-20)
(0.0077323264 0.0052320125 -2.9083951e-20)
(0.0079528157 0.0052320125 0)
(0.0081772394 0.0052320125 0)
(0.0084056675 0.0052320125 1.3076502e-20)
(0.0086381717 0.0052320125 0)
(0.0088748244 0.0052320125 0)
(0.0091156999 0.0052320125 -3.8708143e-20)
(0.0093608734 0.0052320125 -1.368921e-20)
(0.0096104217 0.0052320125 0)
(0.0098644227 0.0052320125 2.5025752e-20)
(0.010122956 0.0052320125 0)
(0.010386103 0.0052320125 0)
(0.010653944 0.0052320125 0)
(0.010926565 0.0052320125 0)
(0.011204051 0.0052320125 0)
(0.011486488 0.0052320125 0)
(0.011773964 0.0052320125 2.2286923e-20)
(0.012066571 0.0052320125 0)
(0.012364398 0.0052320125 0)
(0.01266754 0.0052320125 0)
(0.012976091 0.0052320125 -3.054848e-20)
(0.013290146 0.0052320125 0)
(0.013609807 0.0052320125 0)
(0.01393517 0.0052320125 0)
(0.01426634 0.0052320125 0)
(0.014603418 0.0052320125 0)
(0.014946512 0.0052320125 -1.0212023e-20)
(0.015295728 0.0052320125 1.8613014e-20)
(0.015651174 0.0052320125 3.5120327e-20)
(0.016012963 0.0052320125 0)
(0.016381208 0.0052320125 -3.3952102e-20)
(0.016756023 0.0052320125 4.1352649e-20)
(0.017137527 0.0052320125 0)
(0.017525837 0.0052320125 0)
(0.017921076 0.0052320125 0)
(0.018323368 0.0052320125 0)
(0.018732838 0.0052320125 0)
(0.019149615 0.0052320125 3.0173873e-20)
(0.019573828 0.0052320125 0)
(0.02000561 0.0052320125 0)
(0.020445098 0.0052320125 0)
(0.020892427 0.0052320125 0)
(0.021347738 0.0052320125 0)
(0.021811174 0.0052320125 0)
(0.022282878 0.0052320125 0)
(0.022762999 0.0052320125 0)
(0.023251688 0.0052320125 0)
(0.023749097 0.0052320125 2.5526665e-20)
(0.0010501807 0.0055917711 0)
(0.0011514375 0.0055917711 0)
(0.0012545011 0.0055917711 -2.8811232e-20)
(0.0013594036 0.0055917711 0)
(0.001466178 0.0055917711 0)
(0.0015748576 0.0055917711 0)
(0.0016854764 0.0055917711 -2.6946267e-20)
(0.0017980691 0.0055917711 0)
(0.0019126708 0.0055917711 0)
(0.0020293174 0.0055917711 0)
(0.0021480453 0.0055917711 0)
(0.0022688917 0.0055917711 0)
(0.0023918945 0.0055917711 0)
(0.0025170922 0.0055917711 0)
(0.0026445237 0.0055917711 0)
(0.0027742291 0.0055917711 0)
(0.0029062489 0.0055917711 0)
(0.0030406243 0.0055917711 0)
(0.0031773975 0.0055917711 0)
(0.0033166111 0.0055917711 0)
(0.0034583089 0.0055917711 0)
(0.003602535 0.0055917711 -3.0774357e-20)
(0.0037493347 0.0055917711 0)
(0.0038987536 0.0055917711 0)
(0.0040508388 0.0055917711 0)
(0.0042056377 0.0055917711 2.877531e-20)
(0.0043631988 0.0055917711 0)
(0.0045235712 0.0055917711 0)
(0.0046868053 0.0055917711 0)
(0.004852952 0.0055917711 0)
(0.0050220634 0.0055917711 2.6467407e-20)
(0.0051941923 0.0055917711 0)
(0.0053693926 0.0055917711 0)
(0.005547719 0.0055917711 -2.5177505e-20)
(0.0057292274 0.0055917711 0)
(0.0059139745 0.0055917711 0)
(0.0061020182 0.0055917711 0)
(0.0062934173 0.0055917711 0)
(0.0064882315 0.0055917711 0)
(0.0066865219 0.0055917711 0)
(0.0068883505 0.0055917711 0)
(0.0070937804 0.0055917711 0)
(0.0073028759 0.0055917711 0)
(0.0075157024 0.0055917711 0)
(0.0077323264 0.0055917711 0)
(0.0079528157 0.0055917711 0)
(0.0081772394 0.0055917711 0)
(0.0084056675 0.0055917711 -1.2319805e-20)
(0.0086381717 0.0055917711 0)
(0.0088748244 0.0055917711 0)
(0.0091156998 0.0055917711 3.6555361e-20)
(0.0093608734 0.0055917711 1.2984196e-20)
(0.0096104217 0.0055917711 0)
(0.0098644227 0.0055917711 0)
(0.010122956 0.0055917711 -5.7437695e-20)
(0.010386102 0.0055917711 1.0694405e-20)
(0.010653944 0.0055917711 0)
(0.010926565 0.0055917711 0)
(0.011204051 0.0055917711 0)
(0.011486488 0.0055917711 0)
(0.011773964 0.0055917711 0)
(0.012066571 0.0055917711 0)
(0.012364398 0.0055917711 9.4490658e-21)
(0.01266754 0.0055917711 0)
(0.012976091 0.0055917711 0)
(0.013290146 0.0055917711 0)
(0.013609806 0.0055917711 0)
(0.01393517 0.0055917711 0)
(0.01426634 0.0055917711 0)
(0.014603418 0.0055917711 0)
(0.014946512 0.0055917711 0)
(0.015295727 0.0055917711 3.3740314e-20)
(0.015651174 0.0055917711 -1.7340499e-20)
(0.016012963 0.0055917711 -5.7461491e-20)
(0.016381208 0.0055917711 -1.5284351e-20)
(0.016756023 0.0055917711 -3.1538637e-20)
(0.017137526 0.0055917711 0)
(0.017525837 0.0055917711 0)
(0.017921076 0.0055917711 2.2866511e-20)
(0.018323368 0.0055917711 0)
(0.018732839 0.0055917711 0)
(0.019149615 0.0055917711 0)
(0.019573828 0.0055917711 0)
(0.02000561 0.0055917711 0)
(0.020445098 0.0055917711 -5.273258e-20)
(0.020892427 0.0055917711 2.6670263e-20)
(0.021347738 0.0055917711 -3.8590629e-20)
(0.021811173 0.0055917711 0)
(0.022282878 0.0055917711 0)
(0.022762999 0.0055917711 0)
(0.023251688 0.0055917711 0)
(0.023749097 0.0055917711 0)
(0.0010501807 0.0059736265 0)
(0.0011514375 0.0059736265 0)
(0.0012545011 0.0059736265 -1.2862658e-20)
(0.0013594036 0.0059736265 0)
(0.001466178 0.0059736265 0)
(0.0015748576 0.0059736265 0)
(0.0016854764 0.0059736265 0)
(0.0017980691 0.0059736265 0)
(0.0019126708 0.0059736265 0)
(0.0020293173 0.0059736265 0)
(0.0021480453 0.0059736265 0)
(0.0022688917 0.0059736265 0)
(0.0023918946 0.0059736265 0)
(0.0025170921 0.0059736265 0)
(0.0026445237 0.0059736265 0)
(0.0027742291 0.0059736265 0)
(0.0029062489 0.0059736265 0)
(0.0030406243 0.0059736265 0)
(0.0031773975 0.0059736265 0)
(0.0033166112 0.0059736265 0)
(0.0034583089 0.0059736265 0)
(0.0036025351 0.0059736265 0)
(0.0037493347 0.0059736265 0)
(0.0038987537 0.0059736265 -2.8122346e-20)
(0.0040508388 0.0059736265 0)
(0.0042056377 0.0059736265 0)
(0.0043631987 0.0059736265 0)
(0.0045235712 0.0059736265 0)
(0.0046868052 0.0059736265 0)
(0.004852952 0.0059736265 0)
(0.0050220634 0.0059736265 2.5022956e-20)
(0.0051941923 0.0059736265 0)
(0.0053693926 0.0059736265 0)
(0.005547719 0.0059736265 0)
(0.0057292274 0.0059736265 0)
(0.0059139746 0.0059736265 0)
(0.0061020182 0.0059736265 0)
(0.0062934173 0.0059736265 0)
(0.0064882315 0.0059736265 0)
(0.0066865219 0.0059736265 0)
(0.0068883505 0.0059736265 0)
(0.0070937804 0.0059736265 0)
(0.0073028759 0.0059736265 0)
(0.0075157023 0.0059736265 0)
(0.0077323264 0.0059736265 0)
(0.0079528157 0.0059736265 0)
(0.0081772394 0.0059736265 0)
(0.0084056675 0.0059736265 -1.1606896e-20)
(0.0086381717 0.0059736265 0)
(0.0088748244 0.0059736265 0)
(0.0091156998 0.0059736265 0)
(0.0093608734 0.0059736265 0)
(0.0096104217 0.0059736265 0)
(0.0098644227 0.0059736265 1.0438312e-20)
(0.010122956 0.0059736265 0)
(0.010386102 0.0059736265 0)
(0.010653944 0.0059736265 0)
(0.010926565 0.0059736265 0)
(0.011204051 0.0059736265 0)
(0.011486488 0.0059736265 0)
(0.011773965 0.0059736265 9.2227994e-21)
(0.012066571 0.0059736265 0)
(0.012364399 0.0059736265 0)
(0.01266754 0.0059736265 0)
(0.01297609 0.0059736265 0)
(0.013290147 0.0059736265 0)
(0.013609806 0.0059736265 0)
(0.013935171 0.0059736265 0)
(0.01426634 0.0059736265 0)
(0.014603418 0.0059736265 0)
(0.014946512 0.0059736265 0)
(0.015295727 0.0059736265 0)
(0.015651174 0.0059736265 0)
(0.016012963 0.0059736265 0)
(0.016381208 0.0059736265 -4.6211347e-20)
(0.016756023 0.0059736265 0)
(0.017137526 0.0059736265 0)
(0.017525837 0.0059736265 0)
(0.017921076 0.0059736265 4.1755031e-20)
(0.018323368 0.0059736265 0)
(0.018732838 0.0059736265 5.4812115e-20)
(0.019149615 0.0059736265 3.9675094e-20)
(0.019573828 0.0059736265 0)
(0.02000561 0.0059736265 0)
(0.020445098 0.0059736265 3.7702642e-20)
(0.020892427 0.0059736265 0)
(0.021347738 0.0059736265 2.4798375e-20)
(0.021811174 0.0059736265 -1.1442132e-20)
(0.022282878 0.0059736265 0)
(0.022762999 0.0059736265 0)
(0.023251688 0.0059736265 0)
(0.023749096 0.0059736265 0)
(0.0010501807 0.006378936 0)
(0.0011514375 0.006378936 0)
(0.0012545011 0.0063789359 0)
(0.0013594036 0.006378936 0)
(0.001466178 0.006378936 0)
(0.0015748576 0.0063789359 0)
(0.0016854764 0.0063789359 1.1290648e-20)
(0.0017980691 0.0063789359 2.3691264e-20)
(0.0019126707 0.0063789359 -2.330234e-20)
(0.0020293174 0.006378936 0)
(0.0021480453 0.006378936 0)
(0.0022688917 0.006378936 0)
(0.0023918945 0.0063789359 0)
(0.0025170921 0.0063789359 -2.1457627e-20)
(0.0026445237 0.006378936 3.0908874e-20)
(0.0027742291 0.006378936 0)
(0.0029062489 0.0063789359 0)
(0.0030406244 0.006378936 0)
(0.0031773975 0.006378936 0)
(0.0033166111 0.006378936 0)
(0.0034583089 0.0063789359 0)
(0.003602535 0.0063789359 0)
(0.0037493346 0.006378936 0)
(0.0038987536 0.006378936 5.3164252e-20)
(0.0040508388 0.006378936 3.4354757e-20)
(0.0042056377 0.006378936 1.7642357e-20)
(0.0043631988 0.0063789359 0)
(0.0045235712 0.006378936 0)
(0.0046868053 0.0063789359 -1.6808503e-20)
(0.004852952 0.0063789359 -2.4057427e-20)
(0.0050220634 0.0063789359 0)
(0.0051941923 0.0063789359 3.0529625e-20)
(0.0053693926 0.0063789359 2.2892078e-20)
(0.005547719 0.006378936 0)
(0.0057292274 0.0063789359 0)
(0.0059139746 0.0063789359 1.3520725e-20)
(0.0061020183 0.0063789359 0)
(0.0062934173 0.0063789359 0)
(0.0064882315 0.0063789359 0)
(0.0066865219 0.0063789359 0)
(0.0068883505 0.0063789359 0)
(0.0070937805 0.006378936 0)
(0.0073028759 0.0063789359 6.274317e-20)
(0.0075157024 0.0063789359 1.3242703e-20)
(0.0077323264 0.006378936 -3.6099177e-20)
(0.0079528157 0.0063789359 1.1328966e-20)
(0.0081772394 0.0063789359 0)
(0.0084056675 0.0063789359 0)
(0.0086381717 0.006378936 0)
(0.0088748244 0.0063789359 3.317143e-20)
(0.0091156998 0.0063789359 0)
(0.0093608734 0.0063789359 0)
(0.0096104217 0.0063789359 -3.1535091e-20)
(0.0098644227 0.0063789359 -3.1008667e-20)
(0.010122956 0.006378936 0)
(0.010386102 0.0063789359 0)
(0.010653944 0.0063789359 0)
(0.010926565 0.006378936 -9.1626215e-21)
(0.011204051 0.0063789359 0)
(0.011486488 0.0063789359 0)
(0.011773965 0.006378936 0)
(0.012066571 0.006378936 0)
(0.012364398 0.0063789359 -1.8280093e-20)
(0.01266754 0.0063789359 0)
(0.012976091 0.0063789359 0)
(0.013290147 0.006378936 2.5367034e-20)
(0.013609807 0.0063789359 3.2762972e-20)
(0.01393517 0.0063789359 0)
(0.01426634 0.0063789359 0)
(0.014603418 0.0063789359 0)
(0.014946512 0.006378936 3.0628068e-20)
(0.015295728 0.0063789359 0)
(0.015651174 0.0063789359 0)
(0.016012963 0.006378936 0)
(0.016381208 0.0063789359 -2.863906e-20)
(0.016756023 0.0063789359 0)
(0.017137527 0.0063789359 0)
(0.017525837 0.0063789359 -1.286557e-20)
(0.017921076 0.0063789359 -5.3571795e-20)
(0.018323368 0.0063789359 0)
(0.018732838 0.0063789359 0)
(0.019149615 0.0063789359 0)
(0.019573828 0.006378936 -3.683598e-20)
(0.02000561 0.0063789359 1.1570244e-20)
(0.020445098 0.0063789359 -2.4240638e-20)
(0.020892427 0.0063789359 0)
(0.021347738 0.0063789359 0)
(0.021811174 0.006378936 1.0780009e-20)
(0.022282878 0.0063789359 0)
(0.022762999 0.0063789359 2.2316544e-20)
(0.023251688 0.006378936 0)
(0.023749097 0.0063789359 0)
(0.0010501807 0.00680914 0)
(0.0011514375 0.00680914 -3.6368223e-20)
(0.0012545011 0.00680914 -2.4339998e-20)
(0.0013594036 0.00680914 -2.3939694e-20)
(0.001466178 0.00680914 0)
(0.0015748576 0.0068091401 0)
(0.0016854764 0.00680914 0)
(0.0017980691 0.00680914 0)
(0.0019126708 0.00680914 0)
(0.0020293173 0.00680914 -2.168104e-20)
(0.0021480453 0.00680914 0)
(0.0022688917 0.00680914 0)
(0.0023918945 0.0068091401 0)
(0.0025170921 0.00680914 0)
(0.0026445237 0.00680914 0)
(0.0027742291 0.00680914 0)
(0.0029062489 0.00680914 0)
(0.0030406244 0.00680914 0)
(0.0031773975 0.00680914 0)
(0.0033166111 0.00680914 0)
(0.0034583089 0.00680914 8.3041846e-21)
(0.003602535 0.00680914 0)
(0.0037493347 0.00680914 0)
(0.0038987536 0.00680914 -1.7255969e-20)
(0.0040508388 0.00680914 0)
(0.0042056377 0.00680914 -2.2804122e-20)
(0.0043631988 0.00680914 0)
(0.0045235712 0.00680914 -1.4674398e-20)
(0.0046868053 0.00680914 0)
(0.004852952 0.00680914 0)
(0.0050220634 0.00680914 0)
(0.0051941923 0.0068091401 0)
(0.0053693926 0.00680914 0)
(0.005547719 0.00680914 -2.7899775e-20)
(0.0057292274 0.00680914 0)
(0.0059139746 0.00680914 0)
(0.0061020182 0.00680914 0)
(0.0062934172 0.00680914 2.6097076e-20)
(0.0064882315 0.00680914 0)
(0.0066865219 0.00680914 0)
(0.0068883505 0.00680914 0)
(0.0070937804 0.00680914 0)
(0.0073028759 0.00680914 0)
(0.0075157024 0.00680914 2.3621213e-20)
(0.0077323264 0.00680914 0)
(0.0079528157 0.00680914 0)
(0.0081772394 0.00680914 0)
(0.0084056675 0.00680914 -3.2413182e-20)
(0.0086381717 0.00680914 0)
(0.0088748244 0.00680914 0)
(0.0091156998 0.00680914 3.0816033e-20)
(0.0093608734 0.0068091401 0)
(0.0096104217 0.00680914 0)
(0.0098644227 0.00680914 2.9301425e-20)
(0.010122956 0.00680914 3.7916885e-20)
(0.010386103 0.0068091401 0)
(0.010653944 0.00680914 0)
(0.010926565 0.0068091401 0)
(0.011204051 0.00680914 0)
(0.011486488 0.00680914 0)
(0.011773965 0.00680914 0)
(0.012066571 0.00680914 0)
(0.012364398 0.00680914 -7.9017898e-21)
(0.01266754 0.0068091401 -3.2558928e-20)
(0.01297609 0.00680914 0)
(0.013290146 0.00680914 3.8973204e-20)
(0.013609807 0.00680914 0)
(0.01393517 0.00680914 0)
(0.01426634 0.00680914 0)
(0.014603418 0.00680914 0)
(0.014946512 0.00680914 0)
(0.015295727 0.00680914 0)
(0.015651174 0.0068091401 -4.1231088e-20)
(0.016012963 0.00680914 0)
(0.016381208 0.0068091401 0)
(0.016756023 0.00680914 0)
(0.017137526 0.00680914 0)
(0.017525837 0.00680914 0)
(0.017921076 0.00680914 0)
(0.018323368 0.00680914 0)
(0.018732838 0.00680914 0)
(0.019149615 0.00680914 0)
(0.019573828 0.00680914 0)
(0.02000561 0.00680914 0)
(0.020445098 0.00680914 0)
(0.020892427 0.00680914 -2.2549611e-20)
(0.021347738 0.00680914 0)
(0.021811173 0.00680914 0)
(0.022282878 0.00680914 0)
(0.022762999 0.00680914 0)
(0.023251688 0.00680914 9.6313652e-21)
(0.023749096 0.00680914 0)
(0.0010501807 0.0072657678 0)
(0.0011514375 0.0072657678 -4.5299185e-20)
(0.001254501 0.0072657678 -3.3775068e-20)
(0.0013594036 0.0072657678 -1.0567841e-20)
(0.001466178 0.0072657678 0)
(0.0015748576 0.0072657678 0)
(0.0016854764 0.0072657678 -6.3142145e-20)
(0.0017980691 0.0072657678 -2.1197948e-20)
(0.0019126708 0.0072657678 -4.0199631e-20)
(0.0020293174 0.0072657678 -2.0513565e-20)
(0.0021480453 0.0072657678 0)
(0.0022688918 0.0072657678 0)
(0.0023918945 0.0072657678 0)
(0.0025170922 0.0072657678 -8.8547514e-21)
(0.0026445237 0.0072657678 0)
(0.0027742291 0.0072657678 0)
(0.0029062489 0.0072657678 2.6697373e-20)
(0.0030406243 0.0072657678 0)
(0.0031773975 0.0072657678 0)
(0.0033166111 0.0072657678 0)
(0.0034583089 0.0072657678 -3.2800428e-20)
(0.0036025351 0.0072657678 -7.6864962e-21)
(0.0037493346 0.0072657678 0)
(0.0038987536 0.0072657678 0)
(0.0040508388 0.0072657678 -2.3373725e-20)
(0.0042056377 0.0072657678 3.7313369e-20)
(0.0043631988 0.0072657678 0)
(0.0045235712 0.0072657678 -1.5331074e-20)
(0.0046868052 0.0072657678 0)
(0.004852952 0.0072657678 2.8195334e-20)
(0.0050220634 0.0072657678 -2.7727458e-20)
(0.0051941923 0.0072657678 0)
(0.0053693925 0.0072657678 2.6816159e-20)
(0.005547719 0.0072657678 0)
(0.0057292274 0.0072657678 0)
(0.0059139745 0.0072657678 0)
(0.0061020182 0.0072657678 0)
(0.0062934172 0.0072657678 -2.4674059e-20)
(0.0064882315 0.0072657678 0)
(0.0066865219 0.0072657678 0)
(0.0068883505 0.0072657678 0)
(0.0070937805 0.0072657678 3.3884575e-20)
(0.0073028759 0.0072657678 -2.2713258e-20)
(0.0075157024 0.0072657678 4.3177097e-20)
(0.0077323264 0.0072657678 0)
(0.0079528157 0.0072657678 0)
(0.0081772394 0.0072657678 0)
(0.0084056675 0.0072657678 0)
(0.0086381717 0.0072657678 0)
(0.0088748244 0.0072657678 0)
(0.0091156998 0.0072657678 0)
(0.0093608734 0.0072657678 0)
(0.0096104217 0.0072657678 0)
(0.0098644227 0.0072657678 -1.8963934e-20)
(0.010122956 0.0072657678 -8.5760142e-21)
(0.010386102 0.0072657678 0)
(0.010653944 0.0072657678 -2.633969e-20)
(0.010926565 0.0072657678 0)
(0.011204051 0.0072657678 0)
(0.011486488 0.0072657678 0)
(0.011773964 0.0072657678 0)
(0.012066571 0.0072657678 0)
(0.012364398 0.0072657678 -1.6394913e-20)
(0.01266754 0.0072657678 0)
(0.012976091 0.0072657678 0)
(0.013290146 0.0072657678 0)
(0.013609807 0.0072657678 0)
(0.01393517 0.0072657678 -2.8763777e-20)
(0.01426634 0.0072657678 0)
(0.014603418 0.0072657678 0)
(0.014946512 0.0072657678 0)
(0.015295728 0.0072657678 0)
(0.015651174 0.0072657678 0)
(0.016012963 0.0072657678 0)
(0.016381208 0.0072657678 0)
(0.016756023 0.0072657678 -1.1830817e-20)
(0.017137526 0.0072657678 0)
(0.017525837 0.0072657678 0)
(0.017921076 0.0072657678 2.394479e-20)
(0.018323368 0.0072657678 0)
(0.018732838 0.0072657678 0)
(0.019149615 0.0072657678 0)
(0.019573828 0.0072657678 0)
(0.02000561 0.0072657678 2.2045674e-20)
(0.020445098 0.0072657678 0)
(0.020892427 0.0072657678 -6.2489787e-20)
(0.021347738 0.0072657678 -2.0984246e-20)
(0.021811173 0.0072657678 -3.021132e-20)
(0.022282878 0.0072657678 -2.9708059e-20)
(0.022762999 0.0072657678 0)
(0.023251688 0.0072657678 0)
(0.023749097 0.0072657678 0)
(0.0010501807 0.0077504422 2.2503516e-20)
(0.0011514375 0.0077504422 -3.24502e-20)
(0.001254501 0.0077504422 3.190774e-20)
(0.0013594036 0.0077504422 3.1374767e-20)
(0.001466178 0.0077504422 3.0851138e-20)
(0.0015748576 0.0077504422 0)
(0.0016854764 0.0077504422 0)
(0.0017980691 0.0077504422 0)
(0.0019126707 0.0077504422 2.8846857e-20)
(0.0020293174 0.0077504422 0)
(0.0021480453 0.0077504422 0)
(0.0022688917 0.0077504422 0)
(0.0023918945 0.0077504422 -2.6979461e-20)
(0.0025170922 0.0077504422 0)
(0.0026445237 0.0077504422 -4.2486367e-20)
(0.0027742291 0.0077504422 3.371551e-20)
(0.0029062489 0.0077504422 -2.523961e-20)
(0.0030406243 0.0077504422 0)
(0.0031773975 0.0077504422 0)
(0.0033166111 0.0077504422 0)
(0.0034583089 0.0077504422 -2.3618583e-20)
(0.003602535 0.0077504422 0)
(0.0037493346 0.0077504422 0)
(0.0038987536 0.0077504422 0)
(0.0040508388 0.0077504422 0)
(0.0042056377 0.0077504422 0)
(0.0043631988 0.0077504422 2.8021087e-20)
(0.0045235712 0.0077504422 4.0581467e-20)
(0.0046868053 0.0077504422 2.7099577e-20)
(0.004852952 0.0077504422 0)
(0.0050220634 0.0077504422 -4.0068049e-20)
(0.0051941923 0.0077504422 0)
(0.0053693926 0.0077504422 3.7274366e-20)
(0.005547719 0.0077504422 0)
(0.0057292274 0.0077504422 0)
(0.0059139745 0.0077504422 2.4119276e-20)
(0.0061020183 0.0077504422 0)
(0.0062934172 0.0077504422 0)
(0.0064882315 0.0077504422 0)
(0.0066865219 0.0077504422 3.3109264e-20)
(0.0068883505 0.0077504422 1.0349793e-20)
(0.0070937804 0.0077504422 0)
(0.0073028759 0.0077504422 0)
(0.0075157024 0.0077504422 3.0950734e-20)
(0.0077323264 0.0077504422 0)
(0.0079528157 0.0077504422 0)
(0.0081772394 0.0077504422 -2.9429161e-20)
(0.0084056675 0.0077504422 2.8939648e-20)
(0.0086381717 0.0077504422 0)
(0.0088748244 0.0077504422 0)
(0.0091156998 0.0077504422 -1.8849942e-20)
(0.0093608734 0.0077504422 0)
(0.0096104217 0.0077504422 -1.8247165e-20)
(0.0098644227 0.0077504422 2.6177607e-20)
(0.010122956 0.0077504422 0)
(0.010386102 0.0077504422 0)
(0.010653944 0.0077504422 -1.7103696e-20)
(0.010926565 0.0077504422 -3.2154841e-20)
(0.011204051 0.0077504422 -4.8178992e-20)
(0.011486488 0.0077504422 -3.1089622e-20)
(0.011773965 0.0077504422 -2.3304649e-20)
(0.012066571 0.0077504422 3.0061384e-20)
(0.012364399 0.0077504422 1.5533325e-20)
(0.01266754 0.0077504422 1.5287425e-20)
(0.01297609 0.0077504422 0)
(0.013290146 0.0077504422 -2.8111103e-20)
(0.013609807 0.0077504422 -2.7644646e-20)
(0.01393517 0.0077504422 -1.4346137e-20)
(0.01426634 0.0077504422 0)
(0.014603418 0.0077504422 0)
(0.014946512 0.0077504422 -3.8036078e-20)
(0.015295727 0.0077504422 0)
(0.015651174 0.0077504422 0)
(0.016012963 0.0077504422 0)
(0.016381208 0.0077504422 0)
(0.016756023 0.0077504422 2.3798239e-20)
(0.017137526 0.0077504422 -3.4358253e-20)
(0.017525837 0.0077504422 0)
(0.017921076 0.0077504422 0)
(0.018323368 0.0077504422 0)
(0.018732839 0.0077504422 0)
(0.019149615 0.0077504422 0)
(0.019573828 0.0077504422 0)
(0.02000561 0.0077504422 0)
(0.020445098 0.0077504422 2.0517836e-20)
(0.020892427 0.0077504422 0)
(0.021347738 0.0077504422 0)
(0.021811173 0.0077504422 0)
(0.022282878 0.0077504422 0)
(0.022762999 0.0077504422 0)
(0.023251688 0.0077504422 1.8603717e-20)
(0.023749097 0.0077504422 0)
)
;

boundaryField
{
    inlet
    {
        type            calculated;
        value           nonuniform List<vector> 
120
(
(-0.008 -0.0077504422 0)
(-0.008 -0.0072657678 0)
(-0.008 -0.00680914 0)
(-0.008 -0.0063789359 0)
(-0.008 -0.0059736265 0)
(-0.008 -0.0055917711 0)
(-0.008 -0.0052320125 0)
(-0.008 -0.004893072 0)
(-0.008 -0.004573745 0)
(-0.008 -0.0042728965 0)
(-0.008 -0.0039894572 0)
(-0.008 -0.0037224197 0)
(-0.008 -0.0034708348 0)
(-0.008 -0.0032338084 0)
(-0.008 -0.003010498 0)
(-0.008 -0.0028001098 0)
(-0.008 -0.0026018963 0)
(-0.008 -0.0024151527 0)
(-0.008 -0.0022392155 0)
(-0.008 -0.0020734591 0)
(-0.008 -0.0019172946 0)
(-0.008 -0.0017701669 0)
(-0.008 -0.001631553 0)
(-0.008 -0.0015009603 0)
(-0.008 -0.0013779246 0)
(-0.008 -0.0012620086 0)
(-0.008 -0.0011528003 0)
(-0.008 -0.0010499115 0)
(-0.008 -0.000984375 0)
(-0.008 -0.000953125 0)
(-0.008 -0.000921875 0)
(-0.008 -0.000890625 0)
(-0.008 -0.000859375 0)
(-0.008 -0.000828125 0)
(-0.008 -0.000796875 0)
(-0.008 -0.000765625 0)
(-0.008 -0.000734375 0)
(-0.008 -0.000703125 0)
(-0.008 -0.000671875 0)
(-0.008 -0.000640625 0)
(-0.008 -0.000609375 0)
(-0.008 -0.000578125 0)
(-0.008 -0.000546875 0)
(-0.008 -0.000515625 0)
(-0.008 -0.000484375 0)
(-0.008 -0.000453125 0)
(-0.008 -0.000421875 0)
(-0.008 -0.000390625 0)
(-0.008 -0.000359375 0)
(-0.008 -0.000328125 0)
(-0.008 -0.000296875 0)
(-0.008 -0.000265625 0)
(-0.008 -0.000234375 0)
(-0.008 -0.000203125 0)
(-0.008 -0.000171875 0)
(-0.008 -0.000140625 0)
(-0.008 -0.000109375 0)
(-0.008 -7.8125e-05 0)
(-0.008 -4.6875e-05 0)
(-0.008 -1.5625e-05 0)
(-0.008 1.5625e-05 0)
(-0.008 4.6875e-05 0)
(-0.008 7.8125e-05 0)
(-0.008 0.000109375 0)
(-0.008 0.000140625 0)
(-0.008 0.000171875 0)
(-0.008 0.000203125 0)
(-0.008 0.000234375 0)
(-0.008 0.000265625 0)
(-0.008 0.000296875 0)
(-0.008 0.000328125 0)
(-0.008 0.000359375 0)
(-0.008 0.000390625 0)
(-0.008 0.000421875 0)
(-0.008 0.000453125 0)
(-0.008 0.000484375 0)
(-0.008 0.000515625 0)
(-0.008 0.000546875 0)
(-0.008 0.000578125 0)
(-0.008 0.000609375 0)
(-0.008 0.000640625 0)
(-0.008 0.000671875 0)
(-0.008 0.000703125 0)
(-0.008 0.000734375 0)
(-0.008 0.000765625 0)
(-0.008 0.000796875 0)
(-0.008 0.000828125 0)
(-0.008 0.000859375 0)
(-0.008 0.000890625 0)
(-0.008 0.000921875 0)
(-0.008 0.000953125 0)
(-0.008 0.000984375 0)
(-0.008 0.0010499115 0)
(-0.008 0.0011528003 0)
(-0.008 0.0012620086 0)
(-0.008 0.0013779246 0)
(-0.008 0.0015009603 0)
(-0.008 0.001631553 0)
(-0.008 0.0017701669 0)
(-0.008 0.0019172946 0)
(-0.008 0.0020734591 0)
(-0.008 0.0022392155 0)
(-0.008 0.0024151527 0)
(-0.008 0.0026018963 0)
(-0.008 0.0028001098 0)
(-0.008 0.003010498 0)
(-0.008 0.0032338084 0)
(-0.008 0.0034708348 0)
(-0.008 0.0037224197 0)
(-0.008 0.0039894572 0)
(-0.008 0.0042728965 0)
(-0.008 0.0045737451 0)
(-0.008 0.004893072 0)
(-0.008 0.0052320125 0)
(-0.008 0.0055917711 0)
(-0.008 0.0059736265 0)
(-0.008 0.0063789359 0)
(-0.008 0.00680914 0)
(-0.008 0.0072657678 0)
(-0.008 0.0077504422 0)
)
;
    }
    outlet
    {
        type            calculated;
        value           nonuniform List<vector> 
120
(
(0.024 -0.0077504422 0)
(0.024 -0.0072657678 0)
(0.024 -0.00680914 0)
(0.024 -0.0063789359 0)
(0.024 -0.0059736265 0)
(0.024 -0.0055917711 0)
(0.024 -0.0052320125 0)
(0.024 -0.004893072 0)
(0.024 -0.0045737451 0)
(0.024 -0.0042728965 0)
(0.024 -0.0039894572 0)
(0.024 -0.0037224197 0)
(0.024 -0.0034708348 0)
(0.024 -0.0032338084 0)
(0.024 -0.003010498 0)
(0.024 -0.0028001098 0)
(0.024 -0.0026018963 0)
(0.024 -0.0024151527 0)
(0.024 -0.0022392155 0)
(0.024 -0.0020734591 0)
(0.024 -0.0019172946 0)
(0.024 -0.0017701669 0)
(0.024 -0.001631553 0)
(0.024 -0.0015009603 0)
(0.024 -0.0013779246 0)
(0.024 -0.0012620086 0)
(0.024 -0.0011528003 0)
(0.024 -0.0010499115 0)
(0.024 -0.000984375 0)
(0.024 -0.000953125 0)
(0.024 -0.000921875 0)
(0.024 -0.000890625 0)
(0.024 -0.000859375 0)
(0.024 -0.000828125 0)
(0.024 -0.000796875 0)
(0.024 -0.000765625 0)
(0.024 -0.000734375 0)
(0.024 -0.000703125 0)
(0.024 -0.000671875 0)
(0.024 -0.000640625 0)
(0.024 -0.000609375 0)
(0.024 -0.000578125 0)
(0.024 -0.000546875 0)
(0.024 -0.000515625 0)
(0.024 -0.000484375 0)
(0.024 -0.000453125 0)
(0.024 -0.000421875 0)
(0.024 -0.000390625 0)
(0.024 -0.000359375 0)
(0.024 -0.000328125 0)
(0.024 -0.000296875 0)
(0.024 -0.000265625 0)
(0.024 -0.000234375 0)
(0.024 -0.000203125 0)
(0.024 -0.000171875 0)
(0.024 -0.000140625 0)
(0.024 -0.000109375 0)
(0.024 -7.8125e-05 0)
(0.024 -4.6875e-05 0)
(0.024 -1.5625e-05 0)
(0.024 1.5625e-05 0)
(0.024 4.6875e-05 0)
(0.024 7.8125e-05 0)
(0.024 0.000109375 0)
(0.024 0.000140625 0)
(0.024 0.000171875 0)
(0.024 0.000203125 0)
(0.024 0.000234375 0)
(0.024 0.000265625 0)
(0.024 0.000296875 0)
(0.024 0.000328125 0)
(0.024 0.000359375 0)
(0.024 0.000390625 0)
(0.024 0.000421875 0)
(0.024 0.000453125 0)
(0.024 0.000484375 0)
(0.024 0.000515625 0)
(0.024 0.000546875 0)
(0.024 0.000578125 0)
(0.024 0.000609375 0)
(0.024 0.000640625 0)
(0.024 0.000671875 0)
(0.024 0.000703125 0)
(0.024 0.000734375 0)
(0.024 0.000765625 0)
(0.024 0.000796875 0)
(0.024 0.000828125 0)
(0.024 0.000859375 0)
(0.024 0.000890625 0)
(0.024 0.000921875 0)
(0.024 0.000953125 0)
(0.024 0.000984375 0)
(0.024 0.0010499115 0)
(0.024 0.0011528003 0)
(0.024 0.0012620086 0)
(0.024 0.0013779246 0)
(0.024 0.0015009603 0)
(0.024 0.001631553 0)
(0.024 0.0017701669 0)
(0.024 0.0019172946 0)
(0.024 0.0020734591 0)
(0.024 0.0022392155 0)
(0.024 0.0024151527 0)
(0.024 0.0026018963 0)
(0.024 0.0028001098 0)
(0.024 0.003010498 0)
(0.024 0.0032338084 0)
(0.024 0.0034708348 0)
(0.024 0.0037224197 0)
(0.024 0.0039894572 0)
(0.024 0.0042728965 0)
(0.024 0.004573745 0)
(0.024 0.004893072 0)
(0.024 0.0052320125 0)
(0.024 0.0055917711 0)
(0.024 0.0059736265 0)
(0.024 0.0063789359 0)
(0.024 0.00680914 0)
(0.024 0.0072657678 0)
(0.024 0.0077504422 0)
)
;
    }
    top
    {
        type            calculated;
        value           nonuniform List<vector> 
184
(
(-0.0077504422 0.008 0)
(-0.0072657678 0.008 0)
(-0.00680914 0.008 0)
(-0.0063789359 0.008 0)
(-0.0059736265 0.008 0)
(-0.0055917711 0.008 0)
(-0.0052320125 0.008 0)
(-0.004893072 0.008 0)
(-0.004573745 0.008 0)
(-0.0042728965 0.008 0)
(-0.0039894572 0.008 0)
(-0.0037224197 0.008 0)
(-0.0034708348 0.008 0)
(-0.0032338084 0.008 0)
(-0.003010498 0.008 0)
(-0.0028001098 0.008 0)
(-0.0026018963 0.008 0)
(-0.0024151527 0.008 0)
(-0.0022392155 0.008 0)
(-0.0020734591 0.008 0)
(-0.0019172946 0.008 0)
(-0.0017701669 0.008 0)
(-0.001631553 0.008 0)
(-0.0015009603 0.008 0)
(-0.0013779246 0.008 0)
(-0.0012620086 0.008 0)
(-0.0011528003 0.008 0)
(-0.0010499115 0.008 0)
(-0.000984375 0.008 0)
(-0.000953125 0.008 0)
(-0.000921875 0.008 0)
(-0.000890625 0.008 0)
(-0.000859375 0.008 0)
(-0.000828125 0.008 0)
(-0.000796875 0.008 0)
(-0.000765625 0.008 0)
(-0.000734375 0.008 0)
(-0.000703125 0.008 0)
(-0.000671875 0.008 0)
(-0.000640625 0.008 0)
(-0.000609375 0.008 0)
(-0.000578125 0.008 0)
(-0.000546875 0.008 0)
(-0.000515625 0.008 0)
(-0.000484375 0.008 0)
(-0.000453125 0.008 0)
(-0.000421875 0.008 0)
(-0.000390625 0.008 0)
(-0.000359375 0.008 0)
(-0.000328125 0.008 0)
(-0.000296875 0.008 0)
(-0.000265625 0.008 0)
(-0.000234375 0.008 0)
(-0.000203125 0.008 0)
(-0.000171875 0.008 0)
(-0.000140625 0.008 0)
(-0.000109375 0.008 0)
(-7.8125e-05 0.008 0)
(-4.6875e-05 0.008 0)
(-1.5625e-05 0.008 0)
(1.5625e-05 0.008 0)
(4.6875e-05 0.008 0)
(7.8125e-05 0.008 0)
(0.000109375 0.008 0)
(0.000140625 0.008 0)
(0.000171875 0.008 0)
(0.000203125 0.008 0)
(0.000234375 0.008 0)
(0.000265625 0.008 0)
(0.000296875 0.008 0)
(0.000328125 0.008 0)
(0.000359375 0.008 0)
(0.000390625 0.008 0)
(0.000421875 0.008 0)
(0.000453125 0.008 0)
(0.000484375 0.008 0)
(0.000515625 0.008 0)
(0.000546875 0.008 0)
(0.000578125 0.008 0)
(0.000609375 0.008 0)
(0.000640625 0.008 0)
(0.000671875 0.008 0)
(0.000703125 0.008 0)
(0.000734375 0.008 0)
(0.000765625 0.008 0)
(0.000796875 0.008 0)
(0.000828125 0.008 0)
(0.000859375 0.008 0)
(0.000890625 0.008 0)
(0.000921875 0.008 0)
(0.000953125 0.008 0)
(0.000984375 0.008 0)
(0.0010501807 0.008 0)
(0.0011514375 0.008 0)
(0.001254501 0.008 0)
(0.0013594036 0.008 0)
(0.001466178 0.008 0)
(0.0015748576 0.008 0)
(0.0016854764 0.008 0)
(0.0017980691 0.008 0)
(0.0019126708 0.008 0)
(0.0020293174 0.008 0)
(0.0021480453 0.008 0)
(0.0022688917 0.008 0)
(0.0023918945 0.008 0)
(0.0025170922 0.008 0)
(0.0026445237 0.008 0)
(0.0027742291 0.008 0)
(0.0029062489 0.008 0)
(0.0030406243 0.008 0)
(0.0031773975 0.008 0)
(0.0033166112 0.008 0)
(0.0034583089 0.008 0)
(0.0036025351 0.008 0)
(0.0037493347 0.008 0)
(0.0038987536 0.008 0)
(0.0040508388 0.008 0)
(0.0042056377 0.008 0)
(0.0043631987 0.008 0)
(0.0045235712 0.008 0)
(0.0046868053 0.008 0)
(0.004852952 0.008 0)
(0.0050220634 0.008 0)
(0.0051941923 0.008 0)
(0.0053693926 0.008 0)
(0.005547719 0.008 0)
(0.0057292274 0.008 0)
(0.0059139745 0.008 0)
(0.0061020183 0.008 0)
(0.0062934172 0.008 0)
(0.0064882315 0.008 0)
(0.0066865219 0.008 0)
(0.0068883505 0.008 0)
(0.0070937804 0.008 0)
(0.0073028759 0.008 0)
(0.0075157024 0.008 0)
(0.0077323264 0.008 0)
(0.0079528157 0.008 0)
(0.0081772394 0.008 0)
(0.0084056675 0.008 0)
(0.0086381717 0.008 0)
(0.0088748244 0.008 0)
(0.0091156998 0.008 0)
(0.0093608734 0.008 0)
(0.0096104217 0.008 0)
(0.0098644227 0.008 0)
(0.010122956 0.008 0)
(0.010386103 0.008 0)
(0.010653944 0.008 0)
(0.010926565 0.008 0)
(0.011204051 0.008 0)
(0.011486488 0.008 0)
(0.011773965 0.008 0)
(0.012066571 0.008 0)
(0.012364398 0.008 0)
(0.01266754 0.008 0)
(0.01297609 0.008 0)
(0.013290146 0.008 0)
(0.013609807 0.008 0)
(0.01393517 0.008 0)
(0.01426634 0.008 0)
(0.014603418 0.008 0)
(0.014946512 0.008 0)
(0.015295727 0.008 0)
(0.015651174 0.008 0)
(0.016012963 0.008 0)
(0.016381208 0.008 0)
(0.016756023 0.008 0)
(0.017137526 0.008 0)
(0.017525837 0.008 0)
(0.017921076 0.008 0)
(0.018323368 0.008 0)
(0.018732838 0.008 0)
(0.019149615 0.008 0)
(0.019573828 0.008 0)
(0.02000561 0.008 0)
(0.020445098 0.008 0)
(0.020892427 0.008 0)
(0.021347738 0.008 0)
(0.021811173 0.008 0)
(0.022282878 0.008 0)
(0.022762999 0.008 0)
(0.023251688 0.008 0)
(0.023749096 0.008 0)
)
;
    }
    bottom
    {
        type            calculated;
        value           nonuniform List<vector> 
184
(
(-0.0077504422 -0.008 0)
(-0.0072657678 -0.008 0)
(-0.00680914 -0.008 0)
(-0.0063789359 -0.008 0)
(-0.0059736265 -0.008 0)
(-0.0055917711 -0.008 0)
(-0.0052320125 -0.008 0)
(-0.004893072 -0.008 0)
(-0.0045737451 -0.008 0)
(-0.0042728965 -0.008 0)
(-0.0039894572 -0.008 0)
(-0.0037224197 -0.008 0)
(-0.0034708348 -0.008 0)
(-0.0032338084 -0.008 0)
(-0.003010498 -0.008 0)
(-0.0028001098 -0.008 0)
(-0.0026018963 -0.008 0)
(-0.0024151527 -0.008 0)
(-0.0022392155 -0.008 0)
(-0.0020734591 -0.008 0)
(-0.0019172946 -0.008 0)
(-0.0017701669 -0.008 0)
(-0.001631553 -0.008 0)
(-0.0015009603 -0.008 0)
(-0.0013779246 -0.008 0)
(-0.0012620086 -0.008 0)
(-0.0011528003 -0.008 0)
(-0.0010499115 -0.008 0)
(-0.000984375 -0.008 0)
(-0.000953125 -0.008 0)
(-0.000921875 -0.008 0)
(-0.000890625 -0.008 0)
(-0.000859375 -0.008 0)
(-0.000828125 -0.008 0)
(-0.000796875 -0.008 0)
(-0.000765625 -0.008 0)
(-0.000734375 -0.008 0)
(-0.000703125 -0.008 0)
(-0.000671875 -0.008 0)
(-0.000640625 -0.008 0)
(-0.000609375 -0.008 0)
(-0.000578125 -0.008 0)
(-0.000546875 -0.008 0)
(-0.000515625 -0.008 0)
(-0.000484375 -0.008 0)
(-0.000453125 -0.008 0)
(-0.000421875 -0.008 0)
(-0.000390625 -0.008 0)
(-0.000359375 -0.008 0)
(-0.000328125 -0.008 0)
(-0.000296875 -0.008 0)
(-0.000265625 -0.008 0)
(-0.000234375 -0.008 0)
(-0.000203125 -0.008 0)
(-0.000171875 -0.008 0)
(-0.000140625 -0.008 0)
(-0.000109375 -0.008 0)
(-7.8125e-05 -0.008 0)
(-4.6875e-05 -0.008 0)
(-1.5625e-05 -0.008 0)
(1.5625e-05 -0.008 0)
(4.6875e-05 -0.008 0)
(7.8125e-05 -0.008 0)
(0.000109375 -0.008 0)
(0.000140625 -0.008 0)
(0.000171875 -0.008 0)
(0.000203125 -0.008 0)
(0.000234375 -0.008 0)
(0.000265625 -0.008 0)
(0.000296875 -0.008 0)
(0.000328125 -0.008 0)
(0.000359375 -0.008 0)
(0.000390625 -0.008 0)
(0.000421875 -0.008 0)
(0.000453125 -0.008 0)
(0.000484375 -0.008 0)
(0.000515625 -0.008 0)
(0.000546875 -0.008 0)
(0.000578125 -0.008 0)
(0.000609375 -0.008 0)
(0.000640625 -0.008 0)
(0.000671875 -0.008 0)
(0.000703125 -0.008 0)
(0.000734375 -0.008 0)
(0.000765625 -0.008 0)
(0.000796875 -0.008 0)
(0.000828125 -0.008 0)
(0.000859375 -0.008 0)
(0.000890625 -0.008 0)
(0.000921875 -0.008 0)
(0.000953125 -0.008 0)
(0.000984375 -0.008 0)
(0.0010501807 -0.008 0)
(0.0011514375 -0.008 0)
(0.001254501 -0.008 0)
(0.0013594036 -0.008 0)
(0.001466178 -0.008 0)
(0.0015748576 -0.008 0)
(0.0016854764 -0.008 0)
(0.0017980691 -0.008 0)
(0.0019126708 -0.008 0)
(0.0020293174 -0.008 0)
(0.0021480453 -0.008 0)
(0.0022688917 -0.008 0)
(0.0023918945 -0.008 0)
(0.0025170921 -0.008 0)
(0.0026445237 -0.008 0)
(0.0027742291 -0.008 0)
(0.0029062489 -0.008 0)
(0.0030406243 -0.008 0)
(0.0031773975 -0.008 0)
(0.0033166112 -0.008 0)
(0.0034583089 -0.008 0)
(0.003602535 -0.008 0)
(0.0037493347 -0.008 0)
(0.0038987536 -0.008 0)
(0.0040508388 -0.008 0)
(0.0042056377 -0.008 0)
(0.0043631987 -0.008 0)
(0.0045235712 -0.008 0)
(0.0046868053 -0.008 0)
(0.004852952 -0.008 0)
(0.0050220634 -0.008 0)
(0.0051941923 -0.008 0)
(0.0053693926 -0.008 0)
(0.005547719 -0.008 0)
(0.0057292274 -0.008 0)
(0.0059139746 -0.008 0)
(0.0061020183 -0.008 0)
(0.0062934172 -0.008 0)
(0.0064882315 -0.008 0)
(0.0066865219 -0.008 0)
(0.0068883505 -0.008 0)
(0.0070937804 -0.008 0)
(0.0073028759 -0.008 0)
(0.0075157024 -0.008 0)
(0.0077323264 -0.008 0)
(0.0079528157 -0.008 0)
(0.0081772394 -0.008 0)
(0.0084056675 -0.008 0)
(0.0086381716 -0.008 0)
(0.0088748244 -0.008 0)
(0.0091156998 -0.008 0)
(0.0093608734 -0.008 0)
(0.0096104217 -0.008 0)
(0.0098644227 -0.008 0)
(0.010122956 -0.008 0)
(0.010386103 -0.008 0)
(0.010653944 -0.008 0)
(0.010926565 -0.008 0)
(0.011204051 -0.008 0)
(0.011486488 -0.008 0)
(0.011773965 -0.008 0)
(0.012066571 -0.008 0)
(0.012364398 -0.008 0)
(0.01266754 -0.008 0)
(0.01297609 -0.008 0)
(0.013290146 -0.008 0)
(0.013609807 -0.008 0)
(0.01393517 -0.008 0)
(0.01426634 -0.008 0)
(0.014603418 -0.008 0)
(0.014946512 -0.008 0)
(0.015295727 -0.008 0)
(0.015651174 -0.008 0)
(0.016012963 -0.008 0)
(0.016381208 -0.008 0)
(0.016756023 -0.008 0)
(0.017137526 -0.008 0)
(0.017525837 -0.008 0)
(0.017921076 -0.008 0)
(0.018323368 -0.008 0)
(0.018732838 -0.008 0)
(0.019149615 -0.008 0)
(0.019573828 -0.008 0)
(0.02000561 -0.008 0)
(0.020445098 -0.008 0)
(0.020892427 -0.008 0)
(0.021347738 -0.008 0)
(0.021811173 -0.008 0)
(0.022282878 -0.008 0)
(0.022762999 -0.008 0)
(0.023251688 -0.008 0)
(0.023749096 -0.008 0)
)
;
    }
    frontAndBack
    {
        type            empty;
    }
    cylinder
    {
        type            calculated;
        value           nonuniform List<vector> 
128
(
(-0.000109375 -0.0005 0)
(-7.8125e-05 -0.0005 0)
(-4.6875e-05 -0.0005 0)
(-1.5625e-05 -0.0005 0)
(1.5625e-05 -0.0005 0)
(4.6875e-05 -0.0005 0)
(7.8125e-05 -0.0005 0)
(0.000109375 -0.0005 0)
(-0.000203125 -0.00046875 0)
(-0.000171875 -0.00046875 0)
(-0.000125 -0.000484375 0)
(-0.000140625 -0.00046875 0)
(0.000125 -0.000484375 0)
(0.000140625 -0.00046875 0)
(0.000171875 -0.00046875 0)
(0.000203125 -0.00046875 0)
(-0.000265625 -0.0004375 0)
(-0.00021875 -0.000453125 0)
(-0.000234375 -0.0004375 0)
(0.00021875 -0.000453125 0)
(0.000234375 -0.0004375 0)
(0.000265625 -0.0004375 0)
(-0.00028125 -0.000421875 0)
(-0.000296875 -0.00040625 0)
(0.00028125 -0.000421875 0)
(0.000296875 -0.00040625 0)
(-0.0003125 -0.000390625 0)
(-0.000328125 -0.000375 0)
(0.0003125 -0.000390625 0)
(0.000328125 -0.000375 0)
(-0.00034375 -0.000359375 0)
(-0.000359375 -0.00034375 0)
(0.00034375 -0.000359375 0)
(0.000359375 -0.00034375 0)
(-0.000375 -0.000328125 0)
(-0.000390625 -0.0003125 0)
(0.000375 -0.000328125 0)
(0.000390625 -0.0003125 0)
(-0.00040625 -0.000296875 0)
(-0.000421875 -0.00028125 0)
(0.00040625 -0.000296875 0)
(0.000421875 -0.00028125 0)
(-0.0004375 -0.000265625 0)
(0.0004375 -0.000265625 0)
(-0.0004375 -0.000234375 0)
(-0.000453125 -0.00021875 0)
(0.0004375 -0.000234375 0)
(0.000453125 -0.00021875 0)
(-0.00046875 -0.000203125 0)
(0.00046875 -0.000203125 0)
(-0.00046875 -0.000171875 0)
(0.00046875 -0.000171875 0)
(-0.00046875 -0.000140625 0)
(-0.000484375 -0.000125 0)
(0.00046875 -0.000140625 0)
(0.000484375 -0.000125 0)
(-0.0005 -0.000109375 0)
(0.0005 -0.000109375 0)
(-0.0005 -7.8125e-05 0)
(0.0005 -7.8125e-05 0)
(-0.0005 -4.6875e-05 0)
(0.0005 -4.6875e-05 0)
(-0.0005 -1.5625e-05 0)
(0.0005 -1.5625e-05 0)
(-0.0005 1.5625e-05 0)
(0.0005 1.5625e-05 0)
(-0.0005 4.6875e-05 0)
(0.0005 4.6875e-05 0)
(-0.0005 7.8125e-05 0)
(0.0005 7.8125e-05 0)
(-0.0005 0.000109375 0)
(-0.000484375 0.000125 0)
(0.0005 0.000109375 0)
(0.000484375 0.000125 0)
(-0.00046875 0.000140625 0)
(0.00046875 0.000140625 0)
(-0.00046875 0.000171875 0)
(0.00046875 0.000171875 0)
(-0.00046875 0.000203125 0)
(-0.000453125 0.00021875 0)
(0.00046875 0.000203125 0)
(0.000453125 0.00021875 0)
(-0.0004375 0.000234375 0)
(0.0004375 0.000234375 0)
(-0.0004375 0.000265625 0)
(-0.000421875 0.00028125 0)
(0.0004375 0.000265625 0)
(0.000421875 0.00028125 0)
(-0.00040625 0.000296875 0)
(-0.000390625 0.0003125 0)
(0.00040625 0.000296875 0)
(0.000390625 0.0003125 0)
(-0.000375 0.000328125 0)
(-0.000359375 0.00034375 0)
(0.000375 0.000328125 0)
(0.000359375 0.00034375 0)
(-0.00034375 0.000359375 0)
(-0.000328125 0.000375 0)
(0.00034375 0.000359375 0)
(0.000328125 0.000375 0)
(-0.0003125 0.000390625 0)
(-0.000296875 0.00040625 0)
(0.0003125 0.000390625 0)
(0.000296875 0.00040625 0)
(-0.00028125 0.000421875 0)
(-0.000265625 0.0004375 0)
(-0.000234375 0.0004375 0)
(0.000234375 0.0004375 0)
(0.00028125 0.000421875 0)
(0.000265625 0.0004375 0)
(-0.00021875 0.000453125 0)
(-0.000203125 0.00046875 0)
(-0.000171875 0.00046875 0)
(-0.000140625 0.00046875 0)
(0.000140625 0.00046875 0)
(0.000171875 0.00046875 0)
(0.00021875 0.000453125 0)
(0.000203125 0.00046875 0)
(-0.000125 0.000484375 0)
(-0.000109375 0.0005 0)
(-7.8125e-05 0.0005 0)
(-4.6875e-05 0.0005 0)
(-1.5625e-05 0.0005 0)
(1.5625e-05 0.0005 0)
(4.6875e-05 0.0005 0)
(7.8125e-05 0.0005 0)
(0.000125 0.000484375 0)
(0.000109375 0.0005 0)
)
;
    }
}


// ************************************************************************* //
