/*--------------------------------*- C++ -*----------------------------------*\
  =========                 |
  \\      /  F ield         | OpenFOAM: The Open Source CFD Toolbox
   \\    /   O peration     | Website:  https://openfoam.org
    \\  /    A nd           | Version:  11
     \\/     M anipulation  |
\*---------------------------------------------------------------------------*/
FoamFile
{
    format      ascii;
    class       volScalarField;
    location    "0";
    object      Ccz;
}
// * * * * * * * * * * * * * * * * * * * * * * * * * * * * * * * * * * * * * //

dimensions      [0 1 0 0 0 0 0];

internalField   nonuniform List<scalar> 
21268
(
0
1.8678973e-20
0
-3.1046561e-20
0
0
0
3.9203477e-20
0
0
0
-3.328879e-20
0
0
-2.993303e-20
0
2.2669426e-20
0
-2.5444389e-20
-4.0064994e-20
0
1.5516107e-20
0
0
-3.6060954e-20
-2.886045e-20
0
0
-1.8678973e-20
0
0
0
3.563512e-20
0
0
0
0
0
0
0
0
0
-3.2478233e-20
0
0
0
0
-2.2369176e-20
0
0
2.6454493e-20
0
2.9613366e-20
0
0
0
0
0
0
0
-4.9806557e-20
0
0
-7.2198298e-21
-3.2158953e-20
0
-3.6040112e-20
0
0
2.2154109e-20
0
-2.4768481e-20
0
0
0
0
0
3.4770698e-20
3.6813876e-20
2.961337e-20
0
-1.0555456e-20
-1.120378e-20
0
3.1046561e-20
0
0
0
0
-2.8713998e-20
0
-1.5326563e-20
0
0
0
2.095925e-20
0
1.0958259e-20
-3.6399802e-20
0
0
2.9323623e-20
3.1032225e-20
0
-3.4770704e-20
0
0
-2.1395127e-20
0
-1.1203787e-20
0
1.412819e-20
0
-3.563512e-20
4.9806557e-20
0
0
0
0
0
0
0
0
0
0
0
0
0
0
0
0
0
0
-9.3691751e-21
0
0
0
0
1.262235e-20
-2.8301108e-20
0
0
0
2.8713998e-20
0
0
0
0
-9.1638515e-21
0
1.0324137e-20
0
0
0
0
0
0
0
0
0
0
-9.9446413e-21
0
0
0
0
-4.1698727e-20
-4.4167441e-20
0
0
0
0
0
0
0
0
-3.0685954e-20
0
0
0
6.4740335e-20
1.310403e-20
4.3232499e-20
0
0
0
0
0
0
0
0
-3.7181649e-20
0
0
0
0
-3.9203477e-20
0
7.2198298e-21
1.5326563e-20
0
0
0
0
0
0
0
0
1.3104025e-20
2.9323631e-20
3.1032217e-20
0
0
0
0
0
0
0
0
0
0
0
0
0
0
0
3.2158953e-20
0
0
9.1638515e-21
3.0685954e-20
0
0
1.3137158e-20
0
5.5427767e-20
0
-1.6269032e-20
-7.8349804e-21
-1.8138268e-20
-3.6813872e-20
-9.3691765e-21
0
0
0
0
0
7.1505684e-20
0
0
0
1.8510936e-20
0
0
0
0
0
0
0
0
-1.3137158e-20
0
0
0
0
0
0
0
0
0
0
0
0
-1.4128184e-20
0
0
0
0
0
0
0
0
3.6040112e-20
0
0
-1.0324137e-20
0
0
0
0
0
0
0
0
0
6.8595914e-20
4.1284416e-20
0
0
0
0
0
0
0
3.3547974e-20
0
0
0
3.328879e-20
0
0
-2.095925e-20
0
0
0
0
-5.5427767e-20
0
0
0
-9.8220523e-21
0
0
-9.9446411e-21
0
0
0
0
0
1.5726365e-20
0
3.3547976e-20
0
0
0
1.1673298e-20
0
0
0
0
0
0
-6.4740335e-20
-1.3104025e-20
0
0
0
9.8220523e-21
0
0
0
0
0
0
0
0
0
0
0
0
0
0
2.184075e-20
0
0
0
-2.2154109e-20
-1.0958259e-20
0
0
-1.310403e-20
-2.9323631e-20
1.6269032e-20
0
0
0
0
0
0
0
0
-2.6750553e-20
0
0
0
1.7526904e-20
0
1.9555421e-20
9.5791033e-21
0
-1.2297796e-20
0
2.993303e-20
3.2478233e-20
0
3.6399802e-20
0
0
-4.3232499e-20
-3.1032217e-20
7.8349804e-21
0
0
0
0
0
0
1.3397767e-20
0
0
0
0
0
0
0
0
0
0
0
2.5822601e-20
0
0
2.4768481e-20
0
0
0
0
0
1.8138268e-20
0
-6.8595914e-20
9.9446411e-21
0
0
-1.3397767e-20
0
0
0
-2.4146799e-20
0
-2.701348e-20
0
9.5791001e-21
0
0
0
0
0
-2.2669426e-20
0
0
0
0
0
0
0
3.6813872e-20
0
-4.1284416e-20
0
0
0
0
0
0
0
0
0
0
3.0243132e-20
0
0
0
0
0
4.4105132e-20
0
0
0
-2.9323623e-20
0
0
0
0
9.3691765e-21
0
0
0
0
2.6750553e-20
0
0
0
0
0
0
0
0
0
0
0
0
0
0
2.5444389e-20
0
0
-3.1032225e-20
0
0
0
0
0
0
0
0
0
0
0
2.4146799e-20
0
0
0
0
0
0
0
0
0
0
0
0
4.0064994e-20
2.2369176e-20
0
0
0
0
0
0
0
0
0
0
0
0
0
0
0
0
0
0
0
1.1454813e-20
0
-2.7316179e-20
0
0
0
0
0
0
0
3.4770704e-20
0
0
0
0
0
0
0
0
0
0
0
2.701348e-20
0
0
0
0
0
0
0
0
3.0584143e-20
0
0
0
-1.5516107e-20
0
-3.4770698e-20
0
9.3691751e-21
9.9446413e-21
0
0
0
1.4128184e-20
0
-1.5726365e-20
0
-1.7526904e-20
0
0
-3.0243132e-20
0
0
-1.1454813e-20
0
0
-1.5203653e-20
0
-2.4654083e-20
0
-3.6278048e-20
0
0
-2.6454493e-20
-3.6813876e-20
0
0
0
0
0
0
0
0
0
0
0
0
-9.5791001e-21
0
0
0
0
0
1.5203653e-20
0
0
0
0
-9.2269935e-21
0
0
0
-2.961337e-20
2.1395127e-20
0
0
3.7181649e-20
0
-7.1505684e-20
0
0
-3.3547976e-20
0
-1.9555421e-20
0
0
0
0
0
2.7316179e-20
0
0
0
0
5.5170026e-20
0
0
0
3.6060954e-20
-2.9613366e-20
0
0
0
0
0
0
0
0
-3.3547974e-20
0
0
-9.5791033e-21
0
0
0
0
0
0
-3.0584143e-20
2.4654083e-20
0
-5.5170026e-20
0
0
0
0
2.886045e-20
0
1.0555456e-20
1.1203787e-20
0
0
0
0
0
0
0
0
0
0
0
0
0
0
0
0
0
0
0
0
0
0
0
-6.1569042e-20
0
0
1.120378e-20
0
-1.262235e-20
4.1698727e-20
0
0
0
0
0
0
-2.184075e-20
1.2297796e-20
0
0
0
0
0
0
0
3.6278048e-20
9.2269935e-21
0
0
0
0
0
0
0
0
-1.412819e-20
2.8301108e-20
4.4167441e-20
0
0
-1.8510936e-20
0
0
-1.1673298e-20
0
0
-2.5822601e-20
0
-4.4105132e-20
0
0
0
0
0
0
0
0
6.1569042e-20
0
0
0
0
-2.6041197e-20
0
0
0
0
0
0
0
-2.6041197e-20
0
0
0
0
0
0
0
0
0
0
0
0
0
0
0
0
0
0
0
0
0
0
0
0
0
0
0
0
0
0
0
0
0
0
0
0
0
0
-2.6041197e-20
0
0
0
-2.6041197e-20
0
0
0
-2.6041197e-20
0
0
0
0
0
0
0
0
0
0
0
0
0
0
0
0
0
0
0
0
0
0
0
0
0
0
0
0
0
0
0
0
0
0
0
0
0
0
0
0
0
0
0
0
0
0
0
0
0
0
0
0
0
0
0
0
0
0
0
0
0
0
0
0
0
0
0
0
0
0
0
0
2.0499274e-20
0
0
0
-1.1002555e-20
0
0
0
9.4967187e-21
0
0
0
-1.1002555e-20
0
0
0
0
-3.9492711e-20
0
0
0
-3.9492711e-20
0
0
0
0
0
0
0
0
0
0
0
0
0
0
0
0
0
0
0
0
0
0
-3.9492711e-20
0
0
2.0499274e-20
0
0
0
9.4967187e-21
0
0
0
9.4967187e-21
0
0
0
-1.1002555e-20
0
0
-1.008002e-20
-1.008002e-20
1.1585856e-20
-1.008002e-20
-1.008002e-20
-1.008002e-20
0
-1.008002e-20
-1.008002e-20
-1.008002e-20
1.1585856e-20
-1.008002e-20
-1.008002e-20
-1.008002e-20
0
-1.008002e-20
-1.008002e-20
-4.1825916e-20
-1.008002e-20
1.008002e-20
-1.008002e-20
-3.1745896e-20
-1.008002e-20
1.008002e-20
0
2.1665876e-20
0
2.1665876e-20
2.1665876e-20
0
0
0
0
0
0
0
0
0
0
2.1665876e-20
-4.1825916e-20
-1.008002e-20
-3.1745896e-20
-1.008002e-20
-3.1745896e-20
-1.008002e-20
1.008002e-20
-1.008002e-20
-1.008002e-20
1.1585856e-20
-1.008002e-20
-1.008002e-20
-1.008002e-20
1.1585856e-20
-1.008002e-20
-1.008002e-20
-1.008002e-20
1.1585856e-20
-1.008002e-20
-1.008002e-20
-1.008002e-20
0
-1.008002e-20
-1.008002e-20
0
0
0
0
0
0
0
0
0
0
0
0
0
0
0
0
0
0
0
2.2904133e-20
0
0
0
2.2904133e-20
-1.2204985e-20
1.2204985e-20
0
1.2204985e-20
-1.2204985e-20
0
0
0
0
0
0
1.2204985e-20
-1.2204985e-20
0
0
1.2204985e-20
0
0
0
0
0
0
2.2904133e-20
0
0
0
0
0
0
0
0
0
0
0
0
0
0
0
0
0
0
0
1.2862139e-20
0
0
0
-1.2862139e-20
0
0
0
0
0
0
0
-1.2862139e-20
0
0
-3.5574745e-20
0
0
0
-3.5574745e-20
0
0
0
0
0
0
0
0
0
0
0
0
0
0
0
0
0
0
-3.5574745e-20
0
-3.5574745e-20
0
-3.5574745e-20
0
0
0
0
1.2862139e-20
0
0
0
0
0
0
0
0
0
0
0
-1.2862139e-20
0
0
0
0
-1.3559657e-20
0
0
0
0
0
0
0
-1.3559657e-20
0
0
0
0
0
0
0
0
-2.5613477e-20
0
0
0
-2.5613477e-20
0
0
0
0
0
0
0
0
0
0
0
0
0
0
0
0
0
0
0
0
0
0
-2.5613477e-20
0
0
-1.3559657e-20
0
0
0
-1.3559657e-20
0
0
0
-1.3559657e-20
0
0
0
0
0
0
0
0
0
0
0
0
2.7094201e-20
0
0
0
0
0
0
0
2.7094201e-20
0
0
0
0
3.9888384e-20
0
0
0
3.9888384e-20
0
0
0
0
0
0
0
0
0
0
0
0
0
0
0
0
0
0
0
0
0
0
3.9888384e-20
0
0
0
0
0
0
0
0
0
0
0
0
0
0
2.7094201e-20
0
0
1.3580014e-20
1.3580014e-20
0
1.3580014e-20
1.3580014e-20
1.3580014e-20
0
1.3580014e-20
1.3580014e-20
1.3580014e-20
0
1.3580014e-20
1.3580014e-20
1.3580014e-20
0
1.3580014e-20
1.3580014e-20
0
1.3580014e-20
1.5085851e-20
1.3580014e-20
0
1.3580014e-20
1.5085851e-20
-2.8665865e-20
0
-2.8665865e-20
0
0
0
0
0
0
0
0
0
-2.8665865e-20
-2.8665865e-20
-2.8665865e-20
0
0
1.3580014e-20
0
1.3580014e-20
0
1.3580014e-20
1.5085851e-20
1.3580014e-20
1.3580014e-20
0
1.3580014e-20
1.3580014e-20
1.3580014e-20
0
1.3580014e-20
1.3580014e-20
1.3580014e-20
0
1.3580014e-20
1.3580014e-20
1.3580014e-20
0
1.3580014e-20
1.3580014e-20
0
0
0
0
0
0
0
0
0
0
0
0
0
0
0
0
0
0
0
0
0
0
0
0
0
0
0
0
0
0
0
0
0
0
0
0
0
0
0
0
0
0
0
0
0
0
0
0
0
0
0
0
0
0
0
0
0
0
0
0
0
0
0
0
0
0
0
0
0
0
0
0
0
0
0
0
0
0
0
0
0
0
0
0
0
0
0
0
0
0
0
0
0
0
0
0
0
0
0
0
0
0
0
0
0
0
0
0
0
0
0
0
0
0
0
0
0
0
0
0
0
0
0
0
0
0
0
0
0
0
3.3984159e-20
0
0
0
0
0
0
0
3.3984159e-20
0
0
0
0
0
0
-3.3984159e-20
0
0
0
-3.3984159e-20
0
0
0
3.3984159e-20
0
3.3984159e-20
3.3984159e-20
3.3984159e-20
3.3984159e-20
3.3984159e-20
3.3984159e-20
3.3984159e-20
3.3984159e-20
3.3984159e-20
0
0
0
3.3984159e-20
-3.3984159e-20
0
-3.3984159e-20
0
-3.3984159e-20
0
0
0
0
3.3984159e-20
0
0
0
3.3984159e-20
0
0
0
3.3984159e-20
0
0
0
0
0
0
0
0
0
0
0
0
0
0
0
0
0
0
0
0
0
0
0
0
0
0
0
0
0
0
0
0
0
0
0
0
0
0
0
0
0
0
0
0
0
0
0
0
0
0
0
0
0
0
0
0
0
0
0
0
0
0
0
0
0
0
0
0
0
0
2.8948772e-20
2.8948772e-20
-2.8948772e-20
2.8948772e-20
2.8948772e-20
2.8948772e-20
9.1476452e-21
2.8948772e-20
2.8948772e-20
2.8948772e-20
-2.8948772e-20
2.8948772e-20
2.8948772e-20
2.8948772e-20
9.1476452e-21
2.8948772e-20
2.8948772e-20
9.1476452e-21
2.8948772e-20
0
2.8948772e-20
-1.9801127e-20
2.8948772e-20
0
0
2.8948772e-20
2.8948772e-20
2.8948772e-20
0
2.8948772e-20
2.8948772e-20
2.8948772e-20
2.8948772e-20
2.8948772e-20
2.8948772e-20
2.8948772e-20
0
2.8948772e-20
2.8948772e-20
2.8948772e-20
9.1476452e-21
2.8948772e-20
-1.9801127e-20
2.8948772e-20
-1.9801127e-20
2.8948772e-20
0
2.8948772e-20
2.8948772e-20
-2.8948772e-20
2.8948772e-20
2.8948772e-20
2.8948772e-20
-2.8948772e-20
2.8948772e-20
2.8948772e-20
2.8948772e-20
-2.8948772e-20
2.8948772e-20
2.8948772e-20
2.8948772e-20
9.1476452e-21
2.8948772e-20
2.8948772e-20
0
0
3.0634335e-20
0
0
0
0
0
0
0
3.0634335e-20
0
0
0
0
0
0
9.7094995e-21
0
-3.0634335e-20
0
9.7094995e-21
0
-3.0634335e-20
0
-1.1215336e-20
0
-1.1215336e-20
0
0
0
0
0
0
0
-1.1215336e-20
0
0
0
-1.1215336e-20
9.7094995e-21
0
9.7094995e-21
0
9.7094995e-21
0
-3.0634335e-20
0
0
3.0634335e-20
0
0
0
3.0634335e-20
0
0
0
3.0634335e-20
0
0
0
0
0
0
0
0
-3.2423447e-20
0
0
0
1.030587e-20
0
0
0
-3.2423447e-20
0
0
0
1.030587e-20
0
0
4.2729317e-20
0
4.2729317e-20
0
4.2729317e-20
0
4.2729317e-20
-3.2423447e-20
-3.2423447e-20
-3.2423447e-20
-3.2423447e-20
-3.2423447e-20
-3.2423447e-20
-3.2423447e-20
-3.2423447e-20
-3.2423447e-20
-3.2423447e-20
-3.2423447e-20
-3.2423447e-20
-3.2423447e-20
-3.2423447e-20
-3.2423447e-20
-3.2423447e-20
4.2729317e-20
0
4.2729317e-20
0
4.2729317e-20
0
4.2729317e-20
0
0
-3.2423447e-20
0
0
0
-3.2423447e-20
0
0
0
-3.2423447e-20
0
0
0
1.030587e-20
0
0
0
0
5.7706027e-20
0
0
0
-5.7706027e-20
0
0
0
0
0
0
0
-5.7706027e-20
0
0
0
0
0
0
0
0
0
0
-1.2444707e-20
0
-1.2444707e-20
0
0
0
0
0
0
0
-1.2444707e-20
0
0
0
-1.2444707e-20
0
0
0
0
0
0
0
0
0
5.7706027e-20
0
0
0
0
0
0
0
0
0
0
0
-5.7706027e-20
0
0
0
0
2.472734e-20
0
0
0
0
0
0
0
2.472734e-20
0
0
0
0
0
0
0
0
1.1610752e-20
0
0
0
1.1610752e-20
0
0
0
0
0
0
0
0
0
0
0
0
0
0
0
0
0
0
0
0
0
0
1.1610752e-20
0
0
2.472734e-20
0
0
0
2.472734e-20
0
0
0
2.472734e-20
0
0
0
0
0
0
0
0
0
0
0
0
3.8477532e-20
0
0
0
-1.3829735e-20
0
0
0
3.8477532e-20
0
0
-2.6153633e-20
0
2.6153633e-20
0
0
0
2.6153633e-20
0
2.6153633e-20
2.6153633e-20
2.6153633e-20
0
0
0
0
0
0
0
0
0
2.6153633e-20
2.6153633e-20
2.6153633e-20
-2.6153633e-20
0
0
0
0
0
2.6153633e-20
0
0
0
0
0
0
-1.3829735e-20
0
0
0
-1.3829735e-20
0
0
0
3.8477532e-20
0
0
0
0
-2.766753e-20
0
0
0
4.0748377e-20
0
0
0
1.3080847e-20
0
0
0
4.0748377e-20
0
0
-1.4586683e-20
0
1.4586683e-20
0
0
0
1.4586683e-20
-1.4586683e-20
0
-1.4586683e-20
0
0
0
0
0
0
0
0
0
-1.4586683e-20
-1.4586683e-20
-1.4586683e-20
0
-1.4586683e-20
0
0
0
0
0
1.4586683e-20
0
0
-2.766753e-20
0
0
0
1.3080847e-20
0
0
0
1.3080847e-20
0
0
0
4.0748377e-20
0
0
0
0
-3.6216553e-20
0
0
0
0
0
0
0
-3.6216553e-20
0
0
0
0
0
0
0
0
-1.5390123e-20
0
3.6216553e-20
0
-1.5390123e-20
0
0
0
0
0
0
0
0
0
0
0
0
0
0
0
0
0
0
3.6216553e-20
0
3.6216553e-20
0
-1.5390123e-20
0
0
-3.6216553e-20
0
0
0
-3.6216553e-20
0
0
0
-3.6216553e-20
0
0
0
0
0
0
2.3611449e-20
2.3611449e-20
0
2.3611449e-20
2.3611449e-20
2.3611449e-20
1.6242912e-20
2.3611449e-20
2.3611449e-20
2.3611449e-20
0
2.3611449e-20
2.3611449e-20
2.3611449e-20
1.6242912e-20
2.3611449e-20
2.3611449e-20
0
2.3611449e-20
-3.0979987e-20
2.3611449e-20
0
2.3611449e-20
-3.0979987e-20
-1.4737075e-20
-1.6242912e-20
-3.0979987e-20
-1.6242912e-20
0
0
0
0
0
0
0
0
-1.4737075e-20
-3.0979987e-20
-3.0979987e-20
-1.6242912e-20
0
2.3611449e-20
0
2.3611449e-20
0
2.3611449e-20
-3.0979987e-20
2.3611449e-20
2.3611449e-20
0
2.3611449e-20
2.3611449e-20
2.3611449e-20
0
2.3611449e-20
2.3611449e-20
2.3611449e-20
0
2.3611449e-20
2.3611449e-20
2.3611449e-20
1.6242912e-20
2.3611449e-20
2.3611449e-20
0
0
2.496921e-20
0
0
0
0
0
0
0
2.496921e-20
0
0
0
0
0
0
2.496921e-20
0
0
0
2.496921e-20
0
0
-1.7148085e-20
-3.2790334e-20
-1.7148085e-20
-3.2790334e-20
-3.2790334e-20
0
0
0
0
0
0
0
-1.7148085e-20
-1.7148085e-20
-1.7148085e-20
-3.2790334e-20
2.496921e-20
0
2.496921e-20
0
2.496921e-20
0
0
0
0
2.496921e-20
0
0
0
2.496921e-20
0
0
0
2.496921e-20
0
0
0
0
0
0
0
0
2.6410365e-20
0
0
0
0
0
0
0
0
0
0
0
0
0
0
1.8108855e-20
0
-1.8108855e-20
0
0
0
-1.8108855e-20
0
0
0
0
0
0
0
0
0
0
0
0
0
0
0
0
1.8108855e-20
0
0
0
0
0
-1.8108855e-20
0
0
2.6410365e-20
0
0
0
0
0
0
0
0
0
0
0
0
0
0
0
0
8.8113957e-21
0
0
0
1.9128628e-20
0
0
0
1.9128628e-20
0
0
0
1.9128628e-20
0
0
1.7622791e-20
0
1.7622791e-20
0
1.7622791e-20
0
1.7622791e-20
3.6751419e-20
0
3.6751419e-20
0
0
0
0
0
0
0
0
0
3.6751419e-20
3.6751419e-20
3.6751419e-20
0
1.7622791e-20
0
1.7622791e-20
0
1.7622791e-20
0
1.7622791e-20
0
0
8.8113957e-21
0
0
0
1.9128628e-20
0
0
0
1.9128628e-20
0
0
0
1.9128628e-20
0
0
0
0
0
0
0
0
0
0
0
0
0
0
0
0
0
0
0
9.3526051e-21
0
-9.3526051e-21
0
0
0
-9.3526051e-21
0
0
0
0
0
0
0
0
0
0
0
0
0
0
0
0
9.3526051e-21
0
0
0
0
0
-9.3526051e-21
0
0
0
0
0
0
0
0
0
0
0
0
0
0
0
0
0
0
0
0
0
0
0
3.1286984e-20
0
0
0
0
0
0
0
3.1286984e-20
0
0
-3.1286984e-20
0
0
0
-3.1286984e-20
0
0
0
2.1359935e-20
0
2.1359935e-20
0
0
0
0
0
0
0
2.1359935e-20
0
0
0
2.1359935e-20
-3.1286984e-20
0
-3.1286984e-20
0
-3.1286984e-20
0
0
0
0
0
0
0
0
0
0
0
0
0
0
0
0
3.1286984e-20
0
0
0
0
1.0536785e-20
0
0
0
1.0536785e-20
0
0
0
1.0536785e-20
0
0
0
1.0536785e-20
0
0
0
0
0
0
0
0
0
0
0
0
0
0
0
0
0
0
0
0
0
0
0
0
0
0
0
0
0
0
0
0
0
0
1.0536785e-20
0
0
0
1.0536785e-20
0
0
0
1.0536785e-20
0
0
0
1.0536785e-20
0
0
0
3.1697282e-20
2.1020854e-20
-3.0621848e-20
6.9978208e-20
3.919409e-20
-1.9636549e-20
2.8581795e-20
0
0
0
0
0
0
0
-3.2962592e-20
2.4486692e-20
0
0
0
0
7.2417005e-21
0
0
0
0
0
2.6803339e-20
-2.6346658e-20
0
2.4704251e-20
0
0
0
0
-3.4673077e-20
0
0
0
5.4178215e-20
0
0
9.9901044e-21
3.0197815e-20
0
0
0
-1.8289208e-20
0
1.8406507e-20
-1.8097024e-20
0
1.7494247e-20
-5.9073302e-20
0
7.9381202e-21
0
0
0
3.0336704e-20
2.255173e-20
0
1.4780406e-20
0
0
-2.7358184e-20
-2.6891728e-20
0
2.5983319e-20
0
0
3.6642875e-20
0
0
0
-2.3045321e-20
3.3605334e-20
0
0
0
3.1361524e-20
6.1649866e-20
3.0297785e-20
0
-2.9270918e-20
0
0
0
0
0
0
0
0
-4.5299185e-20
-3.3775068e-20
-1.0567841e-20
0
0
-6.3142145e-20
-2.1197948e-20
-4.0199631e-20
-2.0513565e-20
0
0
0
-8.8547514e-21
0
0
2.6697373e-20
0
0
0
-3.2800428e-20
-7.6864962e-21
0
0
-2.3373725e-20
3.7313369e-20
0
-1.5331074e-20
0
2.8195334e-20
-2.7727458e-20
0
2.6816159e-20
0
0
0
0
-2.4674059e-20
0
0
0
3.3884575e-20
-2.2713258e-20
4.3177097e-20
0
0
0
0
0
0
0
0
0
-1.8963934e-20
-8.5760142e-21
0
-2.633969e-20
0
0
0
0
0
-1.6394913e-20
0
0
0
0
-2.8763777e-20
0
0
0
0
0
0
0
-1.1830817e-20
0
0
2.394479e-20
0
0
0
0
2.2045674e-20
0
-6.2489787e-20
-2.0984246e-20
-3.021132e-20
-2.9708059e-20
0
0
0
0
2.4747428e-20
-2.4339998e-20
-2.3939694e-20
0
0
0
0
0
2.168104e-20
0
0
0
0
0
0
0
0
2.7315391e-20
0
3.4722575e-20
0
0
1.7255969e-20
0
-2.2804122e-20
0
-2.3517434e-20
3.034013e-20
0
0
0
0
-2.7899775e-20
0
-3.9720798e-20
0
2.6097076e-20
-2.5665966e-20
2.5242435e-20
0
0
0
2.3621213e-20
0
3.3526012e-20
0
3.2413182e-20
0
0
3.0816033e-20
3.0302201e-20
-2.0366869e-20
-3.8566621e-20
0
0
0
0
0
-2.650299e-20
1.7878417e-20
0
-1.7309416e-20
-3.2558928e-20
7.6271759e-21
1.6492783e-20
1.6230025e-20
0
0
0
0
0
4.1231088e-20
2.7525099e-20
0
0
1.3843179e-20
0
0
0
1.3000542e-20
0
0
0
-3.3634644e-20
0
0
1.0156201e-20
0
2.1112289e-20
-9.6313652e-21
0
1.2554652e-20
1.3840397e-20
0
0
0
0
3.5377781e-20
-3.4783977e-20
0
-5.6547653e-20
0
3.2511081e-20
4.2121435e-20
0
4.0709886e-20
9.6291889e-21
0
0
0
-3.7391918e-20
1.9134314e-20
-3.6144723e-20
0
1.8223363e-20
3.4354757e-20
1.7642357e-20
0
0
0
-2.4057427e-20
0
3.0529625e-20
-3.0020825e-20
0
0
0
0
2.7607503e-20
0
-8.0101105e-20
0
-2.5824751e-20
0
-4.8453302e-20
0
0
4.602728e-20
0
0
0
0
-2.1882554e-20
3.1535091e-20
-3.1008667e-20
0
9.4925095e-21
0
0
0
-2.8038349e-20
1.8884042e-20
0
0
0
1.7697131e-20
0
3.2762972e-20
1.6860438e-20
1.659126e-20
0
0
-1.5811732e-20
0
0
-2.863906e-20
-5.6326775e-20
2.7696073e-20
0
-2.6785897e-20
0
0
3.7466351e-20
-3.683598e-20
0
0
0
0
0
0
0
0
0
0
0
-1.2862658e-20
0
0
0
0
0
0
0
0
0
0
0
0
0
0
0
0
0
0
0
0
-2.8122346e-20
0
0
0
0
0
0
2.5022956e-20
0
0
0
0
0
0
0
0
0
0
0
0
0
0
0
0
-1.1606896e-20
0
0
0
0
0
1.0438312e-20
0
0
0
0
0
0
9.2227994e-21
0
0
0
0
0
0
0
0
0
0
0
0
0
-4.6211347e-20
0
0
0
4.1755031e-20
0
5.4812115e-20
3.9675094e-20
0
0
3.7702642e-20
0
2.4798375e-20
-1.1442132e-20
0
0
0
0
0
0
-2.8811232e-20
0
0
0
-2.6946267e-20
0
0
0
0
0
0
0
0
0
0
0
0
0
0
-3.0774357e-20
0
0
0
2.877531e-20
0
0
0
0
2.6467407e-20
0
0
-2.5177505e-20
0
0
0
0
0
0
0
0
0
0
0
0
0
-1.2319805e-20
0
0
3.6555361e-20
1.2984196e-20
0
0
-5.7437695e-20
1.0694405e-20
0
0
0
0
0
0
9.4490658e-21
0
0
0
0
0
0
0
0
3.3740314e-20
-1.7340499e-20
-5.7461491e-20
-1.5284351e-20
-3.1538637e-20
0
0
2.2866511e-20
0
0
0
0
0
-5.273258e-20
2.6670263e-20
-3.8590629e-20
0
0
0
0
0
0
0
0
-4.4217487e-20
0
0
-2.8508848e-20
0
0
0
0
0
0
-1.1929307e-20
0
0
0
0
0
0
0
-1.0355409e-20
0
3.1492393e-20
0
-4.0098364e-20
0
0
0
0
0
0
0
0
0
0
0
0
0
-1.6569813e-20
0
0
0
2.9576034e-20
-2.9083951e-20
0
0
1.3076502e-20
0
0
-3.8708143e-20
-1.368921e-20
0
2.5025752e-20
0
0
0
0
0
0
2.2286923e-20
0
0
0
-3.054848e-20
0
0
0
0
0
-1.0212023e-20
1.8613014e-20
3.5120327e-20
0
-3.3952102e-20
4.1352649e-20
0
0
0
0
0
3.0173873e-20
0
0
0
0
0
0
0
0
0
2.5526665e-20
0
0
0
-3.1729209e-20
0
0
3.016741e-20
0
0
0
0
0
0
-2.6829879e-20
0
0
0
0
0
0
2.3880987e-20
2.3488741e-20
0
1.0609458e-20
0
0
0
0
0
0
9.3740274e-21
0
0
5.6349391e-20
0
0
0
0
0
0
0
0
0
2.3851568e-20
0
0
0
0
0
0
4.2498997e-20
0
0
-2.6470377e-20
0
-5.1205585e-20
0
0
0
0
0
0
0
0
0
-3.1791939e-20
0
0
0
0
2.9228635e-20
0
0
0
0
0
0
0
-3.3592848e-20
0
0
0
-2.3927435e-20
0
0
2.9856459e-20
4.3286124e-20
0
0
0
0
-1.4253947e-20
-1.8419727e-20
-1.8123215e-20
2.5994945e-20
8.0199309e-21
3.3023175e-20
0
0
3.1394509e-20
0
0
0
0
0
1.4945572e-20
0
0
0
0
0
2.5679077e-20
0
-1.1666559e-20
0
0
-3.4696903e-20
0
-2.2864199e-20
0
0
0
6.2710411e-20
2.1056565e-20
0
0
0
0
-6.5647969e-20
0
-1.8779956e-20
0
0
0
0
0
-3.2575753e-20
0
0
-3.0970202e-20
-3.0453672e-20
0
0
0
-2.8476531e-20
-4.1252669e-20
0
-6.6954212e-20
0
-2.6193988e-20
0
-3.7250994e-20
-6.1542382e-20
-1.1500923e-20
-2.4104467e-20
0
-2.3319088e-20
0
-2.2560971e-20
-3.2534899e-20
3.1990936e-20
3.1456553e-20
-9.8085204e-21
0
-9.4676471e-21
0
-6.6981958e-20
0
0
0
3.5563665e-20
3.496651e-20
0
0
0
-3.2681188e-20
0
-7.5229868e-21
3.1070153e-20
0
0
2.9542458e-20
4.28235e-20
2.8568062e-20
0
2.7962893e-20
0
0
0
0
4.9941664e-20
0
0
0
0
0
0
-2.2903667e-20
0
0
0
0
0
0
0
0
0
0
0
-1.1537361e-20
0
0
0
0
0
0
0
3.1551367e-20
0
0
0
-3.8830408e-20
0
-3.7533234e-20
0
0
-1.8588673e-20
0
0
0
0
0
0
0
-1.4829001e-20
0
0
0
0
0
0
0
0
0
0
0
0
0
0
0
2.3854202e-20
0
0
0
0
0
-3.165332e-20
6.2249709e-20
3.0605586e-20
0
0
0
9.0374253e-21
0
0
0
0
0
-1.7760866e-20
0
0
0
0
0
0
0
0
0
0
0
0
0
1.8642783e-20
0
0
0
0
0
2.462322e-20
0
0
0
0
0
2.9225734e-20
0
0
2.7793288e-20
0
0
0
0
2.5568498e-20
0
0
0
0
-3.4545067e-20
2.3145861e-20
1.0630326e-20
0
0
0
-2.1314391e-20
-3.0697772e-20
0
0
0
2.8703977e-20
-2.822716e-20
2.7758723e-20
-3.5896046e-20
0
9.8045891e-21
0
0
0
0
0
0
0
-3.7525164e-20
0
0
0
2.8353202e-20
-2.7882478e-20
-2.7420073e-20
0
0
-1.2287574e-20
0
1.186052e-20
0
3.5850821e-20
0
0
0
0
4.3423528e-20
0
0
0
0
-9.5925193e-21
0
0
0
0
0
-3.6012719e-20
1.8456863e-20
0
0
1.6075043e-20
-4.0988951e-20
0
-3.1994559e-20
-2.0225855e-20
-3.1312759e-20
5.1819009e-20
3.0276856e-20
0
0
0
-1.9376472e-20
3.8126379e-20
0
0
0
0
0
3.3085183e-20
0
0
-3.145331e-20
0
2.3185848e-20
0
2.9407888e-20
2.8918756e-20
0
0
-2.7502171e-20
1.2770307e-20
0
2.6158812e-20
2.5726617e-20
3.7200108e-20
0
-3.59596e-20
0
0
0
0
0
0
0
0
0
0
0
0
0
0
1.9122776e-20
0
0
0
0
-1.7631793e-20
0
0
0
0
0
3.926757e-20
2.2878103e-20
0
-4.2764707e-20
0
0
0
0
-1.4094841e-20
0
1.2151495e-20
0
0
3.6076564e-20
-3.5470451e-20
-3.4875073e-20
0
0
0
1.0363376e-20
2.1869238e-20
0
0
0
0
0
0
0
0
-3.6239559e-20
-3.5630611e-20
0
0
0
-2.2973986e-20
2.2597634e-20
2.2227891e-20
0
3.1508643e-20
0
6.0931873e-20
3.9442376e-20
0
-1.9814881e-20
0
0
0
0
-3.5024821e-20
0
0
0
-4.8350298e-20
3.2187999e-20
0
0
0
-4.4385681e-20
0
0
0
0
-1.3083594e-20
0
1.2628884e-20
0
-2.5885804e-20
0
0
0
0
1.266414e-20
2.343121e-20
-2.3046854e-20
0
-1.0396188e-20
0
-3.1610469e-20
0
0
0
2.9554324e-20
-2.9062614e-20
0
0
3.6349527e-20
0
0
1.8027392e-20
-3.3969756e-20
0
0
0
0
0
0
0
2.9686589e-20
0
0
0
0
-1.440369e-20
-5.3698725e-20
4.0360403e-20
0
0
0
0
0
-2.389817e-20
0
2.3119981e-20
0
2.236878e-20
0
0
2.1290672e-20
0
3.9700384e-20
-2.9649472e-20
-9.2167763e-21
0
0
0
0
0
0
0
3.3919712e-20
4.396668e-20
0
-1.0246294e-20
0
-9.890193e-21
2.0939455e-20
9.546474e-21
-6.8665472e-20
0
0
0
0
0
0
3.4653658e-20
2.5930873e-20
-3.3501618e-20
3.2940719e-20
0
0
3.1316321e-20
0
-1.5893061e-20
0
-3.6223866e-20
0
0
1.467542e-20
-1.4444551e-20
-8.0788818e-20
0
0
3.7670828e-20
3.7036835e-20
0
0
2.3969105e-20
0
-1.0841299e-20
1.2157074e-20
0
0
1.0100832e-20
0
2.1005413e-20
0
0
3.8489689e-20
9.0838764e-21
0
0
-3.5963748e-20
0
0
3.4183e-20
0
0
0
0
-3.1417501e-20
0
0
-2.9871771e-20
0
-2.8885962e-20
0
0
1.2982639e-20
0
-2.5062866e-20
0
0
-1.1883855e-20
-2.4856916e-20
1.1470862e-20
-2.404531e-20
0
-2.3262012e-20
0
0
3.2453677e-20
4.2046362e-20
0
0
0
9.4428865e-21
-9.2773424e-21
0
0
2.5268172e-20
0
0
0
0
-1.0875628e-20
0
3.2998801e-20
0
0
0
-3.0847827e-20
-9.6092024e-21
0
0
-2.8843766e-20
0
0
0
-1.8486328e-20
0
0
0
0
3.2592589e-20
0
0
-3.0986183e-20
-2.3228478e-20
0
0
0
0
0
0
-3.9892105e-20
-2.664806e-20
0
0
0
-2.4930839e-20
-4.753455e-20
1.1305444e-20
-3.4827599e-20
0
0
0
0
0
0
-9.8138561e-21
0
0
-3.87327e-20
1.9793006e-20
-2.8455607e-20
0
0
0
-3.4984675e-20
0
0
0
-2.4900041e-20
0
0
3.8481334e-20
0
0
0
0
-1.5044278e-20
0
-1.3067932e-20
0
0
0
0
-3.739163e-20
0
0
-4.8386982e-20
-4.6085621e-20
-2.3404954e-20
0
0
0
0
-2.1551586e-20
0
0
0
-3.9338613e-20
3.8675397e-20
1.2172648e-20
0
0
-1.1543624e-20
0
5.872385e-20
0
0
0
0
0
3.1567671e-20
0
0
0
0
0
5.7082043e-20
1.9213335e-20
0
2.7143979e-20
1.8298299e-20
-1.8003908e-20
0
0
0
0
-1.5058364e-21
0
0
1.5827231e-20
-3.6681683e-20
0
1.3581335e-20
0
0
0
0
0
1.2213965e-20
-3.7505355e-20
0
0
0
1.1180251e-20
0
0
0
0
0
1.0054621e-20
0
-9.7051962e-21
0
0
0
0
-2.8157203e-20
0
0
3.5204754e-20
0
0
0
0
0
0
0
2.3445481e-20
0
0
0
0
0
0
0
0
0
0
-2.5586998e-20
0
3.6372124e-20
0
0
0
0
3.3421316e-20
0
0
0
0
2.7807547e-20
-2.7346454e-20
0
0
0
0
0
0
0
0
0
0
0
0
0
0
0
0
0
2.0300953e-20
0
9.0709575e-21
0
0
0
0
0
1.782121e-20
0
0
0
0
0
0
0
0
0
2.8847026e-20
0
0
0
0
3.9046644e-20
0
0
0
0
0
2.4013291e-20
0
0
0
3.2961103e-20
0
0
0
0
0
0
0
0
0
0
0
-2.6946096e-20
0
0
0
0
0
-7.6263077e-21
3.8968954e-20
0
1.4464431e-20
0
0
0
0
5.5972743e-20
0
0
0
-2.6177718e-20
-2.5745275e-20
0
1.1698501e-20
0
0
0
0
0
-4.4128824e-20
0
0
0
0
0
0
0
0
0
0
0
0
0
0
0
0
0
0
0
4.1404916e-20
0
-9.6281087e-21
9.4593235e-21
-2.9386309e-20
0
-1.9446854e-20
0
1.8823324e-20
0
0
0
0
0
0
0
-4.6603958e-20
0
3.0526361e-20
0
0
0
0
-1.3282206e-20
0
0
3.9293364e-20
0
0
0
0
0
0
-1.1129098e-20
3.4307907e-20
0
0
0
0
-1.0008613e-20
0
0
0
0
0
0
0
2.7570237e-20
0
0
0
0
0
-4.0572864e-20
0
0
0
0
0
0
0
0
0
-2.76931e-20
1.286413e-20
0
0
0
0
0
1.3074778e-20
0
0
0
-2.3340161e-20
0
0
0
0
0
0
0
0
0
0
0
0
0
0
0
0
0
-3.3268134e-20
0
0
-3.1626816e-20
5.2333214e-20
0
9.5214883e-21
0
0
0
0
0
0
0
0
0
0
0
0
0
0
0
3.0204976e-20
0
0
0
0
0
0
0
0
0
1.3529288e-20
0
-2.4717045e-20
0
0
0
0
0
0
0
0
-4.1097002e-20
9.7242857e-21
-2.0613426e-20
0
0
0
0
0
-2.728158e-20
0
0
0
0
0
-7.7268922e-21
0
-3.1339211e-20
-1.4655187e-20
0
0
-2.9301554e-20
0
0
4.1044966e-20
0
0
0
0
0
0
0
0
0
0
0
0
0
0
0
0
0
0
0
0
0
0
0
0
-1.1438242e-20
0
0
0
0
-1.0470186e-20
0
0
0
0
0
0
0
0
0
0
1.8744105e-20
0
0
0
0
0
0
4.7198648e-20
0
0
0
0
0
0
0
0
0
0
0
0
0
0
0
0
0
0
0
0
0
0
0
0
0
0
0
0
0
0
0
0
0
0
3.4311784e-20
0
-3.3171612e-20
0
0
0
-1.6257318e-20
0
0
0
0
0
0
0
0
0
0
-3.4304335e-20
0
0
0
0
0
0
0
0
0
0
0
0
0
0
0
0
0
0
0
2.4532669e-20
0
0
0
0
0
0
0
0
0
-2.0799922e-20
0
-3.8752911e-20
0
2.8470293e-20
0
0
0
0
0
0
4.1213418e-20
0
0
0
0
0
0
-7.0167567e-21
0
0
0
0
0
0
0
0
2.5442693e-20
0
-2.4610809e-20
1.1349974e-20
0
6.8744819e-20
-1.0763447e-20
0
-3.2673981e-20
0
0
0
0
0
0
0
0
0
0
0
0
-3.4527338e-20
0
0
0
3.227202e-20
0
0
0
0
0
0
-2.903835e-20
-1.9539069e-20
1.9222943e-20
-2.7615601e-20
0
0
9.7593486e-21
1.6217642e-20
1.7439174e-20
0
0
0
1.4845088e-20
0
-3.0164165e-20
-2.966175e-20
5.8336341e-20
0
0
-4.0855155e-20
-1.4392329e-20
7.8975195e-20
0
0
0
2.5097568e-20
0
0
0
-1.0990206e-20
1.0797544e-20
0
4.3194993e-20
0
0
-2.1273253e-20
0
0
0
0
0
1.9283067e-20
0
-3.5824634e-20
0
0
-1.7778519e-20
-3.3480661e-20
0
0
0
0
0
-7.1888986e-21
0
0
-1.3634785e-20
0
0
0
0
0
0
0
-3.7013553e-20
2.4762687e-20
2.4354936e-20
0
-6.9176729e-20
-3.4008451e-20
2.2794312e-20
0
0
3.1788494e-20
0
0
3.0223599e-20
9.4047869e-21
0
2.8739559e-20
0
1.0268266e-20
1.8723494e-20
0
-1.6619237e-20
0
-3.3589129e-20
-3.3026767e-20
0
0
0
0
0
0
0
0
0
0
2.7787203e-20
0
0
0
0
0
0
-3.2467172e-20
0
0
0
0
0
0
0
0
0
4.0419407e-20
0
0
0
0
0
-1.3171078e-20
0
0
0
3.4111353e-20
0
0
0
1.012619e-20
0
-9.774265e-21
0
0
0
9.1066778e-21
0
0
0
0
0
0
-3.3690805e-20
-2.5221392e-20
0
0
4.7991736e-20
0
0
-1.4218623e-20
0
0
2.8473464e-20
0
0
0
0
2.6191158e-20
0
0
0
0
0
0
4.5127379e-20
-3.3648501e-20
-3.3084989e-20
0
0
0
-3.0928175e-20
0
0
0
0
0
0
0
-1.8532785e-20
0
0
0
0
0
2.2184876e-20
0
-3.144639e-20
0
-2.0772494e-20
0
0
-2.891241e-20
0
0
0
0
0
-3.4368863e-20
0
0
0
0
0
0
0
0
0
0
5.7117842e-20
1.4795243e-20
1.3056441e-20
0
0
-3.865105e-20
0
0
2.4989664e-20
0
0
0
0
1.0748155e-20
0
0
0
0
0
9.6660234e-21
-7.0993524e-20
-2.0166021e-20
1.9838895e-20
-9.0058342e-21
0
0
0
3.5068769e-20
0
3.3902338e-20
0
3.2776472e-20
-3.2228159e-20
0
0
0
0
0
0
1.3572453e-20
0
0
0
0
1.2423764e-20
1.2205984e-20
3.7481731e-20
2.5069387e-20
0
0
-3.5024627e-20
1.0977058e-20
0
0
0
2.1960461e-20
-4.1697995e-20
0
4.03012e-20
0
9.361746e-21
-9.1976555e-21
-6.6266364e-20
0
0
0
0
0
0
0
0
0
0
0
-9.8696601e-21
-4.0292383e-20
0
0
0
0
0
0
0
0
0
0
0
0
0
-3.1785234e-20
0
-3.073291e-20
-1.4357355e-20
0
0
1.3615432e-20
0
-1.4648072e-20
0
0
0
5.1990156e-20
0
0
2.4729594e-20
-1.1408316e-20
0
0
0
0
0
0
-1.0079862e-20
0
0
-9.5589806e-21
0
0
-2.8700887e-20
0
0
3.589216e-20
-2.6843442e-20
4.2994969e-20
0
0
0
0
0
0
0
0
2.2736137e-20
0
0
0
2.7879522e-20
2.5911373e-20
0
-1.4011259e-20
0
0
0
3.6459671e-20
0
0
0
-1.0855483e-20
0
0
0
-3.1848038e-20
0
3.0793588e-20
9.5914073e-21
-9.4232874e-21
-2.9280075e-20
0
0
0
0
-2.4394734e-20
0
-5.8245228e-20
0
0
0
0
0
0
0
0
0
3.8529815e-20
0
0
0
0
0
0
3.4218508e-20
3.3645041e-20
0
0
0
0
0
0
0
2.9404739e-20
0
0
0
1.2996704e-20
0
0
0
0
0
2.488223e-20
0
0
0
-1.0889887e-20
-2.2903801e-20
0
0
0
0
0
0
0
0
9.124596e-21
-1.943509e-20
0
0
2.7010066e-20
0
0
2.5692023e-20
0
0
0
0
0
-7.2503737e-21
0
0
0
2.8526491e-20
0
4.0628254e-20
0
-3.9268608e-20
0
0
0
-1.3233711e-20
0
2.4146381e-20
0
-2.3359555e-20
0
0
0
0
6.3024153e-20
0
0
0
0
0
0
0
0
-3.6064802e-20
0
0
0
2.2971564e-20
0
3.2585414e-20
0
0
3.0979351e-20
0
0
0
0
0
0
0
1.8562446e-20
2.6642239e-20
0
0
0
0
0
0
2.3715193e-20
0
0
-1.5546964e-20
0
0
-4.1452456e-20
0
-1.4358615e-20
0
0
-3.8071636e-20
0
0
0
0
0
0
-3.3813705e-20
0
-2.2295869e-20
0
0
0
0
0
0
2.905944e-20
1.9552982e-20
0
2.7635701e-20
-1.8620317e-20
0
-1.8025533e-20
0
0
0
-7.6956972e-21
0
0
3.0697974e-20
0
0
0
-1.5104981e-20
1.4866566e-20
1.4632339e-20
0
-1.4176163e-20
0
0
2.553698e-20
-2.5115697e-20
0
0
0
0
0
2.2738667e-20
0
0
0
0
0
1.2893488e-20
-2.6840761e-20
-3.8842007e-20
0
0
0
0
1.2897931e-20
0
-4.5490552e-20
0
0
0
-3.224124e-20
0
0
0
0
2.9640001e-20
-1.9933129e-20
0
-2.8186159e-20
0
0
0
0
-1.7787352e-20
2.5499973e-20
3.2937158e-20
0
-1.6675321e-20
7.4517785e-21
0
3.0277038e-20
0
0
2.8790271e-20
0
4.2515965e-20
2.7380324e-20
0
-2.6481102e-20
-1.3774546e-20
1.2053634e-20
1.1842326e-20
-3.6409999e-20
-1.2936593e-20
0
0
0
1.0650033e-20
-1.0463332e-20
0
-3.1804885e-20
4.1196445e-20
0
0
0
0
-1.9671517e-20
3.7200278e-20
-8.7671819e-21
0
0
0
0
3.3606595e-20
0
0
0
0
1.6197803e-20
0
2.9868573e-20
-2.9371346e-20
0
0
6.9075671e-20
-2.7468101e-20
-3.9766601e-20
1.2530009e-20
0
0
0
2.4854293e-20
0
0
1.1070935e-20
0
0
-3.3002363e-20
0
0
0
1.008002e-20
0
0
0
0
-1.3580014e-20
0
0
0
0
-2.8948772e-20
0
0
0
0
0
0
0
-2.3611449e-20
0
0
0
0
0
0
0
0
0
1.008002e-20
0
0
0
0
-1.3580014e-20
0
0
0
0
-2.8948772e-20
0
0
0
0
0
0
0
-2.3611449e-20
0
0
0
0
0
0
2.6041197e-20
0
-2.0499274e-20
-1.1585856e-20
0
-1.2862139e-20
1.3559657e-20
0
0
0
0
-3.3984159e-20
0
2.8948772e-20
-3.0634335e-20
3.2423447e-20
-5.7706027e-20
-2.472734e-20
0
2.766753e-20
3.6216553e-20
0
-2.496921e-20
-2.6410365e-20
-8.8113957e-21
0
0
-1.0536785e-20
0
0
0
1.008002e-20
0
0
0
0
-1.3580014e-20
0
0
0
0
-2.8948772e-20
0
0
0
0
0
0
0
-2.3611449e-20
0
0
0
0
0
0
0
0
0
1.008002e-20
0
0
0
0
-1.3580014e-20
0
0
0
0
-2.8948772e-20
0
0
0
0
0
0
0
-2.3611449e-20
0
0
0
0
0
0
0
0
0
1.008002e-20
0
0
0
0
-1.3580014e-20
0
0
0
0
-2.8948772e-20
0
0
0
0
0
0
0
-2.3611449e-20
0
0
0
0
0
0
0
0
1.1002555e-20
0
0
1.2862139e-20
0
-2.7094201e-20
0
0
0
0
0
-9.1476452e-21
0
-1.030587e-20
5.7706027e-20
0
-3.8477532e-20
-4.0748377e-20
0
-1.6242912e-20
0
0
-1.9128628e-20
0
-3.1286984e-20
-1.0536785e-20
0
0
0
1.008002e-20
0
0
0
0
-1.3580014e-20
0
0
0
0
-2.8948772e-20
0
0
0
0
0
0
0
-2.3611449e-20
0
0
0
0
0
0
0
0
0
1.008002e-20
0
0
0
0
-1.3580014e-20
0
0
0
0
-2.8948772e-20
0
0
0
0
0
0
0
-2.3611449e-20
0
0
0
0
0
0
0
0
0
1.008002e-20
0
0
0
0
-1.3580014e-20
0
0
0
0
-2.8948772e-20
0
0
0
0
0
0
0
-2.3611449e-20
0
0
0
0
0
0
2.6041197e-20
0
-9.4967187e-21
-1.1585856e-20
0
0
1.3559657e-20
0
0
0
0
-3.3984159e-20
0
2.8948772e-20
-3.0634335e-20
3.2423447e-20
0
-2.472734e-20
1.3829735e-20
-1.3080847e-20
3.6216553e-20
0
-2.496921e-20
0
-1.9128628e-20
0
0
-1.0536785e-20
0
0
0
1.008002e-20
0
0
0
0
-1.3580014e-20
0
0
0
0
-2.8948772e-20
0
0
0
0
0
0
0
-2.3611449e-20
0
0
0
0
0
0
0
0
0
1.008002e-20
0
0
0
0
-1.3580014e-20
0
0
0
0
-2.8948772e-20
0
0
0
0
0
0
0
-2.3611449e-20
0
0
0
0
0
0
0
0
0
1.008002e-20
0
0
0
0
-1.3580014e-20
0
0
0
0
-2.8948772e-20
0
0
0
0
0
0
0
-2.3611449e-20
0
0
0
0
0
0
0
0
1.1002555e-20
0
0
1.2862139e-20
0
-2.7094201e-20
0
0
0
0
0
-9.1476452e-21
0
-1.030587e-20
5.7706027e-20
0
-3.8477532e-20
-4.0748377e-20
0
-1.6242912e-20
0
0
-1.9128628e-20
0
-3.1286984e-20
-1.0536785e-20
0
0
0
1.008002e-20
0
0
0
0
-1.3580014e-20
0
0
0
0
-2.8948772e-20
0
0
0
0
0
0
0
-2.3611449e-20
0
0
0
0
0
0
0
0
0
1.008002e-20
0
0
0
0
-1.3580014e-20
0
0
0
0
-2.8948772e-20
0
0
0
0
0
0
0
-2.3611449e-20
0
0
0
0
0
0
0
0
0
4.1825916e-20
0
3.5574745e-20
0
0
0
0
0
3.3984159e-20
0
-9.1476452e-21
-9.7094995e-21
-4.2729317e-20
0
0
2.6153633e-20
1.4586683e-20
0
0
-2.496921e-20
-1.8108855e-20
-1.7622791e-20
-9.3526051e-21
3.1286984e-20
0
0
0
0
1.008002e-20
0
0
0
0
-1.3580014e-20
0
0
0
0
-2.8948772e-20
0
0
0
0
0
0
0
-2.3611449e-20
0
0
0
0
0
0
0
0
3.9492711e-20
-1.008002e-20
-2.2904133e-20
0
2.5613477e-20
-3.9888384e-20
-1.5085851e-20
0
0
0
0
0
3.0634335e-20
-4.2729317e-20
0
-1.1610752e-20
-2.6153633e-20
-1.4586683e-20
1.5390123e-20
3.0979987e-20
0
1.8108855e-20
-1.7622791e-20
9.3526051e-21
0
0
0
0
0
1.008002e-20
0
0
0
0
-1.3580014e-20
0
0
0
0
-2.8948772e-20
0
0
0
0
0
0
0
-2.3611449e-20
0
0
0
0
0
0
0
0
0
3.1745896e-20
0
3.5574745e-20
0
0
0
0
0
3.3984159e-20
0
1.9801127e-20
-9.7094995e-21
-4.2729317e-20
0
0
0
0
-3.6216553e-20
0
-2.496921e-20
0
-1.7622791e-20
0
3.1286984e-20
0
0
0
0
1.008002e-20
0
0
0
0
-1.3580014e-20
0
0
0
0
-2.8948772e-20
0
0
0
0
0
0
0
-2.3611449e-20
0
0
0
0
0
0
0
0
3.9492711e-20
-1.008002e-20
-2.2904133e-20
0
2.5613477e-20
-3.9888384e-20
-1.5085851e-20
0
0
0
0
0
3.0634335e-20
-4.2729317e-20
0
-1.1610752e-20
-2.6153633e-20
-1.4586683e-20
1.5390123e-20
3.0979987e-20
0
1.8108855e-20
-1.7622791e-20
9.3526051e-21
0
0
0
0
0
0
1.2204985e-20
0
0
0
2.8665865e-20
0
0
0
0
0
0
3.2423447e-20
0
0
0
1.4586683e-20
0
1.4737075e-20
1.7148085e-20
0
-3.6751419e-20
0
0
0
0
0
0
-2.1665876e-20
-1.2204985e-20
0
0
0
0
0
0
-3.3984159e-20
0
-2.8948772e-20
1.1215336e-20
3.2423447e-20
1.2444707e-20
0
-2.6153633e-20
0
0
1.6242912e-20
3.2790334e-20
0
0
0
-2.1359935e-20
0
0
0
0
0
0
0
0
0
2.8665865e-20
0
0
0
0
-2.8948772e-20
0
3.2423447e-20
0
0
-2.6153633e-20
1.4586683e-20
0
3.0979987e-20
1.7148085e-20
0
-3.6751419e-20
0
0
0
0
0
0
-2.1665876e-20
-1.2204985e-20
0
0
0
0
0
0
-3.3984159e-20
0
-2.8948772e-20
1.1215336e-20
3.2423447e-20
1.2444707e-20
0
-2.6153633e-20
0
0
1.6242912e-20
3.2790334e-20
0
0
0
-2.1359935e-20
0
0
0
0
-2.1665876e-20
1.2204985e-20
0
0
0
0
0
0
-3.3984159e-20
0
0
0
3.2423447e-20
0
0
0
0
0
0
3.2790334e-20
0
0
0
0
0
0
0
0
0
0
0
0
0
0
0
0
-3.3984159e-20
0
-2.8948772e-20
0
3.2423447e-20
0
0
0
0
0
0
0
0
0
0
0
0
0
0
0
0
0
0
0
0
0
0
0
-3.3984159e-20
0
-2.8948772e-20
0
3.2423447e-20
0
0
0
0
0
0
0
0
0
0
0
0
0
0
0
0
0
0
0
0
0
0
0
-3.3984159e-20
0
-2.8948772e-20
0
3.2423447e-20
0
0
0
0
0
0
0
0
0
0
0
0
0
0
0
0
0
0
0
0
0
0
0
-3.3984159e-20
0
-2.8948772e-20
0
3.2423447e-20
0
0
0
0
0
0
0
0
0
0
0
0
0
0
0
0
0
0
0
0
0
0
0
-3.3984159e-20
0
-2.8948772e-20
0
3.2423447e-20
0
0
0
0
0
0
0
0
0
0
0
0
0
0
0
0
0
0
0
0
0
0
0
-3.3984159e-20
0
-2.8948772e-20
0
3.2423447e-20
0
0
0
0
0
0
0
0
0
0
0
0
0
0
0
0
-1.2204985e-20
0
0
0
0
0
0
-3.3984159e-20
0
-2.8948772e-20
1.1215336e-20
3.2423447e-20
1.2444707e-20
0
0
0
0
0
0
0
0
0
-2.1359935e-20
0
0
0
0
0
1.2204985e-20
0
0
0
2.8665865e-20
0
0
0
0
0
0
3.2423447e-20
0
0
0
1.4586683e-20
0
1.4737075e-20
1.7148085e-20
0
-3.6751419e-20
0
0
0
0
0
0
0
0
0
0
0
2.8665865e-20
0
0
0
0
-2.8948772e-20
0
3.2423447e-20
0
0
-2.6153633e-20
1.4586683e-20
0
3.0979987e-20
1.7148085e-20
0
-3.6751419e-20
0
0
0
0
0
0
0
0
0
0
0
2.8665865e-20
0
0
0
0
-2.8948772e-20
0
3.2423447e-20
0
0
-2.6153633e-20
1.4586683e-20
0
3.0979987e-20
1.7148085e-20
0
-3.6751419e-20
0
0
0
0
0
0
-2.1665876e-20
-1.2204985e-20
0
0
0
0
0
0
-3.3984159e-20
0
-2.8948772e-20
1.1215336e-20
3.2423447e-20
1.2444707e-20
0
-2.6153633e-20
0
0
1.6242912e-20
3.2790334e-20
0
0
0
-2.1359935e-20
0
0
0
0
4.1825916e-20
0
3.5574745e-20
0
0
0
0
0
3.3984159e-20
0
-9.1476452e-21
-9.7094995e-21
-4.2729317e-20
0
0
2.6153633e-20
1.4586683e-20
0
0
-2.496921e-20
-1.8108855e-20
-1.7622791e-20
-9.3526051e-21
3.1286984e-20
0
0
0
0
1.008002e-20
0
0
0
0
-1.3580014e-20
0
0
0
0
-2.8948772e-20
0
0
0
0
0
0
0
-2.3611449e-20
0
0
0
0
0
0
0
0
0
3.1745896e-20
0
3.5574745e-20
0
0
0
0
0
3.3984159e-20
0
1.9801127e-20
-9.7094995e-21
-4.2729317e-20
0
0
0
0
-3.6216553e-20
0
-2.496921e-20
0
-1.7622791e-20
0
3.1286984e-20
0
0
0
0
1.008002e-20
0
0
0
0
-1.3580014e-20
0
0
0
0
-2.8948772e-20
0
0
0
0
0
0
0
-2.3611449e-20
0
0
0
0
0
0
0
0
0
3.1745896e-20
0
3.5574745e-20
0
0
0
0
0
3.3984159e-20
0
1.9801127e-20
-9.7094995e-21
-4.2729317e-20
0
0
0
0
-3.6216553e-20
0
-2.496921e-20
0
-1.7622791e-20
0
3.1286984e-20
0
0
0
0
1.008002e-20
0
0
0
0
-1.3580014e-20
0
0
0
0
-2.8948772e-20
0
0
0
0
0
0
0
-2.3611449e-20
0
0
0
0
0
0
0
0
3.9492711e-20
-1.008002e-20
-2.2904133e-20
0
2.5613477e-20
-3.9888384e-20
-1.5085851e-20
0
0
0
0
0
3.0634335e-20
-4.2729317e-20
0
-1.1610752e-20
-2.6153633e-20
-1.4586683e-20
1.5390123e-20
3.0979987e-20
0
1.8108855e-20
-1.7622791e-20
9.3526051e-21
0
0
0
0
0
1.008002e-20
0
0
0
0
-1.3580014e-20
0
0
0
0
-2.8948772e-20
0
0
0
0
0
0
0
-2.3611449e-20
0
0
0
0
0
0
0
0
0
1.008002e-20
0
0
0
0
-1.3580014e-20
0
0
0
0
-2.8948772e-20
0
0
0
0
0
0
0
-2.3611449e-20
0
0
0
0
0
0
2.6041197e-20
0
-2.0499274e-20
-1.1585856e-20
0
-1.2862139e-20
1.3559657e-20
0
0
0
0
-3.3984159e-20
0
2.8948772e-20
-3.0634335e-20
3.2423447e-20
-5.7706027e-20
-2.472734e-20
0
2.766753e-20
3.6216553e-20
0
-2.496921e-20
-2.6410365e-20
-8.8113957e-21
0
0
-1.0536785e-20
0
0
0
1.008002e-20
0
0
0
0
-1.3580014e-20
0
0
0
0
-2.8948772e-20
0
0
0
0
0
0
0
-2.3611449e-20
0
0
0
0
0
0
0
0
0
1.008002e-20
0
0
0
0
-1.3580014e-20
0
0
0
0
-2.8948772e-20
0
0
0
0
0
0
0
-2.3611449e-20
0
0
0
0
0
0
0
0
0
1.008002e-20
0
0
0
0
-1.3580014e-20
0
0
0
0
-2.8948772e-20
0
0
0
0
0
0
0
-2.3611449e-20
0
0
0
0
0
0
2.6041197e-20
0
-9.4967187e-21
-1.1585856e-20
0
0
1.3559657e-20
0
0
0
0
-3.3984159e-20
0
2.8948772e-20
-3.0634335e-20
3.2423447e-20
0
-2.472734e-20
1.3829735e-20
-1.3080847e-20
3.6216553e-20
0
-2.496921e-20
0
-1.9128628e-20
0
0
-1.0536785e-20
0
0
0
1.008002e-20
0
0
0
0
-1.3580014e-20
0
0
0
0
-2.8948772e-20
0
0
0
0
0
0
0
-2.3611449e-20
0
0
0
0
0
0
0
0
0
1.008002e-20
0
0
0
0
-1.3580014e-20
0
0
0
0
-2.8948772e-20
0
0
0
0
0
0
0
-2.3611449e-20
0
0
0
0
0
0
0
0
0
1.008002e-20
0
0
0
0
-1.3580014e-20
0
0
0
0
-2.8948772e-20
0
0
0
0
0
0
0
-2.3611449e-20
0
0
0
0
0
0
2.6041197e-20
0
-9.4967187e-21
-1.1585856e-20
0
0
1.3559657e-20
0
0
0
0
-3.3984159e-20
0
2.8948772e-20
-3.0634335e-20
3.2423447e-20
0
-2.472734e-20
1.3829735e-20
-1.3080847e-20
3.6216553e-20
0
-2.496921e-20
0
-1.9128628e-20
0
0
-1.0536785e-20
0
0
0
1.008002e-20
0
0
0
0
-1.3580014e-20
0
0
0
0
-2.8948772e-20
0
0
0
0
0
0
0
-2.3611449e-20
0
0
0
0
0
0
0
0
0
1.008002e-20
0
0
0
0
-1.3580014e-20
0
0
0
0
-2.8948772e-20
0
0
0
0
0
0
0
-2.3611449e-20
0
0
0
0
0
0
0
0
0
1.008002e-20
0
0
0
0
-1.3580014e-20
0
0
0
0
-2.8948772e-20
0
0
0
0
0
0
0
-2.3611449e-20
0
0
0
0
0
0
0
0
1.1002555e-20
0
0
1.2862139e-20
0
-2.7094201e-20
0
0
0
0
0
-9.1476452e-21
0
-1.030587e-20
5.7706027e-20
0
-3.8477532e-20
-4.0748377e-20
0
-1.6242912e-20
0
0
-1.9128628e-20
0
-3.1286984e-20
-1.0536785e-20
0
0
0
1.008002e-20
0
0
0
0
-1.3580014e-20
0
0
0
0
-2.8948772e-20
0
0
0
0
0
0
0
-2.3611449e-20
0
0
0
0
0
0
0
0
0
1.008002e-20
0
0
0
0
-1.3580014e-20
0
0
0
0
-2.8948772e-20
0
0
0
0
0
0
0
-2.3611449e-20
0
0
0
0
0
0
0
0
-1.8334869e-20
0
0
0
3.5163902e-20
0
0
0
-1.8334869e-20
0
0
0
3.5163902e-20
0
0
-3.6669738e-20
0
0
0
-3.6669738e-20
0
0
-3.5163902e-20
0
-3.5163902e-20
0
0
0
0
0
0
0
0
0
-3.5163902e-20
-3.5163902e-20
-3.5163902e-20
0
-3.6669738e-20
0
-3.6669738e-20
0
-3.6669738e-20
0
0
0
0
-1.8334869e-20
0
0
0
-1.8334869e-20
0
0
0
-1.8334869e-20
0
0
0
3.5163902e-20
0
0
0
0
-1.8334869e-20
0
0
0
3.5163902e-20
0
0
0
-1.8334869e-20
0
0
0
3.5163902e-20
0
0
-3.6669738e-20
0
0
0
-3.6669738e-20
0
0
-3.5163902e-20
0
-3.5163902e-20
0
0
0
0
0
0
0
0
0
-3.5163902e-20
-3.5163902e-20
-3.5163902e-20
0
-3.6669738e-20
0
-3.6669738e-20
0
-3.6669738e-20
0
0
0
0
-1.8334869e-20
0
0
0
-1.8334869e-20
0
0
0
-1.8334869e-20
0
0
0
3.5163902e-20
0
0
1.8334869e-20
1.8334869e-20
0
1.8334869e-20
1.8334869e-20
1.8334869e-20
0
1.8334869e-20
1.8334869e-20
1.8334869e-20
0
1.8334869e-20
1.8334869e-20
1.8334869e-20
0
1.8334869e-20
1.8334869e-20
0
1.8334869e-20
0
1.8334869e-20
0
1.8334869e-20
0
-1.6829033e-20
5.3498771e-20
1.8334869e-20
5.3498771e-20
-1.6829033e-20
1.8334869e-20
1.8334869e-20
1.8334869e-20
1.8334869e-20
1.8334869e-20
1.8334869e-20
5.3498771e-20
-1.6829033e-20
1.8334869e-20
1.8334869e-20
5.3498771e-20
0
1.8334869e-20
0
1.8334869e-20
0
1.8334869e-20
0
1.8334869e-20
1.8334869e-20
0
1.8334869e-20
1.8334869e-20
1.8334869e-20
0
1.8334869e-20
1.8334869e-20
1.8334869e-20
0
1.8334869e-20
1.8334869e-20
1.8334869e-20
0
1.8334869e-20
1.8334869e-20
0
0
-1.8334869e-20
0
0
0
3.5163902e-20
0
0
0
-1.8334869e-20
0
0
0
3.5163902e-20
0
0
-3.6669738e-20
0
0
0
-3.6669738e-20
0
0
-3.5163902e-20
0
-3.5163902e-20
0
0
0
0
0
0
0
0
0
-3.5163902e-20
-3.5163902e-20
-3.5163902e-20
0
-3.6669738e-20
0
-3.6669738e-20
0
-3.6669738e-20
0
0
0
0
-1.8334869e-20
0
0
0
-1.8334869e-20
0
0
0
-1.8334869e-20
0
0
0
3.5163902e-20
0
0
0
0
-1.8334869e-20
0
0
0
3.5163902e-20
0
0
0
-1.8334869e-20
0
0
0
3.5163902e-20
0
0
-3.6669738e-20
0
0
0
-3.6669738e-20
0
0
-3.5163902e-20
0
-3.5163902e-20
0
0
0
0
0
0
0
0
0
-3.5163902e-20
-3.5163902e-20
-3.5163902e-20
0
-3.6669738e-20
0
-3.6669738e-20
0
-3.6669738e-20
0
0
0
0
-1.8334869e-20
0
0
0
-1.8334869e-20
0
0
0
-1.8334869e-20
0
0
0
3.5163902e-20
0
0
0
0
-1.8334869e-20
0
0
0
3.5163902e-20
0
0
0
-1.8334869e-20
0
0
0
3.5163902e-20
0
0
-3.6669738e-20
0
0
0
-3.6669738e-20
0
0
-3.5163902e-20
0
-3.5163902e-20
0
0
0
0
0
0
0
0
0
-3.5163902e-20
-3.5163902e-20
-3.5163902e-20
0
-3.6669738e-20
0
-3.6669738e-20
0
-3.6669738e-20
0
0
0
0
-1.8334869e-20
0
0
0
-1.8334869e-20
0
0
0
-1.8334869e-20
0
0
0
3.5163902e-20
0
0
-3.5163902e-20
-3.5163902e-20
0
-3.5163902e-20
-3.5163902e-20
-3.5163902e-20
0
-3.5163902e-20
-3.5163902e-20
-3.5163902e-20
0
-3.5163902e-20
-3.5163902e-20
-3.5163902e-20
0
-3.5163902e-20
-3.5163902e-20
0
-3.5163902e-20
0
-3.5163902e-20
0
-3.5163902e-20
0
0
3.5163902e-20
0
3.5163902e-20
0
0
0
0
0
0
0
3.5163902e-20
0
0
0
3.5163902e-20
0
-3.5163902e-20
0
-3.5163902e-20
0
-3.5163902e-20
0
-3.5163902e-20
-3.5163902e-20
0
-3.5163902e-20
-3.5163902e-20
-3.5163902e-20
0
-3.5163902e-20
-3.5163902e-20
-3.5163902e-20
0
-3.5163902e-20
-3.5163902e-20
-3.5163902e-20
0
-3.5163902e-20
-3.5163902e-20
0
0
-1.8334869e-20
0
0
0
3.5163902e-20
0
0
0
-1.8334869e-20
0
0
0
3.5163902e-20
0
0
-3.6669738e-20
0
0
0
-3.6669738e-20
0
0
-3.5163902e-20
0
-3.5163902e-20
0
0
0
0
0
0
0
0
0
-3.5163902e-20
-3.5163902e-20
-3.5163902e-20
0
-3.6669738e-20
0
-3.6669738e-20
0
-3.6669738e-20
0
0
0
0
-1.8334869e-20
0
0
0
-1.8334869e-20
0
0
0
-1.8334869e-20
0
0
0
3.5163902e-20
0
0
0
0
-1.8334869e-20
0
0
0
3.5163902e-20
0
0
0
-1.8334869e-20
0
0
0
3.5163902e-20
0
0
-3.6669738e-20
0
0
0
-3.6669738e-20
0
0
-3.5163902e-20
0
-3.5163902e-20
0
0
0
0
0
0
0
0
0
-3.5163902e-20
-3.5163902e-20
-3.5163902e-20
0
-3.6669738e-20
0
-3.6669738e-20
0
-3.6669738e-20
0
0
0
0
-1.8334869e-20
0
0
0
-1.8334869e-20
0
0
0
-1.8334869e-20
0
0
0
3.5163902e-20
0
0
0
0
-1.8334869e-20
0
0
0
3.5163902e-20
0
0
0
-1.8334869e-20
0
0
0
3.5163902e-20
0
0
-3.6669738e-20
0
0
0
-3.6669738e-20
0
0
-3.5163902e-20
0
-3.5163902e-20
0
0
0
0
0
0
0
0
0
-3.5163902e-20
-3.5163902e-20
-3.5163902e-20
0
-3.6669738e-20
0
-3.6669738e-20
0
-3.6669738e-20
0
0
0
0
-1.8334869e-20
0
0
0
-1.8334869e-20
0
0
0
-1.8334869e-20
0
0
0
3.5163902e-20
0
0
1.8334869e-20
1.8334869e-20
0
1.8334869e-20
1.8334869e-20
1.8334869e-20
0
1.8334869e-20
1.8334869e-20
1.8334869e-20
0
1.8334869e-20
1.8334869e-20
1.8334869e-20
0
1.8334869e-20
1.8334869e-20
0
1.8334869e-20
0
1.8334869e-20
0
1.8334869e-20
0
-1.6829033e-20
5.3498771e-20
1.8334869e-20
5.3498771e-20
-1.6829033e-20
1.8334869e-20
1.8334869e-20
1.8334869e-20
1.8334869e-20
1.8334869e-20
1.8334869e-20
5.3498771e-20
-1.6829033e-20
1.8334869e-20
1.8334869e-20
5.3498771e-20
0
1.8334869e-20
0
1.8334869e-20
0
1.8334869e-20
0
1.8334869e-20
1.8334869e-20
0
1.8334869e-20
1.8334869e-20
1.8334869e-20
0
1.8334869e-20
1.8334869e-20
1.8334869e-20
0
1.8334869e-20
1.8334869e-20
1.8334869e-20
0
1.8334869e-20
1.8334869e-20
0
0
-1.8334869e-20
0
0
0
3.5163902e-20
0
0
0
-1.8334869e-20
0
0
0
3.5163902e-20
0
0
-3.6669738e-20
0
0
0
-3.6669738e-20
0
0
-3.5163902e-20
0
-3.5163902e-20
0
0
0
0
0
0
0
0
0
-3.5163902e-20
-3.5163902e-20
-3.5163902e-20
0
-3.6669738e-20
0
-3.6669738e-20
0
-3.6669738e-20
0
0
0
0
-1.8334869e-20
0
0
0
-1.8334869e-20
0
0
0
-1.8334869e-20
0
0
0
3.5163902e-20
0
0
0
0
-1.8334869e-20
0
0
0
3.5163902e-20
0
0
0
-1.8334869e-20
0
0
0
3.5163902e-20
0
0
-3.6669738e-20
0
0
0
-3.6669738e-20
0
0
-3.5163902e-20
0
-3.5163902e-20
0
0
0
0
0
0
0
0
0
-3.5163902e-20
-3.5163902e-20
-3.5163902e-20
0
-3.6669738e-20
0
-3.6669738e-20
0
-3.6669738e-20
0
0
0
0
-1.8334869e-20
0
0
0
-1.8334869e-20
0
0
0
-1.8334869e-20
0
0
0
3.5163902e-20
0
0
0
0
-1.8334869e-20
0
0
0
3.5163902e-20
0
0
0
-1.8334869e-20
0
0
0
3.5163902e-20
0
0
-3.6669738e-20
0
0
0
-3.6669738e-20
0
0
-3.5163902e-20
0
-3.5163902e-20
0
0
0
0
0
0
0
0
0
-3.5163902e-20
-3.5163902e-20
-3.5163902e-20
0
-3.6669738e-20
0
-3.6669738e-20
0
-3.6669738e-20
0
0
0
0
-1.8334869e-20
0
0
0
-1.8334869e-20
0
0
0
-1.8334869e-20
0
0
0
3.5163902e-20
0
0
-3.5163902e-20
-3.5163902e-20
0
-3.5163902e-20
-3.5163902e-20
-3.5163902e-20
0
-3.5163902e-20
-3.5163902e-20
-3.5163902e-20
0
-3.5163902e-20
-3.5163902e-20
-3.5163902e-20
0
-3.5163902e-20
-3.5163902e-20
0
-3.5163902e-20
0
-3.5163902e-20
0
-3.5163902e-20
0
0
3.5163902e-20
0
3.5163902e-20
0
0
0
0
0
0
0
3.5163902e-20
0
0
0
3.5163902e-20
0
-3.5163902e-20
0
-3.5163902e-20
0
-3.5163902e-20
0
-3.5163902e-20
-3.5163902e-20
0
-3.5163902e-20
-3.5163902e-20
-3.5163902e-20
0
-3.5163902e-20
-3.5163902e-20
-3.5163902e-20
0
-3.5163902e-20
-3.5163902e-20
-3.5163902e-20
0
-3.5163902e-20
-3.5163902e-20
0
0
-1.8334869e-20
0
0
0
3.5163902e-20
0
0
0
-1.8334869e-20
0
0
0
3.5163902e-20
0
0
-3.6669738e-20
0
0
0
-3.6669738e-20
0
0
-3.5163902e-20
0
-3.5163902e-20
0
0
0
0
0
0
0
0
0
-3.5163902e-20
-3.5163902e-20
-3.5163902e-20
0
-3.6669738e-20
0
-3.6669738e-20
0
-3.6669738e-20
0
0
0
0
-1.8334869e-20
0
0
0
-1.8334869e-20
0
0
0
-1.8334869e-20
0
0
0
3.5163902e-20
0
0
0
0
-1.8334869e-20
0
0
0
3.5163902e-20
0
0
0
-1.8334869e-20
0
0
0
3.5163902e-20
0
0
-3.6669738e-20
0
0
0
-3.6669738e-20
0
0
-3.5163902e-20
0
-3.591682e-20
0
-3.591682e-20
-3.591682e-20
-3.591682e-20
0
-3.6669738e-20
0
-3.6669738e-20
0
-3.6669738e-20
0
0
0
0
-1.8334869e-20
0
0
0
-1.8334869e-20
0
0
0
-1.8334869e-20
0
0
0
3.5163902e-20
0
0
3.6669738e-20
3.6669738e-20
0
3.6669738e-20
3.6669738e-20
3.6669738e-20
0
3.6669738e-20
3.6669738e-20
3.6669738e-20
0
3.6669738e-20
3.6669738e-20
3.6669738e-20
0
3.6669738e-20
3.6669738e-20
0
3.6669738e-20
0
3.6669738e-20
0
3.6669738e-20
0
-2.5243549e-20
-2.5243549e-20
0
3.6669738e-20
0
3.6669738e-20
0
3.6669738e-20
0
3.6669738e-20
3.6669738e-20
0
3.6669738e-20
3.6669738e-20
3.6669738e-20
0
3.6669738e-20
3.6669738e-20
3.6669738e-20
0
3.6669738e-20
3.6669738e-20
3.6669738e-20
0
3.6669738e-20
3.6669738e-20
0
0
-1.8334869e-20
0
0
0
3.5163902e-20
0
0
0
-1.8334869e-20
0
0
0
3.5163902e-20
0
0
-3.6669738e-20
0
0
0
-3.6669738e-20
0
0
-3.6669738e-20
0
-3.6669738e-20
0
0
0
0
-1.8334869e-20
0
0
0
-1.8334869e-20
0
0
0
-1.8334869e-20
0
0
0
3.5163902e-20
0
0
0
0
0
0
0
0
0
0
0
0
0
0
0
0
0
0
0
0
0
0
0
0
0
0
0
0
0
0
0
0
0
0
0
0
0
0
0
0
0
0
0
0
0
0
0
0
-1.8334869e-20
0
0
0
3.5163902e-20
0
0
0
-1.8334869e-20
0
0
0
3.5163902e-20
0
0
-3.6669738e-20
0
0
0
0
-3.6669738e-20
0
0
0
0
-1.8334869e-20
0
0
0
-1.8334869e-20
0
0
0
-1.8334869e-20
0
0
0
3.5163902e-20
0
0
3.6669738e-20
3.6669738e-20
0
3.6669738e-20
3.6669738e-20
3.6669738e-20
0
3.6669738e-20
3.6669738e-20
3.6669738e-20
0
3.6669738e-20
3.6669738e-20
3.6669738e-20
0
3.6669738e-20
3.6669738e-20
0
3.6669738e-20
0
0
3.6669738e-20
0
3.6669738e-20
3.6669738e-20
0
3.6669738e-20
3.6669738e-20
3.6669738e-20
0
3.6669738e-20
3.6669738e-20
3.6669738e-20
0
3.6669738e-20
3.6669738e-20
3.6669738e-20
0
3.6669738e-20
3.6669738e-20
0
0
-1.8334869e-20
0
0
0
3.5163902e-20
0
0
0
-1.8334869e-20
0
0
0
3.5163902e-20
0
0
-3.6669738e-20
0
0
0
0
0
-1.8334869e-20
0
0
0
-1.8334869e-20
0
0
0
-1.8334869e-20
0
0
0
3.5163902e-20
0
0
0
0
0
0
0
0
0
0
0
0
0
0
0
0
0
0
0
0
0
0
0
0
0
0
0
0
0
0
0
0
0
0
0
0
0
0
3.5163902e-20
3.5163902e-20
1.6829033e-20
3.5163902e-20
3.5163902e-20
3.5163902e-20
0
3.5163902e-20
3.5163902e-20
3.5163902e-20
1.6829033e-20
3.5163902e-20
3.5163902e-20
3.5163902e-20
0
3.5163902e-20
3.5163902e-20
2.5243549e-20
0
3.5163902e-20
3.5163902e-20
1.6829033e-20
3.5163902e-20
3.5163902e-20
3.5163902e-20
1.6829033e-20
3.5163902e-20
3.5163902e-20
3.5163902e-20
1.6829033e-20
3.5163902e-20
3.5163902e-20
3.5163902e-20
0
3.5163902e-20
3.5163902e-20
0
0
-5.3498771e-20
0
0
0
-3.5163902e-20
0
0
0
-5.3498771e-20
0
0
0
-3.5163902e-20
0
0
0
0
-5.3498771e-20
0
0
0
-5.3498771e-20
0
0
0
-5.3498771e-20
0
0
0
-3.5163902e-20
0
0
3.5163902e-20
3.5163902e-20
-1.8334869e-20
3.5163902e-20
3.5163902e-20
3.5163902e-20
0
3.5163902e-20
3.5163902e-20
3.5163902e-20
-1.8334869e-20
3.5163902e-20
3.5163902e-20
3.5163902e-20
0
3.5163902e-20
3.591682e-20
3.5163902e-20
3.5163902e-20
-1.8334869e-20
3.5163902e-20
3.5163902e-20
3.5163902e-20
-1.8334869e-20
3.5163902e-20
3.5163902e-20
3.5163902e-20
-1.8334869e-20
3.5163902e-20
3.5163902e-20
3.5163902e-20
0
3.5163902e-20
3.5163902e-20
0
0
-5.3498771e-20
0
0
0
-3.5163902e-20
0
0
0
-5.3498771e-20
0
0
0
-3.5163902e-20
0
0
0
0
-5.3498771e-20
0
0
0
-5.3498771e-20
0
0
0
-5.3498771e-20
0
0
0
-3.5163902e-20
0
0
0
0
1.6829033e-20
0
0
0
0
0
0
0
1.6829033e-20
0
0
0
0
0
0
1.6829033e-20
0
0
0
1.6829033e-20
0
0
0
1.6829033e-20
0
0
0
0
0
0
0
0
-1.8334869e-20
0
0
0
0
0
0
0
-1.8334869e-20
0
0
0
0
0
0
-1.8334869e-20
0
0
0
-1.8334869e-20
0
0
0
-1.8334869e-20
0
0
0
0
0
0
0
0
-1.8334869e-20
0
0
0
0
0
0
0
-1.8334869e-20
0
0
0
0
0
0
-1.8334869e-20
0
0
0
-1.8334869e-20
0
0
0
-1.8334869e-20
0
0
0
0
0
0
0
0
-1.8334869e-20
0
0
0
0
0
0
0
-1.8334869e-20
0
0
0
0
0
0
-1.8334869e-20
0
0
0
-1.8334869e-20
0
0
0
-1.8334869e-20
0
0
0
0
0
0
0
0
-1.8334869e-20
0
0
0
0
0
0
0
-1.8334869e-20
0
0
0
0
0
0
-1.8334869e-20
0
0
0
-1.8334869e-20
0
0
0
-1.8334869e-20
0
0
0
0
0
0
0
0
-1.8334869e-20
0
0
0
0
0
0
0
-1.8334869e-20
0
0
0
0
0
0
-1.8334869e-20
0
0
0
-1.8334869e-20
0
0
0
-1.8334869e-20
0
0
0
0
0
0
0
0
-1.8334869e-20
0
0
0
0
0
0
0
-1.8334869e-20
0
0
0
0
0
0
-1.8334869e-20
0
0
0
-1.8334869e-20
0
0
0
-1.8334869e-20
0
0
0
0
0
0
0
0
-5.3498771e-20
0
0
0
-3.5163902e-20
0
0
0
-5.3498771e-20
0
0
0
-3.5163902e-20
0
0
-5.3498771e-20
0
0
0
-5.3498771e-20
0
0
0
-5.3498771e-20
0
0
0
-3.5163902e-20
0
0
3.5163902e-20
3.5163902e-20
1.6829033e-20
3.5163902e-20
3.5163902e-20
3.5163902e-20
0
3.5163902e-20
3.5163902e-20
3.5163902e-20
1.6829033e-20
3.5163902e-20
3.5163902e-20
3.5163902e-20
0
3.5163902e-20
3.591682e-20
3.5163902e-20
3.5163902e-20
1.6829033e-20
3.5163902e-20
3.5163902e-20
3.5163902e-20
1.6829033e-20
3.5163902e-20
3.5163902e-20
3.5163902e-20
1.6829033e-20
3.5163902e-20
3.5163902e-20
3.5163902e-20
0
3.5163902e-20
3.5163902e-20
3.5163902e-20
3.5163902e-20
-1.8334869e-20
3.5163902e-20
3.5163902e-20
3.5163902e-20
0
3.5163902e-20
3.5163902e-20
3.5163902e-20
-1.8334869e-20
3.5163902e-20
3.5163902e-20
3.5163902e-20
0
3.5163902e-20
3.591682e-20
3.5163902e-20
3.5163902e-20
-1.8334869e-20
3.5163902e-20
3.5163902e-20
3.5163902e-20
-1.8334869e-20
3.5163902e-20
3.5163902e-20
3.5163902e-20
-1.8334869e-20
3.5163902e-20
3.5163902e-20
3.5163902e-20
0
3.5163902e-20
3.5163902e-20
3.5163902e-20
3.5163902e-20
-1.8334869e-20
3.5163902e-20
3.5163902e-20
3.5163902e-20
0
3.5163902e-20
3.5163902e-20
3.5163902e-20
-1.8334869e-20
3.5163902e-20
3.5163902e-20
3.5163902e-20
0
3.5163902e-20
3.591682e-20
3.5163902e-20
3.5163902e-20
-1.8334869e-20
3.5163902e-20
3.5163902e-20
3.5163902e-20
-1.8334869e-20
3.5163902e-20
3.5163902e-20
3.5163902e-20
-1.8334869e-20
3.5163902e-20
3.5163902e-20
3.5163902e-20
0
3.5163902e-20
3.5163902e-20
0
0
-5.3498771e-20
0
0
0
-3.5163902e-20
0
0
0
-5.3498771e-20
0
0
0
-3.5163902e-20
0
0
2.5243549e-20
0
0
0
-5.3498771e-20
0
0
0
-5.3498771e-20
0
0
0
-5.3498771e-20
0
0
0
-3.5163902e-20
0
0
3.6669738e-20
3.6669738e-20
0
3.6669738e-20
3.6669738e-20
3.6669738e-20
0
3.6669738e-20
3.6669738e-20
3.6669738e-20
0
3.6669738e-20
3.6669738e-20
3.6669738e-20
0
3.6669738e-20
3.6669738e-20
0
0
3.6669738e-20
3.6669738e-20
0
3.6669738e-20
3.6669738e-20
3.6669738e-20
0
3.6669738e-20
3.6669738e-20
3.6669738e-20
0
3.6669738e-20
3.6669738e-20
3.6669738e-20
0
3.6669738e-20
3.6669738e-20
0
0
-1.8334869e-20
0
0
0
3.5163902e-20
0
0
0
-1.8334869e-20
0
0
0
3.5163902e-20
0
0
-3.6669738e-20
0
0
0
0
0
-1.8334869e-20
0
0
0
-1.8334869e-20
0
0
0
-1.8334869e-20
0
0
0
3.5163902e-20
0
0
3.6669738e-20
3.6669738e-20
0
3.6669738e-20
3.6669738e-20
3.6669738e-20
0
3.6669738e-20
3.6669738e-20
3.6669738e-20
0
3.6669738e-20
3.6669738e-20
3.6669738e-20
0
3.6669738e-20
3.6669738e-20
0
3.6669738e-20
0
0
3.6669738e-20
0
3.6669738e-20
3.6669738e-20
0
3.6669738e-20
3.6669738e-20
3.6669738e-20
0
3.6669738e-20
3.6669738e-20
3.6669738e-20
0
3.6669738e-20
3.6669738e-20
3.6669738e-20
0
3.6669738e-20
3.6669738e-20
0
0
-1.8334869e-20
0
0
0
3.5163902e-20
0
0
0
-1.8334869e-20
0
0
0
3.5163902e-20
0
0
-3.6669738e-20
0
0
0
0
-3.6669738e-20
0
0
0
0
-1.8334869e-20
0
0
0
-1.8334869e-20
0
0
0
-1.8334869e-20
0
0
0
3.5163902e-20
0
0
3.6669738e-20
3.6669738e-20
0
3.6669738e-20
3.6669738e-20
3.6669738e-20
0
3.6669738e-20
3.6669738e-20
3.6669738e-20
0
3.6669738e-20
3.6669738e-20
3.6669738e-20
0
3.6669738e-20
3.6669738e-20
0
3.6669738e-20
0
3.6669738e-20
0
0
3.6669738e-20
0
3.6669738e-20
0
3.6669738e-20
3.6669738e-20
0
3.6669738e-20
3.6669738e-20
3.6669738e-20
0
3.6669738e-20
3.6669738e-20
3.6669738e-20
0
3.6669738e-20
3.6669738e-20
3.6669738e-20
0
3.6669738e-20
3.6669738e-20
0
0
-1.8334869e-20
0
0
0
3.5163902e-20
0
0
0
-1.8334869e-20
0
0
0
3.5163902e-20
0
0
-3.6669738e-20
0
0
0
-3.6669738e-20
0
0
-3.6669738e-20
0
-3.6669738e-20
0
0
0
0
-1.8334869e-20
0
0
0
-1.8334869e-20
0
0
0
-1.8334869e-20
0
0
0
3.5163902e-20
0
0
0
0
0
0
0
0
0
0
0
0
0
0
0
0
0
0
0
0
0
0
0
0
0
0
0
0
0
0
0
0
0
0
0
0
0
0
0
0
0
0
0
0
0
0
0
0
0
0
0
0
0
0
-1.8334869e-20
0
0
0
3.5163902e-20
0
0
0
-1.8334869e-20
0
0
0
3.5163902e-20
0
0
-3.6669738e-20
0
0
0
-3.6669738e-20
0
0
-3.5163902e-20
0
-3.5163902e-20
0
-3.5163902e-20
-3.5163902e-20
-3.5163902e-20
0
-3.6669738e-20
0
-3.6669738e-20
0
-3.6669738e-20
0
0
0
0
-1.8334869e-20
0
0
0
-1.8334869e-20
0
0
0
-1.8334869e-20
0
0
0
3.5163902e-20
0
0
0
0
-1.8334869e-20
0
0
0
3.5163902e-20
0
0
0
-1.8334869e-20
0
0
0
3.5163902e-20
0
0
-3.6669738e-20
0
0
0
-3.6669738e-20
0
0
-3.5163902e-20
0
-3.5163902e-20
0
0
0
0
0
0
0
0
0
-3.5163902e-20
-3.5163902e-20
-3.5163902e-20
0
-3.6669738e-20
0
-3.6669738e-20
0
-3.6669738e-20
0
0
0
0
-1.8334869e-20
0
0
0
-1.8334869e-20
0
0
0
-1.8334869e-20
0
0
0
3.5163902e-20
0
0
1.8334869e-20
1.8334869e-20
0
1.8334869e-20
1.8334869e-20
1.8334869e-20
0
1.8334869e-20
1.8334869e-20
1.8334869e-20
0
1.8334869e-20
1.8334869e-20
1.8334869e-20
0
1.8334869e-20
1.8334869e-20
0
1.8334869e-20
0
1.8334869e-20
0
1.8334869e-20
0
-1.6829033e-20
5.3498771e-20
1.8334869e-20
5.3498771e-20
-1.6829033e-20
1.8334869e-20
1.8334869e-20
1.8334869e-20
1.8334869e-20
1.8334869e-20
1.8334869e-20
5.3498771e-20
-1.6829033e-20
1.8334869e-20
1.8334869e-20
5.3498771e-20
0
1.8334869e-20
0
1.8334869e-20
0
1.8334869e-20
0
1.8334869e-20
1.8334869e-20
0
1.8334869e-20
1.8334869e-20
1.8334869e-20
0
1.8334869e-20
1.8334869e-20
1.8334869e-20
0
1.8334869e-20
1.8334869e-20
1.8334869e-20
0
1.8334869e-20
1.8334869e-20
0
0
-1.8334869e-20
0
0
0
3.5163902e-20
0
0
0
-1.8334869e-20
0
0
0
3.5163902e-20
0
0
-3.6669738e-20
0
0
0
-3.6669738e-20
0
0
-3.5163902e-20
0
-3.5163902e-20
0
0
0
0
0
0
0
0
0
-3.5163902e-20
-3.5163902e-20
-3.5163902e-20
0
-3.6669738e-20
0
-3.6669738e-20
0
-3.6669738e-20
0
0
0
0
-1.8334869e-20
0
0
0
-1.8334869e-20
0
0
0
-1.8334869e-20
0
0
0
3.5163902e-20
0
0
0
0
-1.8334869e-20
0
0
0
3.5163902e-20
0
0
0
-1.8334869e-20
0
0
0
3.5163902e-20
0
0
-3.6669738e-20
0
0
0
-3.6669738e-20
0
0
-3.5163902e-20
0
-3.5163902e-20
0
0
0
0
0
0
0
0
0
-3.5163902e-20
-3.5163902e-20
-3.5163902e-20
0
-3.6669738e-20
0
-3.6669738e-20
0
-3.6669738e-20
0
0
0
0
-1.8334869e-20
0
0
0
-1.8334869e-20
0
0
0
-1.8334869e-20
0
0
0
3.5163902e-20
0
0
0
0
-1.8334869e-20
0
0
0
3.5163902e-20
0
0
0
-1.8334869e-20
0
0
0
3.5163902e-20
0
0
-3.6669738e-20
0
0
0
-3.6669738e-20
0
0
-3.5163902e-20
0
-3.5163902e-20
0
0
0
0
0
0
0
0
0
-3.5163902e-20
-3.5163902e-20
-3.5163902e-20
0
-3.6669738e-20
0
-3.6669738e-20
0
-3.6669738e-20
0
0
0
0
-1.8334869e-20
0
0
0
-1.8334869e-20
0
0
0
-1.8334869e-20
0
0
0
3.5163902e-20
0
0
1.8334869e-20
1.8334869e-20
0
1.8334869e-20
1.8334869e-20
1.8334869e-20
0
1.8334869e-20
1.8334869e-20
1.8334869e-20
0
1.8334869e-20
1.8334869e-20
1.8334869e-20
0
1.8334869e-20
1.8334869e-20
0
1.8334869e-20
0
1.8334869e-20
0
1.8334869e-20
0
-1.6829033e-20
5.3498771e-20
1.8334869e-20
5.3498771e-20
-1.6829033e-20
1.8334869e-20
1.8334869e-20
1.8334869e-20
1.8334869e-20
1.8334869e-20
1.8334869e-20
5.3498771e-20
-1.6829033e-20
1.8334869e-20
1.8334869e-20
5.3498771e-20
0
1.8334869e-20
0
1.8334869e-20
0
1.8334869e-20
0
1.8334869e-20
1.8334869e-20
0
1.8334869e-20
1.8334869e-20
1.8334869e-20
0
1.8334869e-20
1.8334869e-20
1.8334869e-20
0
1.8334869e-20
1.8334869e-20
1.8334869e-20
0
1.8334869e-20
1.8334869e-20
0
0
-1.8334869e-20
0
0
0
3.5163902e-20
0
0
0
-1.8334869e-20
0
0
0
3.5163902e-20
0
0
-3.6669738e-20
0
0
0
-3.6669738e-20
0
0
-3.5163902e-20
0
-3.5163902e-20
0
0
0
0
0
0
0
0
0
-3.5163902e-20
-3.5163902e-20
-3.5163902e-20
0
-3.6669738e-20
0
-3.6669738e-20
0
-3.6669738e-20
0
0
0
0
-1.8334869e-20
0
0
0
-1.8334869e-20
0
0
0
-1.8334869e-20
0
0
0
3.5163902e-20
0
0
0
0
-1.8334869e-20
0
0
0
3.5163902e-20
0
0
0
-1.8334869e-20
0
0
0
3.5163902e-20
0
0
-3.6669738e-20
0
0
0
-3.6669738e-20
0
0
-3.5163902e-20
0
-3.5163902e-20
0
0
0
0
0
0
0
0
0
-3.5163902e-20
-3.5163902e-20
-3.5163902e-20
0
-3.6669738e-20
0
-3.6669738e-20
0
-3.6669738e-20
0
0
0
0
-1.8334869e-20
0
0
0
-1.8334869e-20
0
0
0
-1.8334869e-20
0
0
0
3.5163902e-20
0
0
0
0
-1.8334869e-20
0
0
0
3.5163902e-20
0
0
0
-1.8334869e-20
0
0
0
3.5163902e-20
0
0
-3.6669738e-20
0
0
0
-3.6669738e-20
0
0
-3.5163902e-20
0
-3.5163902e-20
0
0
0
0
0
0
0
0
0
-3.5163902e-20
-3.5163902e-20
-3.5163902e-20
0
-3.6669738e-20
0
-3.6669738e-20
0
-3.6669738e-20
0
0
0
0
-1.8334869e-20
0
0
0
-1.8334869e-20
0
0
0
-1.8334869e-20
0
0
0
3.5163902e-20
0
0
1.8334869e-20
1.8334869e-20
0
1.8334869e-20
1.8334869e-20
1.8334869e-20
0
1.8334869e-20
1.8334869e-20
1.8334869e-20
0
1.8334869e-20
1.8334869e-20
1.8334869e-20
0
1.8334869e-20
1.8334869e-20
0
1.8334869e-20
0
1.8334869e-20
0
1.8334869e-20
0
-1.6829033e-20
5.3498771e-20
1.8334869e-20
5.3498771e-20
-1.6829033e-20
1.8334869e-20
1.8334869e-20
1.8334869e-20
1.8334869e-20
1.8334869e-20
1.8334869e-20
5.3498771e-20
-1.6829033e-20
1.8334869e-20
1.8334869e-20
5.3498771e-20
0
1.8334869e-20
0
1.8334869e-20
0
1.8334869e-20
0
1.8334869e-20
1.8334869e-20
0
1.8334869e-20
1.8334869e-20
1.8334869e-20
0
1.8334869e-20
1.8334869e-20
1.8334869e-20
0
1.8334869e-20
1.8334869e-20
1.8334869e-20
0
1.8334869e-20
1.8334869e-20
0
0
-1.8334869e-20
0
0
0
3.5163902e-20
0
0
0
-1.8334869e-20
0
0
0
3.5163902e-20
0
0
-3.6669738e-20
0
0
0
-3.6669738e-20
0
0
-3.5163902e-20
0
-3.5163902e-20
0
0
0
0
0
0
0
0
0
-3.5163902e-20
-3.5163902e-20
-3.5163902e-20
0
-3.6669738e-20
0
-3.6669738e-20
0
-3.6669738e-20
0
0
0
0
-1.8334869e-20
0
0
0
-1.8334869e-20
0
0
0
-1.8334869e-20
0
0
0
3.5163902e-20
0
0
0
0
-1.8334869e-20
0
0
0
3.5163902e-20
0
0
0
-1.8334869e-20
0
0
0
3.5163902e-20
0
0
-3.6669738e-20
0
0
0
-3.6669738e-20
0
0
-3.5163902e-20
0
-3.5163902e-20
0
0
0
0
0
0
0
0
0
-3.5163902e-20
-3.5163902e-20
-3.5163902e-20
0
-3.6669738e-20
0
-3.6669738e-20
0
-3.6669738e-20
0
0
0
0
-1.8334869e-20
0
0
0
-1.8334869e-20
0
0
0
-1.8334869e-20
0
0
0
3.5163902e-20
0
0
0
0
-1.8334869e-20
0
0
0
3.5163902e-20
0
0
0
-1.8334869e-20
0
0
0
3.5163902e-20
0
0
-3.6669738e-20
0
0
0
-3.6669738e-20
0
0
-3.5163902e-20
0
-3.5163902e-20
0
0
0
0
0
0
0
0
0
-3.5163902e-20
-3.5163902e-20
-3.5163902e-20
0
-3.6669738e-20
0
-3.6669738e-20
0
-3.6669738e-20
0
0
0
0
-1.8334869e-20
0
0
0
-1.8334869e-20
0
0
0
-1.8334869e-20
0
0
0
3.5163902e-20
0
0
-3.5163902e-20
-3.5163902e-20
0
-3.5163902e-20
-3.5163902e-20
-3.5163902e-20
0
-3.5163902e-20
-3.5163902e-20
-3.5163902e-20
0
-3.5163902e-20
-3.5163902e-20
-3.5163902e-20
0
-3.5163902e-20
-3.5163902e-20
0
-3.5163902e-20
0
-3.5163902e-20
0
-3.5163902e-20
0
0
3.5163902e-20
0
3.5163902e-20
0
0
0
0
0
0
0
3.5163902e-20
0
0
0
3.5163902e-20
0
-3.5163902e-20
0
-3.5163902e-20
0
-3.5163902e-20
0
-3.5163902e-20
-3.5163902e-20
0
-3.5163902e-20
-3.5163902e-20
-3.5163902e-20
0
-3.5163902e-20
-3.5163902e-20
-3.5163902e-20
0
-3.5163902e-20
-3.5163902e-20
-3.5163902e-20
0
-3.5163902e-20
-3.5163902e-20
0
0
-1.8334869e-20
0
0
0
3.5163902e-20
0
0
0
-1.8334869e-20
0
0
0
3.5163902e-20
0
0
-3.6669738e-20
0
0
0
-3.6669738e-20
0
0
-3.5163902e-20
0
-3.5163902e-20
0
0
0
0
0
0
0
0
0
-3.5163902e-20
-3.5163902e-20
-3.5163902e-20
0
-3.6669738e-20
0
-3.6669738e-20
0
-3.6669738e-20
0
0
0
0
-1.8334869e-20
0
0
0
-1.8334869e-20
0
0
0
-1.8334869e-20
0
0
0
3.5163902e-20
0
0
0
0
-1.8334869e-20
0
0
0
3.5163902e-20
0
0
0
-1.8334869e-20
0
0
0
3.5163902e-20
0
0
-3.6669738e-20
0
0
0
-3.6669738e-20
0
0
-3.5163902e-20
0
-3.5163902e-20
0
0
0
0
0
0
0
0
0
-3.5163902e-20
-3.5163902e-20
-3.5163902e-20
0
-3.6669738e-20
0
-3.6669738e-20
0
-3.6669738e-20
0
0
0
0
-1.8334869e-20
0
0
0
-1.8334869e-20
0
0
0
-1.8334869e-20
0
0
0
3.5163902e-20
0
0
0
0
0
0
0
0
0
0
0
0
0
0
0
0
0
0
0
0
0
0
0
0
0
-6.9776599e-21
0
0
0
0
0
0
-3.8496667e-20
0
0
1.1693104e-20
0
0
-2.3683559e-20
0
0
0
0
0
-5.2873842e-20
-6.1797303e-20
0
0
0
0
0
0
2.7475978e-20
-1.7009909e-20
0
0
1.7636743e-20
0
0
0
0
0
-2.3266091e-20
0
0
2.9020261e-20
2.8537908e-20
0
0
0
5.3383218e-20
0
0
0
-1.3238618e-20
1.1527114e-20
0
0
0
0
0
0
3.2060301e-20
-1.0006274e-20
0
0
-1.8978371e-20
0
0
-3.7501226e-20
0
0
0
2.6658484e-20
0
0
0
0
0
0
0
0
0
0
0
0
0
0
0
0
0
0
0
0
0
0
0
-6.9776599e-21
0
0
0
0
0
0
-3.8496667e-20
0
0
1.1693104e-20
0
0
-2.3683559e-20
0
0
0
0
0
-5.2873842e-20
-6.1797303e-20
0
0
0
0
0
0
2.7475978e-20
-1.7009909e-20
0
0
1.7636743e-20
0
0
0
0
0
-2.3266091e-20
0
0
2.9020261e-20
2.8537908e-20
0
0
0
5.3383218e-20
0
0
0
-1.3238618e-20
1.1527114e-20
0
0
0
0
0
0
3.2060301e-20
-1.0006274e-20
0
0
-1.8978371e-20
0
0
-3.7501226e-20
0
0
0
2.6658484e-20
0
1.0296543e-20
3.1853965e-20
-9.9386994e-21
0
-3.0285719e-20
0
3.8545374e-20
0
0
-1.9068599e-20
0
-1.8458214e-20
0
-2.6050663e-20
0
0
0
0
0
0
3.0421402e-20
0
0
0
0
-2.7974187e-20
-1.4508008e-20
0
-2.6606412e-20
2.616639e-20
1.3619957e-20
0
0
-2.448208e-20
1.128672e-20
2.3683559e-20
0
0
0
0
0
4.1395572e-20
0
0
-2.987714e-20
2.937977e-20
0
1.9442639e-20
-1.91282e-20
0
0
1.8217553e-20
0
0
0
0
0
0
2.365443e-20
-2.3266091e-20
0
2.9511189e-20
-1.3757212e-20
7.0591853e-20
0
-4.0644699e-20
2.7141014e-20
3.9284496e-20
2.625012e-20
-1.3661045e-20
-2.5390153e-20
0
-4.9120127e-20
-8.2286849e-20
4.601178e-20
-5.7668851e-20
0
-3.3160459e-20
-1.1872371e-20
0
-4.1530934e-20
-9.8308693e-21
0
-2.0484207e-20
9.3228613e-21
-6.7127437e-20
0
0
3.625022e-20
0
8.3842158e-21
0
0
0
0
0
0
0
0
0
0
0
0
0
0
0
0
0
0
0
0
0
0
0
-6.9776599e-21
0
0
0
0
0
0
-3.8496667e-20
0
0
1.1693104e-20
0
0
-2.3683559e-20
0
0
0
0
0
-5.2873842e-20
-6.1797303e-20
0
0
0
0
0
0
2.7475978e-20
-1.7009909e-20
0
0
1.7636743e-20
0
0
0
0
0
-2.3266091e-20
0
0
2.9020261e-20
2.8537908e-20
0
0
0
5.3383218e-20
0
0
0
-1.3238618e-20
1.1527114e-20
0
0
0
0
0
0
3.2060301e-20
-1.0006274e-20
0
0
-1.8978371e-20
0
0
-3.7501226e-20
0
0
0
2.6658484e-20
0
0
0
0
0
0
0
0
0
0
0
0
0
0
0
0
0
0
0
0
0
0
0
-6.9776599e-21
0
0
0
0
0
0
-3.8496667e-20
0
0
1.1693104e-20
0
0
-2.3683559e-20
0
0
0
0
0
-5.2873842e-20
-6.1797303e-20
0
0
0
0
0
0
2.7475978e-20
-1.7009909e-20
0
0
1.7636743e-20
0
0
0
0
0
-2.3266091e-20
0
0
2.9020261e-20
2.8537908e-20
0
0
0
5.3383218e-20
0
0
0
-1.3238618e-20
1.1527114e-20
0
0
0
0
0
0
3.2060301e-20
-1.0006274e-20
0
0
-1.8978371e-20
0
0
-3.7501226e-20
0
0
0
2.6658484e-20
0
0
0
0
0
0
0
0
0
0
0
0
0
0
0
0
0
0
0
0
0
0
0
-6.9776599e-21
0
0
0
0
0
0
-3.8496667e-20
0
0
1.1693104e-20
0
0
-2.3683559e-20
0
0
0
0
0
-5.2873842e-20
-6.1797303e-20
0
0
0
0
0
0
2.7475978e-20
-1.7009909e-20
0
0
1.7636743e-20
0
0
0
0
0
-2.3266091e-20
0
0
2.9020261e-20
2.8537908e-20
0
0
0
5.3383218e-20
0
0
0
-1.3238618e-20
1.1527114e-20
0
0
0
0
0
0
3.2060301e-20
-1.0006274e-20
0
0
-1.8978371e-20
0
0
-3.7501226e-20
0
0
0
2.6658484e-20
0
0
-3.1853965e-20
4.1260634e-20
-3.0799232e-20
0
2.9781181e-20
0
0
0
0
0
1.8458214e-20
0
2.6050663e-20
4.320255e-20
0
0
0
0
3.0937348e-20
0
4.4118836e-20
0
0
0
2.7974187e-20
-5.5020358e-20
0
3.91567e-20
-5.233278e-20
0
1.1901754e-20
0
0
4.8158554e-20
-2.3683559e-20
0
-3.3616265e-20
0
0
-2.180658e-20
-4.1395572e-20
3.0898651e-20
0
2.987714e-20
0
-2.8891123e-20
0
0
0
0
0
0
0
0
3.2646376e-20
0
0
0
2.3266091e-20
0
-7.0013382e-21
0
-7.0591853e-20
0
-1.4552124e-20
0
0
-2.625012e-20
0
-1.3447995e-20
0
-1.303295e-20
0
0
5.7668851e-20
-1.0739815e-20
0
0
0
0
-9.8308693e-21
-3.0481377e-20
2.0484207e-20
-9.3228613e-21
-2.8984021e-20
3.7501226e-20
0
-3.625022e-20
0
-8.3842158e-21
0
0
0
0
0
0
0
0
0
0
0
0
0
0
0
0
0
0
0
0
0
0
0
-6.9776599e-21
0
0
0
0
0
0
-3.8496667e-20
0
0
1.1693104e-20
0
0
-2.3683559e-20
0
0
0
0
0
-5.2873842e-20
-6.1797303e-20
0
0
0
0
0
0
2.7475978e-20
-1.7009909e-20
0
0
1.7636743e-20
0
0
0
0
0
-2.3266091e-20
0
0
2.9020261e-20
2.8537908e-20
0
0
0
5.3383218e-20
0
0
0
-1.3238618e-20
1.1527114e-20
0
0
0
0
0
0
3.2060301e-20
-1.0006274e-20
0
0
-1.8978371e-20
0
0
-3.7501226e-20
0
0
0
2.6658484e-20
0
0
0
0
0
0
0
0
0
0
0
0
0
0
0
0
0
0
0
0
0
0
0
-6.9776599e-21
0
0
0
0
0
0
-3.8496667e-20
0
0
1.1693104e-20
0
0
-2.3683559e-20
0
0
0
0
0
-5.2873842e-20
-6.1797303e-20
0
0
0
0
0
0
2.7475978e-20
-1.7009909e-20
0
0
1.7636743e-20
0
0
0
0
0
-2.3266091e-20
0
0
2.9020261e-20
2.8537908e-20
0
0
0
5.3383218e-20
0
0
0
-1.3238618e-20
1.1527114e-20
0
0
0
0
0
0
3.2060301e-20
-1.0006274e-20
0
0
-1.8978371e-20
0
0
-3.7501226e-20
0
0
0
2.6658484e-20
0
0
0
0
0
0
0
0
0
0
0
0
0
0
0
0
0
0
0
0
0
0
0
-6.9776599e-21
0
0
0
0
0
0
-3.8496667e-20
0
0
1.1693104e-20
0
0
-2.3683559e-20
0
0
0
0
0
-5.2873842e-20
-6.1797303e-20
0
0
0
0
0
0
2.7475978e-20
-1.7009909e-20
0
0
1.7636743e-20
0
0
0
0
0
-2.3266091e-20
0
0
2.9020261e-20
2.8537908e-20
0
0
0
5.3383218e-20
0
0
0
-1.3238618e-20
1.1527114e-20
0
0
0
0
0
0
3.2060301e-20
-1.0006274e-20
0
0
-1.8978371e-20
0
0
-3.7501226e-20
0
0
0
2.6658484e-20
0
1.0296543e-20
0
0
0
-3.0285719e-20
0
3.8545374e-20
0
0
-1.9068599e-20
0
0
0
0
0
0
0
0
0
0
3.0421402e-20
0
0
0
-1.3470313e-20
0
-6.9528365e-20
0
-2.6606412e-20
0
1.3619957e-20
0
0
-2.448208e-20
2.4079277e-20
0
0
-3.3616265e-20
-1.0515842e-20
0
0
0
0
0
0
2.937977e-20
0
1.9442639e-20
-1.91282e-20
0
0
1.8217553e-20
0
0
-1.7353995e-20
0
0
0
2.365443e-20
0
0
2.2509851e-20
-1.3757212e-20
0
0
-5.5196823e-20
0
3.9284496e-20
0
-1.3661045e-20
-2.5390153e-20
0
-1.303295e-20
-8.2286849e-20
4.601178e-20
0
0
-3.3160459e-20
0
0
0
-9.8308693e-21
-4.0139891e-20
0
0
-6.7127437e-20
0
0
0
0
0
0
0
0
0
0
0
0
0
0
0
0
0
0
0
0
0
0
0
0
0
0
0
0
-6.9776599e-21
0
0
0
0
0
0
-3.8496667e-20
0
0
1.1693104e-20
0
0
-2.3683559e-20
0
0
0
0
0
-5.2873842e-20
-6.1797303e-20
0
0
0
0
0
0
2.7475978e-20
-1.7009909e-20
0
0
1.7636743e-20
0
0
0
0
0
-2.3266091e-20
0
0
2.9020261e-20
2.8537908e-20
0
0
0
5.3383218e-20
0
0
0
-1.3238618e-20
1.1527114e-20
0
0
0
0
0
0
3.2060301e-20
-1.0006274e-20
0
0
-1.8978371e-20
0
0
-3.7501226e-20
0
0
0
2.6658484e-20
0
0
0
0
0
0
0
0
0
0
0
0
0
0
0
0
0
0
0
0
0
0
0
-6.9776599e-21
0
0
0
0
0
0
-3.8496667e-20
0
0
1.1693104e-20
0
0
-2.3683559e-20
0
0
0
0
0
-5.2873842e-20
-6.1797303e-20
0
0
0
0
0
0
2.7475978e-20
-1.7009909e-20
0
0
1.7636743e-20
0
0
0
0
0
-2.3266091e-20
0
0
2.9020261e-20
2.8537908e-20
0
0
0
5.3383218e-20
0
0
0
-1.3238618e-20
1.1527114e-20
0
0
0
0
0
0
3.2060301e-20
-1.0006274e-20
0
0
-1.8978371e-20
0
0
-3.7501226e-20
0
0
0
2.6658484e-20
0
0
0
0
0
0
0
0
0
0
0
0
0
0
0
0
0
0
0
0
0
0
0
-6.9776599e-21
0
0
0
0
0
0
-3.8496667e-20
0
0
1.1693104e-20
0
0
-2.3683559e-20
0
0
0
0
0
-5.2873842e-20
-6.1797303e-20
0
0
0
0
0
0
2.7475978e-20
-1.7009909e-20
0
0
1.7636743e-20
0
0
0
0
0
-2.3266091e-20
0
0
2.9020261e-20
2.8537908e-20
0
0
0
5.3383218e-20
0
0
0
-1.3238618e-20
1.1527114e-20
0
0
0
0
0
0
3.2060301e-20
-1.0006274e-20
0
0
-1.8978371e-20
0
0
-3.7501226e-20
0
0
0
2.6658484e-20
0
0
-3.1853965e-20
4.1260634e-20
-3.0799232e-20
0
2.9781181e-20
0
0
0
0
0
1.8458214e-20
0
2.6050663e-20
4.320255e-20
0
0
0
0
3.0937348e-20
0
4.4118836e-20
0
0
0
2.7974187e-20
-5.5020358e-20
0
3.91567e-20
-5.233278e-20
0
1.1901754e-20
0
0
4.8158554e-20
-2.3683559e-20
0
-3.3616265e-20
0
0
-2.180658e-20
-4.1395572e-20
3.0898651e-20
0
2.987714e-20
0
-2.8891123e-20
0
0
0
0
0
0
0
0
3.2646376e-20
0
0
0
2.3266091e-20
0
-7.0013382e-21
0
-7.0591853e-20
0
-1.4552124e-20
0
0
-2.625012e-20
0
-1.3447995e-20
0
-1.303295e-20
0
0
5.7668851e-20
-1.0739815e-20
0
0
0
0
-9.8308693e-21
-3.0481377e-20
2.0484207e-20
-9.3228613e-21
-2.8984021e-20
3.7501226e-20
0
-3.625022e-20
0
-8.3842158e-21
0
0
0
0
0
0
0
0
0
0
0
0
0
0
0
0
0
0
0
0
0
0
0
-6.9776599e-21
0
0
0
0
0
0
-3.8496667e-20
0
0
1.1693104e-20
0
0
-2.3683559e-20
0
0
0
0
0
-5.2873842e-20
-6.1797303e-20
0
0
0
0
0
0
2.7475978e-20
-1.7009909e-20
0
0
1.7636743e-20
0
0
0
0
0
-2.3266091e-20
0
0
2.9020261e-20
2.8537908e-20
0
0
0
5.3383218e-20
0
0
0
-1.3238618e-20
1.1527114e-20
0
0
0
0
0
0
3.2060301e-20
-1.0006274e-20
0
0
-1.8978371e-20
0
0
-3.7501226e-20
0
0
0
2.6658484e-20
0
0
0
0
0
0
0
0
0
0
0
0
0
0
0
0
0
0
0
0
0
0
0
-6.9776599e-21
0
0
0
0
0
0
-3.8496667e-20
0
0
1.1693104e-20
0
0
-2.3683559e-20
0
0
0
0
0
-5.2873842e-20
-6.1797303e-20
0
0
0
0
0
0
2.7475978e-20
-1.7009909e-20
0
0
1.7636743e-20
0
0
0
0
0
-2.3266091e-20
0
0
2.9020261e-20
2.8537908e-20
0
0
0
5.3383218e-20
0
0
0
-1.3238618e-20
1.1527114e-20
0
0
0
0
0
0
3.2060301e-20
-1.0006274e-20
0
0
-1.8978371e-20
0
0
-3.7501226e-20
0
0
0
2.6658484e-20
0
1.0296543e-20
2.1737922e-20
-3.1321934e-20
-3.0799232e-20
0
-5.9562362e-20
0
2.8798496e-20
-1.9381967e-20
-1.9068599e-20
0
0
0
0
0
3.3094894e-20
0
-3.1997059e-20
0
-1.6221592e-20
0
-2.9914503e-20
0
0
2.8446462e-20
0
-5.5020358e-20
0
-1.4056124e-20
0
-2.5734077e-20
3.7211099e-20
0
3.5970202e-20
0
2.3683559e-20
0
1.0703476e-20
0
0
3.1956952e-20
-9.9724339e-21
0
-2.0757533e-20
-2.0420039e-20
2.937977e-20
0
0
0
0
0
0
0
-3.3767649e-20
-3.3202153e-20
0
0
1.5029143e-20
0
-2.3266091e-20
0
4.3513866e-20
-1.3757212e-20
1.5021872e-20
0
0
0
0
2.625012e-20
-1.2155209e-20
0
-4.9942799e-20
-1.303295e-20
3.5480912e-20
2.3758808e-20
0
0
0
0
2.187548e-20
-2.1518385e-20
0
0
0
0
2.8984021e-20
5.7004758e-20
0
0
0
-2.6658484e-20
0
0
0
0
0
0
0
0
0
0
0
0
0
0
0
0
0
0
0
0
0
0
0
-6.9776599e-21
0
0
0
0
0
0
-3.8496667e-20
0
0
1.1693104e-20
0
0
-2.3683559e-20
0
0
0
0
0
-5.2873842e-20
-6.1797303e-20
0
0
0
0
0
0
2.7475978e-20
-1.7009909e-20
0
0
1.7636743e-20
0
0
0
0
0
-2.3266091e-20
0
0
2.9020261e-20
2.8537908e-20
0
0
0
5.3383218e-20
0
0
0
-1.3238618e-20
1.1527114e-20
0
0
0
0
0
0
3.2060301e-20
-1.0006274e-20
0
0
-1.8978371e-20
0
0
-3.7501226e-20
0
0
0
2.6658484e-20
0
-1.0296543e-20
-1.1621879e-20
4.1260634e-20
3.0799232e-20
0
3.9206296e-20
-2.928549e-20
-2.8798496e-20
0
0
0
0
0
-2.6050663e-20
0
-3.3094894e-20
0
3.1997059e-20
1.6484181e-20
0
0
2.9914503e-20
0
0
-2.8446462e-20
0
-1.4508008e-20
0
2.6606412e-20
0
2.5734077e-20
0
0
0
0
-5.845598e-20
-1.0894468e-20
-1.0703476e-20
0
3.2500296e-20
0
-9.9724339e-21
0
0
0
-2.937977e-20
-2.8891123e-20
0
0
2.7475978e-20
-3.5525655e-20
3.4929269e-20
1.6418754e-20
3.3767649e-20
-1.7353995e-20
-1.7076106e-20
0
0
0
-7.2534182e-21
0
0
0
-1.5021872e-20
-2.8064043e-20
0
0
-2.6691609e-20
-2.625012e-20
-1.2155209e-20
-2.5390153e-20
2.49714e-20
-2.4560064e-20
0
-1.2632322e-20
0
0
0
-2.2238906e-20
2.187548e-20
-2.1518385e-20
3.0998444e-20
0
2.9973393e-20
0
0
3.7501226e-20
3.687016e-20
0
0
0
0
0
0
0
0
0
0
0
0
0
0
0
0
0
0
0
0
0
0
0
0
0
0
-6.9776599e-21
0
0
0
0
0
0
-3.8496667e-20
0
0
1.1693104e-20
0
0
-2.3683559e-20
0
0
0
0
0
-5.2873842e-20
-6.1797303e-20
0
0
0
0
0
0
2.7475978e-20
-1.7009909e-20
0
0
1.7636743e-20
0
0
0
0
0
-2.3266091e-20
0
0
2.9020261e-20
2.8537908e-20
0
0
0
5.3383218e-20
0
0
0
-1.3238618e-20
1.1527114e-20
0
0
0
0
0
0
3.2060301e-20
-1.0006274e-20
0
0
-1.8978371e-20
0
0
-3.7501226e-20
0
0
0
2.6658484e-20
0
0
0
0
0
0
-2.0356066e-20
0
0
-1.9381967e-20
-1.9068599e-20
0
0
0
0
0
0
0
0
0
-1.6221592e-20
-1.5963619e-20
0
0
0
0
0
-4.3524023e-20
0
1.2550288e-20
0
-2.5734077e-20
3.7211099e-20
0
3.5970202e-20
0
0
0
0
0
0
3.1956952e-20
-9.9724339e-21
0
-2.0757533e-20
-2.0420039e-20
2.937977e-20
0
0
0
0
0
0
-1.7924591e-20
0
-3.3202153e-20
0
0
1.5029143e-20
0
-3.0519509e-20
0
1.4002676e-20
-1.3757212e-20
0
0
0
0
0
0
-1.2155209e-20
-2.5390153e-20
-2.49714e-20
1.1527114e-20
3.5480912e-20
0
0
0
0
0
2.187548e-20
-2.1518385e-20
0
0
0
0
2.8984021e-20
3.7501226e-20
0
0
0
-2.6658484e-20
0
0
0
0
0
0
0
0
0
0
0
0
0
0
0
0
0
0
0
0
0
0
0
-6.9776599e-21
0
0
0
0
0
0
-3.8496667e-20
0
0
1.1693104e-20
0
0
-2.3683559e-20
0
0
0
0
0
-5.2873842e-20
-6.1797303e-20
0
0
0
0
0
0
2.7475978e-20
-1.7009909e-20
0
0
1.7636743e-20
0
0
0
0
0
-2.3266091e-20
0
0
2.9020261e-20
2.8537908e-20
0
0
0
5.3383218e-20
0
0
0
-1.3238618e-20
1.1527114e-20
0
0
0
0
0
0
3.2060301e-20
-1.0006274e-20
0
0
-1.8978371e-20
0
0
-3.7501226e-20
0
0
0
2.6658484e-20
0
-1.0296543e-20
-1.1621879e-20
4.1260634e-20
3.0799232e-20
0
3.9206296e-20
-2.928549e-20
-2.8798496e-20
0
0
0
0
0
-2.6050663e-20
0
-3.3094894e-20
0
3.1997059e-20
1.6484181e-20
0
0
2.9914503e-20
0
0
-2.8446462e-20
0
-1.4508008e-20
0
2.6606412e-20
0
2.5734077e-20
0
0
0
0
-5.845598e-20
-1.0894468e-20
-1.0703476e-20
0
3.2500296e-20
0
-9.9724339e-21
0
0
0
-2.937977e-20
-2.8891123e-20
0
0
2.7475978e-20
-3.5525655e-20
3.4929269e-20
1.6418754e-20
3.3767649e-20
-1.7353995e-20
-1.7076106e-20
0
0
0
-7.2534182e-21
0
0
0
-1.5021872e-20
-2.8064043e-20
0
0
-2.6691609e-20
-2.625012e-20
-1.2155209e-20
-2.5390153e-20
2.49714e-20
-2.4560064e-20
0
-1.2632322e-20
0
0
0
-2.2238906e-20
2.187548e-20
-2.1518385e-20
3.0998444e-20
0
2.9973393e-20
0
0
3.7501226e-20
3.687016e-20
0
0
0
0
0
0
0
-3.0799232e-20
0
0
0
0
-1.9381967e-20
-1.9068599e-20
0
0
0
0
0
0
0
0
0
0
-3.7650293e-20
-1.571017e-20
-1.395532e-20
0
0
-1.4740012e-20
0
0
0
0
0
0
0
0
0
-2.3683559e-20
-3.4189239e-20
0
-1.0515842e-20
0
4.2107325e-20
9.9724339e-21
-2.1101046e-20
0
0
2.937977e-20
0
0
0
0
1.8515746e-20
0
0
1.7636743e-20
0
0
2.4451931e-20
0
-3.1037294e-20
0
0
0
-2.9020261e-20
1.5021872e-20
-1.5058364e-21
0
0
0
0
0
0
0
-3.6087177e-20
0
-1.1126486e-20
-3.4300143e-20
0
0
0
1.0184822e-20
-3.152466e-20
2.1167575e-20
0
-2.9973393e-20
-2.947442e-20
9.159395e-21
1.9503531e-20
0
0
0
2.6658484e-20
0
0
0
2.1383235e-20
0
0
2.9781181e-20
0
-2.8798496e-20
0
0
0
0
0
0
0
-1.7300365e-20
-2.4782301e-20
0
0
0
0
1.571017e-20
0
0
0
1.4740012e-20
0
0
5.3212825e-20
-2.616639e-20
0
0
0
0
2.4079277e-20
1.1088861e-20
-3.4189239e-20
0
0
0
-4.2107325e-20
0
0
0
-9.4571012e-21
-2.937977e-20
2.8891123e-20
0
0
0
1.8515746e-20
0
-5.2267935e-20
1.7636743e-20
-1.7353995e-20
0
-2.4451931e-20
0
0
-3.0519509e-20
0
0
-2.9020261e-20
0
-4.1343146e-20
0
-6.7099617e-20
1.4098723e-20
0
2.4310418e-20
1.3447995e-20
0
2.4560064e-20
0
0
-1.0931436e-20
0
0
0
0
0
0
0
0
-3.8797282e-20
5.7968042e-20
0
0
0
0
2.6658484e-20
0
0
0
0
-3.0799232e-20
0
0
0
0
-1.9381967e-20
-1.9068599e-20
0
0
0
0
0
0
0
0
0
0
-1.4457783e-20
0
0
0
-2.8446462e-20
0
0
0
3.91567e-20
-2.616639e-20
0
0
0
0
0
-2.3683559e-20
-3.4189239e-20
0
-1.0515842e-20
0
0
9.9724339e-21
-2.1101046e-20
0
0
0
0
0
0
0
1.8515746e-20
0
-1.7924591e-20
1.7636743e-20
0
-3.2646376e-20
0
0
-3.1037294e-20
0
0
0
-2.9020261e-20
1.5021872e-20
0
0
0
0
0
0
0
-1.3238618e-20
-3.6087177e-20
0
-1.1126486e-20
-3.4300143e-20
0
0
0
0
0
2.1167575e-20
0
-2.9973393e-20
-2.947442e-20
3.8143416e-20
1.9503531e-20
0
0
0
2.6658484e-20
0
0
0
2.1383235e-20
0
0
2.9781181e-20
0
-2.8798496e-20
0
0
0
0
0
0
0
-1.7300365e-20
-2.4782301e-20
0
0
0
0
1.571017e-20
0
0
0
1.4740012e-20
0
0
5.3212825e-20
-2.616639e-20
0
0
0
0
2.4079277e-20
1.1088861e-20
-3.4189239e-20
0
0
0
-4.2107325e-20
0
0
0
-9.4571012e-21
-2.937977e-20
2.8891123e-20
0
0
0
1.8515746e-20
0
-5.2267935e-20
1.7636743e-20
-1.7353995e-20
0
-2.4451931e-20
0
0
-3.0519509e-20
0
0
-2.9020261e-20
0
-4.1343146e-20
0
-6.7099617e-20
1.4098723e-20
0
2.4310418e-20
1.3447995e-20
0
2.4560064e-20
0
0
-1.0931436e-20
0
0
0
0
0
0
0
0
-3.8797282e-20
5.7968042e-20
0
0
0
0
2.6658484e-20
0
0
0
2.1383235e-20
0
0
0
0
0
0
0
0
0
0
0
0
0
0
0
0
0
-2.3192511e-20
0
-1.395532e-20
0
0
-1.4740012e-20
0
0
0
0
0
0
0
0
1.2792557e-20
-1.2594698e-20
-3.4189239e-20
0
0
0
4.2107325e-20
0
0
0
0
2.937977e-20
0
0
0
2.7475978e-20
-1.7009909e-20
0
-1.6418754e-20
1.7636743e-20
0
0
0
0
0
-3.0519509e-20
0
0
0
0
-1.5058364e-21
0
0
0
0
2.4310418e-20
6.2722464e-20
1.3238618e-20
2.4560064e-20
0
-1.1126486e-20
0
0
0
0
0
-3.152466e-20
2.1167575e-20
0
-3.9462579e-20
-3.8797282e-20
0
0
0
0
0
0
0
0
0
2.1383235e-20
0
0
0
0
0
0
0
0
0
0
0
0
0
0
0
0
0
-2.3192511e-20
0
0
0
0
0
2.7510179e-20
0
0
-2.616639e-20
0
0
0
0
1.2792557e-20
0
-1.0894468e-20
0
0
0
0
0
0
0
0
0
0
0
0
0
1.8515746e-20
0
-3.4343345e-20
1.7636743e-20
0
0
0
0
0
-3.0519509e-20
0
0
0
0
0
0
0
0
0
0
0
1.3238618e-20
0
0
-1.1126486e-20
0
0
0
0
0
-3.152466e-20
2.1167575e-20
0
0
-3.8797282e-20
0
0
0
0
0
0
0
0
0
2.1383235e-20
0
0
0
0
0
0
0
0
0
0
0
0
0
0
0
0
0
-2.3192511e-20
0
0
0
0
0
2.7510179e-20
0
0
-2.616639e-20
0
0
0
0
1.2792557e-20
0
-1.0894468e-20
0
0
0
0
0
0
0
0
0
0
0
0
0
1.8515746e-20
0
-3.4343345e-20
1.7636743e-20
0
0
0
0
0
-3.0519509e-20
0
0
0
0
0
0
0
0
0
0
0
1.3238618e-20
0
0
-1.1126486e-20
0
0
0
0
0
-3.152466e-20
2.1167575e-20
0
0
-3.8797282e-20
0
0
0
0
0
0
0
0
0
2.1383235e-20
0
0
0
0
0
0
0
0
0
0
0
0
0
0
0
0
0
-2.3192511e-20
0
0
0
0
0
2.7510179e-20
0
0
-2.616639e-20
0
0
0
0
1.2792557e-20
0
-1.0894468e-20
0
0
0
0
0
0
0
0
0
0
0
0
0
1.8515746e-20
0
-3.4343345e-20
1.7636743e-20
0
0
0
0
0
-3.0519509e-20
0
0
0
0
0
0
0
0
0
0
0
1.3238618e-20
0
0
-1.1126486e-20
0
0
0
0
0
-3.152466e-20
2.1167575e-20
0
0
-3.8797282e-20
0
0
0
0
0
0
0
0
0
2.1383235e-20
0
0
0
0
0
0
0
0
0
0
0
0
0
0
0
0
0
-2.3192511e-20
0
0
0
0
0
2.7510179e-20
0
0
-2.616639e-20
0
0
0
0
1.2792557e-20
0
-1.0894468e-20
0
0
0
0
0
0
0
0
0
0
0
0
0
1.8515746e-20
0
-3.4343345e-20
1.7636743e-20
0
0
0
0
0
-3.0519509e-20
0
0
0
0
0
0
0
0
0
0
0
1.3238618e-20
0
0
-1.1126486e-20
0
0
0
0
0
-3.152466e-20
2.1167575e-20
0
0
-3.8797282e-20
0
0
0
0
0
0
0
0
0
2.1383235e-20
0
0
0
0
0
0
0
0
0
0
0
0
0
0
0
0
0
-2.3192511e-20
0
0
0
0
0
2.7510179e-20
0
0
-2.616639e-20
0
0
0
0
1.2792557e-20
0
-1.0894468e-20
0
0
0
0
0
0
0
0
0
0
0
0
0
1.8515746e-20
0
-3.4343345e-20
1.7636743e-20
0
0
0
0
0
-3.0519509e-20
0
0
0
0
0
0
0
0
0
0
0
1.3238618e-20
0
0
-1.1126486e-20
0
0
0
0
0
-3.152466e-20
2.1167575e-20
0
0
-3.8797282e-20
0
0
0
0
0
0
0
0
0
2.1383235e-20
0
0
0
0
0
0
0
0
0
0
0
0
0
0
0
0
0
-2.3192511e-20
0
0
0
0
0
2.7510179e-20
0
0
-2.616639e-20
0
0
0
0
1.2792557e-20
0
-1.0894468e-20
0
0
0
0
0
0
0
0
0
0
0
0
0
1.8515746e-20
0
-3.4343345e-20
1.7636743e-20
0
0
0
0
0
-3.0519509e-20
0
0
0
0
0
0
0
0
0
0
0
1.3238618e-20
0
0
-1.1126486e-20
0
0
0
0
0
-3.152466e-20
2.1167575e-20
0
0
-3.8797282e-20
0
0
0
0
0
0
0
0
0
2.1383235e-20
0
0
2.9781181e-20
0
-2.8798496e-20
0
0
0
0
0
0
0
-1.7300365e-20
-2.4782301e-20
0
0
0
-2.3192511e-20
0
0
0
2.8446462e-20
1.4740012e-20
2.7510179e-20
0
1.4056124e-20
-2.616639e-20
0
0
0
0
2.4079277e-20
2.3683559e-20
-1.0894468e-20
0
0
0
-4.2107325e-20
0
0
0
-9.4571012e-21
-2.937977e-20
2.8891123e-20
0
0
-2.7475978e-20
5.40414e-20
0
-5.2267935e-20
1.7636743e-20
-1.7353995e-20
3.2646376e-20
0
0
0
-3.0519509e-20
0
0
-2.9020261e-20
0
-4.1343146e-20
0
-6.7099617e-20
1.4098723e-20
0
0
-4.9274469e-20
1.3238618e-20
0
0
0
-1.0931436e-20
0
0
0
1.0184822e-20
-3.152466e-20
0
0
3.9462579e-20
-3.8797282e-20
2.8984021e-20
0
0
0
0
2.6658484e-20
0
0
0
0
-3.0799232e-20
0
0
0
0
-1.9381967e-20
-1.9068599e-20
0
0
0
0
0
0
0
0
0
0
-3.7650293e-20
-1.571017e-20
-1.395532e-20
0
0
-1.4740012e-20
0
0
0
0
0
0
0
0
0
-2.3683559e-20
-3.4189239e-20
0
-1.0515842e-20
0
4.2107325e-20
9.9724339e-21
-2.1101046e-20
0
0
2.937977e-20
0
0
0
0
1.8515746e-20
0
0
1.7636743e-20
0
0
2.4451931e-20
0
-3.1037294e-20
0
0
0
-2.9020261e-20
1.5021872e-20
-1.5058364e-21
0
0
0
0
0
0
0
-3.6087177e-20
0
-1.1126486e-20
-3.4300143e-20
0
0
0
1.0184822e-20
-3.152466e-20
2.1167575e-20
0
-2.9973393e-20
-2.947442e-20
9.159395e-21
1.9503531e-20
0
0
0
2.6658484e-20
0
0
0
0
-3.0799232e-20
0
0
0
0
-1.9381967e-20
-1.9068599e-20
0
0
0
0
0
0
0
0
0
0
-1.4457783e-20
0
0
0
-2.8446462e-20
0
0
0
3.91567e-20
-2.616639e-20
0
0
0
0
0
-2.3683559e-20
-3.4189239e-20
0
-1.0515842e-20
0
0
9.9724339e-21
-2.1101046e-20
0
0
0
0
0
0
0
1.8515746e-20
0
-1.7924591e-20
1.7636743e-20
0
-3.2646376e-20
0
0
-3.1037294e-20
0
0
0
-2.9020261e-20
1.5021872e-20
0
0
0
0
0
0
0
-1.3238618e-20
-3.6087177e-20
0
-1.1126486e-20
-3.4300143e-20
0
0
0
0
0
2.1167575e-20
0
-2.9973393e-20
-2.947442e-20
3.8143416e-20
1.9503531e-20
0
0
0
2.6658484e-20
0
0
0
0
-3.0799232e-20
0
0
0
0
-1.9381967e-20
-1.9068599e-20
0
0
0
0
0
0
0
0
0
0
-1.4457783e-20
0
0
0
-2.8446462e-20
0
0
0
3.91567e-20
-2.616639e-20
0
0
0
0
0
-2.3683559e-20
-3.4189239e-20
0
-1.0515842e-20
0
0
9.9724339e-21
-2.1101046e-20
0
0
0
0
0
0
0
1.8515746e-20
0
-1.7924591e-20
1.7636743e-20
0
-3.2646376e-20
0
0
-3.1037294e-20
0
0
0
-2.9020261e-20
1.5021872e-20
0
0
0
0
0
0
0
-1.3238618e-20
-3.6087177e-20
0
-1.1126486e-20
-3.4300143e-20
0
0
0
0
0
2.1167575e-20
0
-2.9973393e-20
-2.947442e-20
3.8143416e-20
1.9503531e-20
0
0
0
2.6658484e-20
0
0
0
2.1383235e-20
0
0
2.9781181e-20
0
-2.8798496e-20
0
0
0
0
0
0
0
-1.7300365e-20
-2.4782301e-20
0
0
0
0
1.571017e-20
0
0
0
1.4740012e-20
0
0
5.3212825e-20
-2.616639e-20
0
0
0
0
2.4079277e-20
1.1088861e-20
-3.4189239e-20
0
0
0
-4.2107325e-20
0
0
0
-9.4571012e-21
-2.937977e-20
2.8891123e-20
0
0
0
1.8515746e-20
0
-5.2267935e-20
1.7636743e-20
-1.7353995e-20
0
-2.4451931e-20
0
0
-3.0519509e-20
0
0
-2.9020261e-20
0
-4.1343146e-20
0
-6.7099617e-20
1.4098723e-20
0
2.4310418e-20
1.3447995e-20
0
2.4560064e-20
0
0
-1.0931436e-20
0
0
0
0
0
0
0
0
-3.8797282e-20
5.7968042e-20
0
0
0
0
2.6658484e-20
0
1.0296543e-20
2.1737922e-20
-3.1321934e-20
-3.0799232e-20
0
-5.9562362e-20
0
2.8798496e-20
-1.9381967e-20
-1.9068599e-20
0
0
0
0
0
3.3094894e-20
0
-3.1997059e-20
0
-1.6221592e-20
0
-2.9914503e-20
0
0
2.8446462e-20
0
-5.5020358e-20
0
-1.4056124e-20
0
-2.5734077e-20
3.7211099e-20
0
3.5970202e-20
0
2.3683559e-20
0
1.0703476e-20
0
0
3.1956952e-20
-9.9724339e-21
0
-2.0757533e-20
-2.0420039e-20
2.937977e-20
0
0
0
0
0
0
0
-3.3767649e-20
-3.3202153e-20
0
0
1.5029143e-20
0
-2.3266091e-20
0
4.3513866e-20
-1.3757212e-20
1.5021872e-20
0
0
0
0
2.625012e-20
-1.2155209e-20
0
-4.9942799e-20
-1.303295e-20
3.5480912e-20
2.3758808e-20
0
0
0
0
2.187548e-20
-2.1518385e-20
0
0
0
0
2.8984021e-20
5.7004758e-20
0
0
0
-2.6658484e-20
0
0
0
0
0
0
0
0
0
0
0
0
0
0
0
0
0
0
0
0
0
0
0
-6.9776599e-21
0
0
0
0
0
0
-3.8496667e-20
0
0
1.1693104e-20
0
0
-2.3683559e-20
0
0
0
0
0
-5.2873842e-20
-6.1797303e-20
0
0
0
0
0
0
2.7475978e-20
-1.7009909e-20
0
0
1.7636743e-20
0
0
0
0
0
-2.3266091e-20
0
0
2.9020261e-20
2.8537908e-20
0
0
0
5.3383218e-20
0
0
0
-1.3238618e-20
1.1527114e-20
0
0
0
0
0
0
3.2060301e-20
-1.0006274e-20
0
0
-1.8978371e-20
0
0
-3.7501226e-20
0
0
0
2.6658484e-20
0
0
0
0
0
0
-2.0356066e-20
0
0
-1.9381967e-20
-1.9068599e-20
0
0
0
0
0
0
0
0
0
-1.6221592e-20
-1.5963619e-20
0
0
0
0
0
-4.3524023e-20
0
1.2550288e-20
0
-2.5734077e-20
3.7211099e-20
0
3.5970202e-20
0
0
0
0
0
0
3.1956952e-20
-9.9724339e-21
0
-2.0757533e-20
-2.0420039e-20
2.937977e-20
0
0
0
0
0
0
-1.7924591e-20
0
-3.3202153e-20
0
0
1.5029143e-20
0
-3.0519509e-20
0
1.4002676e-20
-1.3757212e-20
0
0
0
0
0
0
-1.2155209e-20
-2.5390153e-20
-2.49714e-20
1.1527114e-20
3.5480912e-20
0
0
0
0
0
2.187548e-20
-2.1518385e-20
0
0
0
0
2.8984021e-20
3.7501226e-20
0
0
0
-2.6658484e-20
0
0
0
0
0
0
0
0
0
0
0
0
0
0
0
0
0
0
0
0
0
0
0
-6.9776599e-21
0
0
0
0
0
0
-3.8496667e-20
0
0
1.1693104e-20
0
0
-2.3683559e-20
0
0
0
0
0
-5.2873842e-20
-6.1797303e-20
0
0
0
0
0
0
2.7475978e-20
-1.7009909e-20
0
0
1.7636743e-20
0
0
0
0
0
-2.3266091e-20
0
0
2.9020261e-20
2.8537908e-20
0
0
0
5.3383218e-20
0
0
0
-1.3238618e-20
1.1527114e-20
0
0
0
0
0
0
3.2060301e-20
-1.0006274e-20
0
0
-1.8978371e-20
0
0
-3.7501226e-20
0
0
0
2.6658484e-20
0
0
0
0
0
0
-2.0356066e-20
0
0
-1.9381967e-20
-1.9068599e-20
0
0
0
0
0
0
0
0
0
-1.6221592e-20
-1.5963619e-20
0
0
0
0
0
-4.3524023e-20
0
1.2550288e-20
0
-2.5734077e-20
3.7211099e-20
0
3.5970202e-20
0
0
0
0
0
0
3.1956952e-20
-9.9724339e-21
0
-2.0757533e-20
-2.0420039e-20
2.937977e-20
0
0
0
0
0
0
-1.7924591e-20
0
-3.3202153e-20
0
0
1.5029143e-20
0
-3.0519509e-20
0
1.4002676e-20
-1.3757212e-20
0
0
0
0
0
0
-1.2155209e-20
-2.5390153e-20
-2.49714e-20
1.1527114e-20
3.5480912e-20
0
0
0
0
0
2.187548e-20
-2.1518385e-20
0
0
0
0
2.8984021e-20
3.7501226e-20
0
0
0
-2.6658484e-20
0
0
0
0
0
0
0
0
0
0
0
0
0
0
0
0
0
0
0
0
0
0
0
-6.9776599e-21
0
0
0
0
0
0
-3.8496667e-20
0
0
1.1693104e-20
0
0
-2.3683559e-20
0
0
0
0
0
-5.2873842e-20
-6.1797303e-20
0
0
0
0
0
0
2.7475978e-20
-1.7009909e-20
0
0
1.7636743e-20
0
0
0
0
0
-2.3266091e-20
0
0
2.9020261e-20
2.8537908e-20
0
0
0
5.3383218e-20
0
0
0
-1.3238618e-20
1.1527114e-20
0
0
0
0
0
0
3.2060301e-20
-1.0006274e-20
0
0
-1.8978371e-20
0
0
-3.7501226e-20
0
0
0
2.6658484e-20
0
-1.0296543e-20
-1.1621879e-20
4.1260634e-20
3.0799232e-20
0
3.9206296e-20
-2.928549e-20
-2.8798496e-20
0
0
0
0
0
-2.6050663e-20
0
-3.3094894e-20
0
3.1997059e-20
1.6484181e-20
0
0
2.9914503e-20
0
0
-2.8446462e-20
0
-1.4508008e-20
0
2.6606412e-20
0
2.5734077e-20
0
0
0
0
-5.845598e-20
-1.0894468e-20
-1.0703476e-20
0
3.2500296e-20
0
-9.9724339e-21
0
0
0
-2.937977e-20
-2.8891123e-20
0
0
2.7475978e-20
-3.5525655e-20
3.4929269e-20
1.6418754e-20
3.3767649e-20
-1.7353995e-20
-1.7076106e-20
0
0
0
-7.2534182e-21
0
0
0
-1.5021872e-20
-2.8064043e-20
0
0
-2.6691609e-20
-2.625012e-20
-1.2155209e-20
-2.5390153e-20
2.49714e-20
-2.4560064e-20
0
-1.2632322e-20
0
0
0
-2.2238906e-20
2.187548e-20
-2.1518385e-20
3.0998444e-20
0
2.9973393e-20
0
0
3.7501226e-20
3.687016e-20
0
0
0
0
0
0
0
0
0
0
0
0
0
0
0
0
0
0
0
0
0
0
0
0
0
0
-6.9776599e-21
0
0
0
0
0
0
-3.8496667e-20
0
0
1.1693104e-20
0
0
-2.3683559e-20
0
0
0
0
0
-5.2873842e-20
-6.1797303e-20
0
0
0
0
0
0
2.7475978e-20
-1.7009909e-20
0
0
1.7636743e-20
0
0
0
0
0
-2.3266091e-20
0
0
2.9020261e-20
2.8537908e-20
0
0
0
5.3383218e-20
0
0
0
-1.3238618e-20
1.1527114e-20
0
0
0
0
0
0
3.2060301e-20
-1.0006274e-20
0
0
-1.8978371e-20
0
0
-3.7501226e-20
0
0
0
2.6658484e-20
0
0
0
0
0
0
0
0
0
0
0
0
0
0
0
0
0
0
0
0
0
0
0
-6.9776599e-21
0
0
0
0
0
0
-3.8496667e-20
0
0
1.1693104e-20
0
0
-2.3683559e-20
0
0
0
0
0
-5.2873842e-20
-6.1797303e-20
0
0
0
0
0
0
2.7475978e-20
-1.7009909e-20
0
0
1.7636743e-20
0
0
0
0
0
-2.3266091e-20
0
0
2.9020261e-20
2.8537908e-20
0
0
0
5.3383218e-20
0
0
0
-1.3238618e-20
1.1527114e-20
0
0
0
0
0
0
3.2060301e-20
-1.0006274e-20
0
0
-1.8978371e-20
0
0
-3.7501226e-20
0
0
0
2.6658484e-20
0
1.0296543e-20
3.1853965e-20
-9.9386994e-21
0
-3.0285719e-20
0
3.8545374e-20
0
0
-1.9068599e-20
0
-1.8458214e-20
0
-2.6050663e-20
0
0
0
0
0
0
3.0421402e-20
0
0
0
0
-2.7974187e-20
-1.4508008e-20
0
-2.6606412e-20
2.616639e-20
1.3619957e-20
0
0
-2.448208e-20
1.128672e-20
2.3683559e-20
0
0
0
0
0
4.1395572e-20
0
0
-2.987714e-20
2.937977e-20
0
1.9442639e-20
-1.91282e-20
0
0
1.8217553e-20
0
0
0
0
0
0
2.365443e-20
-2.3266091e-20
0
2.9511189e-20
-1.3757212e-20
7.0591853e-20
0
-4.0644699e-20
2.7141014e-20
3.9284496e-20
2.625012e-20
-1.3661045e-20
-2.5390153e-20
0
-4.9120127e-20
-8.2286849e-20
4.601178e-20
-5.7668851e-20
0
-3.3160459e-20
-1.1872371e-20
0
-4.1530934e-20
-9.8308693e-21
0
-2.0484207e-20
9.3228613e-21
-6.7127437e-20
0
0
3.625022e-20
0
8.3842158e-21
0
0
0
0
0
0
0
0
0
0
0
0
0
0
0
0
0
0
0
0
0
0
0
-6.9776599e-21
0
0
0
0
0
0
-3.8496667e-20
0
0
1.1693104e-20
0
0
-2.3683559e-20
0
0
0
0
0
-5.2873842e-20
-6.1797303e-20
0
0
0
0
0
0
2.7475978e-20
-1.7009909e-20
0
0
1.7636743e-20
0
0
0
0
0
-2.3266091e-20
0
0
2.9020261e-20
2.8537908e-20
0
0
0
5.3383218e-20
0
0
0
-1.3238618e-20
1.1527114e-20
0
0
0
0
0
0
3.2060301e-20
-1.0006274e-20
0
0
-1.8978371e-20
0
0
-3.7501226e-20
0
0
0
2.6658484e-20
0
0
0
0
0
0
0
0
0
0
0
0
0
0
0
0
0
0
0
0
0
0
0
-6.9776599e-21
0
0
0
0
0
0
-3.8496667e-20
0
0
1.1693104e-20
0
0
-2.3683559e-20
0
0
0
0
0
-5.2873842e-20
-6.1797303e-20
0
0
0
0
0
0
2.7475978e-20
-1.7009909e-20
0
0
1.7636743e-20
0
0
0
0
0
-2.3266091e-20
0
0
2.9020261e-20
2.8537908e-20
0
0
0
5.3383218e-20
0
0
0
-1.3238618e-20
1.1527114e-20
0
0
0
0
0
0
3.2060301e-20
-1.0006274e-20
0
0
-1.8978371e-20
0
0
-3.7501226e-20
0
0
0
2.6658484e-20
0
0
0
0
0
0
0
0
0
0
0
0
0
0
0
0
0
0
0
0
0
0
0
-6.9776599e-21
0
0
0
0
0
0
-3.8496667e-20
0
0
1.1693104e-20
0
0
-2.3683559e-20
0
0
0
0
0
-5.2873842e-20
-6.1797303e-20
0
0
0
0
0
0
2.7475978e-20
-1.7009909e-20
0
0
1.7636743e-20
0
0
0
0
0
-2.3266091e-20
0
0
2.9020261e-20
2.8537908e-20
0
0
0
5.3383218e-20
0
0
0
-1.3238618e-20
1.1527114e-20
0
0
0
0
0
0
3.2060301e-20
-1.0006274e-20
0
0
-1.8978371e-20
0
0
-3.7501226e-20
0
0
0
2.6658484e-20
0
1.0296543e-20
0
0
0
-3.0285719e-20
0
3.8545374e-20
0
0
-1.9068599e-20
0
0
0
0
0
0
0
0
0
0
3.0421402e-20
0
0
0
-1.3470313e-20
0
-6.9528365e-20
0
-2.6606412e-20
0
1.3619957e-20
0
0
-2.448208e-20
2.4079277e-20
0
0
-3.3616265e-20
-1.0515842e-20
0
0
0
0
0
0
2.937977e-20
0
1.9442639e-20
-1.91282e-20
0
0
1.8217553e-20
0
0
-1.7353995e-20
0
0
0
2.365443e-20
0
0
2.2509851e-20
-1.3757212e-20
0
0
-5.5196823e-20
0
3.9284496e-20
0
-1.3661045e-20
-2.5390153e-20
0
-1.303295e-20
-8.2286849e-20
4.601178e-20
0
0
-3.3160459e-20
0
0
0
-9.8308693e-21
-4.0139891e-20
0
0
-6.7127437e-20
0
0
0
0
0
0
0
0
0
0
0
0
0
0
0
0
0
0
0
0
0
0
0
0
0
0
0
0
-6.9776599e-21
0
0
0
0
0
0
-3.8496667e-20
0
0
1.1693104e-20
0
0
-2.3683559e-20
0
0
0
0
0
-5.2873842e-20
-6.1797303e-20
0
0
0
0
0
0
2.7475978e-20
-1.7009909e-20
0
0
1.7636743e-20
0
0
0
0
0
-2.3266091e-20
0
0
2.9020261e-20
2.8537908e-20
0
0
0
5.3383218e-20
0
0
0
-1.3238618e-20
1.1527114e-20
0
0
0
0
0
0
3.2060301e-20
-1.0006274e-20
0
0
-1.8978371e-20
0
0
-3.7501226e-20
0
0
0
2.6658484e-20
0
0
0
0
0
0
0
0
0
0
0
0
0
0
0
0
0
0
0
0
0
0
0
-6.9776599e-21
0
0
0
0
0
0
-3.8496667e-20
0
0
1.1693104e-20
0
0
-2.3683559e-20
0
0
0
0
0
-5.2873842e-20
-6.1797303e-20
0
0
0
0
0
0
2.7475978e-20
-1.7009909e-20
0
0
1.7636743e-20
0
0
0
0
0
-2.3266091e-20
0
0
2.9020261e-20
2.8537908e-20
0
0
0
5.3383218e-20
0
0
0
-1.3238618e-20
1.1527114e-20
0
0
0
0
0
0
3.2060301e-20
-1.0006274e-20
0
0
-1.8978371e-20
0
0
-3.7501226e-20
0
0
0
2.6658484e-20
0
0
0
0
0
0
0
0
0
0
0
0
0
0
0
0
0
0
0
0
0
0
0
-6.9776599e-21
0
0
0
0
0
0
-3.8496667e-20
0
0
1.1693104e-20
0
0
-2.3683559e-20
0
0
0
0
0
-5.2873842e-20
-6.1797303e-20
0
0
0
0
0
0
2.7475978e-20
-1.7009909e-20
0
0
1.7636743e-20
0
0
0
0
0
-2.3266091e-20
0
0
2.9020261e-20
2.8537908e-20
0
0
0
5.3383218e-20
0
0
0
-1.3238618e-20
1.1527114e-20
0
0
0
0
0
0
3.2060301e-20
-1.0006274e-20
0
0
-1.8978371e-20
0
0
-3.7501226e-20
0
0
0
2.6658484e-20
0
1.0296543e-20
0
0
0
-3.0285719e-20
0
3.8545374e-20
0
0
-1.9068599e-20
0
0
0
0
0
0
0
0
0
0
3.0421402e-20
0
0
0
-1.3470313e-20
0
-6.9528365e-20
0
-2.6606412e-20
0
1.3619957e-20
0
0
-2.448208e-20
2.4079277e-20
0
0
-3.3616265e-20
-1.0515842e-20
0
0
0
0
0
0
2.937977e-20
0
1.9442639e-20
-1.91282e-20
0
0
1.8217553e-20
0
0
-1.7353995e-20
0
0
0
2.365443e-20
0
0
2.2509851e-20
-1.3757212e-20
0
0
-5.5196823e-20
0
3.9284496e-20
0
-1.3661045e-20
-2.5390153e-20
0
-1.303295e-20
-8.2286849e-20
4.601178e-20
0
0
-3.3160459e-20
0
0
0
-9.8308693e-21
-4.0139891e-20
0
0
-6.7127437e-20
0
0
0
0
0
0
0
0
0
0
0
0
0
0
0
0
0
0
0
0
0
0
0
0
0
0
0
0
-6.9776599e-21
0
0
0
0
0
0
-3.8496667e-20
0
0
1.1693104e-20
0
0
-2.3683559e-20
0
0
0
0
0
-5.2873842e-20
-6.1797303e-20
0
0
0
0
0
0
2.7475978e-20
-1.7009909e-20
0
0
1.7636743e-20
0
0
0
0
0
-2.3266091e-20
0
0
2.9020261e-20
2.8537908e-20
0
0
0
5.3383218e-20
0
0
0
-1.3238618e-20
1.1527114e-20
0
0
0
0
0
0
3.2060301e-20
-1.0006274e-20
0
0
-1.8978371e-20
0
0
-3.7501226e-20
0
0
0
2.6658484e-20
0
0
0
0
0
0
0
0
0
0
0
0
0
0
0
0
0
0
0
0
0
0
0
-6.9776599e-21
0
0
0
0
0
0
-3.8496667e-20
0
0
1.1693104e-20
0
0
-2.3683559e-20
0
0
0
0
0
-5.2873842e-20
-6.1797303e-20
0
0
0
0
0
0
2.7475978e-20
-1.7009909e-20
0
0
1.7636743e-20
0
0
0
0
0
-2.3266091e-20
0
0
2.9020261e-20
2.8537908e-20
0
0
0
5.3383218e-20
0
0
0
-1.3238618e-20
1.1527114e-20
0
0
0
0
0
0
3.2060301e-20
-1.0006274e-20
0
0
-1.8978371e-20
0
0
-3.7501226e-20
0
0
0
2.6658484e-20
0
0
0
0
0
0
0
0
0
0
0
0
0
0
0
0
0
0
0
0
0
0
0
-6.9776599e-21
0
0
0
0
0
0
-3.8496667e-20
0
0
1.1693104e-20
0
0
-2.3683559e-20
0
0
0
0
0
-5.2873842e-20
-6.1797303e-20
0
0
0
0
0
0
2.7475978e-20
-1.7009909e-20
0
0
1.7636743e-20
0
0
0
0
0
-2.3266091e-20
0
0
2.9020261e-20
2.8537908e-20
0
0
0
5.3383218e-20
0
0
0
-1.3238618e-20
1.1527114e-20
0
0
0
0
0
0
3.2060301e-20
-1.0006274e-20
0
0
-1.8978371e-20
0
0
-3.7501226e-20
0
0
0
2.6658484e-20
0
0
-3.1853965e-20
4.1260634e-20
-3.0799232e-20
0
2.9781181e-20
0
0
0
0
0
1.8458214e-20
0
2.6050663e-20
4.320255e-20
0
0
0
0
3.0937348e-20
0
4.4118836e-20
0
0
0
2.7974187e-20
-5.5020358e-20
0
3.91567e-20
-5.233278e-20
0
1.1901754e-20
0
0
4.8158554e-20
-2.3683559e-20
0
-3.3616265e-20
0
0
-2.180658e-20
-4.1395572e-20
3.0898651e-20
0
2.987714e-20
0
-2.8891123e-20
0
0
0
0
0
0
0
0
3.2646376e-20
0
0
0
2.3266091e-20
0
-7.0013382e-21
0
-7.0591853e-20
0
-1.4552124e-20
0
0
-2.625012e-20
0
-1.3447995e-20
0
-1.303295e-20
0
0
5.7668851e-20
-1.0739815e-20
0
0
0
0
-9.8308693e-21
-3.0481377e-20
2.0484207e-20
-9.3228613e-21
-2.8984021e-20
3.7501226e-20
0
-3.625022e-20
0
-8.3842158e-21
0
0
0
0
0
0
0
0
0
0
0
0
0
0
0
0
0
0
0
0
0
0
0
-6.9776599e-21
0
0
0
0
0
0
-3.8496667e-20
0
0
1.1693104e-20
0
0
-2.3683559e-20
0
0
0
0
0
-5.2873842e-20
-6.1797303e-20
0
0
0
0
0
0
2.7475978e-20
-1.7009909e-20
0
0
1.7636743e-20
0
0
0
0
0
-2.3266091e-20
0
0
2.9020261e-20
2.8537908e-20
0
0
0
5.3383218e-20
0
0
0
-1.3238618e-20
1.1527114e-20
0
0
0
0
0
0
3.2060301e-20
-1.0006274e-20
0
0
-1.8978371e-20
0
0
-3.7501226e-20
0
0
0
2.6658484e-20
0
0
0
0
0
0
0
0
0
0
0
0
0
0
0
0
0
0
0
0
0
0
0
-6.9776599e-21
0
0
0
0
0
0
-3.8496667e-20
0
0
1.1693104e-20
0
0
-2.3683559e-20
0
0
0
0
0
-5.2873842e-20
-6.1797303e-20
0
0
0
0
0
0
2.7475978e-20
-1.7009909e-20
0
0
1.7636743e-20
0
0
0
0
0
-2.3266091e-20
0
0
2.9020261e-20
2.8537908e-20
0
0
0
5.3383218e-20
0
0
0
-1.3238618e-20
1.1527114e-20
0
0
0
0
0
0
3.2060301e-20
-1.0006274e-20
0
0
-1.8978371e-20
0
0
-3.7501226e-20
0
0
0
2.6658484e-20
2.1863829e-20
0
-1.1891935e-20
0
0
4.4167441e-20
0
-1.6021069e-20
0
0
0
-1.1673298e-20
0
-2.4415477e-20
-2.5822601e-20
2.731617e-20
-2.8901476e-20
-3.0584156e-20
1.6938009e-20
1.7885871e-20
0
9.2269946e-21
-3.0887028e-20
0
-1.1033763e-20
-3.6640258e-20
0
0
-2.0642197e-20
2.2616743e-20
0
0
0
0
2.2836628e-20
0
0
3.5516021e-20
0
2.0664032e-20
-2.184075e-20
0
0
0
0
0
0
0
0
3.6278048e-20
3.841381e-20
0
-1.0395269e-20
3.4607122e-20
0
0
2.886045e-20
0
1.0555456e-20
1.1203787e-20
0
0
0
0
0
0
0
0
0
0
0
0
0
0
0
0
0
0
0
0
0
0
0
-6.1569042e-20
-3.6060954e-20
0
0
0
0
0
0
0
0
0
0
0
0
-2.0664043e-20
0
0
0
0
0
2.8901473e-20
3.0584143e-20
2.4654083e-20
0
-2.7585013e-20
0
3.0887027e-20
0
-1.1033763e-20
0
0
0
0
2.1110918e-20
0
2.5289712e-20
0
-5.6602212e-20
-2.9946904e-20
-1.6599819e-20
0
0
9.0247925e-21
0
0
1.0791962e-20
0
0
0
0
-2.3314571e-20
0
0
3.6278072e-20
-3.8413835e-20
0
0
0
-2.6454493e-20
-3.6813876e-20
0
0
0
0
0
0
0
0
0
0
0
0
-9.5791001e-21
0
0
0
0
0
1.5203653e-20
0
0
0
0
-9.2269935e-21
0
-1.5516107e-20
-3.2845766e-20
-1.8138267e-20
-3.681387e-20
-3.8982537e-20
0
0
0
0
0
-2.8301103e-20
-2.9946894e-20
0
-9.5163702e-21
0
3.7604973e-20
3.0243132e-20
0
-1.2297795e-20
1.1454813e-20
0
-4.0221322e-20
0
0
0
0
2.7584995e-20
9.2269946e-21
0
0
0
3.4770704e-20
0
0
0
0
0
0
0
0
0
0
0
2.701348e-20
0
0
0
0
0
0
0
0
3.0584143e-20
0
0
0
4.0064994e-20
2.2369176e-20
0
0
0
0
0
0
0
0
0
0
0
0
0
0
0
0
0
0
0
1.1454813e-20
0
-2.7316179e-20
0
0
0
0
2.5444389e-20
0
0
-3.1032225e-20
0
0
0
0
0
0
0
0
0
0
0
2.4146799e-20
0
0
0
0
0
0
0
0
0
0
0
0
0
0
0
-2.9323623e-20
0
0
0
0
9.3691765e-21
0
0
0
0
2.6750553e-20
0
0
0
0
0
0
0
0
0
0
0
0
0
0
-2.2669426e-20
0
0
0
0
0
0
0
3.6813872e-20
0
-4.1284416e-20
0
0
0
0
0
0
0
0
0
0
3.0243132e-20
0
0
0
0
0
4.4105132e-20
0
0
2.4768481e-20
0
0
0
0
0
1.8138268e-20
0
6.8595914e-20
9.9446411e-21
0
0
0
2.6750534e-20
0
0
0
0
2.701348e-20
3.7604973e-20
-9.5791001e-21
0
-1.0791957e-20
0
0
0
0
-2.2154101e-20
0
-3.6399802e-20
0
0
0
7.3815953e-21
2.5010778e-20
0
0
0
0
-4.372766e-20
0
1.3397767e-20
0
0
0
0
0
-1.8510928e-20
0
0
1.0167458e-20
0
0
-2.5822601e-20
0
0
1.0324136e-20
0
0
0
0
0
0
0
0
0
0
3.1339784e-20
0
0
0
0
0
0
0
3.3547972e-20
0
9.0247925e-21
0
0
0
0
1.8020049e-20
0
-4.0412655e-20
0
0
-1.313716e-20
0
0
2.9323611e-20
0
0
-3.47707e-20
0
2.9613369e-20
4.128439e-20
0
3.5117182e-20
0
2.6750539e-20
0
0
0
0
0
0
0
0
0
3.328879e-20
-2.7406541e-20
0
-2.095925e-20
-3.247824e-20
0
0
2.6197308e-20
1.3104024e-20
-2.9323613e-20
-2.365063e-20
5.0021569e-20
-9.8220523e-21
3.8319724e-20
0
0
2.1110909e-20
0
-3.7181644e-20
-3.9372894e-20
0
-4.4167423e-20
0
3.3547976e-20
-1.8510935e-20
1.9555414e-20
0
2.1840761e-20
-1.6079482e-20
0
0
0
0
3.2478248e-20
2.3422351e-20
1.3137165e-20
-2.619731e-20
0
0
-2.365063e-20
0
3.4770726e-20
1.9159857e-20
9.3691774e-21
3.1339771e-20
0
0
0
0
1.3397634e-20
0
2.2640975e-20
3.3547974e-20
0
0
0
0
0
0
0
0
0
0
0
-1.3137158e-20
0
0
0
0
0
0
0
0
0
0
0
0
-1.4128184e-20
0
0
0
0
0
0
0
0
3.2158953e-20
0
1.8772971e-20
3.8161243e-20
0
0
0
0
-2.619731e-20
0
2.9323611e-20
-1.6269032e-20
0
0
0
0
-3.1339764e-20
0
0
0
2.6750539e-20
0
0
-3.9240777e-20
-2.5537426e-20
0
-3.9203477e-20
0
7.2198298e-21
1.5326563e-20
0
0
0
0
0
0
0
0
1.3104025e-20
2.9323631e-20
3.1032217e-20
0
0
0
0
0
0
0
0
0
0
0
0
0
0
0
0
0
0
0
0
0
-3.0685954e-20
0
0
0
6.4740335e-20
1.310403e-20
4.3232499e-20
0
0
0
0
0
0
0
0
-3.7181649e-20
0
0
0
0
0
0
0
2.8713998e-20
0
0
0
0
-9.1638515e-21
0
1.0324137e-20
0
0
0
0
0
0
0
0
0
0
-9.9446413e-21
0
0
0
0
-4.1698727e-20
-4.4167441e-20
0
-3.563512e-20
4.9806557e-20
0
0
0
0
0
0
0
0
0
0
0
0
0
0
0
0
0
0
-9.3691751e-21
0
0
0
0
1.262235e-20
-2.8301108e-20
0
0
0
2.5656197e-20
-2.7139544e-20
0
0
0
0
-3.60401e-20
0
2.095925e-20
0
0
0
0
-6.8531799e-20
3.627807e-20
0
-2.5010787e-20
0
-3.681387e-20
0
-2.1395127e-20
0
0
0
0
0
2.17016e-20
0
2.4258686e-20
0
0
-2.8713993e-20
0
3.2158953e-20
0
3.6040112e-20
0
0
1.0324136e-20
0
2.4768481e-20
0
0
0
0
0
3.4770698e-20
-3.6813876e-20
0
0
0
-1.120378e-20
-1.1891935e-20
-1.8678973e-20
0
0
0
3.563512e-20
0
0
0
0
0
0
0
0
0
-3.2478233e-20
0
0
0
0
-2.2369176e-20
0
0
2.6454493e-20
0
2.9613366e-20
0
0
0
2.6086006e-20
0
0
-3.1799479e-20
3.3660156e-20
0
-3.7731373e-20
-1.2816853e-20
0
0
-1.68324e-20
3.4041708e-20
0
0
-4.0412653e-20
0
-2.3422344e-20
-1.3137162e-20
2.6197308e-20
4.0817912e-20
0
0
-1.7175802e-20
-8.3162193e-21
0
2.9613368e-20
-2.1395115e-20
2.2616747e-20
0
0
0
0
0
0
-1.0536785e-20
0
0
0
0
0
0
0
-1.0536785e-20
0
0
0
0
0
0
0
0
0
-3.3116191e-20
0
-3.3116191e-20
0
0
0
0
0
0
0
0
0
-3.3116191e-20
-3.3116191e-20
-3.3116191e-20
0
0
0
0
0
0
0
0
0
0
0
0
0
0
0
0
0
0
0
0
0
0
-1.0536785e-20
0
0
-6.2573968e-20
-6.2573968e-20
9.9270492e-21
-6.2573968e-20
-6.2573968e-20
-6.2573968e-20
-3.1286984e-20
-6.2573968e-20
-6.2573968e-20
-6.2573968e-20
-6.2573968e-20
-6.2573968e-20
-6.2573968e-20
-6.2573968e-20
-3.1286984e-20
-6.2573968e-20
-6.2573968e-20
-3.1286984e-20
-6.2573968e-20
3.1286984e-20
-6.2573968e-20
0
-6.2573968e-20
3.1286984e-20
3.1286984e-20
2.1359935e-20
0
2.1359935e-20
3.1286984e-20
0
0
0
0
0
0
2.1359935e-20
3.1286984e-20
0
0
2.1359935e-20
-3.1286984e-20
-6.2573968e-20
0
-6.2573968e-20
0
-6.2573968e-20
3.1286984e-20
-6.2573968e-20
-6.2573968e-20
9.9270492e-21
-6.2573968e-20
-6.2573968e-20
-6.2573968e-20
-6.2573968e-20
-6.2573968e-20
-6.2573968e-20
-6.2573968e-20
-6.2573968e-20
-6.2573968e-20
-6.2573968e-20
-6.2573968e-20
-3.1286984e-20
-6.2573968e-20
-6.2573968e-20
0
0
0
0
0
0
0
0
0
0
0
0
0
0
0
0
0
9.3526051e-21
0
-9.3526051e-21
0
0
0
-9.3526051e-21
0
0
0
0
0
0
0
0
0
0
0
0
0
0
0
0
9.3526051e-21
0
0
0
0
0
-9.3526051e-21
0
0
0
0
0
0
0
0
0
0
0
0
0
0
0
0
0
0
0
-1.9128628e-20
0
0
0
-8.8113957e-21
0
0
0
-1.9128628e-20
0
0
0
-8.8113957e-21
0
0
-1.7622791e-20
0
-1.7622791e-20
0
-1.7622791e-20
0
-1.7622791e-20
0
0
0
0
0
0
0
0
0
0
0
0
0
0
0
0
-1.7622791e-20
0
-1.7622791e-20
0
-1.7622791e-20
0
-1.7622791e-20
0
0
-1.9128628e-20
0
0
0
-1.9128628e-20
0
0
0
-1.9128628e-20
0
0
0
-8.8113957e-21
0
0
0
0
0
0
0
0
0
0
0
0
0
0
0
0
0
0
0
1.8108855e-20
0
-1.8108855e-20
0
0
0
-1.8108855e-20
0
0
0
0
0
0
0
0
0
0
0
0
0
0
0
0
1.8108855e-20
0
0
0
0
0
-1.8108855e-20
0
0
0
0
0
0
0
0
0
0
0
0
0
0
0
0
0
0
0
2.496921e-20
0
0
0
0
0
0
0
2.496921e-20
0
0
0
0
0
0
2.496921e-20
0
0
0
2.496921e-20
0
0
-1.7148085e-20
-3.2790334e-20
-1.7148085e-20
-3.2790334e-20
-3.2790334e-20
0
0
0
0
0
0
0
-1.7148085e-20
-1.7148085e-20
-1.7148085e-20
-3.2790334e-20
2.496921e-20
0
2.496921e-20
0
2.496921e-20
0
0
0
0
2.496921e-20
0
0
0
2.496921e-20
0
0
0
2.496921e-20
0
0
0
0
0
0
0
0
0
0
0
0
-1.6242912e-20
0
0
0
0
0
0
0
-1.6242912e-20
0
0
3.0979987e-20
0
0
0
3.0979987e-20
0
0
-1.4737075e-20
-1.6242912e-20
-3.0979987e-20
-1.6242912e-20
0
0
0
0
0
0
0
0
-1.4737075e-20
-3.0979987e-20
-3.0979987e-20
-1.6242912e-20
3.0979987e-20
0
3.0979987e-20
0
3.0979987e-20
0
0
0
0
0
0
0
0
0
0
0
0
0
0
0
0
-1.6242912e-20
0
0
0
0
-3.6216553e-20
0
0
0
0
0
0
0
-3.6216553e-20
0
0
0
0
0
0
0
0
-1.5390123e-20
0
3.6216553e-20
0
-1.5390123e-20
0
0
0
0
0
0
0
0
0
0
0
0
0
0
0
0
0
0
3.6216553e-20
0
3.6216553e-20
0
-1.5390123e-20
0
0
-3.6216553e-20
0
0
0
-3.6216553e-20
0
0
0
-3.6216553e-20
0
0
0
0
0
0
0
0
-2.766753e-20
0
0
0
4.0748377e-20
0
0
0
1.3080847e-20
0
0
0
4.0748377e-20
0
0
-1.4586683e-20
0
1.4586683e-20
0
0
0
1.4586683e-20
-1.4586683e-20
0
-1.4586683e-20
0
0
0
0
0
0
0
0
0
-1.4586683e-20
-1.4586683e-20
-1.4586683e-20
0
-1.4586683e-20
0
0
0
0
0
1.4586683e-20
0
0
-2.766753e-20
0
0
0
1.3080847e-20
0
0
0
1.3080847e-20
0
0
0
4.0748377e-20
0
0
0
0
0
0
0
0
3.8477532e-20
0
0
0
-1.3829735e-20
0
0
0
3.8477532e-20
0
0
-2.6153633e-20
0
2.6153633e-20
0
0
0
2.6153633e-20
0
2.6153633e-20
2.6153633e-20
2.6153633e-20
0
0
0
0
0
0
0
0
0
2.6153633e-20
2.6153633e-20
2.6153633e-20
-2.6153633e-20
0
0
0
0
0
2.6153633e-20
0
0
0
0
0
0
-1.3829735e-20
0
0
0
-1.3829735e-20
0
0
0
3.8477532e-20
0
0
0
0
2.472734e-20
0
0
0
0
0
0
0
2.472734e-20
0
0
0
0
0
0
0
0
1.1610752e-20
0
0
0
1.1610752e-20
0
0
0
0
0
0
0
0
0
0
0
0
0
0
0
0
0
0
0
0
0
0
1.1610752e-20
0
0
2.472734e-20
0
0
0
2.472734e-20
0
0
0
2.472734e-20
0
0
0
0
0
0
0
0
5.7706027e-20
0
0
0
-5.7706027e-20
0
0
0
0
0
0
0
-5.7706027e-20
0
0
0
0
0
0
0
0
0
0
-1.2444707e-20
0
-1.2444707e-20
0
0
0
0
0
0
0
-1.2444707e-20
0
0
0
-1.2444707e-20
0
0
0
0
0
0
0
0
0
5.7706027e-20
0
0
0
0
0
0
0
0
0
0
0
-5.7706027e-20
0
0
0
0
-1.030587e-20
0
0
0
0
0
0
0
3.2423447e-20
0
0
0
0
0
0
-4.2729317e-20
0
-4.2729317e-20
0
-4.2729317e-20
0
-4.2729317e-20
3.2423447e-20
0
3.2423447e-20
0
0
0
0
0
0
0
0
0
3.2423447e-20
3.2423447e-20
3.2423447e-20
0
-4.2729317e-20
0
-4.2729317e-20
0
-4.2729317e-20
0
-4.2729317e-20
0
0
-1.030587e-20
0
0
0
3.2423447e-20
0
0
0
3.2423447e-20
0
0
0
0
0
0
0
0
0
0
0
0
2.0924835e-20
0
0
0
0
0
0
0
2.0924835e-20
0
0
-5.155917e-20
0
-6.1268669e-20
0
-5.155917e-20
0
-6.1268669e-20
1.1215336e-20
0
1.1215336e-20
0
1.1215336e-20
-1.9418999e-20
-1.9418999e-20
-1.9418999e-20
-1.9418999e-20
-1.9418999e-20
-1.9418999e-20
-3.0634335e-20
1.1215336e-20
1.1215336e-20
1.1215336e-20
0
-5.155917e-20
0
-5.155917e-20
0
-5.155917e-20
0
-6.1268669e-20
0
0
0
0
0
0
0
0
0
0
0
0
0
0
2.0924835e-20
0
0
0
0
0
0
0
0
0
0
0
0
0
0
0
0
0
0
0
0
0
0
0
0
0
0
0
0
0
0
0
0
0
0
0
0
0
0
0
0
0
0
0
0
0
0
0
0
0
0
0
0
0
0
0
0
0
0
0
0
0
0
0
0
0
0
2.7360719e-20
2.7360719e-20
0
2.7360719e-20
2.7360719e-20
2.7360719e-20
0
2.7360719e-20
2.7360719e-20
2.7360719e-20
0
2.7360719e-20
2.7360719e-20
2.7360719e-20
0
2.7360719e-20
2.7360719e-20
0
2.7360719e-20
0
2.7360719e-20
0
2.7360719e-20
0
0
0
0
0
0
0
0
0
0
0
0
0
0
0
0
0
0
2.7360719e-20
0
2.7360719e-20
0
2.7360719e-20
0
2.7360719e-20
2.7360719e-20
0
2.7360719e-20
2.7360719e-20
2.7360719e-20
0
2.7360719e-20
2.7360719e-20
2.7360719e-20
0
2.7360719e-20
2.7360719e-20
2.7360719e-20
0
2.7360719e-20
2.7360719e-20
0
0
3.3984159e-20
0
0
0
0
0
0
0
3.3984159e-20
0
0
0
0
0
0
-3.3984159e-20
0
3.3984159e-20
0
0
0
3.3984159e-20
-3.3984159e-20
0
-3.3984159e-20
0
0
0
0
0
0
0
0
0
-3.3984159e-20
-3.3984159e-20
-3.3984159e-20
0
-3.3984159e-20
0
0
0
0
0
3.3984159e-20
0
0
3.3984159e-20
0
0
0
3.3984159e-20
0
0
0
3.3984159e-20
0
0
0
0
0
0
0
0
0
0
0
0
-3.2104745e-20
0
0
0
-3.2104745e-20
0
0
0
-3.2104745e-20
0
0
0
0
0
0
0
0
0
0
0
0
0
0
0
0
0
0
0
0
0
0
0
0
0
0
0
0
0
0
0
0
0
0
0
0
0
0
-3.2104745e-20
0
0
0
-3.2104745e-20
0
0
0
-3.2104745e-20
0
0
0
0
0
0
0
0
0
0
0
0
0
0
0
0
0
0
0
0
0
0
0
0
0
0
0
0
0
0
0
0
0
0
0
0
0
0
0
0
0
0
0
0
0
0
0
0
0
0
0
0
0
0
0
0
0
0
0
0
0
0
0
0
0
0
0
0
0
0
0
0
0
0
0
0
0
0
0
0
0
0
0
-1.5085851e-20
0
0
0
-1.5085851e-20
0
0
0
2.8665865e-20
0
2.8665865e-20
2.8665865e-20
2.8665865e-20
2.8665865e-20
2.8665865e-20
2.8665865e-20
2.8665865e-20
2.8665865e-20
2.8665865e-20
0
0
0
2.8665865e-20
-1.5085851e-20
0
-1.5085851e-20
0
-1.5085851e-20
0
0
0
0
0
0
0
0
0
0
0
0
0
0
0
0
0
0
0
0
0
0
0
0
0
2.7094201e-20
0
0
0
0
0
0
0
2.7094201e-20
0
0
0
0
3.9888384e-20
0
0
0
3.9888384e-20
0
0
0
0
0
0
0
0
0
0
0
0
0
0
0
0
0
0
0
0
0
0
3.9888384e-20
0
0
0
0
0
0
0
0
0
0
0
0
0
0
2.7094201e-20
0
0
0
0
-1.3559657e-20
0
0
0
0
0
0
0
-1.3559657e-20
0
0
0
0
0
0
0
0
-2.5613477e-20
0
0
0
-2.5613477e-20
0
0
0
0
0
0
0
0
0
0
0
0
0
0
0
0
0
0
0
0
0
0
-2.5613477e-20
0
0
-1.3559657e-20
0
0
0
-1.3559657e-20
0
0
0
-1.3559657e-20
0
0
0
0
0
0
0
0
1.2862139e-20
0
0
0
-1.2862139e-20
0
0
0
0
0
0
0
-1.2862139e-20
0
0
-3.5574745e-20
0
0
0
-3.5574745e-20
0
0
0
0
0
0
0
0
0
0
0
0
0
0
0
0
0
0
-3.5574745e-20
0
-3.5574745e-20
0
-3.5574745e-20
0
0
0
0
1.2862139e-20
0
0
0
0
0
0
0
0
0
0
0
-1.2862139e-20
0
0
0
0
0
0
0
0
0
0
0
0
0
0
0
0
0
0
0
0
0
2.2904133e-20
0
0
0
2.2904133e-20
-1.2204985e-20
1.2204985e-20
0
1.2204985e-20
-1.2204985e-20
0
0
0
0
0
0
1.2204985e-20
-1.2204985e-20
0
0
1.2204985e-20
0
0
0
0
0
0
2.2904133e-20
0
0
0
0
0
0
0
0
0
0
0
0
0
0
0
0
0
0
0
1.1585856e-20
0
0
0
0
0
0
0
1.1585856e-20
0
0
0
0
0
0
2.1665876e-20
0
6.3491792e-20
0
2.1665876e-20
0
6.3491792e-20
-2.1665876e-20
0
-2.1665876e-20
0
0
0
0
0
0
0
0
0
-2.1665876e-20
-2.1665876e-20
-2.1665876e-20
0
2.1665876e-20
0
2.1665876e-20
0
2.1665876e-20
0
6.3491792e-20
0
0
1.1585856e-20
0
0
0
1.1585856e-20
0
0
0
1.1585856e-20
0
0
0
0
0
0
0
0
2.0499274e-20
0
0
0
-9.4967187e-21
0
0
0
0
0
0
0
-9.4967187e-21
0
0
0
0
-5.0495266e-20
0
0
0
-5.0495266e-20
0
6.9488704e-20
0
6.9488704e-20
0
0
0
0
0
0
0
6.9488704e-20
0
0
0
6.9488704e-20
0
0
0
0
0
0
-5.0495266e-20
0
0
2.0499274e-20
0
0
0
0
0
0
0
0
0
0
0
-9.4967187e-21
0
0
0
0
0
0
0
0
0
0
0
0
0
0
0
0
0
0
0
0
0
0
0
0
0
0
0
0
0
0
0
0
0
0
0
0
0
0
0
0
0
0
0
0
0
0
0
0
0
0
0
0
0
0
0
0
0
0
0
0
0
0
0
0
0
0
0
0
0
0
0
0
2.6794115e-20
0
0
0
2.6794115e-20
0
0
0
2.6794115e-20
0
0
0
0
0
0
0
0
0
0
0
0
0
0
0
0
0
0
0
0
0
0
0
0
0
0
0
0
0
0
0
0
0
0
0
0
0
0
2.6794115e-20
0
0
0
2.6794115e-20
0
0
0
2.6794115e-20
0
0
1.3123553e-20
0
-2.6840761e-20
0
-2.596026e-20
0
0
0
2.4290025e-20
0
0
0
1.0614013e-20
-2.0855885e-20
3.224124e-20
1.0065525e-20
0
0
0
0
-2.9146776e-20
9.0521274e-21
1.9292718e-20
0
0
3.5241296e-20
3.4649907e-20
1.7787352e-20
0
0
0
1.6675321e-20
2.3861172e-20
0
0
0
0
-2.8790271e-20
0
-1.4673934e-20
-2.7380324e-20
0
2.6481102e-20
1.226871e-20
0
-1.1842326e-20
0
1.2936593e-20
0
0
0
1.0650033e-20
1.0463332e-20
0
5.3510087e-20
0
0
-3.0239284e-20
9.4098601e-21
0
1.9671517e-20
-1.7847221e-20
0
0
0
0
2.6010975e-20
0
-2.5159341e-20
-3.2491004e-20
0
0
-1.6197803e-20
0
-2.9868573e-20
2.9371346e-20
-2.8882855e-20
0
6.9075671e-20
0
-3.9766601e-20
-2.6565854e-20
-7.6873855e-20
0
2.5270841e-20
0
-2.4444903e-20
0
-1.1070935e-20
0
0
2.2503521e-20
0
0
1.3440266e-20
3.6681462e-20
0
0
2.3744448e-20
0
0
1.2050544e-20
0
0
0
3.0979351e-20
3.0462664e-20
-2.9955016e-20
0
0
0
1.917658e-20
0
-1.8562446e-20
0
-3.4433491e-20
0
0
0
-2.4514858e-20
0
0
1.4546679e-20
-3.0089171e-20
-2.9588092e-20
0
4.2165269e-20
0
4.0752182e-20
0
-3.9388204e-20
2.6318025e-20
0
2.5455696e-20
0
0
1.1356122e-20
3.4976961e-20
0
0
0
0
0
3.1607068e-20
-9.8578471e-21
9.6850356e-21
0
2.95512e-20
2.905944e-20
1.9552982e-20
0
0
0
2.6727511e-20
0
0
-2.5424208e-20
1.7171896e-20
-3.2288625e-20
0
7.4282465e-21
0
0
0
0
-4.3809107e-20
0
0
0
0
-2.6402256e-20
0
0
0
3.6299823e-20
3.5689812e-20
-1.1194893e-20
0
2.311748e-20
0
2.2366416e-20
0
3.1709227e-20
0
0
-2.4394734e-20
0
-5.8245228e-20
0
0
0
0
0
0
0
0
0
3.8529815e-20
0
0
0
0
0
0
3.4218508e-20
3.3645041e-20
0
0
0
0
0
0
0
2.9404739e-20
0
0
0
1.2996704e-20
0
0
0
0
0
2.488223e-20
0
0
0
-1.0889887e-20
-2.2903801e-20
0
0
0
0
0
0
0
0
9.124596e-21
-1.943509e-20
0
0
2.7010066e-20
0
0
2.5692023e-20
0
0
0
0
0
-7.2503737e-21
0
0
0
2.8526491e-20
0
4.0628254e-20
0
-3.9268608e-20
0
0
0
-1.3233711e-20
0
2.4146381e-20
0
-2.3359555e-20
0
0
0
0
6.3024153e-20
0
0
0
0
0
-1.078219e-20
0
0
-6.4361772e-20
0
0
4.0292383e-20
-3.9612432e-20
0
0
0
0
0
1.8640842e-20
-1.6834608e-20
1.8045331e-20
0
0
0
0
-3.1785234e-20
0
3.073291e-20
-1.4357355e-20
0
0
0
0
2.7790307e-20
-2.7329531e-20
0
0
-5.1990156e-20
0
0
-2.4729594e-20
0
0
0
-3.3962181e-20
0
0
0
1.0079862e-20
-2.1312147e-20
-3.0694473e-20
0
-2.9680052e-20
9.2267701e-21
9.0650167e-21
0
0
-3.589216e-20
0
0
0
0
0
0
3.1887969e-20
-3.1355344e-20
0
0
2.2736137e-20
2.9316688e-20
0
2.8350124e-20
0
-4.0372896e-20
-2.696288e-20
1.4011259e-20
-3.8364348e-20
0
0
-3.6459671e-20
0
0
0
1.0855483e-20
0
0
0
1.0114067e-20
0
0
0
3.9198986e-20
0
2.879319e-20
0
-1.9065168e-20
-3.2524396e-20
-3.1980619e-20
3.144639e-20
0
0
-9.4644565e-21
-2.9401444e-20
2.891241e-20
0
0
0
0
-3.4955252e-20
-3.4368863e-20
3.3792756e-20
-5.059301e-20
0
0
0
-1.6283022e-20
-2.3283022e-20
-4.5802518e-20
0
0
5.7117842e-20
-1.3289407e-20
1.3056441e-20
0
0
1.3887574e-20
-2.5835199e-20
1.1951428e-20
0
0
0
0
0
0
-2.2625294e-20
0
2.1891306e-20
-1.0014053e-20
-2.1182845e-20
9.6660234e-21
-2.9995557e-20
-2.9496114e-20
-2.9005424e-20
-9.0058342e-21
5.6099407e-20
0
0
0
0
0
0
3.2776472e-20
-4.9095157e-20
0
-3.1160439e-20
0
-2.2973851e-20
0
2.9135078e-20
-1.5078289e-20
0
0
0
-2.6796734e-20
0
0
0
3.6851162e-20
-3.6231468e-20
0
-3.5024627e-20
1.0977058e-20
2.307509e-20
-2.2696996e-20
-2.2325504e-20
0
-3.1649955e-20
0
4.03012e-20
0
0
0
-3.7651374e-20
-1.9261823e-20
0
0
0
-1.6543232e-20
0
0
0
0
0
0
2.7787203e-20
0
0
0
0
0
0
-3.2467172e-20
0
0
0
0
0
0
0
0
0
4.0419407e-20
0
0
0
0
0
-1.3171078e-20
0
0
0
3.4111353e-20
0
0
0
1.012619e-20
0
-9.774265e-21
0
0
0
9.1066778e-21
0
0
0
0
0
0
-3.3690805e-20
-2.5221392e-20
0
0
4.7991736e-20
0
0
-1.4218623e-20
0
0
2.8473464e-20
0
0
0
0
2.6191158e-20
0
0
0
0
0
0
4.5127379e-20
-3.3648501e-20
-3.3084989e-20
0
0
0
-3.0928175e-20
0
0
0
0
0
0
0
-1.8532785e-20
0
0
0
0
0
0
0
3.694005e-20
2.7615601e-20
-1.8607195e-20
0
-3.4519885e-20
0
-1.7439174e-20
0
0
0
-1.4845088e-20
3.0675525e-20
0
0
0
0
0
6.859387e-20
5.4557643e-20
0
0
0
0
1.1795866e-20
0
0
0
0
0
-1.0608257e-20
0
0
-4.1746134e-20
0
-2.0926725e-20
3.0126481e-20
9.372965e-21
0
0
0
3.643702e-20
0
0
0
0
0
0
0
0
0
3.0774521e-20
-2.3072532e-20
0
2.2323032e-20
0
0
2.7827683e-20
0
0
0
0
0
-6.21912e-20
0
0
0
0
0
0
0
0
0
0
0
0
0
0
0
0
-3.6555556e-20
0
-1.8421632e-20
0
0
0
-3.3026767e-20
0
-3.1931269e-20
0
0
0
0
0
-3.4304335e-20
0
0
0
0
0
0
0
0
0
0
0
0
0
0
0
0
0
0
0
2.4532669e-20
0
0
0
0
0
0
0
0
0
-2.0799922e-20
0
-3.8752911e-20
0
2.8470293e-20
0
0
0
0
0
0
4.1213418e-20
0
0
0
0
0
0
-7.0167567e-21
0
0
0
0
0
0
0
0
2.5442693e-20
0
-2.4610809e-20
1.1349974e-20
0
6.8744819e-20
-1.0763447e-20
0
-3.2673981e-20
0
0
0
0
0
0
0
0
0
0
0
0
-3.4527338e-20
0
0
0
3.227202e-20
0
0
0
0
0
0
0
0
0
0
0
0
0
0
0
0
0
0
0
0
0
0
0
0
0
0
-1.1438242e-20
0
0
0
0
-1.0470186e-20
0
0
0
0
0
0
0
0
0
0
1.8744105e-20
0
0
0
0
0
0
4.7198648e-20
0
0
0
0
0
0
0
0
0
0
0
0
0
0
0
0
0
0
0
0
0
0
0
0
0
0
0
0
0
0
0
0
0
0
3.4311784e-20
0
-3.3171612e-20
0
0
0
-1.6257318e-20
0
0
0
0
0
0
0
0
0
0
-2.3340161e-20
0
0
0
0
0
0
0
0
0
0
0
0
0
0
0
0
0
-3.3268134e-20
0
0
-3.1626816e-20
5.2333214e-20
0
9.5214883e-21
0
0
0
0
0
0
0
0
0
0
0
0
0
0
0
3.0204976e-20
0
0
0
0
0
0
0
0
0
1.3529288e-20
0
-2.4717045e-20
0
0
0
0
0
0
0
0
-4.1097002e-20
9.7242857e-21
-2.0613426e-20
0
0
0
0
0
-2.728158e-20
0
0
0
0
0
-7.7268922e-21
0
-3.1339211e-20
-1.4655187e-20
0
0
-2.9301554e-20
0
0
4.1044966e-20
0
0
0
0
0
-4.4128824e-20
0
0
0
0
0
0
0
0
0
0
0
0
0
0
0
0
0
0
0
4.1404916e-20
0
-9.6281087e-21
9.4593235e-21
-2.9386309e-20
0
-1.9446854e-20
0
1.8823324e-20
0
0
0
0
0
0
0
-4.6603958e-20
0
3.0526361e-20
0
0
0
0
-1.3282206e-20
0
0
3.9293364e-20
0
0
0
0
0
0
-1.1129098e-20
3.4307907e-20
0
0
0
0
-1.0008613e-20
0
0
0
0
0
0
0
2.7570237e-20
0
0
0
0
0
-4.0572864e-20
0
0
0
0
0
0
0
0
0
-2.76931e-20
1.286413e-20
0
0
0
0
0
1.3074778e-20
0
0
2.7807547e-20
-2.7346454e-20
0
0
0
0
0
0
0
0
0
0
0
0
0
0
0
0
0
2.0300953e-20
0
9.0709575e-21
0
0
0
0
0
1.782121e-20
0
0
0
0
0
0
0
0
0
2.8847026e-20
0
0
0
0
3.9046644e-20
0
0
0
0
0
2.4013291e-20
0
0
0
3.2961103e-20
0
0
0
0
0
0
0
0
0
0
0
-2.6946096e-20
0
0
0
0
0
-7.6263077e-21
3.8968954e-20
0
1.4464431e-20
0
0
0
0
5.5972743e-20
0
0
0
-2.6177718e-20
-2.5745275e-20
0
1.1698501e-20
0
0
0
0
0
3.9338613e-20
-3.8675397e-20
-1.2172648e-20
0
0
0
0
0
0
0
0
-1.0381405e-20
0
0
0
0
0
0
0
-3.755275e-20
-3.6920833e-20
0
0
1.8298299e-20
0
0
0
-3.2796906e-20
0
-1.5101787e-20
0
0
1.4321394e-20
3.6681683e-20
0
-4.2249842e-20
0
0
-1.4385354e-20
0
0
0
-3.7505355e-20
7.3748534e-20
0
0
-2.3866338e-20
0
0
0
0
0
3.16697e-20
0
0
-2.0575878e-20
0
0
0
0
0
3.5806029e-20
0
0
0
0
0
0
0
0
-2.3445481e-20
1.4369991e-20
1.5623931e-20
0
0
0
0
0
0
0
-1.2255412e-20
2.5586998e-20
0
0
0
0
-2.3548923e-20
0
0
0
0
0
-2.5268172e-20
0
0
0
0
1.0875628e-20
0
-3.2998801e-20
0
1.0132825e-20
0
0
0
0
0
2.8843766e-20
0
0
0
5.3953148e-20
-1.8188653e-20
0
0
3.31473e-20
0
0
0
3.0986183e-20
-2.3228478e-20
7.1139452e-21
-6.9892338e-21
4.2706092e-20
0
0
-4.0577032e-20
3.9892105e-20
0
-2.6207291e-20
0
0
2.4930839e-20
1.1507178e-20
1.1305444e-20
3.4827599e-20
0
0
1.2039119e-20
0
0
0
-9.8138561e-21
0
0
-2.9425984e-20
9.1435847e-21
0
0
0
1.8543992e-20
3.4984675e-20
0
0
2.531748e-20
2.4900041e-20
-4.8979893e-20
0
0
4.5098582e-20
0
0
0
-1.5044278e-20
-5.6216159e-20
-1.3067932e-20
1.4344674e-20
5.346675e-20
3.8683813e-20
0
0
-1.3258089e-20
2.459829e-20
3.5537318e-20
4.6085621e-20
0
-5.6799861e-20
0
0
0
2.1551586e-20
0
-3.0529443e-20
0
0
0
0
0
0
0
0
3.1176415e-20
-2.0939455e-20
0
0
0
0
0
0
0
3.5245123e-20
0
0
-3.3501618e-20
3.2940719e-20
0
0
-3.1316321e-20
0
0
0
0
0
0
-1.467542e-20
0
6.6571097e-20
0
0
-2.561583e-20
0
0
0
0
2.3575317e-20
0
-1.2157074e-20
0
0
-3.1808334e-20
9.9237585e-21
0
0
-9.4109446e-21
2.9243726e-20
-9.0838764e-21
0
0
3.5963748e-20
0
0
-3.4183e-20
0
0
0
0
0
0
0
-2.9871771e-20
0
2.8885962e-20
0
0
0
0
-2.5062866e-20
0
0
0
2.4856916e-20
1.1470862e-20
0
0
0
0
0
0
-4.2046362e-20
0
3.0854498e-20
-2.0728586e-20
0
0
0
0
0
0
0
0
0
0
-9.484135e-21
0
0
-1.9493924e-20
0
0
0
1.8265329e-20
0
-1.7682868e-20
0
0
0
0
3.1121662e-20
0
0
0
4.2895423e-20
0
-1.331705e-20
-1.3083594e-20
0
0
0
-3.8075788e-20
0
0
3.6186003e-20
0
0
0
-2.3046854e-20
0
0
-2.1933717e-20
0
0
-7.0814567e-20
0
2.9554324e-20
0
0
0
3.6349527e-20
2.7180483e-20
0
0
-5.1707552e-20
0
0
0
-3.1752469e-20
0
3.0701193e-20
0
-4.3776965e-20
0
0
0
0
0
0
0
0
0
0
0
2.4297718e-20
0
0
0
1.0617586e-20
-3.2800251e-20
0
0
0
-9.7189891e-21
0
0
0
0
0
0
0
0
-4.12484e-20
3.0790238e-20
0
0
-3.8534002e-20
2.8790107e-20
3.7247108e-20
0
-2.7380173e-20
0
0
3.4222203e-20
0
0
1.5512862e-20
1.5240918e-20
0
0
0
2.990575e-20
0
0
1.4972011e-20
-4.1196154e-20
-2.7502171e-20
1.2770307e-20
0
0
-2.5726617e-20
0
0
0
-4.8144676e-20
0
0
-3.36064e-20
0
2.2162457e-20
0
-3.1413915e-20
-4.0684209e-20
3.0374512e-20
-2.9868409e-20
0
0
0
0
0
0
0
0
0
0
1.7071341e-20
0
3.1554875e-20
3.8408861e-20
0
0
0
0
4.204145e-20
0
-1.3042288e-20
-1.281366e-20
0
3.8610802e-20
2.5808827e-20
6.2704113e-20
0
1.1523576e-20
3.5470451e-20
0
0
0
0
2.2232588e-20
-3.2050939e-20
0
0
0
0
0
2.8975582e-20
0
1.9182538e-20
-3.6239559e-20
0
0
0
0
0
-4.8309327e-20
1.9899043e-20
-2.8611971e-20
0
1.7442734e-20
1.8642783e-20
0
0
-2.588291e-20
0
0
0
0
1.6381813e-20
0
0
0
0
0
0
1.3143726e-20
0
2.6879699e-20
0
-1.2246006e-20
0
0
1.3119031e-20
0
0
0
-2.3145861e-20
0
0
1.0260879e-20
-2.1667842e-20
-2.1314391e-20
0
0
0
0
0
0
0
0
-1.8399498e-20
0
-5.1931292e-20
0
3.2985483e-20
0
-1.5192801e-20
0
0
0
2.9816035e-20
-2.9319891e-20
0
0
2.7882478e-20
0
0
0
0
-1.2072176e-20
3.7087397e-20
1.3158444e-20
3.5850821e-20
-1.2753483e-20
1.2556267e-20
3.4076069e-20
2.1332796e-20
4.3423528e-20
0
1.0115208e-20
3.1319493e-20
0
0
0
0
9.0968116e-21
0
0
-5.4771996e-20
3.540789e-20
-3.4813454e-20
2.6048683e-20
0
0
0
0
0
2.7962893e-20
0
0
0
0
4.9941664e-20
0
0
0
0
0
0
-2.2903667e-20
0
0
0
0
0
0
0
0
0
0
0
-1.1537361e-20
0
0
0
0
0
0
0
3.1551367e-20
0
0
0
-3.8830408e-20
0
-3.7533234e-20
0
0
-1.8588673e-20
0
0
0
0
0
0
0
-1.4829001e-20
0
0
0
0
0
0
0
0
0
0
0
0
0
0
0
2.3854202e-20
0
0
0
0
0
-3.165332e-20
6.2249709e-20
3.0605586e-20
0
0
0
9.0374253e-21
0
0
0
0
0
-1.7760866e-20
0
0
0
0
0
0
0
0
3.4740594e-20
0
-2.5565629e-20
0
0
0
0
0
0
-1.417209e-20
0
0
0
1.4709966e-20
-2.7451127e-20
0
0
0
0
2.5255291e-20
0
0
0
-3.4696903e-20
0
0
0
0
0
0
0
-2.0713832e-20
-2.0377095e-20
0
0
-2.8349963e-20
-1.9088193e-20
0
0
0
-3.4268788e-20
1.7600142e-20
0
-1.7040795e-20
1.526262e-20
3.1495948e-20
0
-1.5979754e-20
0
0
0
0
0
0
0
0
0
3.7888671e-20
0
0
0
0
0
-2.3319088e-20
2.1430871e-20
3.3088538e-20
2.2191878e-20
-3.1990936e-20
-3.1456553e-20
0
0
0
0
-9.1386122e-21
-1.9462643e-20
0
0
3.5563665e-20
0
-1.794291e-20
0
0
-3.2681188e-20
3.2134638e-20
0
0
1.4523054e-20
0
0
-2.9050945e-20
0
0
0
0
-3.1729209e-20
0
0
3.016741e-20
0
0
0
0
0
0
-2.6829879e-20
0
0
0
0
0
0
2.3880987e-20
2.3488741e-20
0
1.0609458e-20
0
0
0
0
0
0
9.3740274e-21
0
0
5.6349391e-20
0
0
0
0
0
0
0
0
0
2.3851568e-20
0
0
0
0
0
0
4.2498997e-20
0
0
-2.6470377e-20
0
-5.1205585e-20
0
0
0
0
0
0
0
0
0
-3.1791939e-20
0
0
0
0
2.9228635e-20
0
0
0
0
0
0
0
-3.3592848e-20
0
0
0
-2.3927435e-20
0
0
2.9856459e-20
4.3286124e-20
0
0
0
0
-1.4253947e-20
0
0
0
-4.4217487e-20
0
0
-2.8508848e-20
0
0
0
0
0
0
-1.1929307e-20
0
0
0
0
0
0
0
-1.0355409e-20
0
3.1492393e-20
0
-4.0098364e-20
0
0
0
0
0
0
0
0
0
0
0
0
0
-1.6569813e-20
0
0
0
2.9576034e-20
-2.9083951e-20
0
0
1.3076502e-20
0
0
-3.8708143e-20
-1.368921e-20
0
2.5025752e-20
0
0
0
0
0
0
2.2286923e-20
0
0
0
-3.054848e-20
0
0
0
0
0
-1.0212023e-20
1.8613014e-20
3.5120327e-20
0
-3.3952102e-20
4.1352649e-20
0
0
0
0
0
3.0173873e-20
0
0
0
0
0
0
0
0
0
2.5526665e-20
0
0
-2.8811232e-20
0
0
0
-2.6946267e-20
0
0
0
0
0
0
0
0
0
0
0
0
0
0
-3.0774357e-20
0
0
0
2.877531e-20
0
0
0
0
2.6467407e-20
0
0
-2.5177505e-20
0
0
0
0
0
0
0
0
0
0
0
0
0
-1.2319805e-20
0
0
3.6555361e-20
1.2984196e-20
0
0
-5.7437695e-20
1.0694405e-20
0
0
0
0
0
0
9.4490658e-21
0
0
0
0
0
0
0
0
3.3740314e-20
-1.7340499e-20
-5.7461491e-20
-1.5284351e-20
-3.1538637e-20
0
0
2.2866511e-20
0
0
0
0
0
-5.273258e-20
2.6670263e-20
-3.8590629e-20
0
0
0
0
0
0
0
-1.2862658e-20
0
0
0
0
0
0
0
0
0
0
0
0
0
0
0
0
0
0
0
0
-2.8122346e-20
0
0
0
0
0
0
2.5022956e-20
0
0
0
0
0
0
0
0
0
0
0
0
0
0
0
0
-1.1606896e-20
0
0
0
0
0
1.0438312e-20
0
0
0
0
0
0
9.2227994e-21
0
0
0
0
0
0
0
0
0
0
0
0
0
-4.6211347e-20
0
0
0
4.1755031e-20
0
5.4812115e-20
3.9675094e-20
0
0
3.7702642e-20
0
2.4798375e-20
-1.1442132e-20
0
0
0
0
0
0
0
0
0
0
1.1290648e-20
2.3691264e-20
-2.330234e-20
0
0
0
0
-2.1457627e-20
3.0908874e-20
0
0
0
0
0
0
0
0
5.3164252e-20
3.4354757e-20
1.7642357e-20
0
0
-1.6808503e-20
-2.4057427e-20
0
3.0529625e-20
2.2892078e-20
0
0
1.3520725e-20
0
0
0
0
0
0
6.274317e-20
1.3242703e-20
-3.6099177e-20
1.1328966e-20
0
0
0
3.317143e-20
0
0
-3.1535091e-20
-3.1008667e-20
0
0
0
-9.1626215e-21
0
0
0
0
-1.8280093e-20
0
0
2.5367034e-20
3.2762972e-20
0
0
0
3.0628068e-20
0
0
0
-2.863906e-20
0
0
-1.286557e-20
-5.3571795e-20
0
0
0
-3.683598e-20
1.1570244e-20
-2.4240638e-20
0
0
1.0780009e-20
0
2.2316544e-20
0
0
0
-3.6368223e-20
-2.4339998e-20
-2.3939694e-20
0
0
0
0
0
-2.168104e-20
0
0
0
0
0
0
0
0
0
0
8.3041846e-21
0
0
-1.7255969e-20
0
-2.2804122e-20
0
-1.4674398e-20
0
0
0
0
0
-2.7899775e-20
0
0
0
2.6097076e-20
0
0
0
0
0
2.3621213e-20
0
0
0
-3.2413182e-20
0
0
3.0816033e-20
0
0
2.9301425e-20
3.7916885e-20
0
0
0
0
0
0
0
-7.9017898e-21
-3.2558928e-20
0
3.8973204e-20
0
0
0
0
0
0
-4.1231088e-20
0
0
0
0
0
0
0
0
0
0
0
0
-2.2549611e-20
0
0
0
0
9.6313652e-21
0
0
-4.5299185e-20
-3.3775068e-20
-1.0567841e-20
0
0
-6.3142145e-20
-2.1197948e-20
-4.0199631e-20
-2.0513565e-20
0
0
0
-8.8547514e-21
0
0
2.6697373e-20
0
0
0
-3.2800428e-20
-7.6864962e-21
0
0
-2.3373725e-20
3.7313369e-20
0
-1.5331074e-20
0
2.8195334e-20
-2.7727458e-20
0
2.6816159e-20
0
0
0
0
-2.4674059e-20
0
0
0
3.3884575e-20
-2.2713258e-20
4.3177097e-20
0
0
0
0
0
0
0
0
0
-1.8963934e-20
-8.5760142e-21
0
-2.633969e-20
0
0
0
0
0
-1.6394913e-20
0
0
0
0
-2.8763777e-20
0
0
0
0
0
0
0
-1.1830817e-20
0
0
2.394479e-20
0
0
0
0
2.2045674e-20
0
-6.2489787e-20
-2.0984246e-20
-3.021132e-20
-2.9708059e-20
0
0
0
2.2503516e-20
-3.24502e-20
3.190774e-20
3.1374767e-20
3.0851138e-20
0
0
0
2.8846857e-20
0
0
0
-2.6979461e-20
0
-4.2486367e-20
3.371551e-20
-2.523961e-20
0
0
0
-2.3618583e-20
0
0
0
0
0
2.8021087e-20
4.0581467e-20
2.7099577e-20
0
-4.0068049e-20
0
3.7274366e-20
0
0
2.4119276e-20
0
0
0
3.3109264e-20
1.0349793e-20
0
0
3.0950734e-20
0
0
-2.9429161e-20
2.8939648e-20
0
0
-1.8849942e-20
0
-1.8247165e-20
2.6177607e-20
0
0
-1.7103696e-20
-3.2154841e-20
-4.8178992e-20
-3.1089622e-20
-2.3304649e-20
3.0061384e-20
1.5533325e-20
1.5287425e-20
0
-2.8111103e-20
-2.7644646e-20
-1.4346137e-20
0
0
-3.8036078e-20
0
0
0
0
2.3798239e-20
-3.4358253e-20
0
0
0
0
0
0
0
2.0517836e-20
0
0
0
0
0
1.8603717e-20
0
)
;

boundaryField
{
    inlet
    {
        type            calculated;
        value           uniform 0;
    }
    outlet
    {
        type            calculated;
        value           uniform 0;
    }
    top
    {
        type            calculated;
        value           uniform 0;
    }
    bottom
    {
        type            calculated;
        value           uniform 0;
    }
    frontAndBack
    {
        type            empty;
    }
    cylinder
    {
        type            calculated;
        value           uniform 0;
    }
}


// ************************************************************************* //
